{
    "type": "FeatureCollection",
    "features": [
        {
            "type": "Feature",
            "geometry": {
                "type": "Point",
                "coordinates": [
                    33.07982931,
                    -111.97820028
                ]
            },
            "properties": {
                "cc_label": "p01-1N",
                "CHTD": {
                    "2022152": 0.07,
                    "2022157": 0.13,
                    "2022164": 0.23,
                    "2022178": 0.43,
                    "2022186": 0.58,
                    "2022192": 0.7,
                    "2022206": 0.85,
                    "2022220": 0.83,
                    "2022227": 0.84,
                    "2022234": 0.85,
                    "2022241": 0.82,
                    "2022251": 0.87
                },
                "CWID": {
                    "2022152": 0.08,
                    "2022157": 0.14,
                    "2022164": 0.24,
                    "2022178": 0.42,
                    "2022186": 0.51,
                    "2022192": 0.65,
                    "2022206": 0.81,
                    "2022220": 0.83,
                    "2022227": 0.83,
                    "2022234": 0.84,
                    "2022241": 0.84,
                    "2022251": 0.84
                }
            },
            "_id": "64223bcc8ac5472d7b94338c",
            "ccid": "64223bcc8ac5472d7b94338c"
        },
        {
            "type": "Feature",
            "geometry": {
                "type": "Point",
                "coordinates": [
                    33.07973912,
                    -111.97820091
                ]
            },
            "properties": {
                "cc_label": "p01-1M",
                "CHTD": {
                    "2022152": 0.07,
                    "2022157": 0.13,
                    "2022164": 0.21,
                    "2022178": 0.44,
                    "2022186": 0.68,
                    "2022192": 0.76,
                    "2022206": 0.81,
                    "2022220": 1.02,
                    "2022227": 1.06,
                    "2022234": 1.1,
                    "2022241": 1.12,
                    "2022251": 1.13
                },
                "CWID": {
                    "2022152": 0.07,
                    "2022157": 0.15,
                    "2022164": 0.23,
                    "2022178": 0.41,
                    "2022186": 0.53,
                    "2022192": 0.61,
                    "2022206": 0.67,
                    "2022220": 0.91,
                    "2022227": 0.95,
                    "2022234": 0.98,
                    "2022241": 1.0,
                    "2022251": 1.02
                }
            },
            "_id": "64223bcc8ac5472d7b94338d",
            "ccid": "64223bcc8ac5472d7b94338d"
        },
        {
            "type": "Feature",
            "geometry": {
                "type": "Point",
                "coordinates": [
                    33.07964893,
                    -111.97820154
                ]
            },
            "properties": {
                "cc_label": "p01-1S",
                "CHTD": {
                    "2022152": 0.05,
                    "2022157": 0.11,
                    "2022164": 0.23,
                    "2022178": 0.46,
                    "2022186": 0.61,
                    "2022192": 0.7,
                    "2022206": 0.85,
                    "2022220": 1.02,
                    "2022227": 1.08,
                    "2022234": 1.13,
                    "2022241": 1.15,
                    "2022251": 1.22
                },
                "CWID": {
                    "2022152": 0.06,
                    "2022157": 0.13,
                    "2022164": 0.23,
                    "2022178": 0.45,
                    "2022186": 0.58,
                    "2022192": 0.67,
                    "2022206": 0.74,
                    "2022220": 1.02,
                    "2022227": 1.02,
                    "2022234": 1.02,
                    "2022241": 1.02,
                    "2022251": 1.02
                }
            },
            "_id": "64223bcc8ac5472d7b94338e",
            "ccid": "64223bcc8ac5472d7b94338e"
        },
        {
            "type": "Feature",
            "geometry": {
                "type": "Point",
                "coordinates": [
                    33.07946854,
                    -111.9782028
                ]
            },
            "properties": {
                "cc_label": "p01-2N",
                "CHTD": {
                    "2022152": 0.06,
                    "2022157": 0.13,
                    "2022164": 0.2,
                    "2022178": 0.4,
                    "2022186": 0.52,
                    "2022192": 0.53,
                    "2022206": 0.58,
                    "2022220": 0.74,
                    "2022227": 0.78,
                    "2022234": 0.8,
                    "2022241": 0.81,
                    "2022251": 0.74
                },
                "CWID": {
                    "2022152": 0.07,
                    "2022157": 0.13,
                    "2022164": 0.21,
                    "2022178": 0.38,
                    "2022186": 0.49,
                    "2022192": 0.53,
                    "2022206": 0.56,
                    "2022220": 0.72,
                    "2022227": 0.76,
                    "2022234": 0.8,
                    "2022241": 0.83,
                    "2022251": 0.9
                }
            },
            "_id": "64223bcc8ac5472d7b94338f",
            "ccid": "64223bcc8ac5472d7b94338f"
        },
        {
            "type": "Feature",
            "geometry": {
                "type": "Point",
                "coordinates": [
                    33.07937835,
                    -111.97820343
                ]
            },
            "properties": {
                "cc_label": "p01-2M",
                "CHTD": {
                    "2022152": 0.05,
                    "2022157": 0.11,
                    "2022164": 0.17,
                    "2022178": 0.37,
                    "2022186": 0.63,
                    "2022192": 0.69,
                    "2022206": 0.84,
                    "2022220": 1.03,
                    "2022227": 1.04,
                    "2022234": 1.06,
                    "2022241": 1.02,
                    "2022251": 1.08
                },
                "CWID": {
                    "2022152": 0.06,
                    "2022157": 0.13,
                    "2022164": 0.18,
                    "2022178": 0.37,
                    "2022186": 0.6,
                    "2022192": 0.69,
                    "2022206": 0.75,
                    "2022220": 1.02,
                    "2022227": 1.02,
                    "2022234": 1.02,
                    "2022241": 1.02,
                    "2022251": 1.02
                }
            },
            "_id": "64223bcc8ac5472d7b943390",
            "ccid": "64223bcc8ac5472d7b943390"
        },
        {
            "type": "Feature",
            "geometry": {
                "type": "Point",
                "coordinates": [
                    33.07928816,
                    -111.97820406
                ]
            },
            "properties": {
                "cc_label": "p01-2S",
                "CHTD": {
                    "2022152": 0.06,
                    "2022157": 0.11,
                    "2022164": 0.16,
                    "2022178": 0.35,
                    "2022186": 0.56,
                    "2022192": 0.56,
                    "2022206": 0.59,
                    "2022220": 0.76,
                    "2022227": 0.75,
                    "2022234": 0.76,
                    "2022241": 0.75,
                    "2022251": 0.77
                },
                "CWID": {
                    "2022152": 0.08,
                    "2022157": 0.12,
                    "2022164": 0.18,
                    "2022178": 0.34,
                    "2022186": 0.51,
                    "2022192": 0.58,
                    "2022206": 0.61,
                    "2022220": 0.66,
                    "2022227": 0.73,
                    "2022234": 0.81,
                    "2022241": 0.85,
                    "2022251": 0.89
                }
            },
            "_id": "64223bcc8ac5472d7b943391",
            "ccid": "64223bcc8ac5472d7b943391"
        },
        {
            "type": "Feature",
            "geometry": {
                "type": "Point",
                "coordinates": [
                    33.07910778,
                    -111.97820532
                ]
            },
            "properties": {
                "cc_label": "p01-3N",
                "CHTD": {
                    "2022152": 0.06,
                    "2022157": 0.1,
                    "2022164": 0.14,
                    "2022178": 0.37,
                    "2022186": 0.53,
                    "2022192": 0.62,
                    "2022206": 0.77,
                    "2022220": 0.94,
                    "2022227": 0.93,
                    "2022234": 0.94,
                    "2022241": 0.93,
                    "2022251": 0.87
                },
                "CWID": {
                    "2022152": 0.07,
                    "2022157": 0.12,
                    "2022164": 0.15,
                    "2022178": 0.4,
                    "2022186": 0.49,
                    "2022192": 0.6,
                    "2022206": 0.68,
                    "2022220": 0.83,
                    "2022227": 0.93,
                    "2022234": 0.98,
                    "2022241": 1.0,
                    "2022251": 1.0
                }
            },
            "_id": "64223bcc8ac5472d7b943392",
            "ccid": "64223bcc8ac5472d7b943392"
        },
        {
            "type": "Feature",
            "geometry": {
                "type": "Point",
                "coordinates": [
                    33.07901759,
                    -111.97820595
                ]
            },
            "properties": {
                "cc_label": "p01-3M",
                "CHTD": {
                    "2022152": 0.06,
                    "2022157": 0.11,
                    "2022164": 0.16,
                    "2022178": 0.38,
                    "2022186": 0.6,
                    "2022192": 0.65,
                    "2022206": 0.79,
                    "2022220": 0.95,
                    "2022227": 0.97,
                    "2022234": 0.97,
                    "2022241": 0.96,
                    "2022251": 0.95
                },
                "CWID": {
                    "2022152": 0.08,
                    "2022157": 0.12,
                    "2022164": 0.16,
                    "2022178": 0.37,
                    "2022186": 0.53,
                    "2022192": 0.68,
                    "2022206": 0.77,
                    "2022220": 0.91,
                    "2022227": 0.91,
                    "2022234": 0.9,
                    "2022241": 0.91,
                    "2022251": 0.99
                }
            },
            "_id": "64223bcc8ac5472d7b943393",
            "ccid": "64223bcc8ac5472d7b943393"
        },
        {
            "type": "Feature",
            "geometry": {
                "type": "Point",
                "coordinates": [
                    33.07892739,
                    -111.97820658
                ]
            },
            "properties": {
                "cc_label": "p01-3S",
                "CHTD": {
                    "2022152": 0.05,
                    "2022157": 0.09,
                    "2022164": 0.16,
                    "2022178": 0.35,
                    "2022186": 0.46,
                    "2022192": 0.49,
                    "2022206": 0.59,
                    "2022220": 0.62,
                    "2022227": 0.65,
                    "2022234": 0.67,
                    "2022241": 0.68,
                    "2022251": 0.53
                },
                "CWID": {
                    "2022152": 0.05,
                    "2022157": 0.11,
                    "2022164": 0.17,
                    "2022178": 0.36,
                    "2022186": 0.43,
                    "2022192": 0.46,
                    "2022206": 0.5,
                    "2022220": 0.54,
                    "2022227": 0.56,
                    "2022234": 0.57,
                    "2022241": 0.58,
                    "2022251": 0.5
                }
            },
            "_id": "64223bcc8ac5472d7b943394",
            "ccid": "64223bcc8ac5472d7b943394"
        },
        {
            "type": "Feature",
            "geometry": {
                "type": "Point",
                "coordinates": [
                    33.07874701,
                    -111.97820784
                ]
            },
            "properties": {
                "cc_label": "p01-4N",
                "CHTD": {
                    "2022152": 0.05,
                    "2022157": 0.09,
                    "2022164": 0.1,
                    "2022178": 0.24,
                    "2022186": 0.32,
                    "2022192": 0.37,
                    "2022206": 0.44,
                    "2022220": 0.57,
                    "2022227": 0.66,
                    "2022234": 0.69,
                    "2022241": 0.7,
                    "2022251": 0.72
                },
                "CWID": {
                    "2022152": 0.06,
                    "2022157": 0.11,
                    "2022164": 0.11,
                    "2022178": 0.25,
                    "2022186": 0.31,
                    "2022192": 0.34,
                    "2022206": 0.38,
                    "2022220": 0.45,
                    "2022227": 0.49,
                    "2022234": 0.52,
                    "2022241": 0.54,
                    "2022251": 1.02
                }
            },
            "_id": "64223bcc8ac5472d7b943395",
            "ccid": "64223bcc8ac5472d7b943395"
        },
        {
            "type": "Feature",
            "geometry": {
                "type": "Point",
                "coordinates": [
                    33.07865682,
                    -111.97820847
                ]
            },
            "properties": {
                "cc_label": "p01-4M",
                "CHTD": {
                    "2022152": 0.07,
                    "2022157": 0.1,
                    "2022164": 0.14,
                    "2022178": 0.38,
                    "2022186": 0.51,
                    "2022192": 0.6,
                    "2022206": 0.81,
                    "2022220": 1.03,
                    "2022227": 1.08,
                    "2022234": 1.13,
                    "2022241": 1.16,
                    "2022251": 1.17
                },
                "CWID": {
                    "2022152": 0.08,
                    "2022157": 0.11,
                    "2022164": 0.16,
                    "2022178": 0.4,
                    "2022186": 0.47,
                    "2022192": 0.64,
                    "2022206": 0.77,
                    "2022220": 0.94,
                    "2022227": 1.01,
                    "2022234": 1.02,
                    "2022241": 1.02,
                    "2022251": 1.02
                }
            },
            "_id": "64223bcc8ac5472d7b943396",
            "ccid": "64223bcc8ac5472d7b943396"
        },
        {
            "type": "Feature",
            "geometry": {
                "type": "Point",
                "coordinates": [
                    33.07856663,
                    -111.97820909
                ]
            },
            "properties": {
                "cc_label": "p01-4S",
                "CHTD": {
                    "2022152": 0.06,
                    "2022157": 0.09,
                    "2022164": 0.11,
                    "2022178": 0.31,
                    "2022186": 0.47,
                    "2022192": 0.55,
                    "2022206": 0.72,
                    "2022220": 0.83,
                    "2022227": 0.87,
                    "2022234": 0.88,
                    "2022241": 0.89,
                    "2022251": 0.88
                },
                "CWID": {
                    "2022152": 0.07,
                    "2022157": 0.1,
                    "2022164": 0.13,
                    "2022178": 0.32,
                    "2022186": 0.42,
                    "2022192": 0.54,
                    "2022206": 0.62,
                    "2022220": 0.8,
                    "2022227": 0.86,
                    "2022234": 0.88,
                    "2022241": 0.92,
                    "2022251": 1.02
                }
            },
            "_id": "64223bcc8ac5472d7b943397",
            "ccid": "64223bcc8ac5472d7b943397"
        },
        {
            "type": "Feature",
            "geometry": {
                "type": "Point",
                "coordinates": [
                    33.07982856,
                    -111.9780479
                ]
            },
            "properties": {
                "cc_label": "p02-1N",
                "CHTD": {
                    "2022152": 0.15,
                    "2022157": 0.22,
                    "2022164": 0.33,
                    "2022178": 0.65,
                    "2022186": 0.84,
                    "2022192": 0.89,
                    "2022206": 0.99,
                    "2022220": 1.16,
                    "2022227": 1.18,
                    "2022234": 1.2,
                    "2022241": 1.21,
                    "2022251": 1.2
                },
                "CWID": {
                    "2022152": 0.15,
                    "2022157": 0.21,
                    "2022164": 0.31,
                    "2022178": 0.6,
                    "2022186": 0.77,
                    "2022192": 0.88,
                    "2022206": 0.95,
                    "2022220": 1.02,
                    "2022227": 1.02,
                    "2022234": 1.02,
                    "2022241": 1.02,
                    "2022251": 1.02
                }
            },
            "_id": "64223bcc8ac5472d7b943398",
            "ccid": "64223bcc8ac5472d7b943398"
        },
        {
            "type": "Feature",
            "geometry": {
                "type": "Point",
                "coordinates": [
                    33.07973837,
                    -111.97804853
                ]
            },
            "properties": {
                "cc_label": "p02-1M",
                "CHTD": {
                    "2022152": 0.11,
                    "2022157": 0.18,
                    "2022164": 0.3,
                    "2022178": 0.59,
                    "2022186": 0.78,
                    "2022192": 0.83,
                    "2022206": 0.97,
                    "2022220": 1.14,
                    "2022227": 1.19,
                    "2022234": 1.22,
                    "2022241": 1.24,
                    "2022251": 1.28
                },
                "CWID": {
                    "2022152": 0.13,
                    "2022157": 0.2,
                    "2022164": 0.28,
                    "2022178": 0.58,
                    "2022186": 0.67,
                    "2022192": 0.83,
                    "2022206": 0.92,
                    "2022220": 1.02,
                    "2022227": 1.02,
                    "2022234": 1.02,
                    "2022241": 1.02,
                    "2022251": 1.02
                }
            },
            "_id": "64223bcc8ac5472d7b943399",
            "ccid": "64223bcc8ac5472d7b943399"
        },
        {
            "type": "Feature",
            "geometry": {
                "type": "Point",
                "coordinates": [
                    33.07964817,
                    -111.97804916
                ]
            },
            "properties": {
                "cc_label": "p02-1S",
                "CHTD": {
                    "2022152": 0.14,
                    "2022157": 0.2,
                    "2022164": 0.23,
                    "2022178": 0.63,
                    "2022186": 0.71,
                    "2022192": 0.8,
                    "2022206": 0.93,
                    "2022220": 1.05,
                    "2022227": 1.1,
                    "2022234": 1.13,
                    "2022241": 1.16,
                    "2022251": 1.15
                },
                "CWID": {
                    "2022152": 0.16,
                    "2022157": 0.23,
                    "2022164": 0.23,
                    "2022178": 0.57,
                    "2022186": 0.68,
                    "2022192": 0.81,
                    "2022206": 0.88,
                    "2022220": 0.98,
                    "2022227": 1.02,
                    "2022234": 1.02,
                    "2022241": 1.02,
                    "2022251": 1.02
                }
            },
            "_id": "64223bcc8ac5472d7b94339a",
            "ccid": "64223bcc8ac5472d7b94339a"
        },
        {
            "type": "Feature",
            "geometry": {
                "type": "Point",
                "coordinates": [
                    33.07946779,
                    -111.97805042
                ]
            },
            "properties": {
                "cc_label": "p02-2N",
                "CHTD": {
                    "2022152": 0.13,
                    "2022157": 0.19,
                    "2022164": 0.28,
                    "2022178": 0.68,
                    "2022186": 0.82,
                    "2022192": 0.83,
                    "2022206": 0.91,
                    "2022220": 1.11,
                    "2022227": 1.14,
                    "2022234": 1.16,
                    "2022241": 1.17,
                    "2022251": 1.13
                },
                "CWID": {
                    "2022152": 0.13,
                    "2022157": 0.2,
                    "2022164": 0.27,
                    "2022178": 0.61,
                    "2022186": 0.75,
                    "2022192": 0.87,
                    "2022206": 0.93,
                    "2022220": 1.02,
                    "2022227": 1.02,
                    "2022234": 1.02,
                    "2022241": 1.02,
                    "2022251": 1.02
                }
            },
            "_id": "64223bcc8ac5472d7b94339b",
            "ccid": "64223bcc8ac5472d7b94339b"
        },
        {
            "type": "Feature",
            "geometry": {
                "type": "Point",
                "coordinates": [
                    33.0793776,
                    -111.97805105
                ]
            },
            "properties": {
                "cc_label": "p02-2M",
                "CHTD": {
                    "2022152": 0.11,
                    "2022157": 0.16,
                    "2022164": 0.22,
                    "2022178": 0.52,
                    "2022186": 0.71,
                    "2022192": 0.73,
                    "2022206": 0.8,
                    "2022220": 1.0,
                    "2022227": 1.03,
                    "2022234": 1.05,
                    "2022241": 1.05,
                    "2022251": 1.06
                },
                "CWID": {
                    "2022152": 0.12,
                    "2022157": 0.16,
                    "2022164": 0.21,
                    "2022178": 0.48,
                    "2022186": 0.58,
                    "2022192": 0.64,
                    "2022206": 0.68,
                    "2022220": 0.91,
                    "2022227": 1.02,
                    "2022234": 1.02,
                    "2022241": 1.02,
                    "2022251": 1.02
                }
            },
            "_id": "64223bcc8ac5472d7b94339c",
            "ccid": "64223bcc8ac5472d7b94339c"
        },
        {
            "type": "Feature",
            "geometry": {
                "type": "Point",
                "coordinates": [
                    33.07928741,
                    -111.97805168
                ]
            },
            "properties": {
                "cc_label": "p02-2S",
                "CHTD": {
                    "2022152": 0.1,
                    "2022157": 0.15,
                    "2022164": 0.24,
                    "2022178": 0.58,
                    "2022186": 0.74,
                    "2022192": 0.73,
                    "2022206": 0.77,
                    "2022220": 0.9,
                    "2022227": 0.94,
                    "2022234": 0.93,
                    "2022241": 0.93,
                    "2022251": 0.91
                },
                "CWID": {
                    "2022152": 0.11,
                    "2022157": 0.16,
                    "2022164": 0.24,
                    "2022178": 0.52,
                    "2022186": 0.62,
                    "2022192": 0.59,
                    "2022206": 0.59,
                    "2022220": 0.78,
                    "2022227": 0.8,
                    "2022234": 0.82,
                    "2022241": 0.83,
                    "2022251": 0.82
                }
            },
            "_id": "64223bcc8ac5472d7b94339d",
            "ccid": "64223bcc8ac5472d7b94339d"
        },
        {
            "type": "Feature",
            "geometry": {
                "type": "Point",
                "coordinates": [
                    33.07910702,
                    -111.97805294
                ]
            },
            "properties": {
                "cc_label": "p02-3N",
                "CHTD": {
                    "2022152": 0.12,
                    "2022157": 0.17,
                    "2022164": 0.26,
                    "2022178": 0.52,
                    "2022186": 0.69,
                    "2022192": 0.71,
                    "2022206": 0.79,
                    "2022220": 0.91,
                    "2022227": 0.93,
                    "2022234": 0.95,
                    "2022241": 0.94,
                    "2022251": 0.92
                },
                "CWID": {
                    "2022152": 0.15,
                    "2022157": 0.2,
                    "2022164": 0.26,
                    "2022178": 0.49,
                    "2022186": 0.57,
                    "2022192": 0.71,
                    "2022206": 0.8,
                    "2022220": 0.79,
                    "2022227": 0.82,
                    "2022234": 0.84,
                    "2022241": 0.87,
                    "2022251": 0.88
                }
            },
            "_id": "64223bcc8ac5472d7b94339e",
            "ccid": "64223bcc8ac5472d7b94339e"
        },
        {
            "type": "Feature",
            "geometry": {
                "type": "Point",
                "coordinates": [
                    33.07901683,
                    -111.97805356
                ]
            },
            "properties": {
                "cc_label": "p02-3M",
                "CHTD": {
                    "2022152": 0.1,
                    "2022157": 0.15,
                    "2022164": 0.23,
                    "2022178": 0.58,
                    "2022186": 0.73,
                    "2022192": 0.77,
                    "2022206": 0.89,
                    "2022220": 1.03,
                    "2022227": 1.06,
                    "2022234": 1.07,
                    "2022241": 1.1,
                    "2022251": 1.08
                },
                "CWID": {
                    "2022152": 0.11,
                    "2022157": 0.16,
                    "2022164": 0.24,
                    "2022178": 0.54,
                    "2022186": 0.66,
                    "2022192": 0.77,
                    "2022206": 0.84,
                    "2022220": 0.96,
                    "2022227": 1.02,
                    "2022234": 1.02,
                    "2022241": 1.02,
                    "2022251": 1.02
                }
            },
            "_id": "64223bcc8ac5472d7b94339f",
            "ccid": "64223bcc8ac5472d7b94339f"
        },
        {
            "type": "Feature",
            "geometry": {
                "type": "Point",
                "coordinates": [
                    33.07892664,
                    -111.97805419
                ]
            },
            "properties": {
                "cc_label": "p02-3S",
                "CHTD": {
                    "2022152": 0.11,
                    "2022157": 0.16,
                    "2022164": 0.22,
                    "2022178": 0.56,
                    "2022186": 0.72,
                    "2022192": 0.75,
                    "2022206": 0.77,
                    "2022220": 0.87,
                    "2022227": 0.89,
                    "2022234": 0.9,
                    "2022241": 0.86,
                    "2022251": 0.86
                },
                "CWID": {
                    "2022152": 0.13,
                    "2022157": 0.19,
                    "2022164": 0.23,
                    "2022178": 0.51,
                    "2022186": 0.62,
                    "2022192": 0.67,
                    "2022206": 0.72,
                    "2022220": 0.84,
                    "2022227": 0.88,
                    "2022234": 0.91,
                    "2022241": 0.95,
                    "2022251": 1.02
                }
            },
            "_id": "64223bcc8ac5472d7b9433a0",
            "ccid": "64223bcc8ac5472d7b9433a0"
        },
        {
            "type": "Feature",
            "geometry": {
                "type": "Point",
                "coordinates": [
                    33.07874626,
                    -111.97805545
                ]
            },
            "properties": {
                "cc_label": "p02-4N",
                "CHTD": {
                    "2022152": 0.1,
                    "2022157": 0.15,
                    "2022164": 0.23,
                    "2022178": 0.57,
                    "2022186": 0.72,
                    "2022192": 0.79,
                    "2022206": 0.89,
                    "2022220": 0.96,
                    "2022227": 1.0,
                    "2022234": 1.06,
                    "2022241": 1.08,
                    "2022251": 1.05
                },
                "CWID": {
                    "2022152": 0.1,
                    "2022157": 0.15,
                    "2022164": 0.23,
                    "2022178": 0.54,
                    "2022186": 0.61,
                    "2022192": 0.68,
                    "2022206": 0.72,
                    "2022220": 0.95,
                    "2022227": 1.02,
                    "2022234": 1.02,
                    "2022241": 1.02,
                    "2022251": 1.02
                }
            },
            "_id": "64223bcc8ac5472d7b9433a1",
            "ccid": "64223bcc8ac5472d7b9433a1"
        },
        {
            "type": "Feature",
            "geometry": {
                "type": "Point",
                "coordinates": [
                    33.07865606,
                    -111.97805608
                ]
            },
            "properties": {
                "cc_label": "p02-4M",
                "CHTD": {
                    "2022152": 0.12,
                    "2022157": 0.16,
                    "2022164": 0.23,
                    "2022178": 0.59,
                    "2022186": 0.67,
                    "2022192": 0.7,
                    "2022206": 0.8,
                    "2022220": 0.93,
                    "2022227": 0.99,
                    "2022234": 1.01,
                    "2022241": 1.02,
                    "2022251": 1.01
                },
                "CWID": {
                    "2022152": 0.14,
                    "2022157": 0.17,
                    "2022164": 0.22,
                    "2022178": 0.54,
                    "2022186": 0.57,
                    "2022192": 0.65,
                    "2022206": 0.69,
                    "2022220": 0.86,
                    "2022227": 0.92,
                    "2022234": 0.97,
                    "2022241": 1.01,
                    "2022251": 1.02
                }
            },
            "_id": "64223bcc8ac5472d7b9433a2",
            "ccid": "64223bcc8ac5472d7b9433a2"
        },
        {
            "type": "Feature",
            "geometry": {
                "type": "Point",
                "coordinates": [
                    33.07856587,
                    -111.97805671
                ]
            },
            "properties": {
                "cc_label": "p02-4S",
                "CHTD": {
                    "2022152": 0.1,
                    "2022157": 0.15,
                    "2022164": 0.23,
                    "2022178": 0.39,
                    "2022186": 0.5,
                    "2022192": 0.56,
                    "2022206": 0.66,
                    "2022220": 0.79,
                    "2022227": 0.86,
                    "2022234": 0.95,
                    "2022241": 0.97,
                    "2022251": 0.94
                },
                "CWID": {
                    "2022152": 0.11,
                    "2022157": 0.17,
                    "2022164": 0.21,
                    "2022178": 0.38,
                    "2022186": 0.42,
                    "2022192": 0.47,
                    "2022206": 0.51,
                    "2022220": 0.67,
                    "2022227": 0.79,
                    "2022234": 0.9,
                    "2022241": 1.02,
                    "2022251": 1.02
                }
            },
            "_id": "64223bcc8ac5472d7b9433a3",
            "ccid": "64223bcc8ac5472d7b9433a3"
        },
        {
            "type": "Feature",
            "geometry": {
                "type": "Point",
                "coordinates": [
                    33.0798278,
                    -111.97789552
                ]
            },
            "properties": {
                "cc_label": "p03-1N",
                "CHTD": {
                    "2022152": 0.08,
                    "2022157": 0.13,
                    "2022164": 0.26,
                    "2022178": 0.57,
                    "2022186": 0.75,
                    "2022192": 0.87,
                    "2022206": 1.02,
                    "2022220": 1.15,
                    "2022227": 1.18,
                    "2022234": 1.21,
                    "2022241": 1.23,
                    "2022251": 1.22
                },
                "CWID": {
                    "2022152": 0.09,
                    "2022157": 0.15,
                    "2022164": 0.26,
                    "2022178": 0.57,
                    "2022186": 0.73,
                    "2022192": 0.87,
                    "2022206": 0.98,
                    "2022220": 1.02,
                    "2022227": 1.02,
                    "2022234": 1.02,
                    "2022241": 1.02,
                    "2022251": 1.02
                }
            },
            "_id": "64223bcc8ac5472d7b9433a4",
            "ccid": "64223bcc8ac5472d7b9433a4"
        },
        {
            "type": "Feature",
            "geometry": {
                "type": "Point",
                "coordinates": [
                    33.07973761,
                    -111.97789615
                ]
            },
            "properties": {
                "cc_label": "p03-1M",
                "CHTD": {
                    "2022152": 0.08,
                    "2022157": 0.12,
                    "2022164": 0.19,
                    "2022178": 0.35,
                    "2022186": 0.53,
                    "2022192": 0.57,
                    "2022206": 0.7,
                    "2022220": 0.81,
                    "2022227": 0.86,
                    "2022234": 0.9,
                    "2022241": 0.93,
                    "2022251": 0.92
                },
                "CWID": {
                    "2022152": 0.09,
                    "2022157": 0.14,
                    "2022164": 0.16,
                    "2022178": 0.34,
                    "2022186": 0.48,
                    "2022192": 0.61,
                    "2022206": 0.72,
                    "2022220": 0.8,
                    "2022227": 0.86,
                    "2022234": 0.94,
                    "2022241": 1.0,
                    "2022251": 0.98
                }
            },
            "_id": "64223bcc8ac5472d7b9433a5",
            "ccid": "64223bcc8ac5472d7b9433a5"
        },
        {
            "type": "Feature",
            "geometry": {
                "type": "Point",
                "coordinates": [
                    33.07964742,
                    -111.97789677
                ]
            },
            "properties": {
                "cc_label": "p03-1S",
                "CHTD": {
                    "2022152": 0.07,
                    "2022157": 0.11,
                    "2022164": 0.21,
                    "2022178": 0.51,
                    "2022186": 0.73,
                    "2022192": 0.83,
                    "2022206": 0.97,
                    "2022220": 1.21,
                    "2022227": 1.23,
                    "2022234": 1.25,
                    "2022241": 1.26,
                    "2022251": 1.31
                },
                "CWID": {
                    "2022152": 0.08,
                    "2022157": 0.12,
                    "2022164": 0.22,
                    "2022178": 0.48,
                    "2022186": 0.65,
                    "2022192": 0.78,
                    "2022206": 0.91,
                    "2022220": 1.02,
                    "2022227": 1.02,
                    "2022234": 1.02,
                    "2022241": 1.02,
                    "2022251": 1.02
                }
            },
            "_id": "64223bcc8ac5472d7b9433a6",
            "ccid": "64223bcc8ac5472d7b9433a6"
        },
        {
            "type": "Feature",
            "geometry": {
                "type": "Point",
                "coordinates": [
                    33.07946704,
                    -111.97789803
                ]
            },
            "properties": {
                "cc_label": "p03-2N",
                "CHTD": {
                    "2022152": 0.11,
                    "2022157": 0.15,
                    "2022164": 0.2,
                    "2022178": 0.45,
                    "2022186": 0.63,
                    "2022192": 0.65,
                    "2022206": 0.71,
                    "2022220": 0.84,
                    "2022227": 0.9,
                    "2022234": 0.94,
                    "2022241": 0.99,
                    "2022251": 1.04
                },
                "CWID": {
                    "2022152": 0.12,
                    "2022157": 0.15,
                    "2022164": 0.21,
                    "2022178": 0.41,
                    "2022186": 0.53,
                    "2022192": 0.61,
                    "2022206": 0.67,
                    "2022220": 0.71,
                    "2022227": 0.82,
                    "2022234": 0.91,
                    "2022241": 1.02,
                    "2022251": 1.02
                }
            },
            "_id": "64223bcc8ac5472d7b9433a7",
            "ccid": "64223bcc8ac5472d7b9433a7"
        },
        {
            "type": "Feature",
            "geometry": {
                "type": "Point",
                "coordinates": [
                    33.07937684,
                    -111.97789866
                ]
            },
            "properties": {
                "cc_label": "p03-2M",
                "CHTD": {
                    "2022152": 0.07,
                    "2022157": 0.11,
                    "2022164": 0.17,
                    "2022178": 0.41,
                    "2022186": 0.62,
                    "2022192": 0.69,
                    "2022206": 0.79,
                    "2022220": 0.98,
                    "2022227": 0.99,
                    "2022234": 1.0,
                    "2022241": 1.03,
                    "2022251": 1.05
                },
                "CWID": {
                    "2022152": 0.08,
                    "2022157": 0.13,
                    "2022164": 0.17,
                    "2022178": 0.36,
                    "2022186": 0.55,
                    "2022192": 0.65,
                    "2022206": 0.7,
                    "2022220": 0.82,
                    "2022227": 0.9,
                    "2022234": 0.94,
                    "2022241": 0.97,
                    "2022251": 1.02
                }
            },
            "_id": "64223bcc8ac5472d7b9433a8",
            "ccid": "64223bcc8ac5472d7b9433a8"
        },
        {
            "type": "Feature",
            "geometry": {
                "type": "Point",
                "coordinates": [
                    33.07928665,
                    -111.97789929
                ]
            },
            "properties": {
                "cc_label": "p03-2S",
                "CHTD": {
                    "2022152": 0.09,
                    "2022157": 0.13,
                    "2022164": 0.22,
                    "2022178": 0.55,
                    "2022186": 0.78,
                    "2022192": 0.82,
                    "2022206": 0.93,
                    "2022220": 0.96,
                    "2022227": 1.0,
                    "2022234": 1.13,
                    "2022241": 1.12,
                    "2022251": 1.15
                },
                "CWID": {
                    "2022152": 0.1,
                    "2022157": 0.15,
                    "2022164": 0.24,
                    "2022178": 0.53,
                    "2022186": 0.72,
                    "2022192": 0.77,
                    "2022206": 0.8,
                    "2022220": 0.96,
                    "2022227": 1.02,
                    "2022234": 1.02,
                    "2022241": 1.02,
                    "2022251": 1.02
                }
            },
            "_id": "64223bcc8ac5472d7b9433a9",
            "ccid": "64223bcc8ac5472d7b9433a9"
        },
        {
            "type": "Feature",
            "geometry": {
                "type": "Point",
                "coordinates": [
                    33.07910627,
                    -111.97790055
                ]
            },
            "properties": {
                "cc_label": "p03-3N",
                "CHTD": {
                    "2022152": 0.1,
                    "2022157": 0.15,
                    "2022164": 0.24,
                    "2022178": 0.52,
                    "2022186": 0.73,
                    "2022192": 0.75,
                    "2022206": 0.84,
                    "2022220": 1.01,
                    "2022227": 1.04,
                    "2022234": 1.08,
                    "2022241": 1.09,
                    "2022251": 1.11
                },
                "CWID": {
                    "2022152": 0.12,
                    "2022157": 0.19,
                    "2022164": 0.26,
                    "2022178": 0.48,
                    "2022186": 0.67,
                    "2022192": 0.74,
                    "2022206": 0.79,
                    "2022220": 0.93,
                    "2022227": 1.02,
                    "2022234": 1.02,
                    "2022241": 1.02,
                    "2022251": 1.02
                }
            },
            "_id": "64223bcc8ac5472d7b9433aa",
            "ccid": "64223bcc8ac5472d7b9433aa"
        },
        {
            "type": "Feature",
            "geometry": {
                "type": "Point",
                "coordinates": [
                    33.07901608,
                    -111.97790118
                ]
            },
            "properties": {
                "cc_label": "p03-3M",
                "CHTD": {
                    "2022152": 0.09,
                    "2022157": 0.14,
                    "2022164": 0.2,
                    "2022178": 0.45,
                    "2022186": 0.7,
                    "2022192": 0.76,
                    "2022206": 0.92,
                    "2022220": 1.08,
                    "2022227": 1.09,
                    "2022234": 1.07,
                    "2022241": 1.08,
                    "2022251": 1.04
                },
                "CWID": {
                    "2022152": 0.1,
                    "2022157": 0.17,
                    "2022164": 0.21,
                    "2022178": 0.44,
                    "2022186": 0.64,
                    "2022192": 0.77,
                    "2022206": 0.85,
                    "2022220": 0.95,
                    "2022227": 1.02,
                    "2022234": 1.02,
                    "2022241": 1.02,
                    "2022251": 1.0
                }
            },
            "_id": "64223bcc8ac5472d7b9433ab",
            "ccid": "64223bcc8ac5472d7b9433ab"
        },
        {
            "type": "Feature",
            "geometry": {
                "type": "Point",
                "coordinates": [
                    33.07892589,
                    -111.97790181
                ]
            },
            "properties": {
                "cc_label": "p03-3S",
                "CHTD": {
                    "2022152": 0.07,
                    "2022157": 0.13,
                    "2022164": 0.18,
                    "2022178": 0.31,
                    "2022186": 0.5,
                    "2022192": 0.51,
                    "2022206": 0.54,
                    "2022220": 0.64,
                    "2022227": 0.69,
                    "2022234": 0.71,
                    "2022241": 0.76,
                    "2022251": 0.79
                },
                "CWID": {
                    "2022152": 0.07,
                    "2022157": 0.15,
                    "2022164": 0.18,
                    "2022178": 0.28,
                    "2022186": 0.43,
                    "2022192": 0.41,
                    "2022206": 0.42,
                    "2022220": 0.5,
                    "2022227": 0.57,
                    "2022234": 0.66,
                    "2022241": 0.72,
                    "2022251": 0.68
                }
            },
            "_id": "64223bcc8ac5472d7b9433ac",
            "ccid": "64223bcc8ac5472d7b9433ac"
        },
        {
            "type": "Feature",
            "geometry": {
                "type": "Point",
                "coordinates": [
                    33.0787455,
                    -111.97790307
                ]
            },
            "properties": {
                "cc_label": "p03-4N",
                "CHTD": {
                    "2022152": 0.07,
                    "2022157": 0.11,
                    "2022164": 0.17,
                    "2022178": 0.45,
                    "2022186": 0.62,
                    "2022192": 0.7,
                    "2022206": 0.91,
                    "2022220": 0.96,
                    "2022227": 1.01,
                    "2022234": 1.06,
                    "2022241": 1.08,
                    "2022251": 1.09
                },
                "CWID": {
                    "2022152": 0.08,
                    "2022157": 0.13,
                    "2022164": 0.18,
                    "2022178": 0.42,
                    "2022186": 0.57,
                    "2022192": 0.7,
                    "2022206": 0.78,
                    "2022220": 0.93,
                    "2022227": 0.99,
                    "2022234": 1.02,
                    "2022241": 1.02,
                    "2022251": 1.02
                }
            },
            "_id": "64223bcc8ac5472d7b9433ad",
            "ccid": "64223bcc8ac5472d7b9433ad"
        },
        {
            "type": "Feature",
            "geometry": {
                "type": "Point",
                "coordinates": [
                    33.07865531,
                    -111.9779037
                ]
            },
            "properties": {
                "cc_label": "p03-4M",
                "CHTD": {
                    "2022152": 0.11,
                    "2022157": 0.15,
                    "2022164": 0.19,
                    "2022178": 0.41,
                    "2022186": 0.63,
                    "2022192": 0.69,
                    "2022206": 0.85,
                    "2022220": 0.97,
                    "2022227": 1.0,
                    "2022234": 1.03,
                    "2022241": 1.05,
                    "2022251": 1.1
                },
                "CWID": {
                    "2022152": 0.12,
                    "2022157": 0.15,
                    "2022164": 0.21,
                    "2022178": 0.36,
                    "2022186": 0.55,
                    "2022192": 0.67,
                    "2022206": 0.74,
                    "2022220": 0.9,
                    "2022227": 0.96,
                    "2022234": 0.99,
                    "2022241": 1.01,
                    "2022251": 1.02
                }
            },
            "_id": "64223bcc8ac5472d7b9433ae",
            "ccid": "64223bcc8ac5472d7b9433ae"
        },
        {
            "type": "Feature",
            "geometry": {
                "type": "Point",
                "coordinates": [
                    33.07856512,
                    -111.97790433
                ]
            },
            "properties": {
                "cc_label": "p03-4S",
                "CHTD": {
                    "2022152": 0.08,
                    "2022157": 0.13,
                    "2022164": 0.19,
                    "2022178": 0.46,
                    "2022186": 0.67,
                    "2022192": 0.76,
                    "2022206": 0.9,
                    "2022220": 0.98,
                    "2022227": 1.02,
                    "2022234": 1.07,
                    "2022241": 1.09,
                    "2022251": 1.06
                },
                "CWID": {
                    "2022152": 0.1,
                    "2022157": 0.15,
                    "2022164": 0.19,
                    "2022178": 0.41,
                    "2022186": 0.59,
                    "2022192": 0.66,
                    "2022206": 0.74,
                    "2022220": 0.92,
                    "2022227": 0.98,
                    "2022234": 1.02,
                    "2022241": 1.02,
                    "2022251": 1.02
                }
            },
            "_id": "64223bcc8ac5472d7b9433af",
            "ccid": "64223bcc8ac5472d7b9433af"
        },
        {
            "type": "Feature",
            "geometry": {
                "type": "Point",
                "coordinates": [
                    33.07982705,
                    -111.97774313
                ]
            },
            "properties": {
                "cc_label": "p04-1N",
                "CHTD": {
                    "2022152": 0.15,
                    "2022157": 0.19,
                    "2022164": 0.34,
                    "2022178": 0.63,
                    "2022186": 0.89,
                    "2022192": 0.92,
                    "2022206": 1.08,
                    "2022220": 1.13,
                    "2022227": 1.17,
                    "2022234": 1.23,
                    "2022241": 1.27,
                    "2022251": 1.22
                },
                "CWID": {
                    "2022152": 0.15,
                    "2022157": 0.18,
                    "2022164": 0.33,
                    "2022178": 0.59,
                    "2022186": 0.73,
                    "2022192": 0.88,
                    "2022206": 1.02,
                    "2022220": 1.02,
                    "2022227": 1.02,
                    "2022234": 1.02,
                    "2022241": 1.02,
                    "2022251": 1.02
                }
            },
            "_id": "64223bcc8ac5472d7b9433b0",
            "ccid": "64223bcc8ac5472d7b9433b0"
        },
        {
            "type": "Feature",
            "geometry": {
                "type": "Point",
                "coordinates": [
                    33.07973686,
                    -111.97774376
                ]
            },
            "properties": {
                "cc_label": "p04-1M",
                "CHTD": {
                    "2022152": 0.16,
                    "2022157": 0.21,
                    "2022164": 0.3,
                    "2022178": 0.64,
                    "2022186": 0.87,
                    "2022192": 0.92,
                    "2022206": 1.06,
                    "2022220": 1.11,
                    "2022227": 1.15,
                    "2022234": 1.2,
                    "2022241": 1.25,
                    "2022251": 1.23
                },
                "CWID": {
                    "2022152": 0.17,
                    "2022157": 0.21,
                    "2022164": 0.28,
                    "2022178": 0.59,
                    "2022186": 0.78,
                    "2022192": 0.91,
                    "2022206": 1.02,
                    "2022220": 1.02,
                    "2022227": 1.02,
                    "2022234": 1.02,
                    "2022241": 1.02,
                    "2022251": 1.02
                }
            },
            "_id": "64223bcc8ac5472d7b9433b1",
            "ccid": "64223bcc8ac5472d7b9433b1"
        },
        {
            "type": "Feature",
            "geometry": {
                "type": "Point",
                "coordinates": [
                    33.07964667,
                    -111.97774439
                ]
            },
            "properties": {
                "cc_label": "p04-1S",
                "CHTD": {
                    "2022152": 0.17,
                    "2022157": 0.24,
                    "2022164": 0.37,
                    "2022178": 0.68,
                    "2022186": 0.89,
                    "2022192": 0.95,
                    "2022206": 1.11,
                    "2022220": 1.19,
                    "2022227": 1.25,
                    "2022234": 1.29,
                    "2022241": 1.31,
                    "2022251": 1.31
                },
                "CWID": {
                    "2022152": 0.18,
                    "2022157": 0.24,
                    "2022164": 0.34,
                    "2022178": 0.66,
                    "2022186": 0.78,
                    "2022192": 0.92,
                    "2022206": 1.02,
                    "2022220": 1.02,
                    "2022227": 1.02,
                    "2022234": 1.02,
                    "2022241": 1.02,
                    "2022251": 1.02
                }
            },
            "_id": "64223bcc8ac5472d7b9433b2",
            "ccid": "64223bcc8ac5472d7b9433b2"
        },
        {
            "type": "Feature",
            "geometry": {
                "type": "Point",
                "coordinates": [
                    33.07946628,
                    -111.97774565
                ]
            },
            "properties": {
                "cc_label": "p04-2N",
                "CHTD": {
                    "2022152": 0.09,
                    "2022157": 0.17,
                    "2022164": 0.27,
                    "2022178": 0.57,
                    "2022186": 0.83,
                    "2022192": 0.85,
                    "2022206": 0.87,
                    "2022220": 0.91,
                    "2022227": 0.99,
                    "2022234": 1.08,
                    "2022241": 1.14,
                    "2022251": 1.1
                },
                "CWID": {
                    "2022152": 0.1,
                    "2022157": 0.19,
                    "2022164": 0.26,
                    "2022178": 0.49,
                    "2022186": 0.65,
                    "2022192": 0.69,
                    "2022206": 0.7,
                    "2022220": 0.78,
                    "2022227": 0.86,
                    "2022234": 0.94,
                    "2022241": 1.02,
                    "2022251": 1.02
                }
            },
            "_id": "64223bcc8ac5472d7b9433b3",
            "ccid": "64223bcc8ac5472d7b9433b3"
        },
        {
            "type": "Feature",
            "geometry": {
                "type": "Point",
                "coordinates": [
                    33.07937609,
                    -111.97774628
                ]
            },
            "properties": {
                "cc_label": "p04-2M",
                "CHTD": {
                    "2022152": 0.12,
                    "2022157": 0.21,
                    "2022164": 0.32,
                    "2022178": 0.68,
                    "2022186": 0.97,
                    "2022192": 1.0,
                    "2022206": 1.04,
                    "2022220": 1.07,
                    "2022227": 1.1,
                    "2022234": 1.14,
                    "2022241": 1.13,
                    "2022251": 1.15
                },
                "CWID": {
                    "2022152": 0.12,
                    "2022157": 0.21,
                    "2022164": 0.31,
                    "2022178": 0.62,
                    "2022186": 0.75,
                    "2022192": 0.89,
                    "2022206": 0.98,
                    "2022220": 1.02,
                    "2022227": 1.02,
                    "2022234": 1.02,
                    "2022241": 1.02,
                    "2022251": 1.02
                }
            },
            "_id": "64223bcc8ac5472d7b9433b4",
            "ccid": "64223bcc8ac5472d7b9433b4"
        },
        {
            "type": "Feature",
            "geometry": {
                "type": "Point",
                "coordinates": [
                    33.0792859,
                    -111.97774691
                ]
            },
            "properties": {
                "cc_label": "p04-2S",
                "CHTD": {
                    "2022152": 0.15,
                    "2022157": 0.23,
                    "2022164": 0.32,
                    "2022178": 0.62,
                    "2022186": 0.77,
                    "2022192": 0.79,
                    "2022206": 0.82,
                    "2022220": 0.89,
                    "2022227": 0.91,
                    "2022234": 0.94,
                    "2022241": 0.94,
                    "2022251": 0.91
                },
                "CWID": {
                    "2022152": 0.16,
                    "2022157": 0.25,
                    "2022164": 0.3,
                    "2022178": 0.55,
                    "2022186": 0.66,
                    "2022192": 0.69,
                    "2022206": 0.71,
                    "2022220": 0.78,
                    "2022227": 0.85,
                    "2022234": 0.92,
                    "2022241": 1.0,
                    "2022251": 1.02
                }
            },
            "_id": "64223bcc8ac5472d7b9433b5",
            "ccid": "64223bcc8ac5472d7b9433b5"
        },
        {
            "type": "Feature",
            "geometry": {
                "type": "Point",
                "coordinates": [
                    33.07910551,
                    -111.97774817
                ]
            },
            "properties": {
                "cc_label": "p04-3N",
                "CHTD": {
                    "2022152": 0.16,
                    "2022157": 0.23,
                    "2022164": 0.32,
                    "2022178": 0.7,
                    "2022186": 0.85,
                    "2022192": 0.92,
                    "2022206": 1.02,
                    "2022220": 1.13,
                    "2022227": 1.16,
                    "2022234": 1.17,
                    "2022241": 1.18,
                    "2022251": 1.1
                },
                "CWID": {
                    "2022152": 0.18,
                    "2022157": 0.26,
                    "2022164": 0.3,
                    "2022178": 0.62,
                    "2022186": 0.78,
                    "2022192": 0.89,
                    "2022206": 0.97,
                    "2022220": 1.02,
                    "2022227": 1.02,
                    "2022234": 1.02,
                    "2022241": 1.02,
                    "2022251": 1.02
                }
            },
            "_id": "64223bcc8ac5472d7b9433b6",
            "ccid": "64223bcc8ac5472d7b9433b6"
        },
        {
            "type": "Feature",
            "geometry": {
                "type": "Point",
                "coordinates": [
                    33.07901532,
                    -111.9777488
                ]
            },
            "properties": {
                "cc_label": "p04-3M",
                "CHTD": {
                    "2022152": 0.09,
                    "2022157": 0.14,
                    "2022164": 0.22,
                    "2022178": 0.46,
                    "2022186": 0.75,
                    "2022192": 0.8,
                    "2022206": 0.94,
                    "2022220": 1.0,
                    "2022227": 1.04,
                    "2022234": 1.09,
                    "2022241": 1.15,
                    "2022251": 1.1
                },
                "CWID": {
                    "2022152": 0.09,
                    "2022157": 0.14,
                    "2022164": 0.22,
                    "2022178": 0.43,
                    "2022186": 0.6,
                    "2022192": 0.77,
                    "2022206": 0.89,
                    "2022220": 1.0,
                    "2022227": 1.02,
                    "2022234": 1.02,
                    "2022241": 1.02,
                    "2022251": 1.02
                }
            },
            "_id": "64223bcc8ac5472d7b9433b7",
            "ccid": "64223bcc8ac5472d7b9433b7"
        },
        {
            "type": "Feature",
            "geometry": {
                "type": "Point",
                "coordinates": [
                    33.07892513,
                    -111.97774943
                ]
            },
            "properties": {
                "cc_label": "p04-3S",
                "CHTD": {
                    "2022152": 0.13,
                    "2022157": 0.19,
                    "2022164": 0.28,
                    "2022178": 0.63,
                    "2022186": 0.81,
                    "2022192": 0.89,
                    "2022206": 1.09,
                    "2022220": 1.17,
                    "2022227": 1.19,
                    "2022234": 1.18,
                    "2022241": 1.21,
                    "2022251": 1.12
                },
                "CWID": {
                    "2022152": 0.15,
                    "2022157": 0.21,
                    "2022164": 0.28,
                    "2022178": 0.58,
                    "2022186": 0.73,
                    "2022192": 0.91,
                    "2022206": 1.02,
                    "2022220": 1.02,
                    "2022227": 1.02,
                    "2022234": 1.02,
                    "2022241": 1.02,
                    "2022251": 1.02
                }
            },
            "_id": "64223bcc8ac5472d7b9433b8",
            "ccid": "64223bcc8ac5472d7b9433b8"
        },
        {
            "type": "Feature",
            "geometry": {
                "type": "Point",
                "coordinates": [
                    33.07874475,
                    -111.97775069
                ]
            },
            "properties": {
                "cc_label": "p04-4N",
                "CHTD": {
                    "2022152": 0.09,
                    "2022157": 0.14,
                    "2022164": 0.25,
                    "2022178": 0.53,
                    "2022186": 0.78,
                    "2022192": 0.88,
                    "2022206": 1.08,
                    "2022220": 1.16,
                    "2022227": 1.2,
                    "2022234": 1.23,
                    "2022241": 1.28,
                    "2022251": 1.25
                },
                "CWID": {
                    "2022152": 0.1,
                    "2022157": 0.15,
                    "2022164": 0.24,
                    "2022178": 0.48,
                    "2022186": 0.7,
                    "2022192": 0.86,
                    "2022206": 1.02,
                    "2022220": 1.02,
                    "2022227": 1.02,
                    "2022234": 1.02,
                    "2022241": 1.02,
                    "2022251": 1.02
                }
            },
            "_id": "64223bcc8ac5472d7b9433b9",
            "ccid": "64223bcc8ac5472d7b9433b9"
        },
        {
            "type": "Feature",
            "geometry": {
                "type": "Point",
                "coordinates": [
                    33.07865456,
                    -111.97775132
                ]
            },
            "properties": {
                "cc_label": "p04-4M",
                "CHTD": {
                    "2022152": 0.14,
                    "2022157": 0.19,
                    "2022164": 0.25,
                    "2022178": 0.59,
                    "2022186": 0.73,
                    "2022192": 0.76,
                    "2022206": 0.85,
                    "2022220": 0.98,
                    "2022227": 1.03,
                    "2022234": 1.09,
                    "2022241": 1.13,
                    "2022251": 1.12
                },
                "CWID": {
                    "2022152": 0.15,
                    "2022157": 0.19,
                    "2022164": 0.25,
                    "2022178": 0.52,
                    "2022186": 0.55,
                    "2022192": 0.67,
                    "2022206": 0.77,
                    "2022220": 1.02,
                    "2022227": 1.02,
                    "2022234": 1.02,
                    "2022241": 1.02,
                    "2022251": 1.02
                }
            },
            "_id": "64223bcc8ac5472d7b9433ba",
            "ccid": "64223bcc8ac5472d7b9433ba"
        },
        {
            "type": "Feature",
            "geometry": {
                "type": "Point",
                "coordinates": [
                    33.07856436,
                    -111.97775195
                ]
            },
            "properties": {
                "cc_label": "p04-4S",
                "CHTD": {
                    "2022152": 0.13,
                    "2022157": 0.17,
                    "2022164": 0.25,
                    "2022178": 0.55,
                    "2022186": 0.75,
                    "2022192": 0.78,
                    "2022206": 0.87,
                    "2022220": 0.98,
                    "2022227": 1.01,
                    "2022234": 1.03,
                    "2022241": 1.02,
                    "2022251": 1.07
                },
                "CWID": {
                    "2022152": 0.14,
                    "2022157": 0.18,
                    "2022164": 0.26,
                    "2022178": 0.48,
                    "2022186": 0.62,
                    "2022192": 0.69,
                    "2022206": 0.73,
                    "2022220": 0.88,
                    "2022227": 0.96,
                    "2022234": 1.02,
                    "2022241": 1.02,
                    "2022251": 1.02
                }
            },
            "_id": "64223bcc8ac5472d7b9433bb",
            "ccid": "64223bcc8ac5472d7b9433bb"
        },
        {
            "type": "Feature",
            "geometry": {
                "type": "Point",
                "coordinates": [
                    33.07982629,
                    -111.97759168
                ]
            },
            "properties": {
                "cc_label": "p05-1N",
                "CHTD": {
                    "2022152": 0.14,
                    "2022157": 0.21,
                    "2022164": 0.32,
                    "2022178": 0.67,
                    "2022186": 0.84,
                    "2022192": 0.93,
                    "2022206": 1.08,
                    "2022220": 1.14,
                    "2022227": 1.17,
                    "2022234": 1.22,
                    "2022241": 1.21,
                    "2022251": 1.22
                },
                "CWID": {
                    "2022152": 0.15,
                    "2022157": 0.23,
                    "2022164": 0.33,
                    "2022178": 0.62,
                    "2022186": 0.74,
                    "2022192": 0.87,
                    "2022206": 1.02,
                    "2022220": 1.02,
                    "2022227": 1.02,
                    "2022234": 1.02,
                    "2022241": 1.02,
                    "2022251": 1.02
                }
            },
            "_id": "64223bcc8ac5472d7b9433bc",
            "ccid": "64223bcc8ac5472d7b9433bc"
        },
        {
            "type": "Feature",
            "geometry": {
                "type": "Point",
                "coordinates": [
                    33.0797361,
                    -111.97759231
                ]
            },
            "properties": {
                "cc_label": "p05-1M",
                "CHTD": {
                    "2022152": 0.16,
                    "2022157": 0.24,
                    "2022164": 0.32,
                    "2022178": 0.66,
                    "2022186": 0.84,
                    "2022192": 0.94,
                    "2022206": 1.03,
                    "2022220": 1.08,
                    "2022227": 1.11,
                    "2022234": 1.16,
                    "2022241": 1.18,
                    "2022251": 1.18
                },
                "CWID": {
                    "2022152": 0.16,
                    "2022157": 0.25,
                    "2022164": 0.33,
                    "2022178": 0.6,
                    "2022186": 0.72,
                    "2022192": 0.85,
                    "2022206": 0.93,
                    "2022220": 1.02,
                    "2022227": 1.02,
                    "2022234": 1.02,
                    "2022241": 1.02,
                    "2022251": 1.02
                }
            },
            "_id": "64223bcc8ac5472d7b9433bd",
            "ccid": "64223bcc8ac5472d7b9433bd"
        },
        {
            "type": "Feature",
            "geometry": {
                "type": "Point",
                "coordinates": [
                    33.07964591,
                    -111.97759294
                ]
            },
            "properties": {
                "cc_label": "p05-1S",
                "CHTD": {
                    "2022152": 0.15,
                    "2022157": 0.22,
                    "2022164": 0.33,
                    "2022178": 0.6,
                    "2022186": 0.79,
                    "2022192": 0.82,
                    "2022206": 0.88,
                    "2022220": 0.92,
                    "2022227": 0.94,
                    "2022234": 0.97,
                    "2022241": 0.98,
                    "2022251": 0.99
                },
                "CWID": {
                    "2022152": 0.16,
                    "2022157": 0.22,
                    "2022164": 0.32,
                    "2022178": 0.55,
                    "2022186": 0.65,
                    "2022192": 0.76,
                    "2022206": 0.82,
                    "2022220": 0.86,
                    "2022227": 0.89,
                    "2022234": 0.91,
                    "2022241": 0.92,
                    "2022251": 0.92
                }
            },
            "_id": "64223bcc8ac5472d7b9433be",
            "ccid": "64223bcc8ac5472d7b9433be"
        },
        {
            "type": "Feature",
            "geometry": {
                "type": "Point",
                "coordinates": [
                    33.07946553,
                    -111.9775942
                ]
            },
            "properties": {
                "cc_label": "p05-2N",
                "CHTD": {
                    "2022152": 0.15,
                    "2022157": 0.21,
                    "2022164": 0.27,
                    "2022178": 0.5,
                    "2022186": 0.71,
                    "2022192": 0.78,
                    "2022206": 0.88,
                    "2022220": 0.91,
                    "2022227": 0.93,
                    "2022234": 0.94,
                    "2022241": 0.93,
                    "2022251": 0.94
                },
                "CWID": {
                    "2022152": 0.16,
                    "2022157": 0.23,
                    "2022164": 0.26,
                    "2022178": 0.48,
                    "2022186": 0.53,
                    "2022192": 0.6,
                    "2022206": 0.65,
                    "2022220": 0.68,
                    "2022227": 0.71,
                    "2022234": 0.73,
                    "2022241": 0.72,
                    "2022251": 0.73
                }
            },
            "_id": "64223bcc8ac5472d7b9433bf",
            "ccid": "64223bcc8ac5472d7b9433bf"
        },
        {
            "type": "Feature",
            "geometry": {
                "type": "Point",
                "coordinates": [
                    33.07937533,
                    -111.97759483
                ]
            },
            "properties": {
                "cc_label": "p05-2M",
                "CHTD": {
                    "2022152": 0.13,
                    "2022157": 0.19,
                    "2022164": 0.27,
                    "2022178": 0.54,
                    "2022186": 0.75,
                    "2022192": 0.76,
                    "2022206": 0.8,
                    "2022220": 0.82,
                    "2022227": 0.82,
                    "2022234": 0.84,
                    "2022241": 0.83,
                    "2022251": 0.84
                },
                "CWID": {
                    "2022152": 0.15,
                    "2022157": 0.21,
                    "2022164": 0.27,
                    "2022178": 0.51,
                    "2022186": 0.57,
                    "2022192": 0.63,
                    "2022206": 0.68,
                    "2022220": 0.72,
                    "2022227": 0.74,
                    "2022234": 0.77,
                    "2022241": 0.75,
                    "2022251": 0.75
                }
            },
            "_id": "64223bcc8ac5472d7b9433c0",
            "ccid": "64223bcc8ac5472d7b9433c0"
        },
        {
            "type": "Feature",
            "geometry": {
                "type": "Point",
                "coordinates": [
                    33.07928514,
                    -111.97759546
                ]
            },
            "properties": {
                "cc_label": "p05-2S",
                "CHTD": {
                    "2022152": 0.11,
                    "2022157": 0.18,
                    "2022164": 0.26,
                    "2022178": 0.55,
                    "2022186": 0.77,
                    "2022192": 0.78,
                    "2022206": 0.83,
                    "2022220": 0.87,
                    "2022227": 0.91,
                    "2022234": 0.93,
                    "2022241": 0.93,
                    "2022251": 0.92
                },
                "CWID": {
                    "2022152": 0.12,
                    "2022157": 0.19,
                    "2022164": 0.25,
                    "2022178": 0.51,
                    "2022186": 0.57,
                    "2022192": 0.64,
                    "2022206": 0.69,
                    "2022220": 0.73,
                    "2022227": 0.74,
                    "2022234": 0.75,
                    "2022241": 0.75,
                    "2022251": 0.75
                }
            },
            "_id": "64223bcc8ac5472d7b9433c1",
            "ccid": "64223bcc8ac5472d7b9433c1"
        },
        {
            "type": "Feature",
            "geometry": {
                "type": "Point",
                "coordinates": [
                    33.07910476,
                    -111.97759672
                ]
            },
            "properties": {
                "cc_label": "p05-3N",
                "CHTD": {
                    "2022152": 0.09,
                    "2022157": 0.15,
                    "2022164": 0.22,
                    "2022178": 0.52,
                    "2022186": 0.73,
                    "2022192": 0.76,
                    "2022206": 0.86,
                    "2022220": 0.95,
                    "2022227": 0.98,
                    "2022234": 1.01,
                    "2022241": 1.0,
                    "2022251": 0.98
                },
                "CWID": {
                    "2022152": 0.1,
                    "2022157": 0.16,
                    "2022164": 0.22,
                    "2022178": 0.48,
                    "2022186": 0.89,
                    "2022192": 0.94,
                    "2022206": 0.98,
                    "2022220": 1.02,
                    "2022227": 1.02,
                    "2022234": 1.02,
                    "2022241": 1.02,
                    "2022251": 1.02
                }
            },
            "_id": "64223bcc8ac5472d7b9433c2",
            "ccid": "64223bcc8ac5472d7b9433c2"
        },
        {
            "type": "Feature",
            "geometry": {
                "type": "Point",
                "coordinates": [
                    33.07901457,
                    -111.97759735
                ]
            },
            "properties": {
                "cc_label": "p05-3M",
                "CHTD": {
                    "2022152": 0.12,
                    "2022157": 0.19,
                    "2022164": 0.27,
                    "2022178": 0.56,
                    "2022186": 0.77,
                    "2022192": 0.78,
                    "2022206": 0.76,
                    "2022220": 0.79,
                    "2022227": 0.81,
                    "2022234": 0.82,
                    "2022241": 0.83,
                    "2022251": 0.83
                },
                "CWID": {
                    "2022152": 0.14,
                    "2022157": 0.21,
                    "2022164": 0.26,
                    "2022178": 0.51,
                    "2022186": 0.86,
                    "2022192": 0.86,
                    "2022206": 0.86,
                    "2022220": 0.88,
                    "2022227": 0.89,
                    "2022234": 0.89,
                    "2022241": 0.9,
                    "2022251": 0.9
                }
            },
            "_id": "64223bcc8ac5472d7b9433c3",
            "ccid": "64223bcc8ac5472d7b9433c3"
        },
        {
            "type": "Feature",
            "geometry": {
                "type": "Point",
                "coordinates": [
                    33.07892437,
                    -111.97759797
                ]
            },
            "properties": {
                "cc_label": "p05-3S",
                "CHTD": {
                    "2022152": 0.1,
                    "2022157": 0.18,
                    "2022164": 0.3,
                    "2022178": 0.59,
                    "2022186": 0.79,
                    "2022192": 0.78,
                    "2022206": 0.79,
                    "2022220": 0.81,
                    "2022227": 0.84,
                    "2022234": 0.86,
                    "2022241": 0.85,
                    "2022251": 0.86
                },
                "CWID": {
                    "2022152": 0.11,
                    "2022157": 0.18,
                    "2022164": 0.29,
                    "2022178": 0.56,
                    "2022186": 0.62,
                    "2022192": 0.88,
                    "2022206": 0.93,
                    "2022220": 0.95,
                    "2022227": 0.97,
                    "2022234": 0.98,
                    "2022241": 0.98,
                    "2022251": 1.0
                }
            },
            "_id": "64223bcc8ac5472d7b9433c4",
            "ccid": "64223bcc8ac5472d7b9433c4"
        },
        {
            "type": "Feature",
            "geometry": {
                "type": "Point",
                "coordinates": [
                    33.07874399,
                    -111.97759923
                ]
            },
            "properties": {
                "cc_label": "p05-4N",
                "CHTD": {
                    "2022152": 0.14,
                    "2022157": 0.21,
                    "2022164": 0.29,
                    "2022178": 0.6,
                    "2022186": 0.79,
                    "2022192": 0.84,
                    "2022206": 0.87,
                    "2022220": 0.94,
                    "2022227": 0.99,
                    "2022234": 1.03,
                    "2022241": 1.05,
                    "2022251": 1.01
                },
                "CWID": {
                    "2022152": 0.15,
                    "2022157": 0.23,
                    "2022164": 0.27,
                    "2022178": 0.52,
                    "2022186": 0.63,
                    "2022192": 0.74,
                    "2022206": 0.82,
                    "2022220": 0.93,
                    "2022227": 0.96,
                    "2022234": 1.02,
                    "2022241": 1.02,
                    "2022251": 1.02
                }
            },
            "_id": "64223bcc8ac5472d7b9433c5",
            "ccid": "64223bcc8ac5472d7b9433c5"
        },
        {
            "type": "Feature",
            "geometry": {
                "type": "Point",
                "coordinates": [
                    33.0786538,
                    -111.97759986
                ]
            },
            "properties": {
                "cc_label": "p05-4M",
                "CHTD": {
                    "2022152": 0.11,
                    "2022157": 0.19,
                    "2022164": 0.24,
                    "2022178": 0.46,
                    "2022186": 0.69,
                    "2022192": 0.75,
                    "2022206": 0.83,
                    "2022220": 0.9,
                    "2022227": 0.96,
                    "2022234": 1.01,
                    "2022241": 1.02,
                    "2022251": 1.02
                },
                "CWID": {
                    "2022152": 0.12,
                    "2022157": 0.21,
                    "2022164": 0.24,
                    "2022178": 0.4,
                    "2022186": 0.47,
                    "2022192": 0.54,
                    "2022206": 0.58,
                    "2022220": 0.61,
                    "2022227": 0.65,
                    "2022234": 0.68,
                    "2022241": 0.7,
                    "2022251": 0.7
                }
            },
            "_id": "64223bcc8ac5472d7b9433c6",
            "ccid": "64223bcc8ac5472d7b9433c6"
        },
        {
            "type": "Feature",
            "geometry": {
                "type": "Point",
                "coordinates": [
                    33.07856361,
                    -111.97760049
                ]
            },
            "properties": {
                "cc_label": "p05-4S",
                "CHTD": {
                    "2022152": 0.13,
                    "2022157": 0.21,
                    "2022164": 0.26,
                    "2022178": 0.61,
                    "2022186": 0.82,
                    "2022192": 0.86,
                    "2022206": 0.96,
                    "2022220": 1.03,
                    "2022227": 1.08,
                    "2022234": 1.1,
                    "2022241": 1.09,
                    "2022251": 1.06
                },
                "CWID": {
                    "2022152": 0.14,
                    "2022157": 0.23,
                    "2022164": 0.25,
                    "2022178": 0.55,
                    "2022186": 0.66,
                    "2022192": 0.77,
                    "2022206": 0.85,
                    "2022220": 0.96,
                    "2022227": 1.02,
                    "2022234": 1.02,
                    "2022241": 1.02,
                    "2022251": 1.02
                }
            },
            "_id": "64223bcc8ac5472d7b9433c7",
            "ccid": "64223bcc8ac5472d7b9433c7"
        },
        {
            "type": "Feature",
            "geometry": {
                "type": "Point",
                "coordinates": [
                    33.07982554,
                    -111.97743929
                ]
            },
            "properties": {
                "cc_label": "p06-1N",
                "CHTD": {
                    "2022152": 0.12,
                    "2022157": 0.17,
                    "2022164": 0.23,
                    "2022178": 0.53,
                    "2022186": 0.69,
                    "2022192": 0.76,
                    "2022206": 0.98,
                    "2022220": 1.1,
                    "2022227": 1.15,
                    "2022234": 1.15,
                    "2022241": 1.16,
                    "2022251": 1.14
                },
                "CWID": {
                    "2022152": 0.14,
                    "2022157": 0.2,
                    "2022164": 0.25,
                    "2022178": 0.53,
                    "2022186": 0.66,
                    "2022192": 0.8,
                    "2022206": 0.88,
                    "2022220": 0.94,
                    "2022227": 0.98,
                    "2022234": 1.02,
                    "2022241": 1.02,
                    "2022251": 1.02
                }
            },
            "_id": "64223bcc8ac5472d7b9433c8",
            "ccid": "64223bcc8ac5472d7b9433c8"
        },
        {
            "type": "Feature",
            "geometry": {
                "type": "Point",
                "coordinates": [
                    33.07973535,
                    -111.97743992
                ]
            },
            "properties": {
                "cc_label": "p06-1M",
                "CHTD": {
                    "2022152": 0.09,
                    "2022157": 0.15,
                    "2022164": 0.19,
                    "2022178": 0.43,
                    "2022186": 0.63,
                    "2022192": 0.76,
                    "2022206": 0.97,
                    "2022220": 1.09,
                    "2022227": 1.15,
                    "2022234": 1.17,
                    "2022241": 1.08,
                    "2022251": 1.1
                },
                "CWID": {
                    "2022152": 0.1,
                    "2022157": 0.17,
                    "2022164": 0.2,
                    "2022178": 0.4,
                    "2022186": 0.56,
                    "2022192": 0.73,
                    "2022206": 0.84,
                    "2022220": 0.91,
                    "2022227": 0.96,
                    "2022234": 1.02,
                    "2022241": 1.02,
                    "2022251": 1.02
                }
            },
            "_id": "64223bcc8ac5472d7b9433c9",
            "ccid": "64223bcc8ac5472d7b9433c9"
        },
        {
            "type": "Feature",
            "geometry": {
                "type": "Point",
                "coordinates": [
                    33.07964515,
                    -111.97744055
                ]
            },
            "properties": {
                "cc_label": "p06-1S",
                "CHTD": {
                    "2022152": 0.07,
                    "2022157": 0.12,
                    "2022164": 0.21,
                    "2022178": 0.34,
                    "2022186": 0.55,
                    "2022192": 0.65,
                    "2022206": 0.79,
                    "2022220": 0.88,
                    "2022227": 0.93,
                    "2022234": 0.97,
                    "2022241": 1.01,
                    "2022251": 1.04
                },
                "CWID": {
                    "2022152": 0.08,
                    "2022157": 0.13,
                    "2022164": 0.21,
                    "2022178": 0.3,
                    "2022186": 0.45,
                    "2022192": 0.61,
                    "2022206": 0.72,
                    "2022220": 0.79,
                    "2022227": 0.85,
                    "2022234": 0.94,
                    "2022241": 0.97,
                    "2022251": 0.99
                }
            },
            "_id": "64223bcc8ac5472d7b9433ca",
            "ccid": "64223bcc8ac5472d7b9433ca"
        },
        {
            "type": "Feature",
            "geometry": {
                "type": "Point",
                "coordinates": [
                    33.07946477,
                    -111.97744181
                ]
            },
            "properties": {
                "cc_label": "p06-2N",
                "CHTD": {
                    "2022152": 0.06,
                    "2022157": 0.12,
                    "2022164": 0.21,
                    "2022178": 0.44,
                    "2022186": 0.61,
                    "2022192": 0.74,
                    "2022206": 0.94,
                    "2022220": 1.05,
                    "2022227": 1.08,
                    "2022234": 1.1,
                    "2022241": 1.08,
                    "2022251": 1.04
                },
                "CWID": {
                    "2022152": 0.07,
                    "2022157": 0.13,
                    "2022164": 0.2,
                    "2022178": 0.43,
                    "2022186": 0.57,
                    "2022192": 0.73,
                    "2022206": 0.83,
                    "2022220": 0.91,
                    "2022227": 0.96,
                    "2022234": 1.02,
                    "2022241": 1.02,
                    "2022251": 1.02
                }
            },
            "_id": "64223bcc8ac5472d7b9433cb",
            "ccid": "64223bcc8ac5472d7b9433cb"
        },
        {
            "type": "Feature",
            "geometry": {
                "type": "Point",
                "coordinates": [
                    33.07937458,
                    -111.97744244
                ]
            },
            "properties": {
                "cc_label": "p06-2M",
                "CHTD": {
                    "2022152": 0.06,
                    "2022157": 0.11,
                    "2022164": 0.16,
                    "2022178": 0.37,
                    "2022186": 0.53,
                    "2022192": 0.63,
                    "2022206": 0.85,
                    "2022220": 0.91,
                    "2022227": 0.95,
                    "2022234": 1.02,
                    "2022241": 1.01,
                    "2022251": 0.97
                },
                "CWID": {
                    "2022152": 0.07,
                    "2022157": 0.12,
                    "2022164": 0.16,
                    "2022178": 0.35,
                    "2022186": 0.5,
                    "2022192": 0.65,
                    "2022206": 0.75,
                    "2022220": 0.82,
                    "2022227": 0.85,
                    "2022234": 0.9,
                    "2022241": 0.91,
                    "2022251": 0.93
                }
            },
            "_id": "64223bcc8ac5472d7b9433cc",
            "ccid": "64223bcc8ac5472d7b9433cc"
        },
        {
            "type": "Feature",
            "geometry": {
                "type": "Point",
                "coordinates": [
                    33.07928439,
                    -111.97744307
                ]
            },
            "properties": {
                "cc_label": "p06-2S",
                "CHTD": {
                    "2022152": 0.04,
                    "2022157": 0.09,
                    "2022164": 0.16,
                    "2022178": 0.39,
                    "2022186": 0.58,
                    "2022192": 0.6,
                    "2022206": 0.89,
                    "2022220": 0.97,
                    "2022227": 1.04,
                    "2022234": 1.07,
                    "2022241": 1.05,
                    "2022251": 1.03
                },
                "CWID": {
                    "2022152": 0.04,
                    "2022157": 0.11,
                    "2022164": 0.17,
                    "2022178": 0.36,
                    "2022186": 0.51,
                    "2022192": 0.67,
                    "2022206": 0.77,
                    "2022220": 0.84,
                    "2022227": 0.88,
                    "2022234": 0.91,
                    "2022241": 0.95,
                    "2022251": 0.99
                }
            },
            "_id": "64223bcc8ac5472d7b9433cd",
            "ccid": "64223bcc8ac5472d7b9433cd"
        },
        {
            "type": "Feature",
            "geometry": {
                "type": "Point",
                "coordinates": [
                    33.079104,
                    -111.97744433
                ]
            },
            "properties": {
                "cc_label": "p06-3N",
                "CHTD": {
                    "2022152": 0.06,
                    "2022157": 0.13,
                    "2022164": 0.17,
                    "2022178": 0.45,
                    "2022186": 0.58,
                    "2022192": 0.66,
                    "2022206": 0.81,
                    "2022220": 0.88,
                    "2022227": 0.93,
                    "2022234": 0.97,
                    "2022241": 1.01,
                    "2022251": 0.99
                },
                "CWID": {
                    "2022152": 0.07,
                    "2022157": 0.14,
                    "2022164": 0.16,
                    "2022178": 0.43,
                    "2022186": 0.53,
                    "2022192": 0.62,
                    "2022206": 0.67,
                    "2022220": 0.71,
                    "2022227": 0.75,
                    "2022234": 0.75,
                    "2022241": 0.77,
                    "2022251": 0.77
                }
            },
            "_id": "64223bcc8ac5472d7b9433ce",
            "ccid": "64223bcc8ac5472d7b9433ce"
        },
        {
            "type": "Feature",
            "geometry": {
                "type": "Point",
                "coordinates": [
                    33.07901381,
                    -111.97744496
                ]
            },
            "properties": {
                "cc_label": "p06-3M",
                "CHTD": {
                    "2022152": 0.06,
                    "2022157": 0.13,
                    "2022164": 0.2,
                    "2022178": 0.47,
                    "2022186": 0.62,
                    "2022192": 0.72,
                    "2022206": 0.88,
                    "2022220": 0.93,
                    "2022227": 0.97,
                    "2022234": 1.01,
                    "2022241": 1.04,
                    "2022251": 1.02
                },
                "CWID": {
                    "2022152": 0.06,
                    "2022157": 0.15,
                    "2022164": 0.2,
                    "2022178": 0.44,
                    "2022186": 0.54,
                    "2022192": 0.64,
                    "2022206": 0.73,
                    "2022220": 0.81,
                    "2022227": 0.85,
                    "2022234": 0.88,
                    "2022241": 0.9,
                    "2022251": 0.95
                }
            },
            "_id": "64223bcc8ac5472d7b9433cf",
            "ccid": "64223bcc8ac5472d7b9433cf"
        },
        {
            "type": "Feature",
            "geometry": {
                "type": "Point",
                "coordinates": [
                    33.07892362,
                    -111.97744559
                ]
            },
            "properties": {
                "cc_label": "p06-3S",
                "CHTD": {
                    "2022152": 0.05,
                    "2022157": 0.11,
                    "2022164": 0.17,
                    "2022178": 0.44,
                    "2022186": 0.57,
                    "2022192": 0.62,
                    "2022206": 0.71,
                    "2022220": 0.78,
                    "2022227": 0.83,
                    "2022234": 0.86,
                    "2022241": 0.88,
                    "2022251": 0.89
                },
                "CWID": {
                    "2022152": 0.06,
                    "2022157": 0.13,
                    "2022164": 0.19,
                    "2022178": 0.41,
                    "2022186": 0.5,
                    "2022192": 0.6,
                    "2022206": 0.66,
                    "2022220": 0.7,
                    "2022227": 0.73,
                    "2022234": 0.74,
                    "2022241": 0.75,
                    "2022251": 0.76
                }
            },
            "_id": "64223bcc8ac5472d7b9433d0",
            "ccid": "64223bcc8ac5472d7b9433d0"
        },
        {
            "type": "Feature",
            "geometry": {
                "type": "Point",
                "coordinates": [
                    33.07874324,
                    -111.97744685
                ]
            },
            "properties": {
                "cc_label": "p06-4N",
                "CHTD": {
                    "2022152": 0.07,
                    "2022157": 0.13,
                    "2022164": 0.19,
                    "2022178": 0.54,
                    "2022186": 0.72,
                    "2022192": 0.79,
                    "2022206": 0.91,
                    "2022220": 1.02,
                    "2022227": 1.08,
                    "2022234": 1.1,
                    "2022241": 1.12,
                    "2022251": 1.15
                },
                "CWID": {
                    "2022152": 0.08,
                    "2022157": 0.15,
                    "2022164": 0.18,
                    "2022178": 0.5,
                    "2022186": 0.62,
                    "2022192": 0.74,
                    "2022206": 0.82,
                    "2022220": 0.87,
                    "2022227": 0.95,
                    "2022234": 1.02,
                    "2022241": 1.02,
                    "2022251": 1.02
                }
            },
            "_id": "64223bcc8ac5472d7b9433d1",
            "ccid": "64223bcc8ac5472d7b9433d1"
        },
        {
            "type": "Feature",
            "geometry": {
                "type": "Point",
                "coordinates": [
                    33.07865304,
                    -111.97744748
                ]
            },
            "properties": {
                "cc_label": "p06-4M",
                "CHTD": {
                    "2022152": 0.06,
                    "2022157": 0.1,
                    "2022164": 0.19,
                    "2022178": 0.44,
                    "2022186": 0.67,
                    "2022192": 0.71,
                    "2022206": 0.77,
                    "2022220": 0.9,
                    "2022227": 0.95,
                    "2022234": 0.99,
                    "2022241": 1.01,
                    "2022251": 1.04
                },
                "CWID": {
                    "2022152": 0.07,
                    "2022157": 0.11,
                    "2022164": 0.18,
                    "2022178": 0.42,
                    "2022186": 0.53,
                    "2022192": 0.65,
                    "2022206": 0.72,
                    "2022220": 0.8,
                    "2022227": 0.86,
                    "2022234": 0.91,
                    "2022241": 0.97,
                    "2022251": 1.02
                }
            },
            "_id": "64223bcc8ac5472d7b9433d2",
            "ccid": "64223bcc8ac5472d7b9433d2"
        },
        {
            "type": "Feature",
            "geometry": {
                "type": "Point",
                "coordinates": [
                    33.07856285,
                    -111.97744811
                ]
            },
            "properties": {
                "cc_label": "p06-4S",
                "CHTD": {
                    "2022152": 0.05,
                    "2022157": 0.09,
                    "2022164": 0.19,
                    "2022178": 0.41,
                    "2022186": 0.64,
                    "2022192": 0.65,
                    "2022206": 0.69,
                    "2022220": 0.78,
                    "2022227": 0.83,
                    "2022234": 0.88,
                    "2022241": 0.93,
                    "2022251": 0.95
                },
                "CWID": {
                    "2022152": 0.06,
                    "2022157": 0.1,
                    "2022164": 0.17,
                    "2022178": 0.39,
                    "2022186": 0.47,
                    "2022192": 0.57,
                    "2022206": 0.64,
                    "2022220": 0.69,
                    "2022227": 0.76,
                    "2022234": 0.79,
                    "2022241": 0.84,
                    "2022251": 0.86
                }
            },
            "_id": "64223bcc8ac5472d7b9433d3",
            "ccid": "64223bcc8ac5472d7b9433d3"
        },
        {
            "type": "Feature",
            "geometry": {
                "type": "Point",
                "coordinates": [
                    33.07982478,
                    -111.97728691
                ]
            },
            "properties": {
                "cc_label": "p07-1N",
                "CHTD": {
                    "2022152": 0.11,
                    "2022157": 0.16,
                    "2022164": 0.3,
                    "2022178": 0.61,
                    "2022186": 0.79,
                    "2022192": 0.81,
                    "2022206": 0.88,
                    "2022220": 0.96,
                    "2022227": 1.01,
                    "2022234": 1.04,
                    "2022241": 1.06,
                    "2022251": 1.05
                },
                "CWID": {
                    "2022152": 0.12,
                    "2022157": 0.16,
                    "2022164": 0.28,
                    "2022178": 0.59,
                    "2022186": 0.64,
                    "2022192": 0.71,
                    "2022206": 0.75,
                    "2022220": 0.78,
                    "2022227": 0.86,
                    "2022234": 0.93,
                    "2022241": 1.02,
                    "2022251": 1.02
                }
            },
            "_id": "64223bcc8ac5472d7b9433d4",
            "ccid": "64223bcc8ac5472d7b9433d4"
        },
        {
            "type": "Feature",
            "geometry": {
                "type": "Point",
                "coordinates": [
                    33.07973459,
                    -111.97728754
                ]
            },
            "properties": {
                "cc_label": "p07-1M",
                "CHTD": {
                    "2022152": 0.14,
                    "2022157": 0.2,
                    "2022164": 0.26,
                    "2022178": 0.56,
                    "2022186": 0.77,
                    "2022192": 0.78,
                    "2022206": 0.82,
                    "2022220": 0.88,
                    "2022227": 0.92,
                    "2022234": 0.94,
                    "2022241": 0.94,
                    "2022251": 0.95
                },
                "CWID": {
                    "2022152": 0.15,
                    "2022157": 0.21,
                    "2022164": 0.24,
                    "2022178": 0.51,
                    "2022186": 0.56,
                    "2022192": 0.64,
                    "2022206": 0.7,
                    "2022220": 0.75,
                    "2022227": 0.85,
                    "2022234": 0.92,
                    "2022241": 1.0,
                    "2022251": 1.02
                }
            },
            "_id": "64223bcc8ac5472d7b9433d5",
            "ccid": "64223bcc8ac5472d7b9433d5"
        },
        {
            "type": "Feature",
            "geometry": {
                "type": "Point",
                "coordinates": [
                    33.0796444,
                    -111.97728817
                ]
            },
            "properties": {
                "cc_label": "p07-1S",
                "CHTD": {
                    "2022152": 0.16,
                    "2022157": 0.21,
                    "2022164": 0.31,
                    "2022178": 0.55,
                    "2022186": 0.74,
                    "2022192": 0.74,
                    "2022206": 0.74,
                    "2022220": 0.78,
                    "2022227": 0.81,
                    "2022234": 0.84,
                    "2022241": 0.85,
                    "2022251": 0.85
                },
                "CWID": {
                    "2022152": 0.17,
                    "2022157": 0.22,
                    "2022164": 0.28,
                    "2022178": 0.47,
                    "2022186": 0.5,
                    "2022192": 0.53,
                    "2022206": 0.55,
                    "2022220": 0.58,
                    "2022227": 0.65,
                    "2022234": 0.71,
                    "2022241": 0.76,
                    "2022251": 0.78
                }
            },
            "_id": "64223bcc8ac5472d7b9433d6",
            "ccid": "64223bcc8ac5472d7b9433d6"
        },
        {
            "type": "Feature",
            "geometry": {
                "type": "Point",
                "coordinates": [
                    33.07946402,
                    -111.97728943
                ]
            },
            "properties": {
                "cc_label": "p07-2N",
                "CHTD": {
                    "2022152": 0.11,
                    "2022157": 0.16,
                    "2022164": 0.21,
                    "2022178": 0.39,
                    "2022186": 0.61,
                    "2022192": 0.62,
                    "2022206": 0.62,
                    "2022220": 0.69,
                    "2022227": 0.73,
                    "2022234": 0.77,
                    "2022241": 0.8,
                    "2022251": 0.81
                },
                "CWID": {
                    "2022152": 0.12,
                    "2022157": 0.17,
                    "2022164": 0.22,
                    "2022178": 0.35,
                    "2022186": 0.42,
                    "2022192": 0.49,
                    "2022206": 0.53,
                    "2022220": 0.61,
                    "2022227": 0.68,
                    "2022234": 0.76,
                    "2022241": 0.81,
                    "2022251": 0.86
                }
            },
            "_id": "64223bcc8ac5472d7b9433d7",
            "ccid": "64223bcc8ac5472d7b9433d7"
        },
        {
            "type": "Feature",
            "geometry": {
                "type": "Point",
                "coordinates": [
                    33.07937382,
                    -111.97729006
                ]
            },
            "properties": {
                "cc_label": "p07-2M",
                "CHTD": {
                    "2022152": 0.14,
                    "2022157": 0.21,
                    "2022164": 0.28,
                    "2022178": 0.58,
                    "2022186": 0.82,
                    "2022192": 0.85,
                    "2022206": 0.94,
                    "2022220": 1.04,
                    "2022227": 1.11,
                    "2022234": 1.16,
                    "2022241": 1.18,
                    "2022251": 1.11
                },
                "CWID": {
                    "2022152": 0.13,
                    "2022157": 0.23,
                    "2022164": 0.26,
                    "2022178": 0.53,
                    "2022186": 0.61,
                    "2022192": 0.72,
                    "2022206": 0.79,
                    "2022220": 0.86,
                    "2022227": 0.9,
                    "2022234": 0.98,
                    "2022241": 1.02,
                    "2022251": 1.02
                }
            },
            "_id": "64223bcc8ac5472d7b9433d8",
            "ccid": "64223bcc8ac5472d7b9433d8"
        },
        {
            "type": "Feature",
            "geometry": {
                "type": "Point",
                "coordinates": [
                    33.07928363,
                    -111.97729069
                ]
            },
            "properties": {
                "cc_label": "p07-2S",
                "CHTD": {
                    "2022152": 0.1,
                    "2022157": 0.16,
                    "2022164": 0.23,
                    "2022178": 0.55,
                    "2022186": 0.8,
                    "2022192": 0.81,
                    "2022206": 0.85,
                    "2022220": 0.96,
                    "2022227": 1.02,
                    "2022234": 1.08,
                    "2022241": 1.1,
                    "2022251": 1.12
                },
                "CWID": {
                    "2022152": 0.11,
                    "2022157": 0.17,
                    "2022164": 0.24,
                    "2022178": 0.48,
                    "2022186": 0.59,
                    "2022192": 0.74,
                    "2022206": 0.83,
                    "2022220": 0.91,
                    "2022227": 0.95,
                    "2022234": 1.02,
                    "2022241": 1.02,
                    "2022251": 1.02
                }
            },
            "_id": "64223bcc8ac5472d7b9433d9",
            "ccid": "64223bcc8ac5472d7b9433d9"
        },
        {
            "type": "Feature",
            "geometry": {
                "type": "Point",
                "coordinates": [
                    33.07910325,
                    -111.97729195
                ]
            },
            "properties": {
                "cc_label": "p07-3N",
                "CHTD": {
                    "2022152": 0.08,
                    "2022157": 0.14,
                    "2022164": 0.16,
                    "2022178": 0.42,
                    "2022186": 0.46,
                    "2022192": 0.58,
                    "2022206": 0.77,
                    "2022220": 0.89,
                    "2022227": 0.93,
                    "2022234": 0.97,
                    "2022241": 0.98,
                    "2022251": 0.98
                },
                "CWID": {
                    "2022152": 0.09,
                    "2022157": 0.17,
                    "2022164": 0.15,
                    "2022178": 0.38,
                    "2022186": 0.49,
                    "2022192": 0.59,
                    "2022206": 0.68,
                    "2022220": 0.78,
                    "2022227": 0.83,
                    "2022234": 0.9,
                    "2022241": 0.92,
                    "2022251": 0.9
                }
            },
            "_id": "64223bcc8ac5472d7b9433da",
            "ccid": "64223bcc8ac5472d7b9433da"
        },
        {
            "type": "Feature",
            "geometry": {
                "type": "Point",
                "coordinates": [
                    33.07901306,
                    -111.97729258
                ]
            },
            "properties": {
                "cc_label": "p07-3M",
                "CHTD": {
                    "2022152": 0.13,
                    "2022157": 0.21,
                    "2022164": 0.31,
                    "2022178": 0.63,
                    "2022186": 0.76,
                    "2022192": 0.81,
                    "2022206": 0.88,
                    "2022220": 1.03,
                    "2022227": 1.08,
                    "2022234": 1.13,
                    "2022241": 1.15,
                    "2022251": 1.16
                },
                "CWID": {
                    "2022152": 0.14,
                    "2022157": 0.23,
                    "2022164": 0.28,
                    "2022178": 0.62,
                    "2022186": 0.7,
                    "2022192": 0.8,
                    "2022206": 0.87,
                    "2022220": 0.95,
                    "2022227": 1.01,
                    "2022234": 1.02,
                    "2022241": 1.02,
                    "2022251": 1.02
                }
            },
            "_id": "64223bcc8ac5472d7b9433db",
            "ccid": "64223bcc8ac5472d7b9433db"
        },
        {
            "type": "Feature",
            "geometry": {
                "type": "Point",
                "coordinates": [
                    33.07892287,
                    -111.97729321
                ]
            },
            "properties": {
                "cc_label": "p07-3S",
                "CHTD": {
                    "2022152": 0.11,
                    "2022157": 0.17,
                    "2022164": 0.26,
                    "2022178": 0.45,
                    "2022186": 0.48,
                    "2022192": 0.58,
                    "2022206": 0.74,
                    "2022220": 0.86,
                    "2022227": 0.9,
                    "2022234": 0.94,
                    "2022241": 0.95,
                    "2022251": 0.95
                },
                "CWID": {
                    "2022152": 0.12,
                    "2022157": 0.19,
                    "2022164": 0.24,
                    "2022178": 0.41,
                    "2022186": 0.5,
                    "2022192": 0.61,
                    "2022206": 0.67,
                    "2022220": 0.76,
                    "2022227": 0.82,
                    "2022234": 0.89,
                    "2022241": 0.94,
                    "2022251": 0.94
                }
            },
            "_id": "64223bcc8ac5472d7b9433dc",
            "ccid": "64223bcc8ac5472d7b9433dc"
        },
        {
            "type": "Feature",
            "geometry": {
                "type": "Point",
                "coordinates": [
                    33.07874248,
                    -111.97729447
                ]
            },
            "properties": {
                "cc_label": "p07-4N",
                "CHTD": {
                    "2022152": 0.12,
                    "2022157": 0.18,
                    "2022164": 0.23,
                    "2022178": 0.53,
                    "2022186": 0.71,
                    "2022192": 0.8,
                    "2022206": 0.95,
                    "2022220": 1.02,
                    "2022227": 1.04,
                    "2022234": 1.07,
                    "2022241": 1.07,
                    "2022251": 1.02
                },
                "CWID": {
                    "2022152": 0.13,
                    "2022157": 0.19,
                    "2022164": 0.23,
                    "2022178": 0.49,
                    "2022186": 0.59,
                    "2022192": 0.69,
                    "2022206": 0.76,
                    "2022220": 0.89,
                    "2022227": 0.96,
                    "2022234": 1.02,
                    "2022241": 1.02,
                    "2022251": 1.02
                }
            },
            "_id": "64223bcc8ac5472d7b9433dd",
            "ccid": "64223bcc8ac5472d7b9433dd"
        },
        {
            "type": "Feature",
            "geometry": {
                "type": "Point",
                "coordinates": [
                    33.07865229,
                    -111.9772951
                ]
            },
            "properties": {
                "cc_label": "p07-4M",
                "CHTD": {
                    "2022152": 0.1,
                    "2022157": 0.15,
                    "2022164": 0.22,
                    "2022178": 0.44,
                    "2022186": 0.64,
                    "2022192": 0.71,
                    "2022206": 0.82,
                    "2022220": 0.88,
                    "2022227": 0.91,
                    "2022234": 0.95,
                    "2022241": 0.97,
                    "2022251": 0.97
                },
                "CWID": {
                    "2022152": 0.11,
                    "2022157": 0.15,
                    "2022164": 0.21,
                    "2022178": 0.41,
                    "2022186": 0.51,
                    "2022192": 0.62,
                    "2022206": 0.69,
                    "2022220": 0.83,
                    "2022227": 0.91,
                    "2022234": 1.0,
                    "2022241": 1.02,
                    "2022251": 1.02
                }
            },
            "_id": "64223bcc8ac5472d7b9433de",
            "ccid": "64223bcc8ac5472d7b9433de"
        },
        {
            "type": "Feature",
            "geometry": {
                "type": "Point",
                "coordinates": [
                    33.0785621,
                    -111.97729573
                ]
            },
            "properties": {
                "cc_label": "p07-4S",
                "CHTD": {
                    "2022152": 0.11,
                    "2022157": 0.17,
                    "2022164": 0.25,
                    "2022178": 0.57,
                    "2022186": 0.68,
                    "2022192": 0.73,
                    "2022206": 0.86,
                    "2022220": 0.91,
                    "2022227": 0.95,
                    "2022234": 0.98,
                    "2022241": 0.97,
                    "2022251": 0.98
                },
                "CWID": {
                    "2022152": 0.12,
                    "2022157": 0.19,
                    "2022164": 0.24,
                    "2022178": 0.5,
                    "2022186": 0.57,
                    "2022192": 0.64,
                    "2022206": 0.7,
                    "2022220": 0.8,
                    "2022227": 0.86,
                    "2022234": 0.9,
                    "2022241": 0.94,
                    "2022251": 0.95
                }
            },
            "_id": "64223bcc8ac5472d7b9433df",
            "ccid": "64223bcc8ac5472d7b9433df"
        },
        {
            "type": "Feature",
            "geometry": {
                "type": "Point",
                "coordinates": [
                    33.07982403,
                    -111.97713452
                ]
            },
            "properties": {
                "cc_label": "p08-1N",
                "CHTD": {
                    "2022152": 0.09,
                    "2022157": 0.14,
                    "2022164": 0.19,
                    "2022178": 0.46,
                    "2022186": 0.64,
                    "2022192": 0.74,
                    "2022206": 0.93,
                    "2022220": 1.03,
                    "2022227": 1.08,
                    "2022234": 1.1,
                    "2022241": 1.12,
                    "2022251": 1.1
                },
                "CWID": {
                    "2022152": 0.1,
                    "2022157": 0.16,
                    "2022164": 0.21,
                    "2022178": 0.41,
                    "2022186": 0.54,
                    "2022192": 0.67,
                    "2022206": 0.77,
                    "2022220": 0.87,
                    "2022227": 0.93,
                    "2022234": 0.99,
                    "2022241": 1.02,
                    "2022251": 1.02
                }
            },
            "_id": "64223bcc8ac5472d7b9433e0",
            "ccid": "64223bcc8ac5472d7b9433e0"
        },
        {
            "type": "Feature",
            "geometry": {
                "type": "Point",
                "coordinates": [
                    33.07973384,
                    -111.97713515
                ]
            },
            "properties": {
                "cc_label": "p08-1M",
                "CHTD": {
                    "2022152": 0.07,
                    "2022157": 0.13,
                    "2022164": 0.17,
                    "2022178": 0.48,
                    "2022186": 0.67,
                    "2022192": 0.76,
                    "2022206": 0.82,
                    "2022220": 0.95,
                    "2022227": 1.01,
                    "2022234": 1.05,
                    "2022241": 1.07,
                    "2022251": 1.06
                },
                "CWID": {
                    "2022152": 0.08,
                    "2022157": 0.15,
                    "2022164": 0.19,
                    "2022178": 0.44,
                    "2022186": 0.55,
                    "2022192": 0.66,
                    "2022206": 0.73,
                    "2022220": 0.84,
                    "2022227": 0.88,
                    "2022234": 0.95,
                    "2022241": 1.0,
                    "2022251": 1.02
                }
            },
            "_id": "64223bcc8ac5472d7b9433e1",
            "ccid": "64223bcc8ac5472d7b9433e1"
        },
        {
            "type": "Feature",
            "geometry": {
                "type": "Point",
                "coordinates": [
                    33.07964364,
                    -111.97713578
                ]
            },
            "properties": {
                "cc_label": "p08-1S",
                "CHTD": {
                    "2022152": 0.06,
                    "2022157": 0.11,
                    "2022164": 0.15,
                    "2022178": 0.35,
                    "2022186": 0.58,
                    "2022192": 0.64,
                    "2022206": 0.71,
                    "2022220": 0.77,
                    "2022227": 0.82,
                    "2022234": 0.85,
                    "2022241": 0.86,
                    "2022251": 0.86
                },
                "CWID": {
                    "2022152": 0.07,
                    "2022157": 0.13,
                    "2022164": 0.15,
                    "2022178": 0.34,
                    "2022186": 0.46,
                    "2022192": 0.59,
                    "2022206": 0.68,
                    "2022220": 0.8,
                    "2022227": 0.84,
                    "2022234": 0.89,
                    "2022241": 0.93,
                    "2022251": 0.96
                }
            },
            "_id": "64223bcc8ac5472d7b9433e2",
            "ccid": "64223bcc8ac5472d7b9433e2"
        },
        {
            "type": "Feature",
            "geometry": {
                "type": "Point",
                "coordinates": [
                    33.07946326,
                    -111.97713704
                ]
            },
            "properties": {
                "cc_label": "p08-2N",
                "CHTD": {
                    "2022152": 0.06,
                    "2022157": 0.12,
                    "2022164": 0.17,
                    "2022178": 0.38,
                    "2022186": 0.6,
                    "2022192": 0.71,
                    "2022206": 0.88,
                    "2022220": 0.95,
                    "2022227": 0.98,
                    "2022234": 1.0,
                    "2022241": 1.03,
                    "2022251": 0.95
                },
                "CWID": {
                    "2022152": 0.07,
                    "2022157": 0.13,
                    "2022164": 0.18,
                    "2022178": 0.36,
                    "2022186": 0.49,
                    "2022192": 0.61,
                    "2022206": 0.71,
                    "2022220": 0.75,
                    "2022227": 0.78,
                    "2022234": 0.86,
                    "2022241": 0.89,
                    "2022251": 0.9
                }
            },
            "_id": "64223bcc8ac5472d7b9433e3",
            "ccid": "64223bcc8ac5472d7b9433e3"
        },
        {
            "type": "Feature",
            "geometry": {
                "type": "Point",
                "coordinates": [
                    33.07937307,
                    -111.97713767
                ]
            },
            "properties": {
                "cc_label": "p08-2M",
                "CHTD": {
                    "2022152": 0.05,
                    "2022157": 0.11,
                    "2022164": 0.17,
                    "2022178": 0.48,
                    "2022186": 0.73,
                    "2022192": 0.79,
                    "2022206": 0.82,
                    "2022220": 0.87,
                    "2022227": 0.92,
                    "2022234": 0.96,
                    "2022241": 0.98,
                    "2022251": 0.99
                },
                "CWID": {
                    "2022152": 0.06,
                    "2022157": 0.12,
                    "2022164": 0.17,
                    "2022178": 0.45,
                    "2022186": 0.54,
                    "2022192": 0.65,
                    "2022206": 0.73,
                    "2022220": 0.76,
                    "2022227": 0.78,
                    "2022234": 0.84,
                    "2022241": 0.89,
                    "2022251": 0.92
                }
            },
            "_id": "64223bcc8ac5472d7b9433e4",
            "ccid": "64223bcc8ac5472d7b9433e4"
        },
        {
            "type": "Feature",
            "geometry": {
                "type": "Point",
                "coordinates": [
                    33.07928288,
                    -111.9771383
                ]
            },
            "properties": {
                "cc_label": "p08-2S",
                "CHTD": {
                    "2022152": 0.07,
                    "2022157": 0.13,
                    "2022164": 0.18,
                    "2022178": 0.45,
                    "2022186": 0.68,
                    "2022192": 0.77,
                    "2022206": 0.85,
                    "2022220": 0.9,
                    "2022227": 0.95,
                    "2022234": 1.0,
                    "2022241": 1.03,
                    "2022251": 1.03
                },
                "CWID": {
                    "2022152": 0.08,
                    "2022157": 0.16,
                    "2022164": 0.2,
                    "2022178": 0.43,
                    "2022186": 0.56,
                    "2022192": 0.69,
                    "2022206": 0.78,
                    "2022220": 0.83,
                    "2022227": 0.87,
                    "2022234": 0.94,
                    "2022241": 0.86,
                    "2022251": 0.88
                }
            },
            "_id": "64223bcc8ac5472d7b9433e5",
            "ccid": "64223bcc8ac5472d7b9433e5"
        },
        {
            "type": "Feature",
            "geometry": {
                "type": "Point",
                "coordinates": [
                    33.07910249,
                    -111.97713957
                ]
            },
            "properties": {
                "cc_label": "p08-3N",
                "CHTD": {
                    "2022152": 0.06,
                    "2022157": 0.11,
                    "2022164": 0.19,
                    "2022178": 0.41,
                    "2022186": 0.59,
                    "2022192": 0.66,
                    "2022206": 0.81,
                    "2022220": 0.93,
                    "2022227": 0.96,
                    "2022234": 1.0,
                    "2022241": 1.04,
                    "2022251": 1.06
                },
                "CWID": {
                    "2022152": 0.06,
                    "2022157": 0.13,
                    "2022164": 0.2,
                    "2022178": 0.38,
                    "2022186": 0.5,
                    "2022192": 0.65,
                    "2022206": 0.73,
                    "2022220": 0.89,
                    "2022227": 0.94,
                    "2022234": 0.99,
                    "2022241": 1.02,
                    "2022251": 1.02
                }
            },
            "_id": "64223bcc8ac5472d7b9433e6",
            "ccid": "64223bcc8ac5472d7b9433e6"
        },
        {
            "type": "Feature",
            "geometry": {
                "type": "Point",
                "coordinates": [
                    33.0790123,
                    -111.9771402
                ]
            },
            "properties": {
                "cc_label": "p08-3M",
                "CHTD": {
                    "2022152": 0.09,
                    "2022157": 0.15,
                    "2022164": 0.19,
                    "2022178": 0.44,
                    "2022186": 0.61,
                    "2022192": 0.67,
                    "2022206": 0.78,
                    "2022220": 0.88,
                    "2022227": 0.91,
                    "2022234": 0.94,
                    "2022241": 0.97,
                    "2022251": 0.99
                },
                "CWID": {
                    "2022152": 0.1,
                    "2022157": 0.17,
                    "2022164": 0.2,
                    "2022178": 0.41,
                    "2022186": 0.52,
                    "2022192": 0.65,
                    "2022206": 0.72,
                    "2022220": 0.88,
                    "2022227": 0.94,
                    "2022234": 0.98,
                    "2022241": 1.02,
                    "2022251": 1.02
                }
            },
            "_id": "64223bcc8ac5472d7b9433e7",
            "ccid": "64223bcc8ac5472d7b9433e7"
        },
        {
            "type": "Feature",
            "geometry": {
                "type": "Point",
                "coordinates": [
                    33.07892211,
                    -111.97714083
                ]
            },
            "properties": {
                "cc_label": "p08-3S",
                "CHTD": {
                    "2022152": 0.07,
                    "2022157": 0.12,
                    "2022164": 0.19,
                    "2022178": 0.39,
                    "2022186": 0.59,
                    "2022192": 0.65,
                    "2022206": 0.81,
                    "2022220": 0.93,
                    "2022227": 0.97,
                    "2022234": 1.01,
                    "2022241": 1.04,
                    "2022251": 1.05
                },
                "CWID": {
                    "2022152": 0.07,
                    "2022157": 0.13,
                    "2022164": 0.19,
                    "2022178": 0.37,
                    "2022186": 0.5,
                    "2022192": 0.64,
                    "2022206": 0.72,
                    "2022220": 0.88,
                    "2022227": 0.93,
                    "2022234": 0.97,
                    "2022241": 0.99,
                    "2022251": 1.02
                }
            },
            "_id": "64223bcc8ac5472d7b9433e8",
            "ccid": "64223bcc8ac5472d7b9433e8"
        },
        {
            "type": "Feature",
            "geometry": {
                "type": "Point",
                "coordinates": [
                    33.07874173,
                    -111.97714209
                ]
            },
            "properties": {
                "cc_label": "p08-4N",
                "CHTD": {
                    "2022152": 0.06,
                    "2022157": 0.11,
                    "2022164": 0.16,
                    "2022178": 0.37,
                    "2022186": 0.59,
                    "2022192": 0.64,
                    "2022206": 0.77,
                    "2022220": 0.88,
                    "2022227": 0.9,
                    "2022234": 0.92,
                    "2022241": 0.93,
                    "2022251": 0.93
                },
                "CWID": {
                    "2022152": 0.06,
                    "2022157": 0.13,
                    "2022164": 0.17,
                    "2022178": 0.38,
                    "2022186": 0.52,
                    "2022192": 0.66,
                    "2022206": 0.76,
                    "2022220": 0.8,
                    "2022227": 0.85,
                    "2022234": 0.91,
                    "2022241": 0.93,
                    "2022251": 0.94
                }
            },
            "_id": "64223bcc8ac5472d7b9433e9",
            "ccid": "64223bcc8ac5472d7b9433e9"
        },
        {
            "type": "Feature",
            "geometry": {
                "type": "Point",
                "coordinates": [
                    33.07865153,
                    -111.97714272
                ]
            },
            "properties": {
                "cc_label": "p08-4M",
                "CHTD": {
                    "2022152": 0.06,
                    "2022157": 0.11,
                    "2022164": 0.13,
                    "2022178": 0.29,
                    "2022186": 0.53,
                    "2022192": 0.56,
                    "2022206": 0.66,
                    "2022220": 0.73,
                    "2022227": 0.76,
                    "2022234": 0.78,
                    "2022241": 0.79,
                    "2022251": 0.79
                },
                "CWID": {
                    "2022152": 0.07,
                    "2022157": 0.13,
                    "2022164": 0.13,
                    "2022178": 0.28,
                    "2022186": 0.39,
                    "2022192": 0.5,
                    "2022206": 0.57,
                    "2022220": 0.63,
                    "2022227": 0.7,
                    "2022234": 0.75,
                    "2022241": 0.79,
                    "2022251": 0.81
                }
            },
            "_id": "64223bcc8ac5472d7b9433ea",
            "ccid": "64223bcc8ac5472d7b9433ea"
        },
        {
            "type": "Feature",
            "geometry": {
                "type": "Point",
                "coordinates": [
                    33.07856134,
                    -111.97714335
                ]
            },
            "properties": {
                "cc_label": "p08-4S",
                "CHTD": {
                    "2022152": 0.08,
                    "2022157": 0.13,
                    "2022164": 0.15,
                    "2022178": 0.4,
                    "2022186": 0.6,
                    "2022192": 0.65,
                    "2022206": 0.79,
                    "2022220": 0.89,
                    "2022227": 0.91,
                    "2022234": 0.93,
                    "2022241": 0.95,
                    "2022251": 0.97
                },
                "CWID": {
                    "2022152": 0.08,
                    "2022157": 0.14,
                    "2022164": 0.17,
                    "2022178": 0.37,
                    "2022186": 0.53,
                    "2022192": 0.69,
                    "2022206": 0.8,
                    "2022220": 0.85,
                    "2022227": 0.89,
                    "2022234": 0.93,
                    "2022241": 0.96,
                    "2022251": 0.96
                }
            },
            "_id": "64223bcc8ac5472d7b9433eb",
            "ccid": "64223bcc8ac5472d7b9433eb"
        },
        {
            "type": "Feature",
            "geometry": {
                "type": "Point",
                "coordinates": [
                    33.07982327,
                    -111.97698298
                ]
            },
            "properties": {
                "cc_label": "p09-1N",
                "CHTD": {
                    "2022152": 0.04,
                    "2022157": 0.1,
                    "2022164": 0.14,
                    "2022178": 0.35,
                    "2022186": 0.63,
                    "2022192": 0.64,
                    "2022206": 0.74,
                    "2022220": 0.82,
                    "2022227": 0.86,
                    "2022234": 0.87,
                    "2022241": 0.89,
                    "2022251": 0.9
                },
                "CWID": {
                    "2022152": 0.05,
                    "2022157": 0.12,
                    "2022164": 0.16,
                    "2022178": 0.3,
                    "2022186": 0.39,
                    "2022192": 0.48,
                    "2022206": 0.54,
                    "2022220": 0.62,
                    "2022227": 0.68,
                    "2022234": 0.7,
                    "2022241": 0.73,
                    "2022251": 0.75
                }
            },
            "_id": "64223bcc8ac5472d7b9433ec",
            "ccid": "64223bcc8ac5472d7b9433ec"
        },
        {
            "type": "Feature",
            "geometry": {
                "type": "Point",
                "coordinates": [
                    33.07973308,
                    -111.97698361
                ]
            },
            "properties": {
                "cc_label": "p09-1M",
                "CHTD": {
                    "2022152": 0.05,
                    "2022157": 0.11,
                    "2022164": 0.2,
                    "2022178": 0.46,
                    "2022186": 0.58,
                    "2022192": 0.65,
                    "2022206": 0.76,
                    "2022220": 0.83,
                    "2022227": 0.87,
                    "2022234": 0.89,
                    "2022241": 0.91,
                    "2022251": 0.91
                },
                "CWID": {
                    "2022152": 0.05,
                    "2022157": 0.12,
                    "2022164": 0.21,
                    "2022178": 0.42,
                    "2022186": 0.51,
                    "2022192": 0.62,
                    "2022206": 0.68,
                    "2022220": 0.74,
                    "2022227": 0.79,
                    "2022234": 0.82,
                    "2022241": 0.84,
                    "2022251": 0.84
                }
            },
            "_id": "64223bcc8ac5472d7b9433ed",
            "ccid": "64223bcc8ac5472d7b9433ed"
        },
        {
            "type": "Feature",
            "geometry": {
                "type": "Point",
                "coordinates": [
                    33.07964289,
                    -111.97698424
                ]
            },
            "properties": {
                "cc_label": "p09-1S",
                "CHTD": {
                    "2022152": 0.03,
                    "2022157": 0.08,
                    "2022164": 0.13,
                    "2022178": 0.34,
                    "2022186": 0.57,
                    "2022192": 0.67,
                    "2022206": 0.8,
                    "2022220": 0.86,
                    "2022227": 0.9,
                    "2022234": 0.94,
                    "2022241": 0.95,
                    "2022251": 0.85
                },
                "CWID": {
                    "2022152": 0.03,
                    "2022157": 0.11,
                    "2022164": 0.15,
                    "2022178": 0.34,
                    "2022186": 0.49,
                    "2022192": 0.66,
                    "2022206": 0.75,
                    "2022220": 0.8,
                    "2022227": 0.85,
                    "2022234": 0.89,
                    "2022241": 0.9,
                    "2022251": 0.9
                }
            },
            "_id": "64223bcc8ac5472d7b9433ee",
            "ccid": "64223bcc8ac5472d7b9433ee"
        },
        {
            "type": "Feature",
            "geometry": {
                "type": "Point",
                "coordinates": [
                    33.0794625,
                    -111.9769855
                ]
            },
            "properties": {
                "cc_label": "p09-2N",
                "CHTD": {
                    "2022152": 0.04,
                    "2022157": 0.1,
                    "2022164": 0.16,
                    "2022178": 0.29,
                    "2022186": 0.47,
                    "2022192": 0.6,
                    "2022206": 0.8,
                    "2022220": 0.89,
                    "2022227": 0.93,
                    "2022234": 0.95,
                    "2022241": 0.96,
                    "2022251": 0.96
                },
                "CWID": {
                    "2022152": 0.04,
                    "2022157": 0.11,
                    "2022164": 0.16,
                    "2022178": 0.28,
                    "2022186": 0.44,
                    "2022192": 0.61,
                    "2022206": 0.71,
                    "2022220": 0.84,
                    "2022227": 0.88,
                    "2022234": 0.9,
                    "2022241": 0.92,
                    "2022251": 0.91
                }
            },
            "_id": "64223bcc8ac5472d7b9433ef",
            "ccid": "64223bcc8ac5472d7b9433ef"
        },
        {
            "type": "Feature",
            "geometry": {
                "type": "Point",
                "coordinates": [
                    33.07937231,
                    -111.97698613
                ]
            },
            "properties": {
                "cc_label": "p09-2M",
                "CHTD": {
                    "2022152": 0.06,
                    "2022157": 0.13,
                    "2022164": 0.18,
                    "2022178": 0.41,
                    "2022186": 0.59,
                    "2022192": 0.69,
                    "2022206": 0.86,
                    "2022220": 0.92,
                    "2022227": 0.97,
                    "2022234": 1.0,
                    "2022241": 1.04,
                    "2022251": 1.03
                },
                "CWID": {
                    "2022152": 0.07,
                    "2022157": 0.15,
                    "2022164": 0.19,
                    "2022178": 0.38,
                    "2022186": 0.5,
                    "2022192": 0.66,
                    "2022206": 0.77,
                    "2022220": 0.88,
                    "2022227": 0.95,
                    "2022234": 0.98,
                    "2022241": 0.84,
                    "2022251": 0.86
                }
            },
            "_id": "64223bcc8ac5472d7b9433f0",
            "ccid": "64223bcc8ac5472d7b9433f0"
        },
        {
            "type": "Feature",
            "geometry": {
                "type": "Point",
                "coordinates": [
                    33.07928212,
                    -111.97698676
                ]
            },
            "properties": {
                "cc_label": "p09-2S",
                "CHTD": {
                    "2022152": 0.04,
                    "2022157": 0.1,
                    "2022164": 0.15,
                    "2022178": 0.34,
                    "2022186": 0.48,
                    "2022192": 0.58,
                    "2022206": 0.83,
                    "2022220": 0.94,
                    "2022227": 0.99,
                    "2022234": 1.02,
                    "2022241": 1.05,
                    "2022251": 1.06
                },
                "CWID": {
                    "2022152": 0.05,
                    "2022157": 0.11,
                    "2022164": 0.17,
                    "2022178": 0.28,
                    "2022186": 0.44,
                    "2022192": 0.62,
                    "2022206": 0.74,
                    "2022220": 0.85,
                    "2022227": 0.89,
                    "2022234": 0.91,
                    "2022241": 0.93,
                    "2022251": 0.93
                }
            },
            "_id": "64223bcc8ac5472d7b9433f1",
            "ccid": "64223bcc8ac5472d7b9433f1"
        },
        {
            "type": "Feature",
            "geometry": {
                "type": "Point",
                "coordinates": [
                    33.07910174,
                    -111.97698802
                ]
            },
            "properties": {
                "cc_label": "p09-3N",
                "CHTD": {
                    "2022152": 0.08,
                    "2022157": 0.13,
                    "2022164": 0.19,
                    "2022178": 0.48,
                    "2022186": 0.62,
                    "2022192": 0.75,
                    "2022206": 0.86,
                    "2022220": 0.99,
                    "2022227": 1.01,
                    "2022234": 1.06,
                    "2022241": 1.08,
                    "2022251": 1.09
                },
                "CWID": {
                    "2022152": 0.09,
                    "2022157": 0.14,
                    "2022164": 0.22,
                    "2022178": 0.46,
                    "2022186": 0.6,
                    "2022192": 0.77,
                    "2022206": 0.88,
                    "2022220": 0.97,
                    "2022227": 1.02,
                    "2022234": 1.02,
                    "2022241": 1.02,
                    "2022251": 1.02
                }
            },
            "_id": "64223bcc8ac5472d7b9433f2",
            "ccid": "64223bcc8ac5472d7b9433f2"
        },
        {
            "type": "Feature",
            "geometry": {
                "type": "Point",
                "coordinates": [
                    33.07901155,
                    -111.97698865
                ]
            },
            "properties": {
                "cc_label": "p09-3M",
                "CHTD": {
                    "2022152": 0.07,
                    "2022157": 0.1,
                    "2022164": 0.14,
                    "2022178": 0.3,
                    "2022186": 0.47,
                    "2022192": 0.5,
                    "2022206": 0.56,
                    "2022220": 0.6,
                    "2022227": 0.65,
                    "2022234": 0.69,
                    "2022241": 0.72,
                    "2022251": 0.72
                },
                "CWID": {
                    "2022152": 0.08,
                    "2022157": 0.11,
                    "2022164": 0.16,
                    "2022178": 0.28,
                    "2022186": 0.34,
                    "2022192": 0.41,
                    "2022206": 0.45,
                    "2022220": 0.53,
                    "2022227": 0.57,
                    "2022234": 0.61,
                    "2022241": 0.65,
                    "2022251": 0.69
                }
            },
            "_id": "64223bcc8ac5472d7b9433f3",
            "ccid": "64223bcc8ac5472d7b9433f3"
        },
        {
            "type": "Feature",
            "geometry": {
                "type": "Point",
                "coordinates": [
                    33.07892135,
                    -111.97698928
                ]
            },
            "properties": {
                "cc_label": "p09-3S",
                "CHTD": {
                    "2022152": 0.06,
                    "2022157": 0.09,
                    "2022164": 0.14,
                    "2022178": 0.33,
                    "2022186": 0.48,
                    "2022192": 0.5,
                    "2022206": 0.56,
                    "2022220": 0.6,
                    "2022227": 0.64,
                    "2022234": 0.68,
                    "2022241": 0.7,
                    "2022251": 0.71
                },
                "CWID": {
                    "2022152": 0.07,
                    "2022157": 0.11,
                    "2022164": 0.15,
                    "2022178": 0.35,
                    "2022186": 0.4,
                    "2022192": 0.42,
                    "2022206": 0.49,
                    "2022220": 0.55,
                    "2022227": 0.58,
                    "2022234": 0.6,
                    "2022241": 0.63,
                    "2022251": 0.64
                }
            },
            "_id": "64223bcc8ac5472d7b9433f4",
            "ccid": "64223bcc8ac5472d7b9433f4"
        },
        {
            "type": "Feature",
            "geometry": {
                "type": "Point",
                "coordinates": [
                    33.07874097,
                    -111.97699054
                ]
            },
            "properties": {
                "cc_label": "p09-4N",
                "CHTD": {
                    "2022152": 0.06,
                    "2022157": 0.1,
                    "2022164": 0.15,
                    "2022178": 0.37,
                    "2022186": 0.64,
                    "2022192": 0.69,
                    "2022206": 0.83,
                    "2022220": 0.89,
                    "2022227": 0.91,
                    "2022234": 0.93,
                    "2022241": 0.93,
                    "2022251": 0.92
                },
                "CWID": {
                    "2022152": 0.06,
                    "2022157": 0.12,
                    "2022164": 0.16,
                    "2022178": 0.36,
                    "2022186": 0.5,
                    "2022192": 0.63,
                    "2022206": 0.74,
                    "2022220": 0.82,
                    "2022227": 0.86,
                    "2022234": 0.92,
                    "2022241": 0.95,
                    "2022251": 0.97
                }
            },
            "_id": "64223bcc8ac5472d7b9433f5",
            "ccid": "64223bcc8ac5472d7b9433f5"
        },
        {
            "type": "Feature",
            "geometry": {
                "type": "Point",
                "coordinates": [
                    33.07865078,
                    -111.97699117
                ]
            },
            "properties": {
                "cc_label": "p09-4M",
                "CHTD": {
                    "2022152": 0.06,
                    "2022157": 0.09,
                    "2022164": 0.15,
                    "2022178": 0.34,
                    "2022186": 0.54,
                    "2022192": 0.6,
                    "2022206": 0.74,
                    "2022220": 0.81,
                    "2022227": 0.83,
                    "2022234": 0.84,
                    "2022241": 0.84,
                    "2022251": 0.85
                },
                "CWID": {
                    "2022152": 0.07,
                    "2022157": 0.11,
                    "2022164": 0.15,
                    "2022178": 0.34,
                    "2022186": 0.42,
                    "2022192": 0.52,
                    "2022206": 0.59,
                    "2022220": 0.65,
                    "2022227": 0.67,
                    "2022234": 0.74,
                    "2022241": 0.78,
                    "2022251": 0.82
                }
            },
            "_id": "64223bcc8ac5472d7b9433f6",
            "ccid": "64223bcc8ac5472d7b9433f6"
        },
        {
            "type": "Feature",
            "geometry": {
                "type": "Point",
                "coordinates": [
                    33.07856059,
                    -111.9769918
                ]
            },
            "properties": {
                "cc_label": "p09-4S",
                "CHTD": {
                    "2022152": 0.08,
                    "2022157": 0.13,
                    "2022164": 0.17,
                    "2022178": 0.39,
                    "2022186": 0.54,
                    "2022192": 0.64,
                    "2022206": 0.88,
                    "2022220": 0.95,
                    "2022227": 0.98,
                    "2022234": 1.01,
                    "2022241": 1.02,
                    "2022251": 0.93
                },
                "CWID": {
                    "2022152": 0.09,
                    "2022157": 0.15,
                    "2022164": 0.19,
                    "2022178": 0.38,
                    "2022186": 0.54,
                    "2022192": 0.69,
                    "2022206": 0.81,
                    "2022220": 0.87,
                    "2022227": 0.91,
                    "2022234": 0.96,
                    "2022241": 1.02,
                    "2022251": 1.02
                }
            },
            "_id": "64223bcc8ac5472d7b9433f7",
            "ccid": "64223bcc8ac5472d7b9433f7"
        },
        {
            "type": "Feature",
            "geometry": {
                "type": "Point",
                "coordinates": [
                    33.07982252,
                    -111.97683059
                ]
            },
            "properties": {
                "cc_label": "p10-1N",
                "CHTD": {
                    "2022152": 0.16,
                    "2022157": 0.22,
                    "2022164": 0.3,
                    "2022178": 0.62,
                    "2022186": 0.78,
                    "2022192": 0.73,
                    "2022206": 0.91,
                    "2022220": 1.01,
                    "2022227": 1.06,
                    "2022234": 1.09,
                    "2022241": 1.1,
                    "2022251": 1.1
                },
                "CWID": {
                    "2022152": 0.17,
                    "2022157": 0.25,
                    "2022164": 0.3,
                    "2022178": 0.57,
                    "2022186": 0.65,
                    "2022192": 0.73,
                    "2022206": 0.79,
                    "2022220": 0.88,
                    "2022227": 0.9,
                    "2022234": 0.94,
                    "2022241": 0.97,
                    "2022251": 1.02
                }
            },
            "_id": "64223bcc8ac5472d7b9433f8",
            "ccid": "64223bcc8ac5472d7b9433f8"
        },
        {
            "type": "Feature",
            "geometry": {
                "type": "Point",
                "coordinates": [
                    33.07973232,
                    -111.97683122
                ]
            },
            "properties": {
                "cc_label": "p10-1M",
                "CHTD": {
                    "2022152": 0.15,
                    "2022157": 0.23,
                    "2022164": 0.32,
                    "2022178": 0.69,
                    "2022186": 0.92,
                    "2022192": 0.96,
                    "2022206": 1.03,
                    "2022220": 1.12,
                    "2022227": 1.15,
                    "2022234": 1.17,
                    "2022241": 1.16,
                    "2022251": 0.98
                },
                "CWID": {
                    "2022152": 0.17,
                    "2022157": 0.25,
                    "2022164": 0.3,
                    "2022178": 0.61,
                    "2022186": 0.74,
                    "2022192": 0.88,
                    "2022206": 0.97,
                    "2022220": 1.02,
                    "2022227": 1.02,
                    "2022234": 1.02,
                    "2022241": 1.02,
                    "2022251": 1.02
                }
            },
            "_id": "64223bcc8ac5472d7b9433f9",
            "ccid": "64223bcc8ac5472d7b9433f9"
        },
        {
            "type": "Feature",
            "geometry": {
                "type": "Point",
                "coordinates": [
                    33.07964213,
                    -111.97683185
                ]
            },
            "properties": {
                "cc_label": "p10-1S",
                "CHTD": {
                    "2022152": 0.11,
                    "2022157": 0.16,
                    "2022164": 0.2,
                    "2022178": 0.5,
                    "2022186": 0.7,
                    "2022192": 0.73,
                    "2022206": 0.75,
                    "2022220": 0.81,
                    "2022227": 0.83,
                    "2022234": 0.85,
                    "2022241": 0.85,
                    "2022251": 0.85
                },
                "CWID": {
                    "2022152": 0.12,
                    "2022157": 0.19,
                    "2022164": 0.18,
                    "2022178": 0.43,
                    "2022186": 0.5,
                    "2022192": 0.56,
                    "2022206": 0.61,
                    "2022220": 0.7,
                    "2022227": 0.74,
                    "2022234": 0.79,
                    "2022241": 0.81,
                    "2022251": 0.81
                }
            },
            "_id": "64223bcc8ac5472d7b9433fa",
            "ccid": "64223bcc8ac5472d7b9433fa"
        },
        {
            "type": "Feature",
            "geometry": {
                "type": "Point",
                "coordinates": [
                    33.07946175,
                    -111.97683311
                ]
            },
            "properties": {
                "cc_label": "p10-2N",
                "CHTD": {
                    "2022152": 0.15,
                    "2022157": 0.24,
                    "2022164": 0.28,
                    "2022178": 0.57,
                    "2022186": 0.77,
                    "2022192": 0.84,
                    "2022206": 0.96,
                    "2022220": 1.03,
                    "2022227": 1.07,
                    "2022234": 1.14,
                    "2022241": 1.17,
                    "2022251": 1.17
                },
                "CWID": {
                    "2022152": 0.17,
                    "2022157": 0.27,
                    "2022164": 0.29,
                    "2022178": 0.52,
                    "2022186": 0.66,
                    "2022192": 0.8,
                    "2022206": 0.9,
                    "2022220": 0.99,
                    "2022227": 1.02,
                    "2022234": 1.02,
                    "2022241": 1.02,
                    "2022251": 1.02
                }
            },
            "_id": "64223bcc8ac5472d7b9433fb",
            "ccid": "64223bcc8ac5472d7b9433fb"
        },
        {
            "type": "Feature",
            "geometry": {
                "type": "Point",
                "coordinates": [
                    33.07937156,
                    -111.97683375
                ]
            },
            "properties": {
                "cc_label": "p10-2M",
                "CHTD": {
                    "2022152": 0.14,
                    "2022157": 0.21,
                    "2022164": 0.29,
                    "2022178": 0.64,
                    "2022186": 0.86,
                    "2022192": 0.9,
                    "2022206": 1.0,
                    "2022220": 1.09,
                    "2022227": 1.14,
                    "2022234": 1.17,
                    "2022241": 1.18,
                    "2022251": 1.16
                },
                "CWID": {
                    "2022152": 0.16,
                    "2022157": 0.22,
                    "2022164": 0.3,
                    "2022178": 0.56,
                    "2022186": 0.71,
                    "2022192": 0.85,
                    "2022206": 0.96,
                    "2022220": 1.02,
                    "2022227": 1.02,
                    "2022234": 1.02,
                    "2022241": 1.02,
                    "2022251": 1.02
                }
            },
            "_id": "64223bcc8ac5472d7b9433fc",
            "ccid": "64223bcc8ac5472d7b9433fc"
        },
        {
            "type": "Feature",
            "geometry": {
                "type": "Point",
                "coordinates": [
                    33.07928137,
                    -111.97683438
                ]
            },
            "properties": {
                "cc_label": "p10-2S",
                "CHTD": {
                    "2022152": 0.13,
                    "2022157": 0.19,
                    "2022164": 0.25,
                    "2022178": 0.5,
                    "2022186": 0.7,
                    "2022192": 0.73,
                    "2022206": 0.83,
                    "2022220": 0.94,
                    "2022227": 1.0,
                    "2022234": 1.04,
                    "2022241": 1.06,
                    "2022251": 1.08
                },
                "CWID": {
                    "2022152": 0.15,
                    "2022157": 0.21,
                    "2022164": 0.24,
                    "2022178": 0.44,
                    "2022186": 0.53,
                    "2022192": 0.62,
                    "2022206": 0.69,
                    "2022220": 0.79,
                    "2022227": 0.83,
                    "2022234": 0.86,
                    "2022241": 0.86,
                    "2022251": 0.85
                }
            },
            "_id": "64223bcc8ac5472d7b9433fd",
            "ccid": "64223bcc8ac5472d7b9433fd"
        },
        {
            "type": "Feature",
            "geometry": {
                "type": "Point",
                "coordinates": [
                    33.07910098,
                    -111.97683564
                ]
            },
            "properties": {
                "cc_label": "p10-3N",
                "CHTD": {
                    "2022152": 0.12,
                    "2022157": 0.18,
                    "2022164": 0.24,
                    "2022178": 0.61,
                    "2022186": 0.84,
                    "2022192": 0.9,
                    "2022206": 1.0,
                    "2022220": 1.04,
                    "2022227": 1.08,
                    "2022234": 1.1,
                    "2022241": 1.11,
                    "2022251": 1.08
                },
                "CWID": {
                    "2022152": 0.12,
                    "2022157": 0.21,
                    "2022164": 0.25,
                    "2022178": 0.53,
                    "2022186": 0.62,
                    "2022192": 0.86,
                    "2022206": 1.02,
                    "2022220": 1.02,
                    "2022227": 1.02,
                    "2022234": 1.02,
                    "2022241": 1.02,
                    "2022251": 1.02
                }
            },
            "_id": "64223bcc8ac5472d7b9433fe",
            "ccid": "64223bcc8ac5472d7b9433fe"
        },
        {
            "type": "Feature",
            "geometry": {
                "type": "Point",
                "coordinates": [
                    33.07901079,
                    -111.97683627
                ]
            },
            "properties": {
                "cc_label": "p10-3M",
                "CHTD": {
                    "2022152": 0.11,
                    "2022157": 0.18,
                    "2022164": 0.26,
                    "2022178": 0.61,
                    "2022186": 0.81,
                    "2022192": 0.84,
                    "2022206": 0.87,
                    "2022220": 0.95,
                    "2022227": 0.99,
                    "2022234": 1.03,
                    "2022241": 1.05,
                    "2022251": 1.05
                },
                "CWID": {
                    "2022152": 0.12,
                    "2022157": 0.2,
                    "2022164": 0.25,
                    "2022178": 0.57,
                    "2022186": 0.68,
                    "2022192": 0.82,
                    "2022206": 0.91,
                    "2022220": 0.95,
                    "2022227": 1.02,
                    "2022234": 1.02,
                    "2022241": 1.02,
                    "2022251": 1.02
                }
            },
            "_id": "64223bcc8ac5472d7b9433ff",
            "ccid": "64223bcc8ac5472d7b9433ff"
        },
        {
            "type": "Feature",
            "geometry": {
                "type": "Point",
                "coordinates": [
                    33.0789206,
                    -111.9768369
                ]
            },
            "properties": {
                "cc_label": "p10-3S",
                "CHTD": {
                    "2022152": 0.11,
                    "2022157": 0.17,
                    "2022164": 0.27,
                    "2022178": 0.54,
                    "2022186": 0.67,
                    "2022192": 0.68,
                    "2022206": 0.71,
                    "2022220": 0.79,
                    "2022227": 0.83,
                    "2022234": 0.86,
                    "2022241": 0.88,
                    "2022251": 0.89
                },
                "CWID": {
                    "2022152": 0.13,
                    "2022157": 0.21,
                    "2022164": 0.26,
                    "2022178": 0.48,
                    "2022186": 0.59,
                    "2022192": 0.69,
                    "2022206": 0.78,
                    "2022220": 0.81,
                    "2022227": 0.83,
                    "2022234": 0.9,
                    "2022241": 0.96,
                    "2022251": 1.02
                }
            },
            "_id": "64223bcc8ac5472d7b943400",
            "ccid": "64223bcc8ac5472d7b943400"
        },
        {
            "type": "Feature",
            "geometry": {
                "type": "Point",
                "coordinates": [
                    33.07874021,
                    -111.97683816
                ]
            },
            "properties": {
                "cc_label": "p10-4N",
                "CHTD": {
                    "2022152": 0.1,
                    "2022157": 0.14,
                    "2022164": 0.2,
                    "2022178": 0.53,
                    "2022186": 0.79,
                    "2022192": 0.84,
                    "2022206": 0.98,
                    "2022220": 1.04,
                    "2022227": 1.09,
                    "2022234": 1.14,
                    "2022241": 1.16,
                    "2022251": 1.01
                },
                "CWID": {
                    "2022152": 0.11,
                    "2022157": 0.15,
                    "2022164": 0.22,
                    "2022178": 0.48,
                    "2022186": 0.6,
                    "2022192": 0.73,
                    "2022206": 0.82,
                    "2022220": 0.89,
                    "2022227": 0.93,
                    "2022234": 0.97,
                    "2022241": 1.02,
                    "2022251": 1.02
                }
            },
            "_id": "64223bcc8ac5472d7b943401",
            "ccid": "64223bcc8ac5472d7b943401"
        },
        {
            "type": "Feature",
            "geometry": {
                "type": "Point",
                "coordinates": [
                    33.07865002,
                    -111.97683879
                ]
            },
            "properties": {
                "cc_label": "p10-4M",
                "CHTD": {
                    "2022152": 0.1,
                    "2022157": 0.13,
                    "2022164": 0.21,
                    "2022178": 0.4,
                    "2022186": 0.64,
                    "2022192": 0.67,
                    "2022206": 0.7,
                    "2022220": 0.82,
                    "2022227": 0.86,
                    "2022234": 0.88,
                    "2022241": 0.88,
                    "2022251": 0.89
                },
                "CWID": {
                    "2022152": 0.11,
                    "2022157": 0.16,
                    "2022164": 0.22,
                    "2022178": 0.37,
                    "2022186": 0.15,
                    "2022192": 0.41,
                    "2022206": 0.58,
                    "2022220": 0.69,
                    "2022227": 0.74,
                    "2022234": 0.77,
                    "2022241": 0.79,
                    "2022251": 0.81
                }
            },
            "_id": "64223bcc8ac5472d7b943402",
            "ccid": "64223bcc8ac5472d7b943402"
        },
        {
            "type": "Feature",
            "geometry": {
                "type": "Point",
                "coordinates": [
                    33.07855983,
                    -111.97683942
                ]
            },
            "properties": {
                "cc_label": "p10-4S",
                "CHTD": {
                    "2022152": 0.11,
                    "2022157": 0.16,
                    "2022164": 0.21,
                    "2022178": 0.49,
                    "2022186": 0.65,
                    "2022192": 0.68,
                    "2022206": 0.72,
                    "2022220": 0.83,
                    "2022227": 0.87,
                    "2022234": 0.88,
                    "2022241": 0.89,
                    "2022251": 0.9
                },
                "CWID": {
                    "2022152": 0.13,
                    "2022157": 0.17,
                    "2022164": 0.23,
                    "2022178": 0.44,
                    "2022186": 0.49,
                    "2022192": 0.55,
                    "2022206": 0.59,
                    "2022220": 0.69,
                    "2022227": 0.76,
                    "2022234": 0.8,
                    "2022241": 0.82,
                    "2022251": 0.83
                }
            },
            "_id": "64223bcc8ac5472d7b943403",
            "ccid": "64223bcc8ac5472d7b943403"
        },
        {
            "type": "Feature",
            "geometry": {
                "type": "Point",
                "coordinates": [
                    33.07982176,
                    -111.97667821
                ]
            },
            "properties": {
                "cc_label": "p11-1N",
                "CHTD": {
                    "2022152": 0.15,
                    "2022157": 0.23,
                    "2022164": 0.33,
                    "2022178": 0.59,
                    "2022186": 0.79,
                    "2022192": 0.8,
                    "2022206": 0.83,
                    "2022220": 1.01,
                    "2022227": 1.04,
                    "2022234": 1.06,
                    "2022241": 1.07,
                    "2022251": 1.05
                },
                "CWID": {
                    "2022152": 0.17,
                    "2022157": 0.25,
                    "2022164": 0.31,
                    "2022178": 0.58,
                    "2022186": 0.68,
                    "2022192": 0.75,
                    "2022206": 0.82,
                    "2022220": 0.88,
                    "2022227": 0.93,
                    "2022234": 0.94,
                    "2022241": 0.95,
                    "2022251": 0.96
                }
            },
            "_id": "64223bcc8ac5472d7b943404",
            "ccid": "64223bcc8ac5472d7b943404"
        },
        {
            "type": "Feature",
            "geometry": {
                "type": "Point",
                "coordinates": [
                    33.07973157,
                    -111.97667884
                ]
            },
            "properties": {
                "cc_label": "p11-1M",
                "CHTD": {
                    "2022152": 0.15,
                    "2022157": 0.23,
                    "2022164": 0.34,
                    "2022178": 0.67,
                    "2022186": 0.85,
                    "2022192": 0.87,
                    "2022206": 0.9,
                    "2022220": 0.97,
                    "2022227": 1.01,
                    "2022234": 1.03,
                    "2022241": 1.03,
                    "2022251": 1.03
                },
                "CWID": {
                    "2022152": 0.16,
                    "2022157": 0.24,
                    "2022164": 0.33,
                    "2022178": 0.58,
                    "2022186": 0.67,
                    "2022192": 0.75,
                    "2022206": 0.82,
                    "2022220": 0.88,
                    "2022227": 0.93,
                    "2022234": 0.96,
                    "2022241": 0.98,
                    "2022251": 1.02
                }
            },
            "_id": "64223bcc8ac5472d7b943405",
            "ccid": "64223bcc8ac5472d7b943405"
        },
        {
            "type": "Feature",
            "geometry": {
                "type": "Point",
                "coordinates": [
                    33.07964138,
                    -111.97667947
                ]
            },
            "properties": {
                "cc_label": "p11-1S",
                "CHTD": {
                    "2022152": 0.14,
                    "2022157": 0.24,
                    "2022164": 0.3,
                    "2022178": 0.62,
                    "2022186": 0.77,
                    "2022192": 0.79,
                    "2022206": 0.79,
                    "2022220": 0.87,
                    "2022227": 0.92,
                    "2022234": 0.96,
                    "2022241": 0.98,
                    "2022251": 0.99
                },
                "CWID": {
                    "2022152": 0.15,
                    "2022157": 0.24,
                    "2022164": 0.29,
                    "2022178": 0.57,
                    "2022186": 0.64,
                    "2022192": 0.71,
                    "2022206": 0.75,
                    "2022220": 0.83,
                    "2022227": 0.89,
                    "2022234": 0.91,
                    "2022241": 0.93,
                    "2022251": 0.93
                }
            },
            "_id": "64223bcc8ac5472d7b943406",
            "ccid": "64223bcc8ac5472d7b943406"
        },
        {
            "type": "Feature",
            "geometry": {
                "type": "Point",
                "coordinates": [
                    33.07946099,
                    -111.97668073
                ]
            },
            "properties": {
                "cc_label": "p11-2N",
                "CHTD": {
                    "2022152": 0.11,
                    "2022157": 0.18,
                    "2022164": 0.31,
                    "2022178": 0.62,
                    "2022186": 0.82,
                    "2022192": 0.88,
                    "2022206": 0.95,
                    "2022220": 0.97,
                    "2022227": 1.0,
                    "2022234": 1.02,
                    "2022241": 1.05,
                    "2022251": 1.07
                },
                "CWID": {
                    "2022152": 0.13,
                    "2022157": 0.21,
                    "2022164": 0.3,
                    "2022178": 0.57,
                    "2022186": 0.69,
                    "2022192": 0.82,
                    "2022206": 0.9,
                    "2022220": 0.99,
                    "2022227": 1.02,
                    "2022234": 1.02,
                    "2022241": 1.02,
                    "2022251": 1.02
                }
            },
            "_id": "64223bcc8ac5472d7b943407",
            "ccid": "64223bcc8ac5472d7b943407"
        },
        {
            "type": "Feature",
            "geometry": {
                "type": "Point",
                "coordinates": [
                    33.0793708,
                    -111.97668136
                ]
            },
            "properties": {
                "cc_label": "p11-2M",
                "CHTD": {
                    "2022152": 0.12,
                    "2022157": 0.19,
                    "2022164": 0.28,
                    "2022178": 0.64,
                    "2022186": 0.83,
                    "2022192": 0.91,
                    "2022206": 1.05,
                    "2022220": 1.09,
                    "2022227": 1.13,
                    "2022234": 1.15,
                    "2022241": 1.16,
                    "2022251": 1.08
                },
                "CWID": {
                    "2022152": 0.13,
                    "2022157": 0.22,
                    "2022164": 0.27,
                    "2022178": 0.59,
                    "2022186": 0.74,
                    "2022192": 0.88,
                    "2022206": 1.02,
                    "2022220": 1.02,
                    "2022227": 1.02,
                    "2022234": 1.02,
                    "2022241": 1.02,
                    "2022251": 1.02
                }
            },
            "_id": "64223bcc8ac5472d7b943408",
            "ccid": "64223bcc8ac5472d7b943408"
        },
        {
            "type": "Feature",
            "geometry": {
                "type": "Point",
                "coordinates": [
                    33.07928061,
                    -111.97668199
                ]
            },
            "properties": {
                "cc_label": "p11-2S",
                "CHTD": {
                    "2022152": 0.15,
                    "2022157": 0.23,
                    "2022164": 0.34,
                    "2022178": 0.73,
                    "2022186": 0.9,
                    "2022192": 0.95,
                    "2022206": 1.03,
                    "2022220": 1.06,
                    "2022227": 1.09,
                    "2022234": 1.11,
                    "2022241": 1.11,
                    "2022251": 1.09
                },
                "CWID": {
                    "2022152": 0.16,
                    "2022157": 0.24,
                    "2022164": 0.32,
                    "2022178": 0.65,
                    "2022186": 0.8,
                    "2022192": 0.93,
                    "2022206": 1.02,
                    "2022220": 1.02,
                    "2022227": 1.02,
                    "2022234": 1.02,
                    "2022241": 1.02,
                    "2022251": 1.02
                }
            },
            "_id": "64223bcc8ac5472d7b943409",
            "ccid": "64223bcc8ac5472d7b943409"
        },
        {
            "type": "Feature",
            "geometry": {
                "type": "Point",
                "coordinates": [
                    33.07910023,
                    -111.97668325
                ]
            },
            "properties": {
                "cc_label": "p11-3N",
                "CHTD": {
                    "2022152": 0.14,
                    "2022157": 0.2,
                    "2022164": 0.28,
                    "2022178": 0.64,
                    "2022186": 0.85,
                    "2022192": 0.91,
                    "2022206": 0.98,
                    "2022220": 1.01,
                    "2022227": 1.05,
                    "2022234": 1.09,
                    "2022241": 1.12,
                    "2022251": 1.12
                },
                "CWID": {
                    "2022152": 0.15,
                    "2022157": 0.23,
                    "2022164": 0.27,
                    "2022178": 0.62,
                    "2022186": 0.72,
                    "2022192": 0.83,
                    "2022206": 0.9,
                    "2022220": 1.0,
                    "2022227": 1.02,
                    "2022234": 1.02,
                    "2022241": 1.02,
                    "2022251": 1.02
                }
            },
            "_id": "64223bcc8ac5472d7b94340a",
            "ccid": "64223bcc8ac5472d7b94340a"
        },
        {
            "type": "Feature",
            "geometry": {
                "type": "Point",
                "coordinates": [
                    33.07901003,
                    -111.97668388
                ]
            },
            "properties": {
                "cc_label": "p11-3M",
                "CHTD": {
                    "2022152": 0.13,
                    "2022157": 0.2,
                    "2022164": 0.29,
                    "2022178": 0.65,
                    "2022186": 0.76,
                    "2022192": 0.86,
                    "2022206": 0.98,
                    "2022220": 1.05,
                    "2022227": 1.1,
                    "2022234": 1.15,
                    "2022241": 1.18,
                    "2022251": 1.11
                },
                "CWID": {
                    "2022152": 0.14,
                    "2022157": 0.21,
                    "2022164": 0.27,
                    "2022178": 0.58,
                    "2022186": 0.68,
                    "2022192": 0.78,
                    "2022206": 0.87,
                    "2022220": 0.9,
                    "2022227": 0.96,
                    "2022234": 1.02,
                    "2022241": 1.02,
                    "2022251": 1.02
                }
            },
            "_id": "64223bcc8ac5472d7b94340b",
            "ccid": "64223bcc8ac5472d7b94340b"
        },
        {
            "type": "Feature",
            "geometry": {
                "type": "Point",
                "coordinates": [
                    33.07891984,
                    -111.97668452
                ]
            },
            "properties": {
                "cc_label": "p11-3S",
                "CHTD": {
                    "2022152": 0.13,
                    "2022157": 0.2,
                    "2022164": 0.26,
                    "2022178": 0.53,
                    "2022186": 0.63,
                    "2022192": 0.69,
                    "2022206": 0.78,
                    "2022220": 0.85,
                    "2022227": 0.91,
                    "2022234": 0.94,
                    "2022241": 0.97,
                    "2022251": 0.99
                },
                "CWID": {
                    "2022152": 0.14,
                    "2022157": 0.2,
                    "2022164": 0.23,
                    "2022178": 0.48,
                    "2022186": 0.55,
                    "2022192": 0.65,
                    "2022206": 0.71,
                    "2022220": 0.77,
                    "2022227": 0.83,
                    "2022234": 0.86,
                    "2022241": 0.88,
                    "2022251": 0.89
                }
            },
            "_id": "64223bcc8ac5472d7b94340c",
            "ccid": "64223bcc8ac5472d7b94340c"
        },
        {
            "type": "Feature",
            "geometry": {
                "type": "Point",
                "coordinates": [
                    33.07873946,
                    -111.97668578
                ]
            },
            "properties": {
                "cc_label": "p11-4N",
                "CHTD": {
                    "2022152": 0.13,
                    "2022157": 0.21,
                    "2022164": 0.24,
                    "2022178": 0.59,
                    "2022186": 0.71,
                    "2022192": 0.75,
                    "2022206": 0.79,
                    "2022220": 0.88,
                    "2022227": 0.91,
                    "2022234": 0.93,
                    "2022241": 0.93,
                    "2022251": 0.91
                },
                "CWID": {
                    "2022152": 0.13,
                    "2022157": 0.22,
                    "2022164": 0.23,
                    "2022178": 0.52,
                    "2022186": 0.57,
                    "2022192": 0.63,
                    "2022206": 0.67,
                    "2022220": 0.78,
                    "2022227": 0.83,
                    "2022234": 0.86,
                    "2022241": 0.9,
                    "2022251": 0.92
                }
            },
            "_id": "64223bcc8ac5472d7b94340d",
            "ccid": "64223bcc8ac5472d7b94340d"
        },
        {
            "type": "Feature",
            "geometry": {
                "type": "Point",
                "coordinates": [
                    33.07864927,
                    -111.97668641
                ]
            },
            "properties": {
                "cc_label": "p11-4M",
                "CHTD": {
                    "2022152": 0.11,
                    "2022157": 0.19,
                    "2022164": 0.24,
                    "2022178": 0.54,
                    "2022186": 0.68,
                    "2022192": 0.71,
                    "2022206": 0.74,
                    "2022220": 0.81,
                    "2022227": 0.85,
                    "2022234": 0.87,
                    "2022241": 0.88,
                    "2022251": 0.88
                },
                "CWID": {
                    "2022152": 0.12,
                    "2022157": 0.2,
                    "2022164": 0.23,
                    "2022178": 0.48,
                    "2022186": 0.62,
                    "2022192": 0.75,
                    "2022206": 0.83,
                    "2022220": 0.89,
                    "2022227": 0.93,
                    "2022234": 0.95,
                    "2022241": 0.99,
                    "2022251": 1.02
                }
            },
            "_id": "64223bcc8ac5472d7b94340e",
            "ccid": "64223bcc8ac5472d7b94340e"
        },
        {
            "type": "Feature",
            "geometry": {
                "type": "Point",
                "coordinates": [
                    33.07855907,
                    -111.97668704
                ]
            },
            "properties": {
                "cc_label": "p11-4S",
                "CHTD": {
                    "2022152": 0.09,
                    "2022157": 0.18,
                    "2022164": 0.22,
                    "2022178": 0.45,
                    "2022186": 0.55,
                    "2022192": 0.57,
                    "2022206": 0.59,
                    "2022220": 0.64,
                    "2022227": 0.67,
                    "2022234": 0.7,
                    "2022241": 0.71,
                    "2022251": 0.72
                },
                "CWID": {
                    "2022152": 0.1,
                    "2022157": 0.19,
                    "2022164": 0.21,
                    "2022178": 0.41,
                    "2022186": 0.43,
                    "2022192": 0.44,
                    "2022206": 0.45,
                    "2022220": 0.5,
                    "2022227": 0.54,
                    "2022234": 0.57,
                    "2022241": 0.6,
                    "2022251": 0.62
                }
            },
            "_id": "64223bcc8ac5472d7b94340f",
            "ccid": "64223bcc8ac5472d7b94340f"
        },
        {
            "type": "Feature",
            "geometry": {
                "type": "Point",
                "coordinates": [
                    33.079821,
                    -111.97652582
                ]
            },
            "properties": {
                "cc_label": "p12-1N",
                "CHTD": {
                    "2022152": 0.05,
                    "2022157": 0.12,
                    "2022164": 0.2,
                    "2022178": 0.46,
                    "2022186": 0.7,
                    "2022192": 0.78,
                    "2022206": 0.92,
                    "2022220": 0.98,
                    "2022227": 1.01,
                    "2022234": 1.04,
                    "2022241": 1.05,
                    "2022251": 1.0
                },
                "CWID": {
                    "2022152": 0.06,
                    "2022157": 0.14,
                    "2022164": 0.21,
                    "2022178": 0.44,
                    "2022186": 0.59,
                    "2022192": 0.76,
                    "2022206": 0.87,
                    "2022220": 0.91,
                    "2022227": 0.94,
                    "2022234": 0.99,
                    "2022241": 1.02,
                    "2022251": 1.02
                }
            },
            "_id": "64223bcc8ac5472d7b943410",
            "ccid": "64223bcc8ac5472d7b943410"
        },
        {
            "type": "Feature",
            "geometry": {
                "type": "Point",
                "coordinates": [
                    33.07973081,
                    -111.97652645
                ]
            },
            "properties": {
                "cc_label": "p12-1M",
                "CHTD": {
                    "2022152": 0.08,
                    "2022157": 0.13,
                    "2022164": 0.18,
                    "2022178": 0.44,
                    "2022186": 0.65,
                    "2022192": 0.69,
                    "2022206": 0.77,
                    "2022220": 0.83,
                    "2022227": 0.85,
                    "2022234": 0.86,
                    "2022241": 0.86,
                    "2022251": 0.87
                },
                "CWID": {
                    "2022152": 0.09,
                    "2022157": 0.15,
                    "2022164": 0.18,
                    "2022178": 0.4,
                    "2022186": 0.49,
                    "2022192": 0.61,
                    "2022206": 0.68,
                    "2022220": 0.7,
                    "2022227": 0.73,
                    "2022234": 0.79,
                    "2022241": 0.83,
                    "2022251": 0.86
                }
            },
            "_id": "64223bcc8ac5472d7b943411",
            "ccid": "64223bcc8ac5472d7b943411"
        },
        {
            "type": "Feature",
            "geometry": {
                "type": "Point",
                "coordinates": [
                    33.07964062,
                    -111.97652708
                ]
            },
            "properties": {
                "cc_label": "p12-1S",
                "CHTD": {
                    "2022152": 0.06,
                    "2022157": 0.12,
                    "2022164": 0.17,
                    "2022178": 0.47,
                    "2022186": 0.6,
                    "2022192": 0.62,
                    "2022206": 0.68,
                    "2022220": 0.76,
                    "2022227": 0.8,
                    "2022234": 0.82,
                    "2022241": 0.85,
                    "2022251": 0.86
                },
                "CWID": {
                    "2022152": 0.07,
                    "2022157": 0.15,
                    "2022164": 0.19,
                    "2022178": 0.43,
                    "2022186": 0.5,
                    "2022192": 0.6,
                    "2022206": 0.66,
                    "2022220": 0.68,
                    "2022227": 0.72,
                    "2022234": 0.76,
                    "2022241": 0.81,
                    "2022251": 0.84
                }
            },
            "_id": "64223bcc8ac5472d7b943412",
            "ccid": "64223bcc8ac5472d7b943412"
        },
        {
            "type": "Feature",
            "geometry": {
                "type": "Point",
                "coordinates": [
                    33.07946024,
                    -111.97652835
                ]
            },
            "properties": {
                "cc_label": "p12-2N",
                "CHTD": {
                    "2022152": 0.05,
                    "2022157": 0.1,
                    "2022164": 0.18,
                    "2022178": 0.45,
                    "2022186": 0.68,
                    "2022192": 0.76,
                    "2022206": 0.91,
                    "2022220": 1.02,
                    "2022227": 1.06,
                    "2022234": 1.08,
                    "2022241": 1.09,
                    "2022251": 1.05
                },
                "CWID": {
                    "2022152": 0.05,
                    "2022157": 0.12,
                    "2022164": 0.2,
                    "2022178": 0.42,
                    "2022186": 0.57,
                    "2022192": 0.72,
                    "2022206": 0.81,
                    "2022220": 0.88,
                    "2022227": 0.92,
                    "2022234": 0.95,
                    "2022241": 0.97,
                    "2022251": 1.02
                }
            },
            "_id": "64223bcc8ac5472d7b943413",
            "ccid": "64223bcc8ac5472d7b943413"
        },
        {
            "type": "Feature",
            "geometry": {
                "type": "Point",
                "coordinates": [
                    33.07937005,
                    -111.97652898
                ]
            },
            "properties": {
                "cc_label": "p12-2M",
                "CHTD": {
                    "2022152": 0.05,
                    "2022157": 0.1,
                    "2022164": 0.19,
                    "2022178": 0.46,
                    "2022186": 0.73,
                    "2022192": 0.81,
                    "2022206": 0.9,
                    "2022220": 1.0,
                    "2022227": 1.03,
                    "2022234": 1.05,
                    "2022241": 1.07,
                    "2022251": 1.07
                },
                "CWID": {
                    "2022152": 0.06,
                    "2022157": 0.13,
                    "2022164": 0.21,
                    "2022178": 0.43,
                    "2022186": 0.6,
                    "2022192": 0.78,
                    "2022206": 0.92,
                    "2022220": 0.98,
                    "2022227": 1.02,
                    "2022234": 1.02,
                    "2022241": 1.02,
                    "2022251": 1.02
                }
            },
            "_id": "64223bcc8ac5472d7b943414",
            "ccid": "64223bcc8ac5472d7b943414"
        },
        {
            "type": "Feature",
            "geometry": {
                "type": "Point",
                "coordinates": [
                    33.07927985,
                    -111.97652961
                ]
            },
            "properties": {
                "cc_label": "p12-2S",
                "CHTD": {
                    "2022152": 0.06,
                    "2022157": 0.11,
                    "2022164": 0.2,
                    "2022178": 0.44,
                    "2022186": 0.58,
                    "2022192": 0.61,
                    "2022206": 0.63,
                    "2022220": 0.72,
                    "2022227": 0.77,
                    "2022234": 0.81,
                    "2022241": 0.83,
                    "2022251": 0.84
                },
                "CWID": {
                    "2022152": 0.07,
                    "2022157": 0.13,
                    "2022164": 0.21,
                    "2022178": 0.44,
                    "2022186": 0.53,
                    "2022192": 0.62,
                    "2022206": 0.68,
                    "2022220": 0.75,
                    "2022227": 0.8,
                    "2022234": 0.84,
                    "2022241": 0.86,
                    "2022251": 0.87
                }
            },
            "_id": "64223bcc8ac5472d7b943415",
            "ccid": "64223bcc8ac5472d7b943415"
        },
        {
            "type": "Feature",
            "geometry": {
                "type": "Point",
                "coordinates": [
                    33.07909947,
                    -111.97653087
                ]
            },
            "properties": {
                "cc_label": "p12-3N",
                "CHTD": {
                    "2022152": 0.05,
                    "2022157": 0.09,
                    "2022164": 0.15,
                    "2022178": 0.39,
                    "2022186": 0.56,
                    "2022192": 0.69,
                    "2022206": 0.84,
                    "2022220": 0.97,
                    "2022227": 1.02,
                    "2022234": 1.04,
                    "2022241": 1.05,
                    "2022251": 1.05
                },
                "CWID": {
                    "2022152": 0.05,
                    "2022157": 0.1,
                    "2022164": 0.16,
                    "2022178": 0.36,
                    "2022186": 0.51,
                    "2022192": 0.67,
                    "2022206": 0.79,
                    "2022220": 0.83,
                    "2022227": 0.89,
                    "2022234": 0.91,
                    "2022241": 0.94,
                    "2022251": 0.96
                }
            },
            "_id": "64223bcc8ac5472d7b943416",
            "ccid": "64223bcc8ac5472d7b943416"
        },
        {
            "type": "Feature",
            "geometry": {
                "type": "Point",
                "coordinates": [
                    33.07900928,
                    -111.9765315
                ]
            },
            "properties": {
                "cc_label": "p12-3M",
                "CHTD": {
                    "2022152": 0.05,
                    "2022157": 0.1,
                    "2022164": 0.14,
                    "2022178": 0.28,
                    "2022186": 0.48,
                    "2022192": 0.6,
                    "2022206": 0.76,
                    "2022220": 0.9,
                    "2022227": 0.96,
                    "2022234": 0.99,
                    "2022241": 1.01,
                    "2022251": 1.0
                },
                "CWID": {
                    "2022152": 0.05,
                    "2022157": 0.11,
                    "2022164": 0.14,
                    "2022178": 0.26,
                    "2022186": 0.57,
                    "2022192": 0.68,
                    "2022206": 0.77,
                    "2022220": 0.79,
                    "2022227": 0.86,
                    "2022234": 0.89,
                    "2022241": 0.93,
                    "2022251": 0.95
                }
            },
            "_id": "64223bcc8ac5472d7b943417",
            "ccid": "64223bcc8ac5472d7b943417"
        },
        {
            "type": "Feature",
            "geometry": {
                "type": "Point",
                "coordinates": [
                    33.07891909,
                    -111.97653213
                ]
            },
            "properties": {
                "cc_label": "p12-3S",
                "CHTD": {
                    "2022152": 0.04,
                    "2022157": 0.08,
                    "2022164": 0.12,
                    "2022178": 0.31,
                    "2022186": 0.5,
                    "2022192": 0.59,
                    "2022206": 0.73,
                    "2022220": 0.83,
                    "2022227": 0.87,
                    "2022234": 0.89,
                    "2022241": 0.9,
                    "2022251": 0.9
                },
                "CWID": {
                    "2022152": 0.04,
                    "2022157": 0.09,
                    "2022164": 0.13,
                    "2022178": 0.3,
                    "2022186": 0.42,
                    "2022192": 0.55,
                    "2022206": 0.64,
                    "2022220": 0.68,
                    "2022227": 0.75,
                    "2022234": 0.77,
                    "2022241": 0.79,
                    "2022251": 0.8
                }
            },
            "_id": "64223bcc8ac5472d7b943418",
            "ccid": "64223bcc8ac5472d7b943418"
        },
        {
            "type": "Feature",
            "geometry": {
                "type": "Point",
                "coordinates": [
                    33.0787387,
                    -111.97653339
                ]
            },
            "properties": {
                "cc_label": "p12-4N",
                "CHTD": {
                    "2022152": 0.05,
                    "2022157": 0.09,
                    "2022164": 0.14,
                    "2022178": 0.38,
                    "2022186": 0.6,
                    "2022192": 0.68,
                    "2022206": 0.79,
                    "2022220": 0.85,
                    "2022227": 0.87,
                    "2022234": 0.89,
                    "2022241": 0.9,
                    "2022251": 0.86
                },
                "CWID": {
                    "2022152": 0.04,
                    "2022157": 0.11,
                    "2022164": 0.15,
                    "2022178": 0.35,
                    "2022186": 0.46,
                    "2022192": 0.59,
                    "2022206": 0.67,
                    "2022220": 0.71,
                    "2022227": 0.79,
                    "2022234": 0.83,
                    "2022241": 0.85,
                    "2022251": 0.87
                }
            },
            "_id": "64223bcc8ac5472d7b943419",
            "ccid": "64223bcc8ac5472d7b943419"
        },
        {
            "type": "Feature",
            "geometry": {
                "type": "Point",
                "coordinates": [
                    33.07864851,
                    -111.97653403
                ]
            },
            "properties": {
                "cc_label": "p12-4M",
                "CHTD": {
                    "2022152": 0.05,
                    "2022157": 0.09,
                    "2022164": 0.12,
                    "2022178": 0.35,
                    "2022186": 0.51,
                    "2022192": 0.56,
                    "2022206": 0.67,
                    "2022220": 0.74,
                    "2022227": 0.77,
                    "2022234": 0.8,
                    "2022241": 0.82,
                    "2022251": 0.83
                },
                "CWID": {
                    "2022152": 0.05,
                    "2022157": 0.11,
                    "2022164": 0.13,
                    "2022178": 0.34,
                    "2022186": 0.4,
                    "2022192": 0.48,
                    "2022206": 0.52,
                    "2022220": 0.6,
                    "2022227": 0.69,
                    "2022234": 0.71,
                    "2022241": 0.74,
                    "2022251": 0.74
                }
            },
            "_id": "64223bcc8ac5472d7b94341a",
            "ccid": "64223bcc8ac5472d7b94341a"
        },
        {
            "type": "Feature",
            "geometry": {
                "type": "Point",
                "coordinates": [
                    33.07855832,
                    -111.97653466
                ]
            },
            "properties": {
                "cc_label": "p12-4S",
                "CHTD": {
                    "2022152": 0.06,
                    "2022157": 0.1,
                    "2022164": 0.15,
                    "2022178": 0.37,
                    "2022186": 0.52,
                    "2022192": 0.56,
                    "2022206": 0.65,
                    "2022220": 0.72,
                    "2022227": 0.75,
                    "2022234": 0.78,
                    "2022241": 0.8,
                    "2022251": 0.8
                },
                "CWID": {
                    "2022152": 0.07,
                    "2022157": 0.13,
                    "2022164": 0.16,
                    "2022178": 0.34,
                    "2022186": 0.43,
                    "2022192": 0.53,
                    "2022206": 0.61,
                    "2022220": 0.66,
                    "2022227": 0.76,
                    "2022234": 0.81,
                    "2022241": 0.82,
                    "2022251": 0.83
                }
            },
            "_id": "64223bcc8ac5472d7b94341b",
            "ccid": "64223bcc8ac5472d7b94341b"
        }
    ]
}