{
    "type": "Feature",
    "geometry": {
        "type": "Point",
        "coordinates": [
            33.06782766,
            -111.97186261
        ]
    },
    "properties": {
        "cc_label": "p01-160-a",
        "PLPAD": {
            "1999160": 9.5
        },
        "CHTD": {
            "1999160": 0.16
        },
        "CWID": {
            "1999160": 0.15
        },
        "STDD": {
            "1999160": 5.08
        }
    },
    "_id": "66ed8cbb8ac54732f5771ee6",
    "ccid": "66ed8cbb8ac54732f5771ee6"
}{
    "type": "Feature",
    "geometry": {
        "type": "Point",
        "coordinates": [
            33.06775597,
            -111.9718029
        ]
    },
    "properties": {
        "cc_label": "p01-160-b",
        "PLPAD": {
            "1999160": 10.5
        },
        "CHTD": {
            "1999160": 0.18
        },
        "CWID": {
            "1999160": 0.22
        },
        "STDD": {
            "1999160": 5.58
        }
    },
    "_id": "66ed8cbb8ac54732f5771ee7",
    "ccid": "66ed8cbb8ac54732f5771ee7"
}{
    "type": "Feature",
    "geometry": {
        "type": "Point",
        "coordinates": [
            33.06768461,
            -111.97170035
        ]
    },
    "properties": {
        "cc_label": "p01-160-c",
        "PLPAD": {
            "1999160": 12.5
        },
        "CHTD": {
            "1999160": 0.18
        },
        "CWID": {
            "1999160": 0.21
        },
        "STDD": {
            "1999160": 4.92
        }
    },
    "_id": "66ed8cbb8ac54732f5771ee8",
    "ccid": "66ed8cbb8ac54732f5771ee8"
}{
    "type": "Feature",
    "geometry": {
        "type": "Point",
        "coordinates": [
            33.06782969,
            -111.97160125
        ]
    },
    "properties": {
        "cc_label": "p02-160-a",
        "PLPAD": {
            "1999160": 9.0
        },
        "CHTD": {
            "1999160": 0.19
        },
        "CWID": {
            "1999160": 0.21
        },
        "STDD": {
            "1999160": 4.52
        }
    },
    "_id": "66ed8cbb8ac54732f5771f04",
    "ccid": "66ed8cbb8ac54732f5771f04"
}{
    "type": "Feature",
    "geometry": {
        "type": "Point",
        "coordinates": [
            33.067758,
            -111.97154154
        ]
    },
    "properties": {
        "cc_label": "p02-160-b",
        "PLPAD": {
            "1999160": 8.5
        },
        "CHTD": {
            "1999160": 0.19
        },
        "CWID": {
            "1999160": 0.22
        },
        "STDD": {
            "1999160": 5.44
        }
    },
    "_id": "66ed8cbb8ac54732f5771f05",
    "ccid": "66ed8cbb8ac54732f5771f05"
}{
    "type": "Feature",
    "geometry": {
        "type": "Point",
        "coordinates": [
            33.06768664,
            -111.97143899
        ]
    },
    "properties": {
        "cc_label": "p02-160-c",
        "PLPAD": {
            "1999160": 12.0
        },
        "CHTD": {
            "1999160": 0.19
        },
        "CWID": {
            "1999160": 0.18
        },
        "STDD": {
            "1999160": 4.78
        }
    },
    "_id": "66ed8cbb8ac54732f5771f06",
    "ccid": "66ed8cbb8ac54732f5771f06"
}{
    "type": "Feature",
    "geometry": {
        "type": "Point",
        "coordinates": [
            33.06782816,
            -111.97133556
        ]
    },
    "properties": {
        "cc_label": "p03-160-a",
        "PLPAD": {
            "1999160": 11.0
        },
        "CHTD": {
            "1999160": 0.18
        },
        "CWID": {
            "1999160": 0.19
        },
        "STDD": {
            "1999160": 4.48
        }
    },
    "_id": "66ed8cbb8ac54732f5771f22",
    "ccid": "66ed8cbb8ac54732f5771f22"
}{
    "type": "Feature",
    "geometry": {
        "type": "Point",
        "coordinates": [
            33.06775646,
            -111.97127586
        ]
    },
    "properties": {
        "cc_label": "p03-160-b",
        "PLPAD": {
            "1999160": 8.0
        },
        "CHTD": {
            "1999160": 0.14
        },
        "CWID": {
            "1999160": 0.15
        },
        "STDD": {
            "1999160": 4.22
        }
    },
    "_id": "66ed8cbb8ac54732f5771f23",
    "ccid": "66ed8cbb8ac54732f5771f23"
}{
    "type": "Feature",
    "geometry": {
        "type": "Point",
        "coordinates": [
            33.0676851,
            -111.97117331
        ]
    },
    "properties": {
        "cc_label": "p03-160-c",
        "PLPAD": {
            "1999160": 9.0
        },
        "CHTD": {
            "1999160": 0.19
        },
        "CWID": {
            "1999160": 0.23
        },
        "STDD": {
            "1999160": 5.3
        }
    },
    "_id": "66ed8cbb8ac54732f5771f24",
    "ccid": "66ed8cbb8ac54732f5771f24"
}{
    "type": "Feature",
    "geometry": {
        "type": "Point",
        "coordinates": [
            33.06782739,
            -111.97108703
        ]
    },
    "properties": {
        "cc_label": "p04-160-a",
        "PLPAD": {
            "1999160": 7.5
        },
        "CHTD": {
            "1999160": 0.14
        },
        "CWID": {
            "1999160": 0.14
        },
        "STDD": {
            "1999160": 4.04
        }
    },
    "_id": "66ed8cbb8ac54732f5771f3d",
    "ccid": "66ed8cbb8ac54732f5771f3d"
}{
    "type": "Feature",
    "geometry": {
        "type": "Point",
        "coordinates": [
            33.06775569,
            -111.97102732
        ]
    },
    "properties": {
        "cc_label": "p04-160-b",
        "PLPAD": {
            "1999160": 6.5
        },
        "CHTD": {
            "1999160": 0.14
        },
        "CWID": {
            "1999160": 0.18
        },
        "STDD": {
            "1999160": 4.8
        }
    },
    "_id": "66ed8cbb8ac54732f5771f3e",
    "ccid": "66ed8cbb8ac54732f5771f3e"
}{
    "type": "Feature",
    "geometry": {
        "type": "Point",
        "coordinates": [
            33.06768433,
            -111.97092477
        ]
    },
    "properties": {
        "cc_label": "p04-160-c",
        "PLPAD": {
            "1999160": 9.5
        },
        "CHTD": {
            "1999160": 0.18
        },
        "CWID": {
            "1999160": 0.23
        },
        "STDD": {
            "1999160": 5.14
        }
    },
    "_id": "66ed8cbb8ac54732f5771f3f",
    "ccid": "66ed8cbb8ac54732f5771f3f"
}{
    "type": "Feature",
    "geometry": {
        "type": "Point",
        "coordinates": [
            33.06760581,
            -111.97185803
        ]
    },
    "properties": {
        "cc_label": "p05-160-a",
        "PLPAD": {
            "1999160": 12.0
        },
        "CHTD": {
            "1999160": 0.17
        },
        "CWID": {
            "1999160": 0.21
        },
        "STDD": {
            "1999160": 4.92
        }
    },
    "_id": "66ed8cbb8ac54732f5771f58",
    "ccid": "66ed8cbb8ac54732f5771f58"
}{
    "type": "Feature",
    "geometry": {
        "type": "Point",
        "coordinates": [
            33.06753412,
            -111.97179832
        ]
    },
    "properties": {
        "cc_label": "p05-160-b",
        "PLPAD": {
            "1999160": 7.5
        },
        "CHTD": {
            "1999160": 0.2
        },
        "CWID": {
            "1999160": 0.2
        },
        "STDD": {
            "1999160": 4.74
        }
    },
    "_id": "66ed8cbb8ac54732f5771f59",
    "ccid": "66ed8cbb8ac54732f5771f59"
}{
    "type": "Feature",
    "geometry": {
        "type": "Point",
        "coordinates": [
            33.06746276,
            -111.97169577
        ]
    },
    "properties": {
        "cc_label": "p05-160-c",
        "PLPAD": {
            "1999160": 13.5
        },
        "CHTD": {
            "1999160": 0.2
        },
        "CWID": {
            "1999160": 0.23
        },
        "STDD": {
            "1999160": 5.04
        }
    },
    "_id": "66ed8cbb8ac54732f5771f5a",
    "ccid": "66ed8cbb8ac54732f5771f5a"
}{
    "type": "Feature",
    "geometry": {
        "type": "Point",
        "coordinates": [
            33.06760878,
            -111.97159239
        ]
    },
    "properties": {
        "cc_label": "p06-160-a",
        "PLPAD": {
            "1999160": 11.5
        },
        "CHTD": {
            "1999160": 0.14
        },
        "CWID": {
            "1999160": 0.2
        },
        "STDD": {
            "1999160": 4.34
        }
    },
    "_id": "66ed8cbb8ac54732f5771f73",
    "ccid": "66ed8cbb8ac54732f5771f73"
}{
    "type": "Feature",
    "geometry": {
        "type": "Point",
        "coordinates": [
            33.06753709,
            -111.97153269
        ]
    },
    "properties": {
        "cc_label": "p06-160-b",
        "PLPAD": {
            "1999160": 6.5
        },
        "CHTD": {
            "1999160": 0.18
        },
        "CWID": {
            "1999160": 0.2
        },
        "STDD": {
            "1999160": 4.78
        }
    },
    "_id": "66ed8cbb8ac54732f5771f74",
    "ccid": "66ed8cbb8ac54732f5771f74"
}{
    "type": "Feature",
    "geometry": {
        "type": "Point",
        "coordinates": [
            33.06746573,
            -111.97143013
        ]
    },
    "properties": {
        "cc_label": "p06-160-c",
        "PLPAD": {
            "1999160": 8.0
        },
        "CHTD": {
            "1999160": 0.11
        },
        "CWID": {
            "1999160": 0.13
        },
        "STDD": {
            "1999160": 3.02
        }
    },
    "_id": "66ed8cbb8ac54732f5771f75",
    "ccid": "66ed8cbb8ac54732f5771f75"
}{
    "type": "Feature",
    "geometry": {
        "type": "Point",
        "coordinates": [
            33.06760536,
            -111.97133633
        ]
    },
    "properties": {
        "cc_label": "p07-160-a",
        "PLPAD": {
            "1999160": 12.0
        },
        "CHTD": {
            "1999160": 0.45
        },
        "CWID": {
            "1999160": 0.24
        },
        "STDD": {
            "1999160": 4.92
        }
    },
    "_id": "66ed8cbb8ac54732f5771f8e",
    "ccid": "66ed8cbb8ac54732f5771f8e"
}{
    "type": "Feature",
    "geometry": {
        "type": "Point",
        "coordinates": [
            33.06753367,
            -111.97127662
        ]
    },
    "properties": {
        "cc_label": "p07-160-b",
        "PLPAD": {
            "1999160": 9.5
        },
        "CHTD": {
            "1999160": 0.18
        },
        "CWID": {
            "1999160": 0.2
        },
        "STDD": {
            "1999160": 4.72
        }
    },
    "_id": "66ed8cbb8ac54732f5771f8f",
    "ccid": "66ed8cbb8ac54732f5771f8f"
}{
    "type": "Feature",
    "geometry": {
        "type": "Point",
        "coordinates": [
            33.06746231,
            -111.97117407
        ]
    },
    "properties": {
        "cc_label": "p07-160-c",
        "PLPAD": {
            "1999160": 8.0
        },
        "CHTD": {
            "1999160": 0.16
        },
        "CWID": {
            "1999160": 0.2
        },
        "STDD": {
            "1999160": 4.32
        }
    },
    "_id": "66ed8cbb8ac54732f5771f90",
    "ccid": "66ed8cbb8ac54732f5771f90"
}{
    "type": "Feature",
    "geometry": {
        "type": "Point",
        "coordinates": [
            33.06760832,
            -111.97107284
        ]
    },
    "properties": {
        "cc_label": "p08-160-a",
        "PLPAD": {
            "1999160": 9.0
        },
        "CHTD": {
            "1999160": 0.16
        },
        "CWID": {
            "1999160": 0.2
        },
        "STDD": {
            "1999160": 4.62
        }
    },
    "_id": "66ed8cbb8ac54732f5771fa6",
    "ccid": "66ed8cbb8ac54732f5771fa6"
}{
    "type": "Feature",
    "geometry": {
        "type": "Point",
        "coordinates": [
            33.06753662,
            -111.97101313
        ]
    },
    "properties": {
        "cc_label": "p08-160-b",
        "PLPAD": {
            "1999160": 9.0
        },
        "CHTD": {
            "1999160": 0.16
        },
        "CWID": {
            "1999160": 0.14
        },
        "STDD": {
            "1999160": 3.72
        }
    },
    "_id": "66ed8cbb8ac54732f5771fa7",
    "ccid": "66ed8cbb8ac54732f5771fa7"
}{
    "type": "Feature",
    "geometry": {
        "type": "Point",
        "coordinates": [
            33.06746526,
            -111.97091058
        ]
    },
    "properties": {
        "cc_label": "p08-160-c",
        "PLPAD": {
            "1999160": 10.0
        },
        "CHTD": {
            "1999160": 0.19
        },
        "CWID": {
            "1999160": 0.22
        },
        "STDD": {
            "1999160": 5.02
        }
    },
    "_id": "66ed8cbb8ac54732f5771fa8",
    "ccid": "66ed8cbb8ac54732f5771fa8"
}{
    "type": "Feature",
    "geometry": {
        "type": "Point",
        "coordinates": [
            33.06736141,
            -111.9718532
        ]
    },
    "properties": {
        "cc_label": "p09-160-a",
        "PLPAD": {
            "1999160": 9.5
        },
        "CHTD": {
            "1999160": 0.2
        },
        "CWID": {
            "1999160": 0.19
        },
        "STDD": {
            "1999160": 5.44
        }
    },
    "_id": "66ed8cbb8ac54732f5771fbe",
    "ccid": "66ed8cbb8ac54732f5771fbe"
}{
    "type": "Feature",
    "geometry": {
        "type": "Point",
        "coordinates": [
            33.06728972,
            -111.97179349
        ]
    },
    "properties": {
        "cc_label": "p09-160-b",
        "PLPAD": {
            "1999160": 11.0
        },
        "CHTD": {
            "1999160": 0.19
        },
        "CWID": {
            "1999160": 0.2
        },
        "STDD": {
            "1999160": 5.08
        }
    },
    "_id": "66ed8cbb8ac54732f5771fbf",
    "ccid": "66ed8cbb8ac54732f5771fbf"
}{
    "type": "Feature",
    "geometry": {
        "type": "Point",
        "coordinates": [
            33.06721836,
            -111.97169094
        ]
    },
    "properties": {
        "cc_label": "p09-160-c",
        "PLPAD": {
            "1999160": 13.0
        },
        "CHTD": {
            "1999160": 0.2
        },
        "CWID": {
            "1999160": 0.25
        },
        "STDD": {
            "1999160": 5.94
        }
    },
    "_id": "66ed8cbb8ac54732f5771fc0",
    "ccid": "66ed8cbb8ac54732f5771fc0"
}{
    "type": "Feature",
    "geometry": {
        "type": "Point",
        "coordinates": [
            33.06735986,
            -111.97158859
        ]
    },
    "properties": {
        "cc_label": "p10-160-a",
        "PLPAD": {
            "1999160": 11.0
        },
        "CHTD": {
            "1999160": 0.21
        },
        "CWID": {
            "1999160": 0.24
        },
        "STDD": {
            "1999160": 5.4
        }
    },
    "_id": "66ed8cbb8ac54732f5771fd9",
    "ccid": "66ed8cbb8ac54732f5771fd9"
}{
    "type": "Feature",
    "geometry": {
        "type": "Point",
        "coordinates": [
            33.06728817,
            -111.97152888
        ]
    },
    "properties": {
        "cc_label": "p10-160-b",
        "PLPAD": {
            "1999160": 8.5
        },
        "CHTD": {
            "1999160": 0.21
        },
        "CWID": {
            "1999160": 0.2
        },
        "STDD": {
            "1999160": 5.36
        }
    },
    "_id": "66ed8cbb8ac54732f5771fda",
    "ccid": "66ed8cbb8ac54732f5771fda"
}{
    "type": "Feature",
    "geometry": {
        "type": "Point",
        "coordinates": [
            33.06721681,
            -111.97142633
        ]
    },
    "properties": {
        "cc_label": "p10-160-c",
        "PLPAD": {
            "1999160": 11.5
        },
        "CHTD": {
            "1999160": 0.24
        },
        "CWID": {
            "1999160": 0.26
        },
        "STDD": {
            "1999160": 5.6
        }
    },
    "_id": "66ed8cbb8ac54732f5771fdb",
    "ccid": "66ed8cbb8ac54732f5771fdb"
}{
    "type": "Feature",
    "geometry": {
        "type": "Point",
        "coordinates": [
            33.06735463,
            -111.97133464
        ]
    },
    "properties": {
        "cc_label": "p11-160-a",
        "PLPAD": {
            "1999160": 7.5
        },
        "CHTD": {
            "1999160": 0.15
        },
        "CWID": {
            "1999160": 0.17
        },
        "STDD": {
            "1999160": 3.86
        }
    },
    "_id": "66ed8cbb8ac54732f5771ff4",
    "ccid": "66ed8cbb8ac54732f5771ff4"
}{
    "type": "Feature",
    "geometry": {
        "type": "Point",
        "coordinates": [
            33.06728293,
            -111.97127494
        ]
    },
    "properties": {
        "cc_label": "p11-160-b",
        "PLPAD": {
            "1999160": 9.5
        },
        "CHTD": {
            "1999160": 0.16
        },
        "CWID": {
            "1999160": 0.17
        },
        "STDD": {
            "1999160": 4.86
        }
    },
    "_id": "66ed8cbb8ac54732f5771ff5",
    "ccid": "66ed8cbb8ac54732f5771ff5"
}{
    "type": "Feature",
    "geometry": {
        "type": "Point",
        "coordinates": [
            33.06721157,
            -111.97117239
        ]
    },
    "properties": {
        "cc_label": "p11-160-c",
        "PLPAD": {
            "1999160": 12.5
        },
        "CHTD": {
            "1999160": 0.19
        },
        "CWID": {
            "1999160": 0.22
        },
        "STDD": {
            "1999160": 5.4
        }
    },
    "_id": "66ed8cbb8ac54732f5771ff6",
    "ccid": "66ed8cbb8ac54732f5771ff6"
}{
    "type": "Feature",
    "geometry": {
        "type": "Point",
        "coordinates": [
            33.06736022,
            -111.97107975
        ]
    },
    "properties": {
        "cc_label": "p12-160-a",
        "PLPAD": {
            "1999160": 10.0
        },
        "CHTD": {
            "1999160": 0.25
        },
        "CWID": {
            "1999160": 0.27
        },
        "STDD": {
            "1999160": 6.06
        }
    },
    "_id": "66ed8cbb8ac54732f577200c",
    "ccid": "66ed8cbb8ac54732f577200c"
}{
    "type": "Feature",
    "geometry": {
        "type": "Point",
        "coordinates": [
            33.06728853,
            -111.97102005
        ]
    },
    "properties": {
        "cc_label": "p12-160-b",
        "PLPAD": {
            "1999160": 9.5
        },
        "CHTD": {
            "1999160": 0.22
        },
        "CWID": {
            "1999160": 0.25
        },
        "STDD": {
            "1999160": 5.62
        }
    },
    "_id": "66ed8cbb8ac54732f577200d",
    "ccid": "66ed8cbb8ac54732f577200d"
}{
    "type": "Feature",
    "geometry": {
        "type": "Point",
        "coordinates": [
            33.06721717,
            -111.9709175
        ]
    },
    "properties": {
        "cc_label": "p12-160-c",
        "PLPAD": {
            "1999160": 13.0
        },
        "CHTD": {
            "1999160": 0.16
        },
        "CWID": {
            "1999160": 0.2
        },
        "STDD": {
            "1999160": 4.76
        }
    },
    "_id": "66ed8cbb8ac54732f577200e",
    "ccid": "66ed8cbb8ac54732f577200e"
}{
    "type": "Feature",
    "geometry": {
        "type": "Point",
        "coordinates": [
            33.06713952,
            -111.97185397
        ]
    },
    "properties": {
        "cc_label": "p13-160-a",
        "PLPAD": {
            "1999160": 9.5
        },
        "CHTD": {
            "1999160": 0.2
        },
        "CWID": {
            "1999160": 0.25
        },
        "STDD": {
            "1999160": 4.46
        }
    },
    "_id": "66ed8cbb8ac54732f5772025",
    "ccid": "66ed8cbb8ac54732f5772025"
}{
    "type": "Feature",
    "geometry": {
        "type": "Point",
        "coordinates": [
            33.06706783,
            -111.97179427
        ]
    },
    "properties": {
        "cc_label": "p13-160-b",
        "PLPAD": {
            "1999160": 12.5
        },
        "CHTD": {
            "1999160": 0.21
        },
        "CWID": {
            "1999160": 0.24
        },
        "STDD": {
            "1999160": 5.76
        }
    },
    "_id": "66ed8cbb8ac54732f5772026",
    "ccid": "66ed8cbb8ac54732f5772026"
}{
    "type": "Feature",
    "geometry": {
        "type": "Point",
        "coordinates": [
            33.06699647,
            -111.97169171
        ]
    },
    "properties": {
        "cc_label": "p13-160-c",
        "PLPAD": {
            "1999160": 12.5
        },
        "CHTD": {
            "1999160": 0.21
        },
        "CWID": {
            "1999160": 0.24
        },
        "STDD": {
            "1999160": 5.44
        }
    },
    "_id": "66ed8cbb8ac54732f5772027",
    "ccid": "66ed8cbb8ac54732f5772027"
}{
    "type": "Feature",
    "geometry": {
        "type": "Point",
        "coordinates": [
            33.06713978,
            -111.97158831
        ]
    },
    "properties": {
        "cc_label": "p14-160-a",
        "PLPAD": {
            "1999160": 11.5
        },
        "CHTD": {
            "1999160": 0.2
        },
        "CWID": {
            "1999160": 0.22
        },
        "STDD": {
            "1999160": 4.8
        }
    },
    "_id": "66ed8cbb8ac54732f5772040",
    "ccid": "66ed8cbb8ac54732f5772040"
}{
    "type": "Feature",
    "geometry": {
        "type": "Point",
        "coordinates": [
            33.06706809,
            -111.9715286
        ]
    },
    "properties": {
        "cc_label": "p14-160-b",
        "PLPAD": {
            "1999160": 12.5
        },
        "CHTD": {
            "1999160": 0.23
        },
        "CWID": {
            "1999160": 0.24
        },
        "STDD": {
            "1999160": 5.68
        }
    },
    "_id": "66ed8cbb8ac54732f5772041",
    "ccid": "66ed8cbb8ac54732f5772041"
}{
    "type": "Feature",
    "geometry": {
        "type": "Point",
        "coordinates": [
            33.06699673,
            -111.97142605
        ]
    },
    "properties": {
        "cc_label": "p14-160-c",
        "PLPAD": {
            "1999160": 11.0
        },
        "CHTD": {
            "1999160": 0.23
        },
        "CWID": {
            "1999160": 0.27
        },
        "STDD": {
            "1999160": 5.7
        }
    },
    "_id": "66ed8cbb8ac54732f5772042",
    "ccid": "66ed8cbb8ac54732f5772042"
}{
    "type": "Feature",
    "geometry": {
        "type": "Point",
        "coordinates": [
            33.06713813,
            -111.97133762
        ]
    },
    "properties": {
        "cc_label": "p15-160-a",
        "PLPAD": {
            "1999160": 8.0
        },
        "CHTD": {
            "1999160": 0.19
        },
        "CWID": {
            "1999160": 0.26
        },
        "STDD": {
            "1999160": 4.98
        }
    },
    "_id": "66ed8cbb8ac54732f577205a",
    "ccid": "66ed8cbb8ac54732f577205a"
}{
    "type": "Feature",
    "geometry": {
        "type": "Point",
        "coordinates": [
            33.06706644,
            -111.97127792
        ]
    },
    "properties": {
        "cc_label": "p15-160-b",
        "PLPAD": {
            "1999160": 11.5
        },
        "CHTD": {
            "1999160": 0.2
        },
        "CWID": {
            "1999160": 0.23
        },
        "STDD": {
            "1999160": 5.28
        }
    },
    "_id": "66ed8cbb8ac54732f577205b",
    "ccid": "66ed8cbb8ac54732f577205b"
}{
    "type": "Feature",
    "geometry": {
        "type": "Point",
        "coordinates": [
            33.06699508,
            -111.97117537
        ]
    },
    "properties": {
        "cc_label": "p15-160-c",
        "PLPAD": {
            "1999160": 12.5
        },
        "CHTD": {
            "1999160": 0.18
        },
        "CWID": {
            "1999160": 0.21
        },
        "STDD": {
            "1999160": 4.64
        }
    },
    "_id": "66ed8cbb8ac54732f577205c",
    "ccid": "66ed8cbb8ac54732f577205c"
}{
    "type": "Feature",
    "geometry": {
        "type": "Point",
        "coordinates": [
            33.06713384,
            -111.97107834
        ]
    },
    "properties": {
        "cc_label": "p16-160-a",
        "PLPAD": {
            "1999160": 11.0
        },
        "CHTD": {
            "1999160": 0.2
        },
        "CWID": {
            "1999160": 0.24
        },
        "STDD": {
            "1999160": 5.48
        }
    },
    "_id": "66ed8cbb8ac54732f5772072",
    "ccid": "66ed8cbb8ac54732f5772072"
}{
    "type": "Feature",
    "geometry": {
        "type": "Point",
        "coordinates": [
            33.06706214,
            -111.97101863
        ]
    },
    "properties": {
        "cc_label": "p16-160-b",
        "PLPAD": {
            "1999160": 9.0
        },
        "CHTD": {
            "1999160": 0.18
        },
        "CWID": {
            "1999160": 0.21
        },
        "STDD": {
            "1999160": 4.98
        }
    },
    "_id": "66ed8cbb8ac54732f5772073",
    "ccid": "66ed8cbb8ac54732f5772073"
}{
    "type": "Feature",
    "geometry": {
        "type": "Point",
        "coordinates": [
            33.06699078,
            -111.97091608
        ]
    },
    "properties": {
        "cc_label": "p16-160-c",
        "PLPAD": {
            "1999160": 12.0
        },
        "CHTD": {
            "1999160": 0.19
        },
        "CWID": {
            "1999160": 0.22
        },
        "STDD": {
            "1999160": 4.98
        }
    },
    "_id": "66ed8cbb8ac54732f5772074",
    "ccid": "66ed8cbb8ac54732f5772074"
}{
    "type": "Feature",
    "geometry": {
        "type": "Point",
        "coordinates": [
            33.06782858,
            -111.97174478
        ]
    },
    "properties": {
        "cc_label": "p01-166-a",
        "PLPAD": {
            "1999166": 12.5
        },
        "CHTD": {
            "1999166": 0.26
        },
        "CWID": {
            "1999166": 0.34
        },
        "STDD": {
            "1999166": 5.94
        }
    },
    "_id": "66ed8cbb8ac54732f5771ee9",
    "ccid": "66ed8cbb8ac54732f5771ee9"
}{
    "type": "Feature",
    "geometry": {
        "type": "Point",
        "coordinates": [
            33.06775676,
            -111.97170114
        ]
    },
    "properties": {
        "cc_label": "p01-166-b",
        "PLPAD": {
            "1999166": 7.0
        },
        "CHTD": {
            "1999166": 0.27
        },
        "CWID": {
            "1999166": 0.35
        },
        "STDD": {
            "1999166": 7.16
        }
    },
    "_id": "66ed8cbb8ac54732f5771eea",
    "ccid": "66ed8cbb8ac54732f5771eea"
}{
    "type": "Feature",
    "geometry": {
        "type": "Point",
        "coordinates": [
            33.06768335,
            -111.97186102
        ]
    },
    "properties": {
        "cc_label": "p01-166-c",
        "PLPAD": {
            "1999166": 12.5
        },
        "CHTD": {
            "1999166": 0.25
        },
        "CWID": {
            "1999166": 0.29
        },
        "STDD": {
            "1999166": 5.54
        }
    },
    "_id": "66ed8cbb8ac54732f5771eeb",
    "ccid": "66ed8cbb8ac54732f5771eeb"
}{
    "type": "Feature",
    "geometry": {
        "type": "Point",
        "coordinates": [
            33.06783061,
            -111.97148342
        ]
    },
    "properties": {
        "cc_label": "p02-166-a",
        "PLPAD": {
            "1999166": 12.0
        },
        "CHTD": {
            "1999166": 0.28
        },
        "CWID": {
            "1999166": 0.3
        },
        "STDD": {
            "1999166": 6.24
        }
    },
    "_id": "66ed8cbb8ac54732f5771f07",
    "ccid": "66ed8cbb8ac54732f5771f07"
}{
    "type": "Feature",
    "geometry": {
        "type": "Point",
        "coordinates": [
            33.06775879,
            -111.97143978
        ]
    },
    "properties": {
        "cc_label": "p02-166-b",
        "PLPAD": {
            "1999166": 4.0
        },
        "CHTD": {
            "1999166": 0.29
        },
        "CWID": {
            "1999166": 0.35
        },
        "STDD": {
            "1999166": 6.72
        }
    },
    "_id": "66ed8cbb8ac54732f5771f08",
    "ccid": "66ed8cbb8ac54732f5771f08"
}{
    "type": "Feature",
    "geometry": {
        "type": "Point",
        "coordinates": [
            33.06768539,
            -111.97159966
        ]
    },
    "properties": {
        "cc_label": "p02-166-c",
        "PLPAD": {
            "1999166": 11.0
        },
        "CHTD": {
            "1999166": 0.29
        },
        "CWID": {
            "1999166": 0.3
        },
        "STDD": {
            "1999166": 6.24
        }
    },
    "_id": "66ed8cbb8ac54732f5771f09",
    "ccid": "66ed8cbb8ac54732f5771f09"
}{
    "type": "Feature",
    "geometry": {
        "type": "Point",
        "coordinates": [
            33.06782907,
            -111.97121774
        ]
    },
    "properties": {
        "cc_label": "p03-166-a",
        "PLPAD": {
            "1999166": 10.0
        },
        "CHTD": {
            "1999166": 0.28
        },
        "CWID": {
            "1999166": 0.33
        },
        "STDD": {
            "1999166": 6.44
        }
    },
    "_id": "66ed8cbb8ac54732f5771f25",
    "ccid": "66ed8cbb8ac54732f5771f25"
}{
    "type": "Feature",
    "geometry": {
        "type": "Point",
        "coordinates": [
            33.06775726,
            -111.9711741
        ]
    },
    "properties": {
        "cc_label": "p03-166-b",
        "PLPAD": {
            "1999166": 10.0
        },
        "CHTD": {
            "1999166": 0.23
        },
        "CWID": {
            "1999166": 0.24
        },
        "STDD": {
            "1999166": 6.02
        }
    },
    "_id": "66ed8cbb8ac54732f5771f26",
    "ccid": "66ed8cbb8ac54732f5771f26"
}{
    "type": "Feature",
    "geometry": {
        "type": "Point",
        "coordinates": [
            33.06768385,
            -111.97133398
        ]
    },
    "properties": {
        "cc_label": "p03-166-c",
        "PLPAD": {
            "1999166": 8.5
        },
        "CHTD": {
            "1999166": 0.29
        },
        "CWID": {
            "1999166": 0.28
        },
        "STDD": {
            "1999166": 6.16
        }
    },
    "_id": "66ed8cbb8ac54732f5771f27",
    "ccid": "66ed8cbb8ac54732f5771f27"
}{
    "type": "Feature",
    "geometry": {
        "type": "Point",
        "coordinates": [
            33.0678283,
            -111.9709692
        ]
    },
    "properties": {
        "cc_label": "p04-166-a",
        "PLPAD": {
            "1999166": 11.0
        },
        "CHTD": {
            "1999166": 0.24
        },
        "CWID": {
            "1999166": 0.33
        },
        "STDD": {
            "1999166": 5.86
        }
    },
    "_id": "66ed8cbb8ac54732f5771f40",
    "ccid": "66ed8cbb8ac54732f5771f40"
}{
    "type": "Feature",
    "geometry": {
        "type": "Point",
        "coordinates": [
            33.06775649,
            -111.97092556
        ]
    },
    "properties": {
        "cc_label": "p04-166-b",
        "PLPAD": {
            "1999166": 11.0
        },
        "CHTD": {
            "1999166": 0.24
        },
        "CWID": {
            "1999166": 0.3
        },
        "STDD": {
            "1999166": 5.56
        }
    },
    "_id": "66ed8cbb8ac54732f5771f41",
    "ccid": "66ed8cbb8ac54732f5771f41"
}{
    "type": "Feature",
    "geometry": {
        "type": "Point",
        "coordinates": [
            33.06768308,
            -111.97108544
        ]
    },
    "properties": {
        "cc_label": "p04-166-c",
        "PLPAD": {
            "1999166": 6.5
        },
        "CHTD": {
            "1999166": 0.26
        },
        "CWID": {
            "1999166": 0.32
        },
        "STDD": {
            "1999166": 6.18
        }
    },
    "_id": "66ed8cbb8ac54732f5771f42",
    "ccid": "66ed8cbb8ac54732f5771f42"
}{
    "type": "Feature",
    "geometry": {
        "type": "Point",
        "coordinates": [
            33.06760673,
            -111.9717402
        ]
    },
    "properties": {
        "cc_label": "p05-166-a",
        "PLPAD": {
            "1999166": 12.0
        },
        "CHTD": {
            "1999166": 0.24
        },
        "CWID": {
            "1999166": 0.31
        },
        "STDD": {
            "1999166": 6.46
        }
    },
    "_id": "66ed8cbb8ac54732f5771f5b",
    "ccid": "66ed8cbb8ac54732f5771f5b"
}{
    "type": "Feature",
    "geometry": {
        "type": "Point",
        "coordinates": [
            33.06753491,
            -111.97169656
        ]
    },
    "properties": {
        "cc_label": "p05-166-b",
        "PLPAD": {
            "1999166": 7.0
        },
        "CHTD": {
            "1999166": 0.17
        },
        "CWID": {
            "1999166": 0.2
        },
        "STDD": {
            "1999166": 4.68
        }
    },
    "_id": "66ed8cbb8ac54732f5771f5c",
    "ccid": "66ed8cbb8ac54732f5771f5c"
}{
    "type": "Feature",
    "geometry": {
        "type": "Point",
        "coordinates": [
            33.0674615,
            -111.97185644
        ]
    },
    "properties": {
        "cc_label": "p05-166-c",
        "PLPAD": {
            "1999166": 10.0
        },
        "CHTD": {
            "1999166": 0.24
        },
        "CWID": {
            "1999166": 0.27
        },
        "STDD": {
            "1999166": 5.68
        }
    },
    "_id": "66ed8cbb8ac54732f5771f5d",
    "ccid": "66ed8cbb8ac54732f5771f5d"
}{
    "type": "Feature",
    "geometry": {
        "type": "Point",
        "coordinates": [
            33.0676097,
            -111.97147457
        ]
    },
    "properties": {
        "cc_label": "p06-166-a",
        "PLPAD": {
            "1999166": 9.0
        },
        "CHTD": {
            "1999166": 0.28
        },
        "CWID": {
            "1999166": 0.33
        },
        "STDD": {
            "1999166": 6.66
        }
    },
    "_id": "66ed8cbb8ac54732f5771f76",
    "ccid": "66ed8cbb8ac54732f5771f76"
}{
    "type": "Feature",
    "geometry": {
        "type": "Point",
        "coordinates": [
            33.06753788,
            -111.97143093
        ]
    },
    "properties": {
        "cc_label": "p06-166-b",
        "PLPAD": {
            "1999166": 6.0
        },
        "CHTD": {
            "1999166": 0.26
        },
        "CWID": {
            "1999166": 0.29
        },
        "STDD": {
            "1999166": 6.06
        }
    },
    "_id": "66ed8cbb8ac54732f5771f77",
    "ccid": "66ed8cbb8ac54732f5771f77"
}{
    "type": "Feature",
    "geometry": {
        "type": "Point",
        "coordinates": [
            33.06746448,
            -111.97159081
        ]
    },
    "properties": {
        "cc_label": "p06-166-c",
        "PLPAD": {
            "1999166": 14.5
        },
        "CHTD": {
            "1999166": 0.27
        },
        "CWID": {
            "1999166": 0.3
        },
        "STDD": {
            "1999166": 5.92
        }
    },
    "_id": "66ed8cbb8ac54732f5771f78",
    "ccid": "66ed8cbb8ac54732f5771f78"
}{
    "type": "Feature",
    "geometry": {
        "type": "Point",
        "coordinates": [
            33.06760628,
            -111.9712185
        ]
    },
    "properties": {
        "cc_label": "p07-166-a",
        "PLPAD": {
            "1999166": 12.0
        },
        "CHTD": {
            "1999166": 0.28
        },
        "CWID": {
            "1999166": 0.33
        },
        "STDD": {
            "1999166": 6.42
        }
    },
    "_id": "66ed8cbb8ac54732f5771f91",
    "ccid": "66ed8cbb8ac54732f5771f91"
}{
    "type": "Feature",
    "geometry": {
        "type": "Point",
        "coordinates": [
            33.06753446,
            -111.97117486
        ]
    },
    "properties": {
        "cc_label": "p07-166-b",
        "PLPAD": {
            "1999166": 10.0
        },
        "CHTD": {
            "1999166": 0.26
        },
        "CWID": {
            "1999166": 0.35
        },
        "STDD": {
            "1999166": 6.78
        }
    },
    "_id": "66ed8cbb8ac54732f5771f92",
    "ccid": "66ed8cbb8ac54732f5771f92"
}{
    "type": "Feature",
    "geometry": {
        "type": "Point",
        "coordinates": [
            33.06746106,
            -111.97133474
        ]
    },
    "properties": {
        "cc_label": "p07-166-c",
        "PLPAD": {
            "1999166": 10.0
        },
        "CHTD": {
            "1999166": 0.31
        },
        "CWID": {
            "1999166": 0.31
        },
        "STDD": {
            "1999166": 6.48
        }
    },
    "_id": "66ed8cbb8ac54732f5771f93",
    "ccid": "66ed8cbb8ac54732f5771f93"
}{
    "type": "Feature",
    "geometry": {
        "type": "Point",
        "coordinates": [
            33.06760923,
            -111.97095501
        ]
    },
    "properties": {
        "cc_label": "p08-166-a",
        "PLPAD": {
            "1999166": 11.0
        },
        "CHTD": {
            "1999166": 0.22
        },
        "CWID": {
            "1999166": 0.24
        },
        "STDD": {
            "1999166": 4.58
        }
    },
    "_id": "66ed8cbb8ac54732f5771fa9",
    "ccid": "66ed8cbb8ac54732f5771fa9"
}{
    "type": "Feature",
    "geometry": {
        "type": "Point",
        "coordinates": [
            33.06753742,
            -111.97091137
        ]
    },
    "properties": {
        "cc_label": "p08-166-b",
        "PLPAD": {
            "1999166": 5.5
        },
        "CHTD": {
            "1999166": 0.2
        },
        "CWID": {
            "1999166": 0.29
        },
        "STDD": {
            "1999166": 6.2
        }
    },
    "_id": "66ed8cbb8ac54732f5771faa",
    "ccid": "66ed8cbb8ac54732f5771faa"
}{
    "type": "Feature",
    "geometry": {
        "type": "Point",
        "coordinates": [
            33.06746401,
            -111.97107125
        ]
    },
    "properties": {
        "cc_label": "p08-166-c",
        "PLPAD": {
            "1999166": 11.0
        },
        "CHTD": {
            "1999166": 0.26
        },
        "CWID": {
            "1999166": 0.32
        },
        "STDD": {
            "1999166": 6.14
        }
    },
    "_id": "66ed8cbb8ac54732f5771fab",
    "ccid": "66ed8cbb8ac54732f5771fab"
}{
    "type": "Feature",
    "geometry": {
        "type": "Point",
        "coordinates": [
            33.06736233,
            -111.97173537
        ]
    },
    "properties": {
        "cc_label": "p09-166-a",
        "PLPAD": {
            "1999166": 7.0
        },
        "CHTD": {
            "1999166": 0.28
        },
        "CWID": {
            "1999166": 0.32
        },
        "STDD": {
            "1999166": 7.28
        }
    },
    "_id": "66ed8cbb8ac54732f5771fc1",
    "ccid": "66ed8cbb8ac54732f5771fc1"
}{
    "type": "Feature",
    "geometry": {
        "type": "Point",
        "coordinates": [
            33.06729051,
            -111.97169173
        ]
    },
    "properties": {
        "cc_label": "p09-166-b",
        "PLPAD": {
            "1999166": 9.5
        },
        "CHTD": {
            "1999166": 0.26
        },
        "CWID": {
            "1999166": 0.3
        },
        "STDD": {
            "1999166": 6.92
        }
    },
    "_id": "66ed8cbb8ac54732f5771fc2",
    "ccid": "66ed8cbb8ac54732f5771fc2"
}{
    "type": "Feature",
    "geometry": {
        "type": "Point",
        "coordinates": [
            33.06721711,
            -111.97185161
        ]
    },
    "properties": {
        "cc_label": "p09-166-c",
        "PLPAD": {
            "1999166": 13.0
        },
        "CHTD": {
            "1999166": 0.26
        },
        "CWID": {
            "1999166": 0.31
        },
        "STDD": {
            "1999166": 5.88
        }
    },
    "_id": "66ed8cbb8ac54732f5771fc3",
    "ccid": "66ed8cbb8ac54732f5771fc3"
}{
    "type": "Feature",
    "geometry": {
        "type": "Point",
        "coordinates": [
            33.06736078,
            -111.97147076
        ]
    },
    "properties": {
        "cc_label": "p10-166-a",
        "PLPAD": {
            "1999166": 10.0
        },
        "CHTD": {
            "1999166": 0.36
        },
        "CWID": {
            "1999166": 0.37
        },
        "STDD": {
            "1999166": 8.2
        }
    },
    "_id": "66ed8cbb8ac54732f5771fdc",
    "ccid": "66ed8cbb8ac54732f5771fdc"
}{
    "type": "Feature",
    "geometry": {
        "type": "Point",
        "coordinates": [
            33.06728896,
            -111.97142712
        ]
    },
    "properties": {
        "cc_label": "p10-166-b",
        "PLPAD": {
            "1999166": 10.0
        },
        "CHTD": {
            "1999166": 0.29
        },
        "CWID": {
            "1999166": 0.31
        },
        "STDD": {
            "1999166": 6.48
        }
    },
    "_id": "66ed8cbb8ac54732f5771fdd",
    "ccid": "66ed8cbb8ac54732f5771fdd"
}{
    "type": "Feature",
    "geometry": {
        "type": "Point",
        "coordinates": [
            33.06721556,
            -111.971587
        ]
    },
    "properties": {
        "cc_label": "p10-166-c",
        "PLPAD": {
            "1999166": 8.5
        },
        "CHTD": {
            "1999166": 0.24
        },
        "CWID": {
            "1999166": 0.3
        },
        "STDD": {
            "1999166": 6.54
        }
    },
    "_id": "66ed8cbb8ac54732f5771fde",
    "ccid": "66ed8cbb8ac54732f5771fde"
}{
    "type": "Feature",
    "geometry": {
        "type": "Point",
        "coordinates": [
            33.06735554,
            -111.97121682
        ]
    },
    "properties": {
        "cc_label": "p11-166-a",
        "PLPAD": {
            "1999166": 7.5
        },
        "CHTD": {
            "1999166": 0.3
        },
        "CWID": {
            "1999166": 0.29
        },
        "STDD": {
            "1999166": 7.1
        }
    },
    "_id": "66ed8cbb8ac54732f5771ff7",
    "ccid": "66ed8cbb8ac54732f5771ff7"
}{
    "type": "Feature",
    "geometry": {
        "type": "Point",
        "coordinates": [
            33.06728373,
            -111.97117318
        ]
    },
    "properties": {
        "cc_label": "p11-166-b",
        "PLPAD": {
            "1999166": 9.0
        },
        "CHTD": {
            "1999166": 0.26
        },
        "CWID": {
            "1999166": 0.26
        },
        "STDD": {
            "1999166": 5.84
        }
    },
    "_id": "66ed8cbb8ac54732f5771ff8",
    "ccid": "66ed8cbb8ac54732f5771ff8"
}{
    "type": "Feature",
    "geometry": {
        "type": "Point",
        "coordinates": [
            33.06721032,
            -111.97133306
        ]
    },
    "properties": {
        "cc_label": "p11-166-c",
        "PLPAD": {
            "1999166": 10.0
        },
        "CHTD": {
            "1999166": 0.27
        },
        "CWID": {
            "1999166": 0.33
        },
        "STDD": {
            "1999166": 6.8
        }
    },
    "_id": "66ed8cbb8ac54732f5771ff9",
    "ccid": "66ed8cbb8ac54732f5771ff9"
}{
    "type": "Feature",
    "geometry": {
        "type": "Point",
        "coordinates": [
            33.06736114,
            -111.97096193
        ]
    },
    "properties": {
        "cc_label": "p12-166-a",
        "PLPAD": {
            "1999166": 11.0
        },
        "CHTD": {
            "1999166": 0.34
        },
        "CWID": {
            "1999166": 0.4
        },
        "STDD": {
            "1999166": 6.88
        }
    },
    "_id": "66ed8cbb8ac54732f577200f",
    "ccid": "66ed8cbb8ac54732f577200f"
}{
    "type": "Feature",
    "geometry": {
        "type": "Point",
        "coordinates": [
            33.06728932,
            -111.97091829
        ]
    },
    "properties": {
        "cc_label": "p12-166-b",
        "PLPAD": {
            "1999166": 8.0
        },
        "CHTD": {
            "1999166": 0.22
        },
        "CWID": {
            "1999166": 0.22
        },
        "STDD": {
            "1999166": 5.42
        }
    },
    "_id": "66ed8cbb8ac54732f5772010",
    "ccid": "66ed8cbb8ac54732f5772010"
}{
    "type": "Feature",
    "geometry": {
        "type": "Point",
        "coordinates": [
            33.06721592,
            -111.97107817
        ]
    },
    "properties": {
        "cc_label": "p12-166-c",
        "PLPAD": {
            "1999166": 8.5
        },
        "CHTD": {
            "1999166": 0.23
        },
        "CWID": {
            "1999166": 0.32
        },
        "STDD": {
            "1999166": 6.6
        }
    },
    "_id": "66ed8cbb8ac54732f5772011",
    "ccid": "66ed8cbb8ac54732f5772011"
}{
    "type": "Feature",
    "geometry": {
        "type": "Point",
        "coordinates": [
            33.06714044,
            -111.97173615
        ]
    },
    "properties": {
        "cc_label": "p13-166-a",
        "PLPAD": {
            "1999166": 8.5
        },
        "CHTD": {
            "1999166": 0.28
        },
        "CWID": {
            "1999166": 0.32
        },
        "STDD": {
            "1999166": 6.08
        }
    },
    "_id": "66ed8cbb8ac54732f5772028",
    "ccid": "66ed8cbb8ac54732f5772028"
}{
    "type": "Feature",
    "geometry": {
        "type": "Point",
        "coordinates": [
            33.06706862,
            -111.97169251
        ]
    },
    "properties": {
        "cc_label": "p13-166-b",
        "PLPAD": {
            "1999166": 13.5
        },
        "CHTD": {
            "1999166": 0.29
        },
        "CWID": {
            "1999166": 0.34
        },
        "STDD": {
            "1999166": 6.68
        }
    },
    "_id": "66ed8cbb8ac54732f5772029",
    "ccid": "66ed8cbb8ac54732f5772029"
}{
    "type": "Feature",
    "geometry": {
        "type": "Point",
        "coordinates": [
            33.06699521,
            -111.97185239
        ]
    },
    "properties": {
        "cc_label": "p13-166-c",
        "PLPAD": {
            "1999166": 11.5
        },
        "CHTD": {
            "1999166": 0.26
        },
        "CWID": {
            "1999166": 0.3
        },
        "STDD": {
            "1999166": 5.88
        }
    },
    "_id": "66ed8cbb8ac54732f577202a",
    "ccid": "66ed8cbb8ac54732f577202a"
}{
    "type": "Feature",
    "geometry": {
        "type": "Point",
        "coordinates": [
            33.0671407,
            -111.97147048
        ]
    },
    "properties": {
        "cc_label": "p14-166-a",
        "PLPAD": {
            "1999166": 10.0
        },
        "CHTD": {
            "1999166": 0.29
        },
        "CWID": {
            "1999166": 0.34
        },
        "STDD": {
            "1999166": 7.12
        }
    },
    "_id": "66ed8cbb8ac54732f5772043",
    "ccid": "66ed8cbb8ac54732f5772043"
}{
    "type": "Feature",
    "geometry": {
        "type": "Point",
        "coordinates": [
            33.06706888,
            -111.97142685
        ]
    },
    "properties": {
        "cc_label": "p14-166-b",
        "PLPAD": {
            "1999166": 11.0
        },
        "CHTD": {
            "1999166": 0.24
        },
        "CWID": {
            "1999166": 0.3
        },
        "STDD": {
            "1999166": 5.56
        }
    },
    "_id": "66ed8cbb8ac54732f5772044",
    "ccid": "66ed8cbb8ac54732f5772044"
}{
    "type": "Feature",
    "geometry": {
        "type": "Point",
        "coordinates": [
            33.06699548,
            -111.97158672
        ]
    },
    "properties": {
        "cc_label": "p14-166-c",
        "PLPAD": {
            "1999166": 10.0
        },
        "CHTD": {
            "1999166": 0.29
        },
        "CWID": {
            "1999166": 0.37
        },
        "STDD": {
            "1999166": 7.02
        }
    },
    "_id": "66ed8cbb8ac54732f5772045",
    "ccid": "66ed8cbb8ac54732f5772045"
}{
    "type": "Feature",
    "geometry": {
        "type": "Point",
        "coordinates": [
            33.06713905,
            -111.9712198
        ]
    },
    "properties": {
        "cc_label": "p15-166-a",
        "PLPAD": {
            "1999166": 10.0
        },
        "CHTD": {
            "1999166": 0.27
        },
        "CWID": {
            "1999166": 0.33
        },
        "STDD": {
            "1999166": 6.78
        }
    },
    "_id": "66ed8cbb8ac54732f577205d",
    "ccid": "66ed8cbb8ac54732f577205d"
}{
    "type": "Feature",
    "geometry": {
        "type": "Point",
        "coordinates": [
            33.06706723,
            -111.97117616
        ]
    },
    "properties": {
        "cc_label": "p15-166-b",
        "PLPAD": {
            "1999166": 7.0
        },
        "CHTD": {
            "1999166": 0.26
        },
        "CWID": {
            "1999166": 0.34
        },
        "STDD": {
            "1999166": 7.68
        }
    },
    "_id": "66ed8cbb8ac54732f577205e",
    "ccid": "66ed8cbb8ac54732f577205e"
}{
    "type": "Feature",
    "geometry": {
        "type": "Point",
        "coordinates": [
            33.06699383,
            -111.97133604
        ]
    },
    "properties": {
        "cc_label": "p15-166-c",
        "PLPAD": {
            "1999166": 10.0
        },
        "CHTD": {
            "1999166": 0.23
        },
        "CWID": {
            "1999166": 0.27
        },
        "STDD": {
            "1999166": 5.72
        }
    },
    "_id": "66ed8cbb8ac54732f577205f",
    "ccid": "66ed8cbb8ac54732f577205f"
}{
    "type": "Feature",
    "geometry": {
        "type": "Point",
        "coordinates": [
            33.06713475,
            -111.97096051
        ]
    },
    "properties": {
        "cc_label": "p16-166-a",
        "PLPAD": {
            "1999166": 12.5
        },
        "CHTD": {
            "1999166": 0.29
        },
        "CWID": {
            "1999166": 0.31
        },
        "STDD": {
            "1999166": 6.08
        }
    },
    "_id": "66ed8cbb8ac54732f5772075",
    "ccid": "66ed8cbb8ac54732f5772075"
}{
    "type": "Feature",
    "geometry": {
        "type": "Point",
        "coordinates": [
            33.06706293,
            -111.97091687
        ]
    },
    "properties": {
        "cc_label": "p16-166-b",
        "PLPAD": {
            "1999166": 13.5
        },
        "CHTD": {
            "1999166": 0.26
        },
        "CWID": {
            "1999166": 0.27
        },
        "STDD": {
            "1999166": 6.04
        }
    },
    "_id": "66ed8cbb8ac54732f5772076",
    "ccid": "66ed8cbb8ac54732f5772076"
}{
    "type": "Feature",
    "geometry": {
        "type": "Point",
        "coordinates": [
            33.06698953,
            -111.97107675
        ]
    },
    "properties": {
        "cc_label": "p16-166-c",
        "PLPAD": {
            "1999166": 8.5
        },
        "CHTD": {
            "1999166": 0.27
        },
        "CWID": {
            "1999166": 0.32
        },
        "STDD": {
            "1999166": 6.54
        }
    },
    "_id": "66ed8cbb8ac54732f5772077",
    "ccid": "66ed8cbb8ac54732f5772077"
}{
    "type": "Feature",
    "geometry": {
        "type": "Point",
        "coordinates": [
            33.06781008,
            -111.9718035
        ]
    },
    "properties": {
        "cc_label": "p01-173-a",
        "PLPAD": {
            "1999173": 11.5
        },
        "CHTD": {
            "1999173": 0.33
        },
        "CWID": {
            "1999173": 0.37
        },
        "STDD": {
            "1999173": 6.92
        }
    },
    "_id": "66ed8cbb8ac54732f5771eec",
    "ccid": "66ed8cbb8ac54732f5771eec"
}{
    "type": "Feature",
    "geometry": {
        "type": "Point",
        "coordinates": [
            33.06777446,
            -111.97174419
        ]
    },
    "properties": {
        "cc_label": "p01-173-b",
        "PLPAD": {
            "1999173": 9.0
        },
        "CHTD": {
            "1999173": 0.42
        },
        "CWID": {
            "1999173": 0.46
        },
        "STDD": {
            "1999173": 8.04
        }
    },
    "_id": "66ed8cbb8ac54732f5771eed",
    "ccid": "66ed8cbb8ac54732f5771eed"
}{
    "type": "Feature",
    "geometry": {
        "type": "Point",
        "coordinates": [
            33.06771989,
            -111.9718025
        ]
    },
    "properties": {
        "cc_label": "p01-173-c",
        "PLPAD": {
            "1999173": 8.5
        },
        "CHTD": {
            "1999173": 0.41
        },
        "CWID": {
            "1999173": 0.48
        },
        "STDD": {
            "1999173": 9.7
        }
    },
    "_id": "66ed8cbb8ac54732f5771eee",
    "ccid": "66ed8cbb8ac54732f5771eee"
}{
    "type": "Feature",
    "geometry": {
        "type": "Point",
        "coordinates": [
            33.06781212,
            -111.97154214
        ]
    },
    "properties": {
        "cc_label": "p02-173-a",
        "PLPAD": {
            "1999173": 7.5
        },
        "CHTD": {
            "1999173": 0.39
        },
        "CWID": {
            "1999173": 0.41
        },
        "STDD": {
            "1999173": 8.76
        }
    },
    "_id": "66ed8cbb8ac54732f5771f0a",
    "ccid": "66ed8cbb8ac54732f5771f0a"
}{
    "type": "Feature",
    "geometry": {
        "type": "Point",
        "coordinates": [
            33.0677765,
            -111.97148283
        ]
    },
    "properties": {
        "cc_label": "p02-173-b",
        "PLPAD": {
            "1999173": 6.0
        },
        "CHTD": {
            "1999173": 0.41
        },
        "CWID": {
            "1999173": 0.42
        },
        "STDD": {
            "1999173": 8.38
        }
    },
    "_id": "66ed8cbb8ac54732f5771f0b",
    "ccid": "66ed8cbb8ac54732f5771f0b"
}{
    "type": "Feature",
    "geometry": {
        "type": "Point",
        "coordinates": [
            33.06772193,
            -111.97154114
        ]
    },
    "properties": {
        "cc_label": "p02-173-c",
        "PLPAD": {
            "1999173": 11.0
        },
        "CHTD": {
            "1999173": 0.45
        },
        "CWID": {
            "1999173": 0.44
        },
        "STDD": {
            "1999173": 8.3
        }
    },
    "_id": "66ed8cbb8ac54732f5771f0c",
    "ccid": "66ed8cbb8ac54732f5771f0c"
}{
    "type": "Feature",
    "geometry": {
        "type": "Point",
        "coordinates": [
            33.06781058,
            -111.97127645
        ]
    },
    "properties": {
        "cc_label": "p03-173-a",
        "PLPAD": {
            "1999173": 5.0
        },
        "CHTD": {
            "1999173": 0.33
        },
        "CWID": {
            "1999173": 0.39
        },
        "STDD": {
            "1999173": 8.52
        }
    },
    "_id": "66ed8cbb8ac54732f5771f28",
    "ccid": "66ed8cbb8ac54732f5771f28"
}{
    "type": "Feature",
    "geometry": {
        "type": "Point",
        "coordinates": [
            33.06777496,
            -111.97121714
        ]
    },
    "properties": {
        "cc_label": "p03-173-b",
        "PLPAD": {
            "1999173": 12.0
        },
        "CHTD": {
            "1999173": 0.5
        },
        "CWID": {
            "1999173": 0.48
        },
        "STDD": {
            "1999173": 7.62
        }
    },
    "_id": "66ed8cbb8ac54732f5771f29",
    "ccid": "66ed8cbb8ac54732f5771f29"
}{
    "type": "Feature",
    "geometry": {
        "type": "Point",
        "coordinates": [
            33.06772039,
            -111.97127546
        ]
    },
    "properties": {
        "cc_label": "p03-173-c",
        "PLPAD": {
            "1999173": 8.5
        },
        "CHTD": {
            "1999173": 0.41
        },
        "CWID": {
            "1999173": 0.43
        },
        "STDD": {
            "1999173": 8.08
        }
    },
    "_id": "66ed8cbb8ac54732f5771f2a",
    "ccid": "66ed8cbb8ac54732f5771f2a"
}{
    "type": "Feature",
    "geometry": {
        "type": "Point",
        "coordinates": [
            33.06780981,
            -111.97102792
        ]
    },
    "properties": {
        "cc_label": "p04-173-a",
        "PLPAD": {
            "1999173": 6.5
        },
        "CHTD": {
            "1999173": 0.4
        },
        "CWID": {
            "1999173": 0.47
        },
        "STDD": {
            "1999173": 9.24
        }
    },
    "_id": "66ed8cbb8ac54732f5771f43",
    "ccid": "66ed8cbb8ac54732f5771f43"
}{
    "type": "Feature",
    "geometry": {
        "type": "Point",
        "coordinates": [
            33.06777419,
            -111.97096861
        ]
    },
    "properties": {
        "cc_label": "p04-173-b",
        "PLPAD": {
            "1999173": 8.5
        },
        "CHTD": {
            "1999173": 0.43
        },
        "CWID": {
            "1999173": 0.47
        },
        "STDD": {
            "1999173": 8.3
        }
    },
    "_id": "66ed8cbb8ac54732f5771f44",
    "ccid": "66ed8cbb8ac54732f5771f44"
}{
    "type": "Feature",
    "geometry": {
        "type": "Point",
        "coordinates": [
            33.06771962,
            -111.97102692
        ]
    },
    "properties": {
        "cc_label": "p04-173-c",
        "PLPAD": {
            "1999173": 11.0
        },
        "CHTD": {
            "1999173": 0.44
        },
        "CWID": {
            "1999173": 0.45
        },
        "STDD": {
            "1999173": 7.98
        }
    },
    "_id": "66ed8cbb8ac54732f5771f45",
    "ccid": "66ed8cbb8ac54732f5771f45"
}{
    "type": "Feature",
    "geometry": {
        "type": "Point",
        "coordinates": [
            33.06758823,
            -111.97179891
        ]
    },
    "properties": {
        "cc_label": "p05-173-a",
        "PLPAD": {
            "1999173": 9.5
        },
        "CHTD": {
            "1999173": 0.4
        },
        "CWID": {
            "1999173": 0.44
        },
        "STDD": {
            "1999173": 7.38
        }
    },
    "_id": "66ed8cbb8ac54732f5771f5e",
    "ccid": "66ed8cbb8ac54732f5771f5e"
}{
    "type": "Feature",
    "geometry": {
        "type": "Point",
        "coordinates": [
            33.06755261,
            -111.97173961
        ]
    },
    "properties": {
        "cc_label": "p05-173-b",
        "PLPAD": {
            "1999173": 10.5
        },
        "CHTD": {
            "1999173": 0.44
        },
        "CWID": {
            "1999173": 0.47
        },
        "STDD": {
            "1999173": 8.48
        }
    },
    "_id": "66ed8cbb8ac54732f5771f5f",
    "ccid": "66ed8cbb8ac54732f5771f5f"
}{
    "type": "Feature",
    "geometry": {
        "type": "Point",
        "coordinates": [
            33.06749804,
            -111.97179792
        ]
    },
    "properties": {
        "cc_label": "p05-173-c",
        "PLPAD": {
            "1999173": 9.0
        },
        "CHTD": {
            "1999173": 0.33
        },
        "CWID": {
            "1999173": 0.33
        },
        "STDD": {
            "1999173": 7.32
        }
    },
    "_id": "66ed8cbb8ac54732f5771f60",
    "ccid": "66ed8cbb8ac54732f5771f60"
}{
    "type": "Feature",
    "geometry": {
        "type": "Point",
        "coordinates": [
            33.0675912,
            -111.97153328
        ]
    },
    "properties": {
        "cc_label": "p06-173-a",
        "PLPAD": {
            "1999173": 10.5
        },
        "CHTD": {
            "1999173": 0.39
        },
        "CWID": {
            "1999173": 0.43
        },
        "STDD": {
            "1999173": 8.28
        }
    },
    "_id": "66ed8cbb8ac54732f5771f79",
    "ccid": "66ed8cbb8ac54732f5771f79"
}{
    "type": "Feature",
    "geometry": {
        "type": "Point",
        "coordinates": [
            33.06755558,
            -111.97147397
        ]
    },
    "properties": {
        "cc_label": "p06-173-b",
        "PLPAD": {
            "1999173": 11.5
        },
        "CHTD": {
            "1999173": 0.43
        },
        "CWID": {
            "1999173": 0.46
        },
        "STDD": {
            "1999173": 8.0
        }
    },
    "_id": "66ed8cbb8ac54732f5771f7a",
    "ccid": "66ed8cbb8ac54732f5771f7a"
}{
    "type": "Feature",
    "geometry": {
        "type": "Point",
        "coordinates": [
            33.06750101,
            -111.97153229
        ]
    },
    "properties": {
        "cc_label": "p06-173-c",
        "PLPAD": {
            "1999173": 8.5
        },
        "CHTD": {
            "1999173": 0.38
        },
        "CWID": {
            "1999173": 0.38
        },
        "STDD": {
            "1999173": 8.06
        }
    },
    "_id": "66ed8cbb8ac54732f5771f7b",
    "ccid": "66ed8cbb8ac54732f5771f7b"
}{
    "type": "Feature",
    "geometry": {
        "type": "Point",
        "coordinates": [
            33.06758778,
            -111.97127722
        ]
    },
    "properties": {
        "cc_label": "p07-173-a",
        "PLPAD": {
            "1999173": 8.0
        },
        "CHTD": {
            "1999173": 0.42
        },
        "CWID": {
            "1999173": 0.42
        },
        "STDD": {
            "1999173": 8.9
        }
    },
    "_id": "66ed8cbb8ac54732f5771f94",
    "ccid": "66ed8cbb8ac54732f5771f94"
}{
    "type": "Feature",
    "geometry": {
        "type": "Point",
        "coordinates": [
            33.06755217,
            -111.97121791
        ]
    },
    "properties": {
        "cc_label": "p07-173-b",
        "PLPAD": {
            "1999173": 11.0
        },
        "CHTD": {
            "1999173": 0.47
        },
        "CWID": {
            "1999173": 0.41
        },
        "STDD": {
            "1999173": 7.96
        }
    },
    "_id": "66ed8cbb8ac54732f5771f95",
    "ccid": "66ed8cbb8ac54732f5771f95"
}{
    "type": "Feature",
    "geometry": {
        "type": "Point",
        "coordinates": [
            33.06749759,
            -111.97127623
        ]
    },
    "properties": {
        "cc_label": "p07-173-c",
        "PLPAD": {
            "1999173": 8.0
        },
        "CHTD": {
            "1999173": 0.37
        },
        "CWID": {
            "1999173": 0.4
        },
        "STDD": {
            "1999173": 8.42
        }
    },
    "_id": "66ed8cbb8ac54732f5771f96",
    "ccid": "66ed8cbb8ac54732f5771f96"
}{
    "type": "Feature",
    "geometry": {
        "type": "Point",
        "coordinates": [
            33.06759074,
            -111.97101373
        ]
    },
    "properties": {
        "cc_label": "p08-173-a",
        "PLPAD": {
            "1999173": 8.5
        },
        "CHTD": {
            "1999173": 0.4
        },
        "CWID": {
            "1999173": 0.4
        },
        "STDD": {
            "1999173": 7.94
        }
    },
    "_id": "66ed8cbb8ac54732f5771fac",
    "ccid": "66ed8cbb8ac54732f5771fac"
}{
    "type": "Feature",
    "geometry": {
        "type": "Point",
        "coordinates": [
            33.06755512,
            -111.97095442
        ]
    },
    "properties": {
        "cc_label": "p08-173-b",
        "PLPAD": {
            "1999173": 9.5
        },
        "CHTD": {
            "1999173": 0.41
        },
        "CWID": {
            "1999173": 0.38
        },
        "STDD": {
            "1999173": 8.02
        }
    },
    "_id": "66ed8cbb8ac54732f5771fad",
    "ccid": "66ed8cbb8ac54732f5771fad"
}{
    "type": "Feature",
    "geometry": {
        "type": "Point",
        "coordinates": [
            33.06750055,
            -111.97101273
        ]
    },
    "properties": {
        "cc_label": "p08-173-c",
        "PLPAD": {
            "1999173": 9.5
        },
        "CHTD": {
            "1999173": 0.32
        },
        "CWID": {
            "1999173": 0.39
        },
        "STDD": {
            "1999173": 8.24
        }
    },
    "_id": "66ed8cbb8ac54732f5771fae",
    "ccid": "66ed8cbb8ac54732f5771fae"
}{
    "type": "Feature",
    "geometry": {
        "type": "Point",
        "coordinates": [
            33.06734383,
            -111.97179409
        ]
    },
    "properties": {
        "cc_label": "p09-173-a",
        "PLPAD": {
            "1999173": 10.5
        },
        "CHTD": {
            "1999173": 0.47
        },
        "CWID": {
            "1999173": 0.42
        },
        "STDD": {
            "1999173": 9.16
        }
    },
    "_id": "66ed8cbb8ac54732f5771fc4",
    "ccid": "66ed8cbb8ac54732f5771fc4"
}{
    "type": "Feature",
    "geometry": {
        "type": "Point",
        "coordinates": [
            33.06730821,
            -111.97173478
        ]
    },
    "properties": {
        "cc_label": "p09-173-b",
        "PLPAD": {
            "1999173": 8.0
        },
        "CHTD": {
            "1999173": 0.35
        },
        "CWID": {
            "1999173": 0.29
        },
        "STDD": {
            "1999173": 7.7
        }
    },
    "_id": "66ed8cbb8ac54732f5771fc5",
    "ccid": "66ed8cbb8ac54732f5771fc5"
}{
    "type": "Feature",
    "geometry": {
        "type": "Point",
        "coordinates": [
            33.06725364,
            -111.97179309
        ]
    },
    "properties": {
        "cc_label": "p09-173-c",
        "PLPAD": {
            "1999173": 9.0
        },
        "CHTD": {
            "1999173": 0.38
        },
        "CWID": {
            "1999173": 0.44
        },
        "STDD": {
            "1999173": 8.36
        }
    },
    "_id": "66ed8cbb8ac54732f5771fc6",
    "ccid": "66ed8cbb8ac54732f5771fc6"
}{
    "type": "Feature",
    "geometry": {
        "type": "Point",
        "coordinates": [
            33.06734229,
            -111.97152947
        ]
    },
    "properties": {
        "cc_label": "p10-173-a",
        "PLPAD": {
            "1999173": 9.5
        },
        "CHTD": {
            "1999173": 0.43
        },
        "CWID": {
            "1999173": 0.46
        },
        "STDD": {
            "1999173": 9.4
        }
    },
    "_id": "66ed8cbb8ac54732f5771fdf",
    "ccid": "66ed8cbb8ac54732f5771fdf"
}{
    "type": "Feature",
    "geometry": {
        "type": "Point",
        "coordinates": [
            33.06730667,
            -111.97147016
        ]
    },
    "properties": {
        "cc_label": "p10-173-b",
        "PLPAD": {
            "1999173": 7.0
        },
        "CHTD": {
            "1999173": 0.42
        },
        "CWID": {
            "1999173": 0.47
        },
        "STDD": {
            "1999173": 9.48
        }
    },
    "_id": "66ed8cbb8ac54732f5771fe0",
    "ccid": "66ed8cbb8ac54732f5771fe0"
}{
    "type": "Feature",
    "geometry": {
        "type": "Point",
        "coordinates": [
            33.0672521,
            -111.97152848
        ]
    },
    "properties": {
        "cc_label": "p10-173-c",
        "PLPAD": {
            "1999173": 11.5
        },
        "CHTD": {
            "1999173": 0.43
        },
        "CWID": {
            "1999173": 0.5
        },
        "STDD": {
            "1999173": 7.68
        }
    },
    "_id": "66ed8cbb8ac54732f5771fe1",
    "ccid": "66ed8cbb8ac54732f5771fe1"
}{
    "type": "Feature",
    "geometry": {
        "type": "Point",
        "coordinates": [
            33.06733705,
            -111.97127553
        ]
    },
    "properties": {
        "cc_label": "p11-173-a",
        "PLPAD": {
            "1999173": 8.0
        },
        "CHTD": {
            "1999173": 0.49
        },
        "CWID": {
            "1999173": 0.51
        },
        "STDD": {
            "1999173": 10.3
        }
    },
    "_id": "66ed8cbb8ac54732f5771ffa",
    "ccid": "66ed8cbb8ac54732f5771ffa"
}{
    "type": "Feature",
    "geometry": {
        "type": "Point",
        "coordinates": [
            33.06730143,
            -111.97121622
        ]
    },
    "properties": {
        "cc_label": "p11-173-b",
        "PLPAD": {
            "1999173": 11.0
        },
        "CHTD": {
            "1999173": 0.45
        },
        "CWID": {
            "1999173": 0.44
        },
        "STDD": {
            "1999173": 8.72
        }
    },
    "_id": "66ed8cbb8ac54732f5771ffb",
    "ccid": "66ed8cbb8ac54732f5771ffb"
}{
    "type": "Feature",
    "geometry": {
        "type": "Point",
        "coordinates": [
            33.06724686,
            -111.97127454
        ]
    },
    "properties": {
        "cc_label": "p11-173-c",
        "PLPAD": {
            "1999173": 7.0
        },
        "CHTD": {
            "1999173": 0.44
        },
        "CWID": {
            "1999173": 0.45
        },
        "STDD": {
            "1999173": 7.9
        }
    },
    "_id": "66ed8cbb8ac54732f5771ffc",
    "ccid": "66ed8cbb8ac54732f5771ffc"
}{
    "type": "Feature",
    "geometry": {
        "type": "Point",
        "coordinates": [
            33.06734264,
            -111.97102064
        ]
    },
    "properties": {
        "cc_label": "p12-173-a",
        "PLPAD": {
            "1999173": 10.5
        },
        "CHTD": {
            "1999173": 0.44
        },
        "CWID": {
            "1999173": 0.51
        },
        "STDD": {
            "1999173": 8.78
        }
    },
    "_id": "66ed8cbb8ac54732f5772012",
    "ccid": "66ed8cbb8ac54732f5772012"
}{
    "type": "Feature",
    "geometry": {
        "type": "Point",
        "coordinates": [
            33.06730702,
            -111.97096133
        ]
    },
    "properties": {
        "cc_label": "p12-173-b",
        "PLPAD": {
            "1999173": 8.5
        },
        "CHTD": {
            "1999173": 0.42
        },
        "CWID": {
            "1999173": 0.44
        },
        "STDD": {
            "1999173": 8.64
        }
    },
    "_id": "66ed8cbb8ac54732f5772013",
    "ccid": "66ed8cbb8ac54732f5772013"
}{
    "type": "Feature",
    "geometry": {
        "type": "Point",
        "coordinates": [
            33.06725245,
            -111.97101965
        ]
    },
    "properties": {
        "cc_label": "p12-173-c",
        "PLPAD": {
            "1999173": 11.5
        },
        "CHTD": {
            "1999173": 0.43
        },
        "CWID": {
            "1999173": 0.47
        },
        "STDD": {
            "1999173": 8.98
        }
    },
    "_id": "66ed8cbb8ac54732f5772014",
    "ccid": "66ed8cbb8ac54732f5772014"
}{
    "type": "Feature",
    "geometry": {
        "type": "Point",
        "coordinates": [
            33.06712194,
            -111.97179486
        ]
    },
    "properties": {
        "cc_label": "p13-173-a",
        "PLPAD": {
            "1999173": 9.5
        },
        "CHTD": {
            "1999173": 0.42
        },
        "CWID": {
            "1999173": 0.48
        },
        "STDD": {
            "1999173": 9.1
        }
    },
    "_id": "66ed8cbb8ac54732f577202b",
    "ccid": "66ed8cbb8ac54732f577202b"
}{
    "type": "Feature",
    "geometry": {
        "type": "Point",
        "coordinates": [
            33.06708632,
            -111.97173555
        ]
    },
    "properties": {
        "cc_label": "p13-173-b",
        "PLPAD": {
            "1999173": 9.5
        },
        "CHTD": {
            "1999173": 0.47
        },
        "CWID": {
            "1999173": 0.47
        },
        "STDD": {
            "1999173": 9.64
        }
    },
    "_id": "66ed8cbb8ac54732f577202c",
    "ccid": "66ed8cbb8ac54732f577202c"
}{
    "type": "Feature",
    "geometry": {
        "type": "Point",
        "coordinates": [
            33.06703175,
            -111.97179387
        ]
    },
    "properties": {
        "cc_label": "p13-173-c",
        "PLPAD": {
            "1999173": 7.5
        },
        "CHTD": {
            "1999173": 0.47
        },
        "CWID": {
            "1999173": 0.5
        },
        "STDD": {
            "1999173": 10.46
        }
    },
    "_id": "66ed8cbb8ac54732f577202d",
    "ccid": "66ed8cbb8ac54732f577202d"
}{
    "type": "Feature",
    "geometry": {
        "type": "Point",
        "coordinates": [
            33.06712221,
            -111.9715292
        ]
    },
    "properties": {
        "cc_label": "p14-173-a",
        "PLPAD": {
            "1999173": 11.0
        },
        "CHTD": {
            "1999173": 0.48
        },
        "CWID": {
            "1999173": 0.4
        },
        "STDD": {
            "1999173": 9.26
        }
    },
    "_id": "66ed8cbb8ac54732f5772046",
    "ccid": "66ed8cbb8ac54732f5772046"
}{
    "type": "Feature",
    "geometry": {
        "type": "Point",
        "coordinates": [
            33.06708659,
            -111.97146989
        ]
    },
    "properties": {
        "cc_label": "p14-173-b",
        "PLPAD": {
            "1999173": 11.0
        },
        "CHTD": {
            "1999173": 0.48
        },
        "CWID": {
            "1999173": 0.46
        },
        "STDD": {
            "1999173": 8.94
        }
    },
    "_id": "66ed8cbb8ac54732f5772047",
    "ccid": "66ed8cbb8ac54732f5772047"
}{
    "type": "Feature",
    "geometry": {
        "type": "Point",
        "coordinates": [
            33.06703202,
            -111.97152821
        ]
    },
    "properties": {
        "cc_label": "p14-173-c",
        "PLPAD": {
            "1999173": 8.5
        },
        "CHTD": {
            "1999173": 0.44
        },
        "CWID": {
            "1999173": 0.49
        },
        "STDD": {
            "1999173": 9.86
        }
    },
    "_id": "66ed8cbb8ac54732f5772048",
    "ccid": "66ed8cbb8ac54732f5772048"
}{
    "type": "Feature",
    "geometry": {
        "type": "Point",
        "coordinates": [
            33.06712055,
            -111.97127851
        ]
    },
    "properties": {
        "cc_label": "p15-173-a",
        "PLPAD": {
            "1999173": 11.5
        },
        "CHTD": {
            "1999173": 0.47
        },
        "CWID": {
            "1999173": 0.44
        },
        "STDD": {
            "1999173": 8.6
        }
    },
    "_id": "66ed8cbb8ac54732f5772060",
    "ccid": "66ed8cbb8ac54732f5772060"
}{
    "type": "Feature",
    "geometry": {
        "type": "Point",
        "coordinates": [
            33.06708493,
            -111.9712192
        ]
    },
    "properties": {
        "cc_label": "p15-173-b",
        "PLPAD": {
            "1999173": 11.5
        },
        "CHTD": {
            "1999173": 0.48
        },
        "CWID": {
            "1999173": 0.51
        },
        "STDD": {
            "1999173": 8.02
        }
    },
    "_id": "66ed8cbb8ac54732f5772061",
    "ccid": "66ed8cbb8ac54732f5772061"
}{
    "type": "Feature",
    "geometry": {
        "type": "Point",
        "coordinates": [
            33.06703036,
            -111.97127752
        ]
    },
    "properties": {
        "cc_label": "p15-173-c",
        "PLPAD": {
            "1999173": 7.5
        },
        "CHTD": {
            "1999173": 0.46
        },
        "CWID": {
            "1999173": 0.46
        },
        "STDD": {
            "1999173": 11.16
        }
    },
    "_id": "66ed8cbb8ac54732f5772062",
    "ccid": "66ed8cbb8ac54732f5772062"
}{
    "type": "Feature",
    "geometry": {
        "type": "Point",
        "coordinates": [
            33.06711626,
            -111.97101923
        ]
    },
    "properties": {
        "cc_label": "p16-173-a",
        "PLPAD": {
            "1999173": 10.0
        },
        "CHTD": {
            "1999173": 0.47
        },
        "CWID": {
            "1999173": 0.45
        },
        "STDD": {
            "1999173": 8.68
        }
    },
    "_id": "66ed8cbb8ac54732f5772078",
    "ccid": "66ed8cbb8ac54732f5772078"
}{
    "type": "Feature",
    "geometry": {
        "type": "Point",
        "coordinates": [
            33.06708064,
            -111.97095992
        ]
    },
    "properties": {
        "cc_label": "p16-173-b",
        "PLPAD": {
            "1999173": 10.0
        },
        "CHTD": {
            "1999173": 0.44
        },
        "CWID": {
            "1999173": 0.5
        },
        "STDD": {
            "1999173": 9.54
        }
    },
    "_id": "66ed8cbb8ac54732f5772079",
    "ccid": "66ed8cbb8ac54732f5772079"
}{
    "type": "Feature",
    "geometry": {
        "type": "Point",
        "coordinates": [
            33.06702607,
            -111.97101824
        ]
    },
    "properties": {
        "cc_label": "p16-173-c",
        "PLPAD": {
            "1999173": 10.0
        },
        "CHTD": {
            "1999173": 0.49
        },
        "CWID": {
            "1999173": 0.5
        },
        "STDD": {
            "1999173": 9.62
        }
    },
    "_id": "66ed8cbb8ac54732f577207a",
    "ccid": "66ed8cbb8ac54732f577207a"
}{
    "type": "Feature",
    "geometry": {
        "type": "Point",
        "coordinates": [
            33.06776453,
            -111.97186191
        ]
    },
    "properties": {
        "cc_label": "p01-180-a",
        "PLPAD": {
            "1999180": 7.5
        },
        "CHTD": {
            "1999180": 0.55
        },
        "CWID": {
            "1999180": 0.51
        },
        "STDD": {
            "1999180": 10.16
        }
    },
    "_id": "66ed8cbb8ac54732f5771eef",
    "ccid": "66ed8cbb8ac54732f5771eef"
}{
    "type": "Feature",
    "geometry": {
        "type": "Point",
        "coordinates": [
            33.06781989,
            -111.97170184
        ]
    },
    "properties": {
        "cc_label": "p01-180-b",
        "PLPAD": {
            "1999180": 8.0
        },
        "CHTD": {
            "1999180": 0.62
        },
        "CWID": {
            "1999180": 0.63
        },
        "STDD": {
            "1999180": 11.4
        }
    },
    "_id": "66ed8cbb8ac54732f5771ef0",
    "ccid": "66ed8cbb8ac54732f5771ef0"
}{
    "type": "Feature",
    "geometry": {
        "type": "Point",
        "coordinates": [
            33.06767525,
            -111.9717431
        ]
    },
    "properties": {
        "cc_label": "p01-180-c",
        "PLPAD": {
            "1999180": 9.5
        },
        "CHTD": {
            "1999180": 0.61
        },
        "CWID": {
            "1999180": 0.58
        },
        "STDD": {
            "1999180": 9.38
        }
    },
    "_id": "66ed8cbb8ac54732f5771ef1",
    "ccid": "66ed8cbb8ac54732f5771ef1"
}{
    "type": "Feature",
    "geometry": {
        "type": "Point",
        "coordinates": [
            33.06776656,
            -111.97160055
        ]
    },
    "properties": {
        "cc_label": "p02-180-a",
        "PLPAD": {
            "1999180": 7.5
        },
        "CHTD": {
            "1999180": 0.63
        },
        "CWID": {
            "1999180": 0.57
        },
        "STDD": {
            "1999180": 10.1
        }
    },
    "_id": "66ed8cbb8ac54732f5771f0d",
    "ccid": "66ed8cbb8ac54732f5771f0d"
}{
    "type": "Feature",
    "geometry": {
        "type": "Point",
        "coordinates": [
            33.06782193,
            -111.97144048
        ]
    },
    "properties": {
        "cc_label": "p02-180-b",
        "PLPAD": {
            "1999180": 9.5
        },
        "CHTD": {
            "1999180": 0.62
        },
        "CWID": {
            "1999180": 0.54
        },
        "STDD": {
            "1999180": 10.84
        }
    },
    "_id": "66ed8cbb8ac54732f5771f0e",
    "ccid": "66ed8cbb8ac54732f5771f0e"
}{
    "type": "Feature",
    "geometry": {
        "type": "Point",
        "coordinates": [
            33.06767729,
            -111.97148174
        ]
    },
    "properties": {
        "cc_label": "p02-180-c",
        "PLPAD": {
            "1999180": 12.0
        },
        "CHTD": {
            "1999180": 0.55
        },
        "CWID": {
            "1999180": 0.49
        },
        "STDD": {
            "1999180": 9.2
        }
    },
    "_id": "66ed8cbb8ac54732f5771f0f",
    "ccid": "66ed8cbb8ac54732f5771f0f"
}{
    "type": "Feature",
    "geometry": {
        "type": "Point",
        "coordinates": [
            33.06754268,
            -111.97185733
        ]
    },
    "properties": {
        "cc_label": "p05-180-a",
        "PLPAD": {
            "1999180": 11.0
        },
        "CHTD": {
            "1999180": 0.6
        },
        "CWID": {
            "1999180": 0.55
        },
        "STDD": {
            "1999180": 9.54
        }
    },
    "_id": "66ed8cbb8ac54732f5771f61",
    "ccid": "66ed8cbb8ac54732f5771f61"
}{
    "type": "Feature",
    "geometry": {
        "type": "Point",
        "coordinates": [
            33.06759804,
            -111.97169726
        ]
    },
    "properties": {
        "cc_label": "p05-180-b",
        "PLPAD": {
            "1999180": 10.0
        },
        "CHTD": {
            "1999180": 0.57
        },
        "CWID": {
            "1999180": 0.56
        },
        "STDD": {
            "1999180": 11.1
        }
    },
    "_id": "66ed8cbb8ac54732f5771f62",
    "ccid": "66ed8cbb8ac54732f5771f62"
}{
    "type": "Feature",
    "geometry": {
        "type": "Point",
        "coordinates": [
            33.0674534,
            -111.97173851
        ]
    },
    "properties": {
        "cc_label": "p05-180-c",
        "PLPAD": {
            "1999180": 10.5
        },
        "CHTD": {
            "1999180": 0.62
        },
        "CWID": {
            "1999180": 0.53
        },
        "STDD": {
            "1999180": 10.66
        }
    },
    "_id": "66ed8cbb8ac54732f5771f63",
    "ccid": "66ed8cbb8ac54732f5771f63"
}{
    "type": "Feature",
    "geometry": {
        "type": "Point",
        "coordinates": [
            33.06754565,
            -111.9715917
        ]
    },
    "properties": {
        "cc_label": "p06-180-a",
        "PLPAD": {
            "1999180": 10.0
        },
        "CHTD": {
            "1999180": 0.57
        },
        "CWID": {
            "1999180": 0.57
        },
        "STDD": {
            "1999180": 8.64
        }
    },
    "_id": "66ed8cbb8ac54732f5771f7c",
    "ccid": "66ed8cbb8ac54732f5771f7c"
}{
    "type": "Feature",
    "geometry": {
        "type": "Point",
        "coordinates": [
            33.06760101,
            -111.97143162
        ]
    },
    "properties": {
        "cc_label": "p06-180-b",
        "PLPAD": {
            "1999180": 6.0
        },
        "CHTD": {
            "1999180": 0.58
        },
        "CWID": {
            "1999180": 0.55
        },
        "STDD": {
            "1999180": 11.36
        }
    },
    "_id": "66ed8cbb8ac54732f5771f7d",
    "ccid": "66ed8cbb8ac54732f5771f7d"
}{
    "type": "Feature",
    "geometry": {
        "type": "Point",
        "coordinates": [
            33.06745638,
            -111.97147288
        ]
    },
    "properties": {
        "cc_label": "p06-180-c",
        "PLPAD": {
            "1999180": 8.5
        },
        "CHTD": {
            "1999180": 0.59
        },
        "CWID": {
            "1999180": 0.48
        },
        "STDD": {
            "1999180": 9.94
        }
    },
    "_id": "66ed8cbb8ac54732f5771f7e",
    "ccid": "66ed8cbb8ac54732f5771f7e"
}{
    "type": "Feature",
    "geometry": {
        "type": "Point",
        "coordinates": [
            33.06729828,
            -111.9718525
        ]
    },
    "properties": {
        "cc_label": "p09-180-a",
        "PLPAD": {
            "1999180": 10.5
        },
        "CHTD": {
            "1999180": 0.54
        },
        "CWID": {
            "1999180": 0.43
        },
        "STDD": {
            "1999180": 9.46
        }
    },
    "_id": "66ed8cbb8ac54732f5771fc7",
    "ccid": "66ed8cbb8ac54732f5771fc7"
}{
    "type": "Feature",
    "geometry": {
        "type": "Point",
        "coordinates": [
            33.06735364,
            -111.97169243
        ]
    },
    "properties": {
        "cc_label": "p09-180-b",
        "PLPAD": {
            "1999180": 10.5
        },
        "CHTD": {
            "1999180": 0.63
        },
        "CWID": {
            "1999180": 0.5
        },
        "STDD": {
            "1999180": 10.94
        }
    },
    "_id": "66ed8cbb8ac54732f5771fc8",
    "ccid": "66ed8cbb8ac54732f5771fc8"
}{
    "type": "Feature",
    "geometry": {
        "type": "Point",
        "coordinates": [
            33.06720901,
            -111.97173369
        ]
    },
    "properties": {
        "cc_label": "p09-180-c",
        "PLPAD": {
            "1999180": 10.0
        },
        "CHTD": {
            "1999180": 0.56
        },
        "CWID": {
            "1999180": 0.47
        },
        "STDD": {
            "1999180": 10.22
        }
    },
    "_id": "66ed8cbb8ac54732f5771fc9",
    "ccid": "66ed8cbb8ac54732f5771fc9"
}{
    "type": "Feature",
    "geometry": {
        "type": "Point",
        "coordinates": [
            33.06729673,
            -111.97158789
        ]
    },
    "properties": {
        "cc_label": "p10-180-a",
        "PLPAD": {
            "1999180": 11.5
        },
        "CHTD": {
            "1999180": 0.56
        },
        "CWID": {
            "1999180": 0.46
        },
        "STDD": {
            "1999180": 11.08
        }
    },
    "_id": "66ed8cbb8ac54732f5771fe2",
    "ccid": "66ed8cbb8ac54732f5771fe2"
}{
    "type": "Feature",
    "geometry": {
        "type": "Point",
        "coordinates": [
            33.0673521,
            -111.97142781
        ]
    },
    "properties": {
        "cc_label": "p10-180-b",
        "PLPAD": {
            "1999180": 10.5
        },
        "CHTD": {
            "1999180": 0.74
        },
        "CWID": {
            "1999180": 0.53
        },
        "STDD": {
            "1999180": 11.46
        }
    },
    "_id": "66ed8cbb8ac54732f5771fe3",
    "ccid": "66ed8cbb8ac54732f5771fe3"
}{
    "type": "Feature",
    "geometry": {
        "type": "Point",
        "coordinates": [
            33.06720746,
            -111.97146907
        ]
    },
    "properties": {
        "cc_label": "p10-180-c",
        "PLPAD": {
            "1999180": 11.0
        },
        "CHTD": {
            "1999180": 0.66
        },
        "CWID": {
            "1999180": 0.53
        },
        "STDD": {
            "1999180": 10.24
        }
    },
    "_id": "66ed8cbb8ac54732f5771fe4",
    "ccid": "66ed8cbb8ac54732f5771fe4"
}{
    "type": "Feature",
    "geometry": {
        "type": "Point",
        "coordinates": [
            33.06707639,
            -111.97185328
        ]
    },
    "properties": {
        "cc_label": "p13-180-a",
        "PLPAD": {
            "1999180": 8.5
        },
        "CHTD": {
            "1999180": 0.52
        },
        "CWID": {
            "1999180": 0.49
        },
        "STDD": {
            "1999180": 10.88
        }
    },
    "_id": "66ed8cbb8ac54732f577202e",
    "ccid": "66ed8cbb8ac54732f577202e"
}{
    "type": "Feature",
    "geometry": {
        "type": "Point",
        "coordinates": [
            33.06713175,
            -111.9716932
        ]
    },
    "properties": {
        "cc_label": "p13-180-b",
        "PLPAD": {
            "1999180": 8.5
        },
        "CHTD": {
            "1999180": 0.61
        },
        "CWID": {
            "1999180": 0.57
        },
        "STDD": {
            "1999180": 11.26
        }
    },
    "_id": "66ed8cbb8ac54732f577202f",
    "ccid": "66ed8cbb8ac54732f577202f"
}{
    "type": "Feature",
    "geometry": {
        "type": "Point",
        "coordinates": [
            33.06698711,
            -111.97173446
        ]
    },
    "properties": {
        "cc_label": "p13-180-c",
        "PLPAD": {
            "1999180": 10.5
        },
        "CHTD": {
            "1999180": 0.57
        },
        "CWID": {
            "1999180": 0.56
        },
        "STDD": {
            "1999180": 9.34
        }
    },
    "_id": "66ed8cbb8ac54732f5772030",
    "ccid": "66ed8cbb8ac54732f5772030"
}{
    "type": "Feature",
    "geometry": {
        "type": "Point",
        "coordinates": [
            33.06707665,
            -111.97158762
        ]
    },
    "properties": {
        "cc_label": "p14-180-a",
        "PLPAD": {
            "1999180": 10.0
        },
        "CHTD": {
            "1999180": 0.57
        },
        "CWID": {
            "1999180": 0.43
        },
        "STDD": {
            "1999180": 9.64
        }
    },
    "_id": "66ed8cbb8ac54732f5772049",
    "ccid": "66ed8cbb8ac54732f5772049"
}{
    "type": "Feature",
    "geometry": {
        "type": "Point",
        "coordinates": [
            33.06713202,
            -111.97142754
        ]
    },
    "properties": {
        "cc_label": "p14-180-b",
        "PLPAD": {
            "1999180": 11.0
        },
        "CHTD": {
            "1999180": 0.59
        },
        "CWID": {
            "1999180": 0.51
        },
        "STDD": {
            "1999180": 10.4
        }
    },
    "_id": "66ed8cbb8ac54732f577204a",
    "ccid": "66ed8cbb8ac54732f577204a"
}{
    "type": "Feature",
    "geometry": {
        "type": "Point",
        "coordinates": [
            33.06698738,
            -111.9714688
        ]
    },
    "properties": {
        "cc_label": "p14-180-c",
        "PLPAD": {
            "1999180": 12.5
        },
        "CHTD": {
            "1999180": 0.59
        },
        "CWID": {
            "1999180": 0.49
        },
        "STDD": {
            "1999180": 8.38
        }
    },
    "_id": "66ed8cbb8ac54732f577204b",
    "ccid": "66ed8cbb8ac54732f577204b"
}{
    "type": "Feature",
    "geometry": {
        "type": "Point",
        "coordinates": [
            33.06776453,
            -111.97186191
        ]
    },
    "properties": {
        "cc_label": "p01-187-a",
        "PLPAD": {
            "1999187": 9.0
        },
        "CHTD": {
            "1999187": 0.6
        },
        "CWID": {
            "1999187": 0.64
        },
        "STDD": {
            "1999187": 11.78
        }
    },
    "_id": "66ed8cbb8ac54732f5771ef2",
    "ccid": "66ed8cbb8ac54732f5771ef2"
}{
    "type": "Feature",
    "geometry": {
        "type": "Point",
        "coordinates": [
            33.06781989,
            -111.97170184
        ]
    },
    "properties": {
        "cc_label": "p01-187-b",
        "PLPAD": {
            "1999187": 9.5
        },
        "CHTD": {
            "1999187": 0.81
        },
        "CWID": {
            "1999187": 0.69
        },
        "STDD": {
            "1999187": 10.78
        }
    },
    "_id": "66ed8cbb8ac54732f5771ef3",
    "ccid": "66ed8cbb8ac54732f5771ef3"
}{
    "type": "Feature",
    "geometry": {
        "type": "Point",
        "coordinates": [
            33.06767525,
            -111.9717431
        ]
    },
    "properties": {
        "cc_label": "p01-187-c",
        "PLPAD": {
            "1999187": 9.0
        },
        "CHTD": {
            "1999187": 0.81
        },
        "CWID": {
            "1999187": 0.69
        },
        "STDD": {
            "1999187": 11.24
        }
    },
    "_id": "66ed8cbb8ac54732f5771ef4",
    "ccid": "66ed8cbb8ac54732f5771ef4"
}{
    "type": "Feature",
    "geometry": {
        "type": "Point",
        "coordinates": [
            33.06776656,
            -111.97160055
        ]
    },
    "properties": {
        "cc_label": "p02-187-a",
        "PLPAD": {
            "1999187": 6.5
        },
        "CHTD": {
            "1999187": 0.7
        },
        "CWID": {
            "1999187": 0.68
        },
        "STDD": {
            "1999187": 11.42
        }
    },
    "_id": "66ed8cbb8ac54732f5771f10",
    "ccid": "66ed8cbb8ac54732f5771f10"
}{
    "type": "Feature",
    "geometry": {
        "type": "Point",
        "coordinates": [
            33.06782193,
            -111.97144048
        ]
    },
    "properties": {
        "cc_label": "p02-187-b",
        "PLPAD": {
            "1999187": 7.5
        },
        "CHTD": {
            "1999187": 0.71
        },
        "CWID": {
            "1999187": 0.69
        },
        "STDD": {
            "1999187": 10.96
        }
    },
    "_id": "66ed8cbb8ac54732f5771f11",
    "ccid": "66ed8cbb8ac54732f5771f11"
}{
    "type": "Feature",
    "geometry": {
        "type": "Point",
        "coordinates": [
            33.06767729,
            -111.97148174
        ]
    },
    "properties": {
        "cc_label": "p02-187-c",
        "PLPAD": {
            "1999187": 9.0
        },
        "CHTD": {
            "1999187": 0.78
        },
        "CWID": {
            "1999187": 0.72
        },
        "STDD": {
            "1999187": 10.12
        }
    },
    "_id": "66ed8cbb8ac54732f5771f12",
    "ccid": "66ed8cbb8ac54732f5771f12"
}{
    "type": "Feature",
    "geometry": {
        "type": "Point",
        "coordinates": [
            33.06776502,
            -111.97133487
        ]
    },
    "properties": {
        "cc_label": "p03-187-a",
        "PLPAD": {
            "1999187": 10.5
        },
        "CHTD": {
            "1999187": 0.79
        },
        "CWID": {
            "1999187": 0.71
        },
        "STDD": {
            "1999187": 10.52
        }
    },
    "_id": "66ed8cbb8ac54732f5771f2b",
    "ccid": "66ed8cbb8ac54732f5771f2b"
}{
    "type": "Feature",
    "geometry": {
        "type": "Point",
        "coordinates": [
            33.06782039,
            -111.97117479
        ]
    },
    "properties": {
        "cc_label": "p03-187-b",
        "PLPAD": {
            "1999187": 8.0
        },
        "CHTD": {
            "1999187": 0.79
        },
        "CWID": {
            "1999187": 0.68
        },
        "STDD": {
            "1999187": 12.26
        }
    },
    "_id": "66ed8cbb8ac54732f5771f2c",
    "ccid": "66ed8cbb8ac54732f5771f2c"
}{
    "type": "Feature",
    "geometry": {
        "type": "Point",
        "coordinates": [
            33.06767575,
            -111.97121605
        ]
    },
    "properties": {
        "cc_label": "p03-187-c",
        "PLPAD": {
            "1999187": 9.5
        },
        "CHTD": {
            "1999187": 0.82
        },
        "CWID": {
            "1999187": 0.72
        },
        "STDD": {
            "1999187": 11.6
        }
    },
    "_id": "66ed8cbb8ac54732f5771f2d",
    "ccid": "66ed8cbb8ac54732f5771f2d"
}{
    "type": "Feature",
    "geometry": {
        "type": "Point",
        "coordinates": [
            33.06776425,
            -111.97108633
        ]
    },
    "properties": {
        "cc_label": "p04-187-a",
        "PLPAD": {
            "1999187": 11.5
        },
        "CHTD": {
            "1999187": 0.73
        },
        "CWID": {
            "1999187": 0.71
        },
        "STDD": {
            "1999187": 10.4
        }
    },
    "_id": "66ed8cbb8ac54732f5771f46",
    "ccid": "66ed8cbb8ac54732f5771f46"
}{
    "type": "Feature",
    "geometry": {
        "type": "Point",
        "coordinates": [
            33.06781962,
            -111.97092626
        ]
    },
    "properties": {
        "cc_label": "p04-187-b",
        "PLPAD": {
            "1999187": 6.0
        },
        "CHTD": {
            "1999187": 0.74
        },
        "CWID": {
            "1999187": 0.7
        },
        "STDD": {
            "1999187": 12.52
        }
    },
    "_id": "66ed8cbb8ac54732f5771f47",
    "ccid": "66ed8cbb8ac54732f5771f47"
}{
    "type": "Feature",
    "geometry": {
        "type": "Point",
        "coordinates": [
            33.06767498,
            -111.97096752
        ]
    },
    "properties": {
        "cc_label": "p04-187-c",
        "PLPAD": {
            "1999187": 13.0
        },
        "CHTD": {
            "1999187": 0.71
        },
        "CWID": {
            "1999187": 0.67
        },
        "STDD": {
            "1999187": 10.56
        }
    },
    "_id": "66ed8cbb8ac54732f5771f48",
    "ccid": "66ed8cbb8ac54732f5771f48"
}{
    "type": "Feature",
    "geometry": {
        "type": "Point",
        "coordinates": [
            33.06780962,
            -111.97186241
        ]
    },
    "properties": {
        "cc_label": "p01-194-a",
        "PLPAD": {
            "1999194": 8.5
        },
        "CHTD": {
            "1999194": 0.79
        },
        "CWID": {
            "1999194": 0.79
        },
        "STDD": {
            "1999194": 11.74
        }
    },
    "_id": "66ed8cbb8ac54732f5771ef5",
    "ccid": "66ed8cbb8ac54732f5771ef5"
}{
    "type": "Feature",
    "geometry": {
        "type": "Point",
        "coordinates": [
            33.06774741,
            -111.97174389
        ]
    },
    "properties": {
        "cc_label": "p01-194-b",
        "PLPAD": {
            "1999194": 7.5
        },
        "CHTD": {
            "1999194": 0.83
        },
        "CWID": {
            "1999194": 0.76
        },
        "STDD": {
            "1999194": 12.5
        }
    },
    "_id": "66ed8cbb8ac54732f5771ef6",
    "ccid": "66ed8cbb8ac54732f5771ef6"
}{
    "type": "Feature",
    "geometry": {
        "type": "Point",
        "coordinates": [
            33.06771041,
            -111.97186132
        ]
    },
    "properties": {
        "cc_label": "p01-194-c",
        "PLPAD": {
            "1999194": 11.0
        },
        "CHTD": {
            "1999194": 0.89
        },
        "CWID": {
            "1999194": 0.74
        },
        "STDD": {
            "1999194": 12.1
        }
    },
    "_id": "66ed8cbb8ac54732f5771ef7",
    "ccid": "66ed8cbb8ac54732f5771ef7"
}{
    "type": "Feature",
    "geometry": {
        "type": "Point",
        "coordinates": [
            33.06781166,
            -111.97160105
        ]
    },
    "properties": {
        "cc_label": "p02-194-a",
        "PLPAD": {
            "1999194": 8.0
        },
        "CHTD": {
            "1999194": 0.9
        },
        "CWID": {
            "1999194": 0.77
        },
        "STDD": {
            "1999194": 12.56
        }
    },
    "_id": "66ed8cbb8ac54732f5771f13",
    "ccid": "66ed8cbb8ac54732f5771f13"
}{
    "type": "Feature",
    "geometry": {
        "type": "Point",
        "coordinates": [
            33.06774944,
            -111.97148253
        ]
    },
    "properties": {
        "cc_label": "p02-194-b",
        "PLPAD": {
            "1999194": 8.5
        },
        "CHTD": {
            "1999194": 0.88
        },
        "CWID": {
            "1999194": 0.72
        },
        "STDD": {
            "1999194": 11.24
        }
    },
    "_id": "66ed8cbb8ac54732f5771f14",
    "ccid": "66ed8cbb8ac54732f5771f14"
}{
    "type": "Feature",
    "geometry": {
        "type": "Point",
        "coordinates": [
            33.06771245,
            -111.97159996
        ]
    },
    "properties": {
        "cc_label": "p02-194-c",
        "PLPAD": {
            "1999194": 9.0
        },
        "CHTD": {
            "1999194": 0.8
        },
        "CWID": {
            "1999194": 0.79
        },
        "STDD": {
            "1999194": 13.52
        }
    },
    "_id": "66ed8cbb8ac54732f5771f15",
    "ccid": "66ed8cbb8ac54732f5771f15"
}{
    "type": "Feature",
    "geometry": {
        "type": "Point",
        "coordinates": [
            33.06758777,
            -111.97185783
        ]
    },
    "properties": {
        "cc_label": "p05-194-a",
        "PLPAD": {
            "1999194": 11.0
        },
        "CHTD": {
            "1999194": 0.8
        },
        "CWID": {
            "1999194": 0.76
        },
        "STDD": {
            "1999194": 12.86
        }
    },
    "_id": "66ed8cbb8ac54732f5771f64",
    "ccid": "66ed8cbb8ac54732f5771f64"
}{
    "type": "Feature",
    "geometry": {
        "type": "Point",
        "coordinates": [
            33.06752556,
            -111.97173931
        ]
    },
    "properties": {
        "cc_label": "p05-194-b",
        "PLPAD": {
            "1999194": 6.0
        },
        "CHTD": {
            "1999194": 0.85
        },
        "CWID": {
            "1999194": 0.77
        },
        "STDD": {
            "1999194": 13.16
        }
    },
    "_id": "66ed8cbb8ac54732f5771f65",
    "ccid": "66ed8cbb8ac54732f5771f65"
}{
    "type": "Feature",
    "geometry": {
        "type": "Point",
        "coordinates": [
            33.06748856,
            -111.97185674
        ]
    },
    "properties": {
        "cc_label": "p05-194-c",
        "PLPAD": {
            "1999194": 6.5
        },
        "CHTD": {
            "1999194": 0.86
        },
        "CWID": {
            "1999194": 0.81
        },
        "STDD": {
            "1999194": 15.52
        }
    },
    "_id": "66ed8cbb8ac54732f5771f66",
    "ccid": "66ed8cbb8ac54732f5771f66"
}{
    "type": "Feature",
    "geometry": {
        "type": "Point",
        "coordinates": [
            33.06759074,
            -111.97159219
        ]
    },
    "properties": {
        "cc_label": "p06-194-a",
        "PLPAD": {
            "1999194": 9.0
        },
        "CHTD": {
            "1999194": 0.81
        },
        "CWID": {
            "1999194": 0.74
        },
        "STDD": {
            "1999194": 11.52
        }
    },
    "_id": "66ed8cbb8ac54732f5771f7f",
    "ccid": "66ed8cbb8ac54732f5771f7f"
}{
    "type": "Feature",
    "geometry": {
        "type": "Point",
        "coordinates": [
            33.06752853,
            -111.97147367
        ]
    },
    "properties": {
        "cc_label": "p06-194-b",
        "PLPAD": {
            "1999194": 9.5
        },
        "CHTD": {
            "1999194": 0.9
        },
        "CWID": {
            "1999194": 0.84
        },
        "STDD": {
            "1999194": 15.04
        }
    },
    "_id": "66ed8cbb8ac54732f5771f80",
    "ccid": "66ed8cbb8ac54732f5771f80"
}{
    "type": "Feature",
    "geometry": {
        "type": "Point",
        "coordinates": [
            33.06749153,
            -111.9715911
        ]
    },
    "properties": {
        "cc_label": "p06-194-c",
        "PLPAD": {
            "1999194": 10.0
        },
        "CHTD": {
            "1999194": 0.83
        },
        "CWID": {
            "1999194": 0.79
        },
        "STDD": {
            "1999194": 11.16
        }
    },
    "_id": "66ed8cbb8ac54732f5771f81",
    "ccid": "66ed8cbb8ac54732f5771f81"
}{
    "type": "Feature",
    "geometry": {
        "type": "Point",
        "coordinates": [
            33.06734337,
            -111.971853
        ]
    },
    "properties": {
        "cc_label": "p09-194-a",
        "PLPAD": {
            "1999194": 8.5
        },
        "CHTD": {
            "1999194": 0.91
        },
        "CWID": {
            "1999194": 0.76
        },
        "STDD": {
            "1999194": 13.98
        }
    },
    "_id": "66ed8cbb8ac54732f5771fca",
    "ccid": "66ed8cbb8ac54732f5771fca"
}{
    "type": "Feature",
    "geometry": {
        "type": "Point",
        "coordinates": [
            33.06728116,
            -111.97173448
        ]
    },
    "properties": {
        "cc_label": "p09-194-b",
        "PLPAD": {
            "1999194": 7.0
        },
        "CHTD": {
            "1999194": 0.82
        },
        "CWID": {
            "1999194": 0.74
        },
        "STDD": {
            "1999194": 14.4
        }
    },
    "_id": "66ed8cbb8ac54732f5771fcb",
    "ccid": "66ed8cbb8ac54732f5771fcb"
}{
    "type": "Feature",
    "geometry": {
        "type": "Point",
        "coordinates": [
            33.06724416,
            -111.97185191
        ]
    },
    "properties": {
        "cc_label": "p09-194-c",
        "PLPAD": {
            "1999194": 9.0
        },
        "CHTD": {
            "1999194": 0.8
        },
        "CWID": {
            "1999194": 0.77
        },
        "STDD": {
            "1999194": 12.64
        }
    },
    "_id": "66ed8cbb8ac54732f5771fcc",
    "ccid": "66ed8cbb8ac54732f5771fcc"
}{
    "type": "Feature",
    "geometry": {
        "type": "Point",
        "coordinates": [
            33.06734183,
            -111.97158839
        ]
    },
    "properties": {
        "cc_label": "p10-194-a",
        "PLPAD": {
            "1999194": 10.5
        },
        "CHTD": {
            "1999194": 0.85
        },
        "CWID": {
            "1999194": 0.74
        },
        "STDD": {
            "1999194": 12.22
        }
    },
    "_id": "66ed8cbb8ac54732f5771fe5",
    "ccid": "66ed8cbb8ac54732f5771fe5"
}{
    "type": "Feature",
    "geometry": {
        "type": "Point",
        "coordinates": [
            33.06727961,
            -111.97146987
        ]
    },
    "properties": {
        "cc_label": "p10-194-b",
        "PLPAD": {
            "1999194": 8.5
        },
        "CHTD": {
            "1999194": 0.88
        },
        "CWID": {
            "1999194": 0.78
        },
        "STDD": {
            "1999194": 13.42
        }
    },
    "_id": "66ed8cbb8ac54732f5771fe6",
    "ccid": "66ed8cbb8ac54732f5771fe6"
}{
    "type": "Feature",
    "geometry": {
        "type": "Point",
        "coordinates": [
            33.06724262,
            -111.9715873
        ]
    },
    "properties": {
        "cc_label": "p10-194-c",
        "PLPAD": {
            "1999194": 10.0
        },
        "CHTD": {
            "1999194": 0.83
        },
        "CWID": {
            "1999194": 0.73
        },
        "STDD": {
            "1999194": 12.46
        }
    },
    "_id": "66ed8cbb8ac54732f5771fe7",
    "ccid": "66ed8cbb8ac54732f5771fe7"
}{
    "type": "Feature",
    "geometry": {
        "type": "Point",
        "coordinates": [
            33.06712148,
            -111.97185377
        ]
    },
    "properties": {
        "cc_label": "p13-194-a",
        "PLPAD": {
            "1999194": 8.0
        },
        "CHTD": {
            "1999194": 0.8
        },
        "CWID": {
            "1999194": 0.75
        },
        "STDD": {
            "1999194": 12.04
        }
    },
    "_id": "66ed8cbb8ac54732f5772031",
    "ccid": "66ed8cbb8ac54732f5772031"
}{
    "type": "Feature",
    "geometry": {
        "type": "Point",
        "coordinates": [
            33.06705927,
            -111.97173525
        ]
    },
    "properties": {
        "cc_label": "p13-194-b",
        "PLPAD": {
            "1999194": 9.5
        },
        "CHTD": {
            "1999194": 0.84
        },
        "CWID": {
            "1999194": 0.77
        },
        "STDD": {
            "1999194": 11.66
        }
    },
    "_id": "66ed8cbb8ac54732f5772032",
    "ccid": "66ed8cbb8ac54732f5772032"
}{
    "type": "Feature",
    "geometry": {
        "type": "Point",
        "coordinates": [
            33.06702227,
            -111.97185268
        ]
    },
    "properties": {
        "cc_label": "p13-194-c",
        "PLPAD": {
            "1999194": 7.0
        },
        "CHTD": {
            "1999194": 0.71
        },
        "CWID": {
            "1999194": 0.68
        },
        "STDD": {
            "1999194": 13.8
        }
    },
    "_id": "66ed8cbb8ac54732f5772033",
    "ccid": "66ed8cbb8ac54732f5772033"
}{
    "type": "Feature",
    "geometry": {
        "type": "Point",
        "coordinates": [
            33.06712175,
            -111.97158811
        ]
    },
    "properties": {
        "cc_label": "p14-194-a",
        "PLPAD": {
            "1999194": 10.0
        },
        "CHTD": {
            "1999194": 0.83
        },
        "CWID": {
            "1999194": 0.8
        },
        "STDD": {
            "1999194": 11.58
        }
    },
    "_id": "66ed8cbb8ac54732f577204c",
    "ccid": "66ed8cbb8ac54732f577204c"
}{
    "type": "Feature",
    "geometry": {
        "type": "Point",
        "coordinates": [
            33.06705953,
            -111.97146959
        ]
    },
    "properties": {
        "cc_label": "p14-194-b",
        "PLPAD": {
            "1999194": 6.5
        },
        "CHTD": {
            "1999194": 0.87
        },
        "CWID": {
            "1999194": 0.84
        },
        "STDD": {
            "1999194": 14.24
        }
    },
    "_id": "66ed8cbb8ac54732f577204d",
    "ccid": "66ed8cbb8ac54732f577204d"
}{
    "type": "Feature",
    "geometry": {
        "type": "Point",
        "coordinates": [
            33.06702254,
            -111.97158702
        ]
    },
    "properties": {
        "cc_label": "p14-194-c",
        "PLPAD": {
            "1999194": 7.5
        },
        "CHTD": {
            "1999194": 0.83
        },
        "CWID": {
            "1999194": 0.79
        },
        "STDD": {
            "1999194": 11.3
        }
    },
    "_id": "66ed8cbb8ac54732f577204e",
    "ccid": "66ed8cbb8ac54732f577204e"
}{
    "type": "Feature",
    "geometry": {
        "type": "Point",
        "coordinates": [
            33.06781012,
            -111.97133536
        ]
    },
    "properties": {
        "cc_label": "p03-201-a",
        "PLPAD": {
            "1999201": 10.0
        },
        "CHTD": {
            "1999201": 1.18
        },
        "CWID": {
            "1999201": 0.84
        },
        "STDD": {
            "1999201": 15.1
        }
    },
    "_id": "66ed8cbb8ac54732f5771f2e",
    "ccid": "66ed8cbb8ac54732f5771f2e"
}{
    "type": "Feature",
    "geometry": {
        "type": "Point",
        "coordinates": [
            33.0677479,
            -111.97121684
        ]
    },
    "properties": {
        "cc_label": "p03-201-b",
        "PLPAD": {
            "1999201": 5.5
        },
        "CHTD": {
            "1999201": 1.15
        },
        "CWID": {
            "1999201": 0.83
        },
        "STDD": {
            "1999201": 15.2
        }
    },
    "_id": "66ed8cbb8ac54732f5771f2f",
    "ccid": "66ed8cbb8ac54732f5771f2f"
}{
    "type": "Feature",
    "geometry": {
        "type": "Point",
        "coordinates": [
            33.06771091,
            -111.97133427
        ]
    },
    "properties": {
        "cc_label": "p03-201-c",
        "PLPAD": {
            "1999201": 8.0
        },
        "CHTD": {
            "1999201": 1.06
        },
        "CWID": {
            "1999201": 0.78
        },
        "STDD": {
            "1999201": 14.16
        }
    },
    "_id": "66ed8cbb8ac54732f5771f30",
    "ccid": "66ed8cbb8ac54732f5771f30"
}{
    "type": "Feature",
    "geometry": {
        "type": "Point",
        "coordinates": [
            33.06780935,
            -111.97108683
        ]
    },
    "properties": {
        "cc_label": "p04-201-a",
        "PLPAD": {
            "1999201": 9.5
        },
        "CHTD": {
            "1999201": 1.13
        },
        "CWID": {
            "1999201": 0.8
        },
        "STDD": {
            "1999201": 12.18
        }
    },
    "_id": "66ed8cbb8ac54732f5771f49",
    "ccid": "66ed8cbb8ac54732f5771f49"
}{
    "type": "Feature",
    "geometry": {
        "type": "Point",
        "coordinates": [
            33.06774713,
            -111.97096831
        ]
    },
    "properties": {
        "cc_label": "p04-201-b",
        "PLPAD": {
            "1999201": 7.0
        },
        "CHTD": {
            "1999201": 1.03
        },
        "CWID": {
            "1999201": 0.8
        },
        "STDD": {
            "1999201": 13.56
        }
    },
    "_id": "66ed8cbb8ac54732f5771f4a",
    "ccid": "66ed8cbb8ac54732f5771f4a"
}{
    "type": "Feature",
    "geometry": {
        "type": "Point",
        "coordinates": [
            33.06771014,
            -111.97108574
        ]
    },
    "properties": {
        "cc_label": "p04-201-c",
        "PLPAD": {
            "1999201": 6.5
        },
        "CHTD": {
            "1999201": 0.98
        },
        "CWID": {
            "1999201": 0.81
        },
        "STDD": {
            "1999201": 16.52
        }
    },
    "_id": "66ed8cbb8ac54732f5771f4b",
    "ccid": "66ed8cbb8ac54732f5771f4b"
}{
    "type": "Feature",
    "geometry": {
        "type": "Point",
        "coordinates": [
            33.06758732,
            -111.97133613
        ]
    },
    "properties": {
        "cc_label": "p07-201-a",
        "PLPAD": {
            "1999201": 6.5
        },
        "CHTD": {
            "1999201": 1.21
        },
        "CWID": {
            "1999201": 0.86
        },
        "STDD": {
            "1999201": 14.3
        }
    },
    "_id": "66ed8cbb8ac54732f5771f97",
    "ccid": "66ed8cbb8ac54732f5771f97"
}{
    "type": "Feature",
    "geometry": {
        "type": "Point",
        "coordinates": [
            33.06752511,
            -111.97121761
        ]
    },
    "properties": {
        "cc_label": "p07-201-b",
        "PLPAD": {
            "1999201": 9.0
        },
        "CHTD": {
            "1999201": 1.16
        },
        "CWID": {
            "1999201": 0.86
        },
        "STDD": {
            "1999201": 15.36
        }
    },
    "_id": "66ed8cbb8ac54732f5771f98",
    "ccid": "66ed8cbb8ac54732f5771f98"
}{
    "type": "Feature",
    "geometry": {
        "type": "Point",
        "coordinates": [
            33.06748812,
            -111.97133504
        ]
    },
    "properties": {
        "cc_label": "p07-201-c",
        "PLPAD": {
            "1999201": 10.0
        },
        "CHTD": {
            "1999201": 1.2
        },
        "CWID": {
            "1999201": 0.86
        },
        "STDD": {
            "1999201": 16.56
        }
    },
    "_id": "66ed8cbb8ac54732f5771f99",
    "ccid": "66ed8cbb8ac54732f5771f99"
}{
    "type": "Feature",
    "geometry": {
        "type": "Point",
        "coordinates": [
            33.06759028,
            -111.97107264
        ]
    },
    "properties": {
        "cc_label": "p08-201-a",
        "PLPAD": {
            "1999201": 9.0
        },
        "CHTD": {
            "1999201": 1.02
        },
        "CWID": {
            "1999201": 0.81
        },
        "STDD": {
            "1999201": 15.86
        }
    },
    "_id": "66ed8cbb8ac54732f5771faf",
    "ccid": "66ed8cbb8ac54732f5771faf"
}{
    "type": "Feature",
    "geometry": {
        "type": "Point",
        "coordinates": [
            33.06752806,
            -111.97095412
        ]
    },
    "properties": {
        "cc_label": "p08-201-b",
        "PLPAD": {
            "1999201": 10.0
        },
        "CHTD": {
            "1999201": 1.16
        },
        "CWID": {
            "1999201": 0.86
        },
        "STDD": {
            "1999201": 15.58
        }
    },
    "_id": "66ed8cbb8ac54732f5771fb0",
    "ccid": "66ed8cbb8ac54732f5771fb0"
}{
    "type": "Feature",
    "geometry": {
        "type": "Point",
        "coordinates": [
            33.06749107,
            -111.97107155
        ]
    },
    "properties": {
        "cc_label": "p08-201-c",
        "PLPAD": {
            "1999201": 8.5
        },
        "CHTD": {
            "1999201": 1.11
        },
        "CWID": {
            "1999201": 0.84
        },
        "STDD": {
            "1999201": 15.6
        }
    },
    "_id": "66ed8cbb8ac54732f5771fb1",
    "ccid": "66ed8cbb8ac54732f5771fb1"
}{
    "type": "Feature",
    "geometry": {
        "type": "Point",
        "coordinates": [
            33.06733659,
            -111.97133445
        ]
    },
    "properties": {
        "cc_label": "p11-201-a",
        "PLPAD": {
            "1999201": 6.0
        },
        "CHTD": {
            "1999201": 0.84
        },
        "CWID": {
            "1999201": 0.82
        },
        "STDD": {
            "1999201": 13.92
        }
    },
    "_id": "66ed8cbb8ac54732f5771ffd",
    "ccid": "66ed8cbb8ac54732f5771ffd"
}{
    "type": "Feature",
    "geometry": {
        "type": "Point",
        "coordinates": [
            33.06727437,
            -111.97121593
        ]
    },
    "properties": {
        "cc_label": "p11-201-b",
        "PLPAD": {
            "1999201": 5.5
        },
        "CHTD": {
            "1999201": 1.08
        },
        "CWID": {
            "1999201": 0.79
        },
        "STDD": {
            "1999201": 13.0
        }
    },
    "_id": "66ed8cbb8ac54732f5771ffe",
    "ccid": "66ed8cbb8ac54732f5771ffe"
}{
    "type": "Feature",
    "geometry": {
        "type": "Point",
        "coordinates": [
            33.06723738,
            -111.97133336
        ]
    },
    "properties": {
        "cc_label": "p11-201-c",
        "PLPAD": {
            "1999201": 7.5
        },
        "CHTD": {
            "1999201": 1.06
        },
        "CWID": {
            "1999201": 0.83
        },
        "STDD": {
            "1999201": 12.8
        }
    },
    "_id": "66ed8cbb8ac54732f5771fff",
    "ccid": "66ed8cbb8ac54732f5771fff"
}{
    "type": "Feature",
    "geometry": {
        "type": "Point",
        "coordinates": [
            33.06734218,
            -111.97107955
        ]
    },
    "properties": {
        "cc_label": "p12-201-a",
        "PLPAD": {
            "1999201": 8.0
        },
        "CHTD": {
            "1999201": 1.15
        },
        "CWID": {
            "1999201": 0.83
        },
        "STDD": {
            "1999201": 15.64
        }
    },
    "_id": "66ed8cbb8ac54732f5772015",
    "ccid": "66ed8cbb8ac54732f5772015"
}{
    "type": "Feature",
    "geometry": {
        "type": "Point",
        "coordinates": [
            33.06727997,
            -111.97096104
        ]
    },
    "properties": {
        "cc_label": "p12-201-b",
        "PLPAD": {
            "1999201": 7.5
        },
        "CHTD": {
            "1999201": 1.18
        },
        "CWID": {
            "1999201": 0.85
        },
        "STDD": {
            "1999201": 14.5
        }
    },
    "_id": "66ed8cbb8ac54732f5772016",
    "ccid": "66ed8cbb8ac54732f5772016"
}{
    "type": "Feature",
    "geometry": {
        "type": "Point",
        "coordinates": [
            33.06724297,
            -111.97107846
        ]
    },
    "properties": {
        "cc_label": "p12-201-c",
        "PLPAD": {
            "1999201": 8.5
        },
        "CHTD": {
            "1999201": 1.19
        },
        "CWID": {
            "1999201": 0.86
        },
        "STDD": {
            "1999201": 14.78
        }
    },
    "_id": "66ed8cbb8ac54732f5772017",
    "ccid": "66ed8cbb8ac54732f5772017"
}{
    "type": "Feature",
    "geometry": {
        "type": "Point",
        "coordinates": [
            33.06712009,
            -111.97133742
        ]
    },
    "properties": {
        "cc_label": "p15-201-a",
        "PLPAD": {
            "1999201": 11.0
        },
        "CHTD": {
            "1999201": 1.08
        },
        "CWID": {
            "1999201": 0.81
        },
        "STDD": {
            "1999201": 11.66
        }
    },
    "_id": "66ed8cbb8ac54732f5772063",
    "ccid": "66ed8cbb8ac54732f5772063"
}{
    "type": "Feature",
    "geometry": {
        "type": "Point",
        "coordinates": [
            33.06705788,
            -111.97121891
        ]
    },
    "properties": {
        "cc_label": "p15-201-b",
        "PLPAD": {
            "1999201": 8.5
        },
        "CHTD": {
            "1999201": 0.87
        },
        "CWID": {
            "1999201": 0.77
        },
        "STDD": {
            "1999201": 12.32
        }
    },
    "_id": "66ed8cbb8ac54732f5772064",
    "ccid": "66ed8cbb8ac54732f5772064"
}{
    "type": "Feature",
    "geometry": {
        "type": "Point",
        "coordinates": [
            33.06702088,
            -111.97133633
        ]
    },
    "properties": {
        "cc_label": "p15-201-c",
        "PLPAD": {
            "1999201": 7.0
        },
        "CHTD": {
            "1999201": 1.12
        },
        "CWID": {
            "1999201": 0.85
        },
        "STDD": {
            "1999201": 13.92
        }
    },
    "_id": "66ed8cbb8ac54732f5772065",
    "ccid": "66ed8cbb8ac54732f5772065"
}{
    "type": "Feature",
    "geometry": {
        "type": "Point",
        "coordinates": [
            33.0671158,
            -111.97107814
        ]
    },
    "properties": {
        "cc_label": "p16-201-a",
        "PLPAD": {
            "1999201": 11.0
        },
        "CHTD": {
            "1999201": 1.02
        },
        "CWID": {
            "1999201": 0.83
        },
        "STDD": {
            "1999201": 13.04
        }
    },
    "_id": "66ed8cbb8ac54732f577207b",
    "ccid": "66ed8cbb8ac54732f577207b"
}{
    "type": "Feature",
    "geometry": {
        "type": "Point",
        "coordinates": [
            33.06705358,
            -111.97095962
        ]
    },
    "properties": {
        "cc_label": "p16-201-b",
        "PLPAD": {
            "1999201": 8.5
        },
        "CHTD": {
            "1999201": 0.92
        },
        "CWID": {
            "1999201": 0.75
        },
        "STDD": {
            "1999201": 12.22
        }
    },
    "_id": "66ed8cbb8ac54732f577207c",
    "ccid": "66ed8cbb8ac54732f577207c"
}{
    "type": "Feature",
    "geometry": {
        "type": "Point",
        "coordinates": [
            33.06701659,
            -111.97107705
        ]
    },
    "properties": {
        "cc_label": "p16-201-c",
        "PLPAD": {
            "1999201": 9.0
        },
        "CHTD": {
            "1999201": 0.88
        },
        "CWID": {
            "1999201": 0.8
        },
        "STDD": {
            "1999201": 11.58
        }
    },
    "_id": "66ed8cbb8ac54732f577207d",
    "ccid": "66ed8cbb8ac54732f577207d"
}{
    "type": "Feature",
    "geometry": {
        "type": "Point",
        "coordinates": [
            33.0678191,
            -111.97180359
        ]
    },
    "properties": {
        "cc_label": "p01-208-a",
        "PLPAD": {
            "1999208": 9.0
        },
        "CHTD": {
            "1999208": 1.23
        },
        "CWID": {
            "1999208": 0.81
        },
        "STDD": {
            "1999208": 13.36
        }
    },
    "_id": "66ed8cbb8ac54732f5771ef8",
    "ccid": "66ed8cbb8ac54732f5771ef8"
}{
    "type": "Feature",
    "geometry": {
        "type": "Point",
        "coordinates": [
            33.06772035,
            -111.97174359
        ]
    },
    "properties": {
        "cc_label": "p01-208-b",
        "PLPAD": {
            "1999208": 13.0
        },
        "CHTD": {
            "1999208": 1.16
        },
        "CWID": {
            "1999208": 0.89
        },
        "STDD": {
            "1999208": 13.68
        }
    },
    "_id": "66ed8cbb8ac54732f5771ef9",
    "ccid": "66ed8cbb8ac54732f5771ef9"
}{
    "type": "Feature",
    "geometry": {
        "type": "Point",
        "coordinates": [
            33.06767479,
            -111.97180201
        ]
    },
    "properties": {
        "cc_label": "p01-208-c",
        "PLPAD": {
            "1999208": 9.5
        },
        "CHTD": {
            "1999208": 1.21
        },
        "CWID": {
            "1999208": 0.85
        },
        "STDD": {
            "1999208": 14.44
        }
    },
    "_id": "66ed8cbb8ac54732f5771efa",
    "ccid": "66ed8cbb8ac54732f5771efa"
}{
    "type": "Feature",
    "geometry": {
        "type": "Point",
        "coordinates": [
            33.06782113,
            -111.97154223
        ]
    },
    "properties": {
        "cc_label": "p02-208-a",
        "PLPAD": {
            "1999208": 9.5
        },
        "CHTD": {
            "1999208": 1.2
        },
        "CWID": {
            "1999208": 0.83
        },
        "STDD": {
            "1999208": 14.02
        }
    },
    "_id": "66ed8cbb8ac54732f5771f16",
    "ccid": "66ed8cbb8ac54732f5771f16"
}{
    "type": "Feature",
    "geometry": {
        "type": "Point",
        "coordinates": [
            33.06772239,
            -111.97148223
        ]
    },
    "properties": {
        "cc_label": "p02-208-b",
        "PLPAD": {
            "1999208": 9.5
        },
        "CHTD": {
            "1999208": 1.13
        },
        "CWID": {
            "1999208": 0.8
        },
        "STDD": {
            "1999208": 14.48
        }
    },
    "_id": "66ed8cbb8ac54732f5771f17",
    "ccid": "66ed8cbb8ac54732f5771f17"
}{
    "type": "Feature",
    "geometry": {
        "type": "Point",
        "coordinates": [
            33.06767683,
            -111.97154065
        ]
    },
    "properties": {
        "cc_label": "p02-208-c",
        "PLPAD": {
            "1999208": 12.0
        },
        "CHTD": {
            "1999208": 1.17
        },
        "CWID": {
            "1999208": 0.86
        },
        "STDD": {
            "1999208": 12.8
        }
    },
    "_id": "66ed8cbb8ac54732f5771f18",
    "ccid": "66ed8cbb8ac54732f5771f18"
}{
    "type": "Feature",
    "geometry": {
        "type": "Point",
        "coordinates": [
            33.06759725,
            -111.97179901
        ]
    },
    "properties": {
        "cc_label": "p05-208-a",
        "PLPAD": {
            "1999208": 11.0
        },
        "CHTD": {
            "1999208": 1.15
        },
        "CWID": {
            "1999208": 0.83
        },
        "STDD": {
            "1999208": 12.06
        }
    },
    "_id": "66ed8cbb8ac54732f5771f67",
    "ccid": "66ed8cbb8ac54732f5771f67"
}{
    "type": "Feature",
    "geometry": {
        "type": "Point",
        "coordinates": [
            33.0674985,
            -111.97173901
        ]
    },
    "properties": {
        "cc_label": "p05-208-b",
        "PLPAD": {
            "1999208": 7.5
        },
        "CHTD": {
            "1999208": 1.05
        },
        "CWID": {
            "1999208": 0.8
        },
        "STDD": {
            "1999208": 13.48
        }
    },
    "_id": "66ed8cbb8ac54732f5771f68",
    "ccid": "66ed8cbb8ac54732f5771f68"
}{
    "type": "Feature",
    "geometry": {
        "type": "Point",
        "coordinates": [
            33.06745294,
            -111.97179743
        ]
    },
    "properties": {
        "cc_label": "p05-208-c",
        "PLPAD": {
            "1999208": 9.0
        },
        "CHTD": {
            "1999208": 1.02
        },
        "CWID": {
            "1999208": 0.79
        },
        "STDD": {
            "1999208": 11.52
        }
    },
    "_id": "66ed8cbb8ac54732f5771f69",
    "ccid": "66ed8cbb8ac54732f5771f69"
}{
    "type": "Feature",
    "geometry": {
        "type": "Point",
        "coordinates": [
            33.06760022,
            -111.97153338
        ]
    },
    "properties": {
        "cc_label": "p06-208-a",
        "PLPAD": {
            "1999208": 11.0
        },
        "CHTD": {
            "1999208": 1.1
        },
        "CWID": {
            "1999208": 0.82
        },
        "STDD": {
            "1999208": 12.32
        }
    },
    "_id": "66ed8cbb8ac54732f5771f82",
    "ccid": "66ed8cbb8ac54732f5771f82"
}{
    "type": "Feature",
    "geometry": {
        "type": "Point",
        "coordinates": [
            33.06750147,
            -111.97147338
        ]
    },
    "properties": {
        "cc_label": "p06-208-b",
        "PLPAD": {
            "1999208": 9.5
        },
        "CHTD": {
            "1999208": 1.06
        },
        "CWID": {
            "1999208": 0.81
        },
        "STDD": {
            "1999208": 13.76
        }
    },
    "_id": "66ed8cbb8ac54732f5771f83",
    "ccid": "66ed8cbb8ac54732f5771f83"
}{
    "type": "Feature",
    "geometry": {
        "type": "Point",
        "coordinates": [
            33.06745592,
            -111.97153179
        ]
    },
    "properties": {
        "cc_label": "p06-208-c",
        "PLPAD": {
            "1999208": 9.5
        },
        "CHTD": {
            "1999208": 0.9
        },
        "CWID": {
            "1999208": 0.74
        },
        "STDD": {
            "1999208": 11.3
        }
    },
    "_id": "66ed8cbb8ac54732f5771f84",
    "ccid": "66ed8cbb8ac54732f5771f84"
}{
    "type": "Feature",
    "geometry": {
        "type": "Point",
        "coordinates": [
            33.06735285,
            -111.97179418
        ]
    },
    "properties": {
        "cc_label": "p09-208-a",
        "PLPAD": {
            "1999208": 8.5
        },
        "CHTD": {
            "1999208": 1.22
        },
        "CWID": {
            "1999208": 0.86
        },
        "STDD": {
            "1999208": 13.22
        }
    },
    "_id": "66ed8cbb8ac54732f5771fcd",
    "ccid": "66ed8cbb8ac54732f5771fcd"
}{
    "type": "Feature",
    "geometry": {
        "type": "Point",
        "coordinates": [
            33.0672541,
            -111.97173418
        ]
    },
    "properties": {
        "cc_label": "p09-208-b",
        "PLPAD": {
            "1999208": 9.0
        },
        "CHTD": {
            "1999208": 1.17
        },
        "CWID": {
            "1999208": 0.86
        },
        "STDD": {
            "1999208": 12.54
        }
    },
    "_id": "66ed8cbb8ac54732f5771fce",
    "ccid": "66ed8cbb8ac54732f5771fce"
}{
    "type": "Feature",
    "geometry": {
        "type": "Point",
        "coordinates": [
            33.06720855,
            -111.9717926
        ]
    },
    "properties": {
        "cc_label": "p09-208-c",
        "PLPAD": {
            "1999208": 9.0
        },
        "CHTD": {
            "1999208": 0.98
        },
        "CWID": {
            "1999208": 0.87
        },
        "STDD": {
            "1999208": 13.28
        }
    },
    "_id": "66ed8cbb8ac54732f5771fcf",
    "ccid": "66ed8cbb8ac54732f5771fcf"
}{
    "type": "Feature",
    "geometry": {
        "type": "Point",
        "coordinates": [
            33.0673513,
            -111.97152957
        ]
    },
    "properties": {
        "cc_label": "p10-208-a",
        "PLPAD": {
            "1999208": 11.0
        },
        "CHTD": {
            "1999208": 1.1
        },
        "CWID": {
            "1999208": 0.82
        },
        "STDD": {
            "1999208": 15.18
        }
    },
    "_id": "66ed8cbb8ac54732f5771fe8",
    "ccid": "66ed8cbb8ac54732f5771fe8"
}{
    "type": "Feature",
    "geometry": {
        "type": "Point",
        "coordinates": [
            33.06725255,
            -111.97146957
        ]
    },
    "properties": {
        "cc_label": "p10-208-b",
        "PLPAD": {
            "1999208": 10.5
        },
        "CHTD": {
            "1999208": 1.13
        },
        "CWID": {
            "1999208": 0.84
        },
        "STDD": {
            "1999208": 13.7
        }
    },
    "_id": "66ed8cbb8ac54732f5771fe9",
    "ccid": "66ed8cbb8ac54732f5771fe9"
}{
    "type": "Feature",
    "geometry": {
        "type": "Point",
        "coordinates": [
            33.067207,
            -111.97152799
        ]
    },
    "properties": {
        "cc_label": "p10-208-c",
        "PLPAD": {
            "1999208": 9.0
        },
        "CHTD": {
            "1999208": 1.02
        },
        "CWID": {
            "1999208": 0.81
        },
        "STDD": {
            "1999208": 11.52
        }
    },
    "_id": "66ed8cbb8ac54732f5771fea",
    "ccid": "66ed8cbb8ac54732f5771fea"
}{
    "type": "Feature",
    "geometry": {
        "type": "Point",
        "coordinates": [
            33.06713096,
            -111.97179496
        ]
    },
    "properties": {
        "cc_label": "p13-208-a",
        "PLPAD": {
            "1999208": 9.5
        },
        "CHTD": {
            "1999208": 0.92
        },
        "CWID": {
            "1999208": 0.81
        },
        "STDD": {
            "1999208": 13.04
        }
    },
    "_id": "66ed8cbb8ac54732f5772034",
    "ccid": "66ed8cbb8ac54732f5772034"
}{
    "type": "Feature",
    "geometry": {
        "type": "Point",
        "coordinates": [
            33.06703221,
            -111.97173496
        ]
    },
    "properties": {
        "cc_label": "p13-208-b",
        "PLPAD": {
            "1999208": 9.0
        },
        "CHTD": {
            "1999208": 0.96
        },
        "CWID": {
            "1999208": 0.82
        },
        "STDD": {
            "1999208": 13.54
        }
    },
    "_id": "66ed8cbb8ac54732f5772035",
    "ccid": "66ed8cbb8ac54732f5772035"
}{
    "type": "Feature",
    "geometry": {
        "type": "Point",
        "coordinates": [
            33.06698666,
            -111.97179337
        ]
    },
    "properties": {
        "cc_label": "p13-208-c",
        "PLPAD": {
            "1999208": 7.0
        },
        "CHTD": {
            "1999208": 0.88
        },
        "CWID": {
            "1999208": 0.76
        },
        "STDD": {
            "1999208": 11.52
        }
    },
    "_id": "66ed8cbb8ac54732f5772036",
    "ccid": "66ed8cbb8ac54732f5772036"
}{
    "type": "Feature",
    "geometry": {
        "type": "Point",
        "coordinates": [
            33.06713122,
            -111.9715293
        ]
    },
    "properties": {
        "cc_label": "p14-208-a",
        "PLPAD": {
            "1999208": 10.0
        },
        "CHTD": {
            "1999208": 1.35
        },
        "CWID": {
            "1999208": 0.86
        },
        "STDD": {
            "1999208": 12.74
        }
    },
    "_id": "66ed8cbb8ac54732f577204f",
    "ccid": "66ed8cbb8ac54732f577204f"
}{
    "type": "Feature",
    "geometry": {
        "type": "Point",
        "coordinates": [
            33.06703247,
            -111.97146929
        ]
    },
    "properties": {
        "cc_label": "p14-208-b",
        "PLPAD": {
            "1999208": 7.5
        },
        "CHTD": {
            "1999208": 1.08
        },
        "CWID": {
            "1999208": 0.84
        },
        "STDD": {
            "1999208": 12.78
        }
    },
    "_id": "66ed8cbb8ac54732f5772050",
    "ccid": "66ed8cbb8ac54732f5772050"
}{
    "type": "Feature",
    "geometry": {
        "type": "Point",
        "coordinates": [
            33.06698692,
            -111.97152771
        ]
    },
    "properties": {
        "cc_label": "p14-208-c",
        "PLPAD": {
            "1999208": 9.0
        },
        "CHTD": {
            "1999208": 1.22
        },
        "CWID": {
            "1999208": 0.86
        },
        "STDD": {
            "1999208": 12.8
        }
    },
    "_id": "66ed8cbb8ac54732f5772051",
    "ccid": "66ed8cbb8ac54732f5772051"
}{
    "type": "Feature",
    "geometry": {
        "type": "Point",
        "coordinates": [
            33.0678196,
            -111.97127655
        ]
    },
    "properties": {
        "cc_label": "p03-215-a",
        "PLPAD": {
            "1999215": 10.0
        },
        "CHTD": {
            "1999215": 1.22
        },
        "CWID": {
            "1999215": 0.87
        },
        "STDD": {
            "1999215": 11.8
        }
    },
    "_id": "66ed8cbb8ac54732f5771f31",
    "ccid": "66ed8cbb8ac54732f5771f31"
}{
    "type": "Feature",
    "geometry": {
        "type": "Point",
        "coordinates": [
            33.06772085,
            -111.97121655
        ]
    },
    "properties": {
        "cc_label": "p03-215-b",
        "PLPAD": {
            "1999215": 7.5
        },
        "CHTD": {
            "1999215": 1.12
        },
        "CWID": {
            "1999215": 0.91
        },
        "STDD": {
            "1999215": 15.22
        }
    },
    "_id": "66ed8cbb8ac54732f5771f32",
    "ccid": "66ed8cbb8ac54732f5771f32"
}{
    "type": "Feature",
    "geometry": {
        "type": "Point",
        "coordinates": [
            33.06767529,
            -111.97127497
        ]
    },
    "properties": {
        "cc_label": "p03-215-c",
        "PLPAD": {
            "1999215": 7.5
        },
        "CHTD": {
            "1999215": 1.19
        },
        "CWID": {
            "1999215": 0.84
        },
        "STDD": {
            "1999215": 13.6
        }
    },
    "_id": "66ed8cbb8ac54732f5771f33",
    "ccid": "66ed8cbb8ac54732f5771f33"
}{
    "type": "Feature",
    "geometry": {
        "type": "Point",
        "coordinates": [
            33.06781883,
            -111.97102801
        ]
    },
    "properties": {
        "cc_label": "p04-215-a",
        "PLPAD": {
            "1999215": 7.5
        },
        "CHTD": {
            "1999215": 1.16
        },
        "CWID": {
            "1999215": 0.87
        },
        "STDD": {
            "1999215": 14.08
        }
    },
    "_id": "66ed8cbb8ac54732f5771f4c",
    "ccid": "66ed8cbb8ac54732f5771f4c"
}{
    "type": "Feature",
    "geometry": {
        "type": "Point",
        "coordinates": [
            33.06772008,
            -111.97096801
        ]
    },
    "properties": {
        "cc_label": "p04-215-b",
        "PLPAD": {
            "1999215": 7.0
        },
        "CHTD": {
            "1999215": 0.89
        },
        "CWID": {
            "1999215": 0.83
        },
        "STDD": {
            "1999215": 15.26
        }
    },
    "_id": "66ed8cbb8ac54732f5771f4d",
    "ccid": "66ed8cbb8ac54732f5771f4d"
}{
    "type": "Feature",
    "geometry": {
        "type": "Point",
        "coordinates": [
            33.06767452,
            -111.97102643
        ]
    },
    "properties": {
        "cc_label": "p04-215-c",
        "PLPAD": {
            "1999215": 9.0
        },
        "CHTD": {
            "1999215": 1.0
        },
        "CWID": {
            "1999215": 0.84
        },
        "STDD": {
            "1999215": 13.98
        }
    },
    "_id": "66ed8cbb8ac54732f5771f4e",
    "ccid": "66ed8cbb8ac54732f5771f4e"
}{
    "type": "Feature",
    "geometry": {
        "type": "Point",
        "coordinates": [
            33.0675968,
            -111.97127732
        ]
    },
    "properties": {
        "cc_label": "p07-215-a",
        "PLPAD": {
            "1999215": 9.5
        },
        "CHTD": {
            "1999215": 1.41
        },
        "CWID": {
            "1999215": 0.93
        },
        "STDD": {
            "1999215": 16.22
        }
    },
    "_id": "66ed8cbb8ac54732f5771f9a",
    "ccid": "66ed8cbb8ac54732f5771f9a"
}{
    "type": "Feature",
    "geometry": {
        "type": "Point",
        "coordinates": [
            33.06749805,
            -111.97121731
        ]
    },
    "properties": {
        "cc_label": "p07-215-b",
        "PLPAD": {
            "1999215": 9.5
        },
        "CHTD": {
            "1999215": 1.43
        },
        "CWID": {
            "1999215": 0.88
        },
        "STDD": {
            "1999215": 15.74
        }
    },
    "_id": "66ed8cbb8ac54732f5771f9b",
    "ccid": "66ed8cbb8ac54732f5771f9b"
}{
    "type": "Feature",
    "geometry": {
        "type": "Point",
        "coordinates": [
            33.0674525,
            -111.97127573
        ]
    },
    "properties": {
        "cc_label": "p07-215-c",
        "PLPAD": {
            "1999215": 10.0
        },
        "CHTD": {
            "1999215": 1.31
        },
        "CWID": {
            "1999215": 0.88
        },
        "STDD": {
            "1999215": 14.74
        }
    },
    "_id": "66ed8cbb8ac54732f5771f9c",
    "ccid": "66ed8cbb8ac54732f5771f9c"
}{
    "type": "Feature",
    "geometry": {
        "type": "Point",
        "coordinates": [
            33.06759976,
            -111.97101382
        ]
    },
    "properties": {
        "cc_label": "p08-215-a",
        "PLPAD": {
            "1999215": 10.5
        },
        "CHTD": {
            "1999215": 1.23
        },
        "CWID": {
            "1999215": 0.87
        },
        "STDD": {
            "1999215": 13.98
        }
    },
    "_id": "66ed8cbb8ac54732f5771fb2",
    "ccid": "66ed8cbb8ac54732f5771fb2"
}{
    "type": "Feature",
    "geometry": {
        "type": "Point",
        "coordinates": [
            33.06750101,
            -111.97095382
        ]
    },
    "properties": {
        "cc_label": "p08-215-b",
        "PLPAD": {
            "1999215": 10.5
        },
        "CHTD": {
            "1999215": 1.3
        },
        "CWID": {
            "1999215": 0.89
        },
        "STDD": {
            "1999215": 13.74
        }
    },
    "_id": "66ed8cbb8ac54732f5771fb3",
    "ccid": "66ed8cbb8ac54732f5771fb3"
}{
    "type": "Feature",
    "geometry": {
        "type": "Point",
        "coordinates": [
            33.06745545,
            -111.97101224
        ]
    },
    "properties": {
        "cc_label": "p08-215-c",
        "PLPAD": {
            "1999215": 7.5
        },
        "CHTD": {
            "1999215": 1.3
        },
        "CWID": {
            "1999215": 0.89
        },
        "STDD": {
            "1999215": 14.74
        }
    },
    "_id": "66ed8cbb8ac54732f5771fb4",
    "ccid": "66ed8cbb8ac54732f5771fb4"
}{
    "type": "Feature",
    "geometry": {
        "type": "Point",
        "coordinates": [
            33.06734607,
            -111.97127563
        ]
    },
    "properties": {
        "cc_label": "p11-215-a",
        "PLPAD": {
            "1999215": 8.0
        },
        "CHTD": {
            "1999215": 1.28
        },
        "CWID": {
            "1999215": 0.88
        },
        "STDD": {
            "1999215": 14.96
        }
    },
    "_id": "66ed8cbb8ac54732f5772000",
    "ccid": "66ed8cbb8ac54732f5772000"
}{
    "type": "Feature",
    "geometry": {
        "type": "Point",
        "coordinates": [
            33.06724732,
            -111.97121563
        ]
    },
    "properties": {
        "cc_label": "p11-215-b",
        "PLPAD": {
            "1999215": 9.5
        },
        "CHTD": {
            "1999215": 1.2
        },
        "CWID": {
            "1999215": 0.86
        },
        "STDD": {
            "1999215": 13.76
        }
    },
    "_id": "66ed8cbb8ac54732f5772001",
    "ccid": "66ed8cbb8ac54732f5772001"
}{
    "type": "Feature",
    "geometry": {
        "type": "Point",
        "coordinates": [
            33.06720176,
            -111.97127405
        ]
    },
    "properties": {
        "cc_label": "p11-215-c",
        "PLPAD": {
            "1999215": 10.5
        },
        "CHTD": {
            "1999215": 1.06
        },
        "CWID": {
            "1999215": 0.89
        },
        "STDD": {
            "1999215": 11.7
        }
    },
    "_id": "66ed8cbb8ac54732f5772002",
    "ccid": "66ed8cbb8ac54732f5772002"
}{
    "type": "Feature",
    "geometry": {
        "type": "Point",
        "coordinates": [
            33.06735166,
            -111.97102074
        ]
    },
    "properties": {
        "cc_label": "p12-215-a",
        "PLPAD": {
            "1999215": 9.5
        },
        "CHTD": {
            "1999215": 1.55
        },
        "CWID": {
            "1999215": 0.9
        },
        "STDD": {
            "1999215": 16.32
        }
    },
    "_id": "66ed8cbb8ac54732f5772018",
    "ccid": "66ed8cbb8ac54732f5772018"
}{
    "type": "Feature",
    "geometry": {
        "type": "Point",
        "coordinates": [
            33.06725291,
            -111.97096074
        ]
    },
    "properties": {
        "cc_label": "p12-215-b",
        "PLPAD": {
            "1999215": 8.0
        },
        "CHTD": {
            "1999215": 1.38
        },
        "CWID": {
            "1999215": 0.89
        },
        "STDD": {
            "1999215": 15.36
        }
    },
    "_id": "66ed8cbb8ac54732f5772019",
    "ccid": "66ed8cbb8ac54732f5772019"
}{
    "type": "Feature",
    "geometry": {
        "type": "Point",
        "coordinates": [
            33.06720736,
            -111.97101916
        ]
    },
    "properties": {
        "cc_label": "p12-215-c",
        "PLPAD": {
            "1999215": 6.5
        },
        "CHTD": {
            "1999215": 1.41
        },
        "CWID": {
            "1999215": 0.91
        },
        "STDD": {
            "1999215": 14.86
        }
    },
    "_id": "66ed8cbb8ac54732f577201a",
    "ccid": "66ed8cbb8ac54732f577201a"
}{
    "type": "Feature",
    "geometry": {
        "type": "Point",
        "coordinates": [
            33.06712957,
            -111.97127861
        ]
    },
    "properties": {
        "cc_label": "p15-215-a",
        "PLPAD": {
            "1999215": 11.0
        },
        "CHTD": {
            "1999215": 1.22
        },
        "CWID": {
            "1999215": 0.86
        },
        "STDD": {
            "1999215": 14.5
        }
    },
    "_id": "66ed8cbb8ac54732f5772066",
    "ccid": "66ed8cbb8ac54732f5772066"
}{
    "type": "Feature",
    "geometry": {
        "type": "Point",
        "coordinates": [
            33.06703082,
            -111.97121861
        ]
    },
    "properties": {
        "cc_label": "p15-215-b",
        "PLPAD": {
            "1999215": 9.5
        },
        "CHTD": {
            "1999215": 1.38
        },
        "CWID": {
            "1999215": 0.92
        },
        "STDD": {
            "1999215": 17.5
        }
    },
    "_id": "66ed8cbb8ac54732f5772067",
    "ccid": "66ed8cbb8ac54732f5772067"
}{
    "type": "Feature",
    "geometry": {
        "type": "Point",
        "coordinates": [
            33.06698527,
            -111.97127703
        ]
    },
    "properties": {
        "cc_label": "p15-215-c",
        "PLPAD": {
            "1999215": 10.0
        },
        "CHTD": {
            "1999215": 1.15
        },
        "CWID": {
            "1999215": 0.87
        },
        "STDD": {
            "1999215": 14.18
        }
    },
    "_id": "66ed8cbb8ac54732f5772068",
    "ccid": "66ed8cbb8ac54732f5772068"
}{
    "type": "Feature",
    "geometry": {
        "type": "Point",
        "coordinates": [
            33.06712528,
            -111.97101933
        ]
    },
    "properties": {
        "cc_label": "p16-215-a",
        "PLPAD": {
            "1999215": 9.0
        },
        "CHTD": {
            "1999215": 1.22
        },
        "CWID": {
            "1999215": 0.86
        },
        "STDD": {
            "1999215": 12.58
        }
    },
    "_id": "66ed8cbb8ac54732f577207e",
    "ccid": "66ed8cbb8ac54732f577207e"
}{
    "type": "Feature",
    "geometry": {
        "type": "Point",
        "coordinates": [
            33.06702652,
            -111.97095932
        ]
    },
    "properties": {
        "cc_label": "p16-215-b",
        "PLPAD": {
            "1999215": 7.5
        },
        "CHTD": {
            "1999215": 1.13
        },
        "CWID": {
            "1999215": 0.85
        },
        "STDD": {
            "1999215": 12.08
        }
    },
    "_id": "66ed8cbb8ac54732f577207f",
    "ccid": "66ed8cbb8ac54732f577207f"
}{
    "type": "Feature",
    "geometry": {
        "type": "Point",
        "coordinates": [
            33.06698097,
            -111.97101774
        ]
    },
    "properties": {
        "cc_label": "p16-215-c",
        "PLPAD": {
            "1999215": 7.5
        },
        "CHTD": {
            "1999215": 0.96
        },
        "CWID": {
            "1999215": 0.82
        },
        "STDD": {
            "1999215": 12.2
        }
    },
    "_id": "66ed8cbb8ac54732f5772080",
    "ccid": "66ed8cbb8ac54732f5772080"
}{
    "type": "Feature",
    "geometry": {
        "type": "Point",
        "coordinates": [
            33.06778256,
            -111.97186211
        ]
    },
    "properties": {
        "cc_label": "p01-222-a",
        "PLPAD": {
            "1999222": 11.5
        },
        "CHTD": {
            "1999222": 1.47
        },
        "CWID": {
            "1999222": 0.95
        },
        "STDD": {
            "1999222": 13.66
        }
    },
    "_id": "66ed8cbb8ac54732f5771efb",
    "ccid": "66ed8cbb8ac54732f5771efb"
}{
    "type": "Feature",
    "geometry": {
        "type": "Point",
        "coordinates": [
            33.06767434,
            -111.97186092
        ]
    },
    "properties": {
        "cc_label": "p01-222-b",
        "PLPAD": {
            "1999222": 8.0
        },
        "CHTD": {
            "1999222": 1.3
        },
        "CWID": {
            "1999222": 0.9
        },
        "STDD": {
            "1999222": 16.3
        }
    },
    "_id": "66ed8cbb8ac54732f5771efc",
    "ccid": "66ed8cbb8ac54732f5771efc"
}{
    "type": "Feature",
    "geometry": {
        "type": "Point",
        "coordinates": [
            33.06776578,
            -111.97170124
        ]
    },
    "properties": {
        "cc_label": "p01-222-c",
        "PLPAD": {
            "1999222": 10.5
        },
        "CHTD": {
            "1999222": 1.35
        },
        "CWID": {
            "1999222": 0.89
        },
        "STDD": {
            "1999222": 17.42
        }
    },
    "_id": "66ed8cbb8ac54732f5771efd",
    "ccid": "66ed8cbb8ac54732f5771efd"
}{
    "type": "Feature",
    "geometry": {
        "type": "Point",
        "coordinates": [
            33.0677846,
            -111.97160075
        ]
    },
    "properties": {
        "cc_label": "p02-222-a",
        "PLPAD": {
            "1999222": 10.5
        },
        "CHTD": {
            "1999222": 1.33
        },
        "CWID": {
            "1999222": 0.93
        },
        "STDD": {
            "1999222": 15.62
        }
    },
    "_id": "66ed8cbb8ac54732f5771f19",
    "ccid": "66ed8cbb8ac54732f5771f19"
}{
    "type": "Feature",
    "geometry": {
        "type": "Point",
        "coordinates": [
            33.06767637,
            -111.97159956
        ]
    },
    "properties": {
        "cc_label": "p02-222-b",
        "PLPAD": {
            "1999222": 11.5
        },
        "CHTD": {
            "1999222": 1.37
        },
        "CWID": {
            "1999222": 0.9
        },
        "STDD": {
            "1999222": 15.62
        }
    },
    "_id": "66ed8cbb8ac54732f5771f1a",
    "ccid": "66ed8cbb8ac54732f5771f1a"
}{
    "type": "Feature",
    "geometry": {
        "type": "Point",
        "coordinates": [
            33.06776781,
            -111.97143988
        ]
    },
    "properties": {
        "cc_label": "p02-222-c",
        "PLPAD": {
            "1999222": 11.0
        },
        "CHTD": {
            "1999222": 1.36
        },
        "CWID": {
            "1999222": 0.91
        },
        "STDD": {
            "1999222": 12.02
        }
    },
    "_id": "66ed8cbb8ac54732f5771f1b",
    "ccid": "66ed8cbb8ac54732f5771f1b"
}{
    "type": "Feature",
    "geometry": {
        "type": "Point",
        "coordinates": [
            33.06756071,
            -111.97185753
        ]
    },
    "properties": {
        "cc_label": "p05-222-a",
        "PLPAD": {
            "1999222": 10.0
        },
        "CHTD": {
            "1999222": 1.2
        },
        "CWID": {
            "1999222": 0.73
        },
        "STDD": {
            "1999222": 12.84
        }
    },
    "_id": "66ed8cbb8ac54732f5771f6a",
    "ccid": "66ed8cbb8ac54732f5771f6a"
}{
    "type": "Feature",
    "geometry": {
        "type": "Point",
        "coordinates": [
            33.06745249,
            -111.97185634
        ]
    },
    "properties": {
        "cc_label": "p05-222-b",
        "PLPAD": {
            "1999222": 10.0
        },
        "CHTD": {
            "1999222": 0.89
        },
        "CWID": {
            "1999222": 0.88
        },
        "STDD": {
            "1999222": 12.36
        }
    },
    "_id": "66ed8cbb8ac54732f5771f6b",
    "ccid": "66ed8cbb8ac54732f5771f6b"
}{
    "type": "Feature",
    "geometry": {
        "type": "Point",
        "coordinates": [
            33.06754393,
            -111.97169666
        ]
    },
    "properties": {
        "cc_label": "p05-222-c",
        "PLPAD": {
            "1999222": 12.0
        },
        "CHTD": {
            "1999222": 1.14
        },
        "CWID": {
            "1999222": 0.91
        },
        "STDD": {
            "1999222": 15.42
        }
    },
    "_id": "66ed8cbb8ac54732f5771f6c",
    "ccid": "66ed8cbb8ac54732f5771f6c"
}{
    "type": "Feature",
    "geometry": {
        "type": "Point",
        "coordinates": [
            33.06756369,
            -111.9715919
        ]
    },
    "properties": {
        "cc_label": "p06-222-a",
        "PLPAD": {
            "1999222": 11.5
        },
        "CHTD": {
            "1999222": 1.17
        },
        "CWID": {
            "1999222": 0.91
        },
        "STDD": {
            "1999222": 11.44
        }
    },
    "_id": "66ed8cbb8ac54732f5771f85",
    "ccid": "66ed8cbb8ac54732f5771f85"
}{
    "type": "Feature",
    "geometry": {
        "type": "Point",
        "coordinates": [
            33.06745546,
            -111.97159071
        ]
    },
    "properties": {
        "cc_label": "p06-222-b",
        "PLPAD": {
            "1999222": 9.5
        },
        "CHTD": {
            "1999222": 0.93
        },
        "CWID": {
            "1999222": 0.81
        },
        "STDD": {
            "1999222": 11.52
        }
    },
    "_id": "66ed8cbb8ac54732f5771f86",
    "ccid": "66ed8cbb8ac54732f5771f86"
}{
    "type": "Feature",
    "geometry": {
        "type": "Point",
        "coordinates": [
            33.0675469,
            -111.97143103
        ]
    },
    "properties": {
        "cc_label": "p06-222-c",
        "PLPAD": {
            "1999222": 9.5
        },
        "CHTD": {
            "1999222": 1.16
        },
        "CWID": {
            "1999222": 0.88
        },
        "STDD": {
            "1999222": 13.98
        }
    },
    "_id": "66ed8cbb8ac54732f5771f87",
    "ccid": "66ed8cbb8ac54732f5771f87"
}{
    "type": "Feature",
    "geometry": {
        "type": "Point",
        "coordinates": [
            33.06731632,
            -111.9718527
        ]
    },
    "properties": {
        "cc_label": "p09-222-a",
        "PLPAD": {
            "1999222": 10.5
        },
        "CHTD": {
            "1999222": 1.08
        },
        "CWID": {
            "1999222": 0.91
        },
        "STDD": {
            "1999222": 10.48
        }
    },
    "_id": "66ed8cbb8ac54732f5771fd0",
    "ccid": "66ed8cbb8ac54732f5771fd0"
}{
    "type": "Feature",
    "geometry": {
        "type": "Point",
        "coordinates": [
            33.06720809,
            -111.97185151
        ]
    },
    "properties": {
        "cc_label": "p09-222-b",
        "PLPAD": {
            "1999222": 9.5
        },
        "CHTD": {
            "1999222": 1.0
        },
        "CWID": {
            "1999222": 0.9
        },
        "STDD": {
            "1999222": 12.86
        }
    },
    "_id": "66ed8cbb8ac54732f5771fd1",
    "ccid": "66ed8cbb8ac54732f5771fd1"
}{
    "type": "Feature",
    "geometry": {
        "type": "Point",
        "coordinates": [
            33.06729953,
            -111.97169183
        ]
    },
    "properties": {
        "cc_label": "p09-222-c",
        "PLPAD": {
            "1999222": 4.5
        },
        "CHTD": {
            "1999222": 1.07
        },
        "CWID": {
            "1999222": 0.85
        },
        "STDD": {
            "1999222": 11.5
        }
    },
    "_id": "66ed8cbb8ac54732f5771fd2",
    "ccid": "66ed8cbb8ac54732f5771fd2"
}{
    "type": "Feature",
    "geometry": {
        "type": "Point",
        "coordinates": [
            33.06731477,
            -111.97158809
        ]
    },
    "properties": {
        "cc_label": "p10-222-a",
        "PLPAD": {
            "1999222": 11.5
        },
        "CHTD": {
            "1999222": 1.11
        },
        "CWID": {
            "1999222": 0.88
        },
        "STDD": {
            "1999222": 11.52
        }
    },
    "_id": "66ed8cbb8ac54732f5771feb",
    "ccid": "66ed8cbb8ac54732f5771feb"
}{
    "type": "Feature",
    "geometry": {
        "type": "Point",
        "coordinates": [
            33.06720654,
            -111.9715869
        ]
    },
    "properties": {
        "cc_label": "p10-222-b",
        "PLPAD": {
            "1999222": 10.5
        },
        "CHTD": {
            "1999222": 1.02
        },
        "CWID": {
            "1999222": 0.85
        },
        "STDD": {
            "1999222": 10.04
        }
    },
    "_id": "66ed8cbb8ac54732f5771fec",
    "ccid": "66ed8cbb8ac54732f5771fec"
}{
    "type": "Feature",
    "geometry": {
        "type": "Point",
        "coordinates": [
            33.06729798,
            -111.97142722
        ]
    },
    "properties": {
        "cc_label": "p10-222-c",
        "PLPAD": {
            "1999222": 9.5
        },
        "CHTD": {
            "1999222": 0.97
        },
        "CWID": {
            "1999222": 0.85
        },
        "STDD": {
            "1999222": 13.94
        }
    },
    "_id": "66ed8cbb8ac54732f5771fed",
    "ccid": "66ed8cbb8ac54732f5771fed"
}{
    "type": "Feature",
    "geometry": {
        "type": "Point",
        "coordinates": [
            33.06709442,
            -111.97185348
        ]
    },
    "properties": {
        "cc_label": "p13-222-a",
        "PLPAD": {
            "1999222": 10.0
        },
        "CHTD": {
            "1999222": 0.93
        },
        "CWID": {
            "1999222": 0.91
        },
        "STDD": {
            "1999222": 12.0
        }
    },
    "_id": "66ed8cbb8ac54732f5772037",
    "ccid": "66ed8cbb8ac54732f5772037"
}{
    "type": "Feature",
    "geometry": {
        "type": "Point",
        "coordinates": [
            33.0669862,
            -111.97185229
        ]
    },
    "properties": {
        "cc_label": "p13-222-b",
        "PLPAD": {
            "1999222": 9.0
        },
        "CHTD": {
            "1999222": 0.72
        },
        "CWID": {
            "1999222": 0.77
        },
        "STDD": {
            "1999222": 10.8
        }
    },
    "_id": "66ed8cbb8ac54732f5772038",
    "ccid": "66ed8cbb8ac54732f5772038"
}{
    "type": "Feature",
    "geometry": {
        "type": "Point",
        "coordinates": [
            33.06707764,
            -111.97169261
        ]
    },
    "properties": {
        "cc_label": "p13-222-c",
        "PLPAD": {
            "1999222": 9.0
        },
        "CHTD": {
            "1999222": 0.91
        },
        "CWID": {
            "1999222": 0.87
        },
        "STDD": {
            "1999222": 10.24
        }
    },
    "_id": "66ed8cbb8ac54732f5772039",
    "ccid": "66ed8cbb8ac54732f5772039"
}{
    "type": "Feature",
    "geometry": {
        "type": "Point",
        "coordinates": [
            33.06709469,
            -111.97158781
        ]
    },
    "properties": {
        "cc_label": "p14-222-a",
        "PLPAD": {
            "1999222": 9.0
        },
        "CHTD": {
            "1999222": 1.3
        },
        "CWID": {
            "1999222": 0.88
        },
        "STDD": {
            "1999222": 13.36
        }
    },
    "_id": "66ed8cbb8ac54732f5772052",
    "ccid": "66ed8cbb8ac54732f5772052"
}{
    "type": "Feature",
    "geometry": {
        "type": "Point",
        "coordinates": [
            33.06698646,
            -111.97158662
        ]
    },
    "properties": {
        "cc_label": "p14-222-b",
        "PLPAD": {
            "1999222": 9.0
        },
        "CHTD": {
            "1999222": 1.08
        },
        "CWID": {
            "1999222": 0.9
        },
        "STDD": {
            "1999222": 13.16
        }
    },
    "_id": "66ed8cbb8ac54732f5772053",
    "ccid": "66ed8cbb8ac54732f5772053"
}{
    "type": "Feature",
    "geometry": {
        "type": "Point",
        "coordinates": [
            33.0670779,
            -111.97142694
        ]
    },
    "properties": {
        "cc_label": "p14-222-c",
        "PLPAD": {
            "1999222": 10.5
        },
        "CHTD": {
            "1999222": 1.26
        },
        "CWID": {
            "1999222": 0.79
        },
        "STDD": {
            "1999222": 10.32
        }
    },
    "_id": "66ed8cbb8ac54732f5772054",
    "ccid": "66ed8cbb8ac54732f5772054"
}{
    "type": "Feature",
    "geometry": {
        "type": "Point",
        "coordinates": [
            33.06778306,
            -111.97133507
        ]
    },
    "properties": {
        "cc_label": "p03-231-a",
        "PLPAD": {
            "1999231": 9.0
        },
        "CHTD": {
            "1999231": 1.41
        },
        "CWID": {
            "1999231": 0.95
        },
        "STDD": {
            "1999231": 14.82
        }
    },
    "_id": "66ed8cbb8ac54732f5771f34",
    "ccid": "66ed8cbb8ac54732f5771f34"
}{
    "type": "Feature",
    "geometry": {
        "type": "Point",
        "coordinates": [
            33.06767483,
            -111.97133388
        ]
    },
    "properties": {
        "cc_label": "p03-231-b",
        "PLPAD": {
            "1999231": 7.0
        },
        "CHTD": {
            "1999231": 1.42
        },
        "CWID": {
            "1999231": 0.88
        },
        "STDD": {
            "1999231": 18.8
        }
    },
    "_id": "66ed8cbb8ac54732f5771f35",
    "ccid": "66ed8cbb8ac54732f5771f35"
}{
    "type": "Feature",
    "geometry": {
        "type": "Point",
        "coordinates": [
            33.06776628,
            -111.9711742
        ]
    },
    "properties": {
        "cc_label": "p03-231-c",
        "PLPAD": {
            "1999231": 8.5
        },
        "CHTD": {
            "1999231": 1.45
        },
        "CWID": {
            "1999231": 0.94
        },
        "STDD": {
            "1999231": 15.24
        }
    },
    "_id": "66ed8cbb8ac54732f5771f36",
    "ccid": "66ed8cbb8ac54732f5771f36"
}{
    "type": "Feature",
    "geometry": {
        "type": "Point",
        "coordinates": [
            33.06778229,
            -111.97108653
        ]
    },
    "properties": {
        "cc_label": "p04-231-a",
        "PLPAD": {
            "1999231": 9.5
        },
        "CHTD": {
            "1999231": 1.34
        },
        "CWID": {
            "1999231": 0.93
        },
        "STDD": {
            "1999231": 13.18
        }
    },
    "_id": "66ed8cbb8ac54732f5771f4f",
    "ccid": "66ed8cbb8ac54732f5771f4f"
}{
    "type": "Feature",
    "geometry": {
        "type": "Point",
        "coordinates": [
            33.06767406,
            -111.97108534
        ]
    },
    "properties": {
        "cc_label": "p04-231-b",
        "PLPAD": {
            "1999231": 9.0
        },
        "CHTD": {
            "1999231": 1.2
        },
        "CWID": {
            "1999231": 0.94
        },
        "STDD": {
            "1999231": 13.58
        }
    },
    "_id": "66ed8cbb8ac54732f5771f50",
    "ccid": "66ed8cbb8ac54732f5771f50"
}{
    "type": "Feature",
    "geometry": {
        "type": "Point",
        "coordinates": [
            33.0677655,
            -111.97092566
        ]
    },
    "properties": {
        "cc_label": "p04-231-c",
        "PLPAD": {
            "1999231": 9.0
        },
        "CHTD": {
            "1999231": 1.15
        },
        "CWID": {
            "1999231": 0.92
        },
        "STDD": {
            "1999231": 13.54
        }
    },
    "_id": "66ed8cbb8ac54732f5771f51",
    "ccid": "66ed8cbb8ac54732f5771f51"
}{
    "type": "Feature",
    "geometry": {
        "type": "Point",
        "coordinates": [
            33.06756027,
            -111.97133583
        ]
    },
    "properties": {
        "cc_label": "p07-231-a",
        "PLPAD": {
            "1999231": 9.0
        },
        "CHTD": {
            "1999231": 1.67
        },
        "CWID": {
            "1999231": 0.92
        },
        "STDD": {
            "1999231": 15.12
        }
    },
    "_id": "66ed8cbb8ac54732f5771f9d",
    "ccid": "66ed8cbb8ac54732f5771f9d"
}{
    "type": "Feature",
    "geometry": {
        "type": "Point",
        "coordinates": [
            33.06745204,
            -111.97133464
        ]
    },
    "properties": {
        "cc_label": "p07-231-b",
        "PLPAD": {
            "1999231": 9.0
        },
        "CHTD": {
            "1999231": 1.36
        },
        "CWID": {
            "1999231": 0.96
        },
        "STDD": {
            "1999231": 15.1
        }
    },
    "_id": "66ed8cbb8ac54732f5771f9e",
    "ccid": "66ed8cbb8ac54732f5771f9e"
}{
    "type": "Feature",
    "geometry": {
        "type": "Point",
        "coordinates": [
            33.06754348,
            -111.97117496
        ]
    },
    "properties": {
        "cc_label": "p07-231-c",
        "PLPAD": {
            "1999231": 8.5
        },
        "CHTD": {
            "1999231": 1.4
        },
        "CWID": {
            "1999231": 0.96
        },
        "STDD": {
            "1999231": 16.72
        }
    },
    "_id": "66ed8cbb8ac54732f5771f9f",
    "ccid": "66ed8cbb8ac54732f5771f9f"
}{
    "type": "Feature",
    "geometry": {
        "type": "Point",
        "coordinates": [
            33.06756322,
            -111.97107234
        ]
    },
    "properties": {
        "cc_label": "p08-231-a",
        "PLPAD": {
            "1999231": 11.5
        },
        "CHTD": {
            "1999231": 1.49
        },
        "CWID": {
            "1999231": 0.74
        },
        "STDD": {
            "1999231": 15.34
        }
    },
    "_id": "66ed8cbb8ac54732f5771fb5",
    "ccid": "66ed8cbb8ac54732f5771fb5"
}{
    "type": "Feature",
    "geometry": {
        "type": "Point",
        "coordinates": [
            33.06745499,
            -111.97107115
        ]
    },
    "properties": {
        "cc_label": "p08-231-b",
        "PLPAD": {
            "1999231": 11.0
        },
        "CHTD": {
            "1999231": 1.36
        },
        "CWID": {
            "1999231": 0.93
        },
        "STDD": {
            "1999231": 13.34
        }
    },
    "_id": "66ed8cbb8ac54732f5771fb6",
    "ccid": "66ed8cbb8ac54732f5771fb6"
}{
    "type": "Feature",
    "geometry": {
        "type": "Point",
        "coordinates": [
            33.06754644,
            -111.97091147
        ]
    },
    "properties": {
        "cc_label": "p08-231-c",
        "PLPAD": {
            "1999231": 10.5
        },
        "CHTD": {
            "1999231": 1.47
        },
        "CWID": {
            "1999231": 0.77
        },
        "STDD": {
            "1999231": 18.9
        }
    },
    "_id": "66ed8cbb8ac54732f5771fb7",
    "ccid": "66ed8cbb8ac54732f5771fb7"
}{
    "type": "Feature",
    "geometry": {
        "type": "Point",
        "coordinates": [
            33.06730953,
            -111.97133415
        ]
    },
    "properties": {
        "cc_label": "p11-231-a",
        "PLPAD": {
            "1999231": 8.0
        },
        "CHTD": {
            "1999231": 1.29
        },
        "CWID": {
            "1999231": 0.97
        },
        "STDD": {
            "1999231": 14.74
        }
    },
    "_id": "66ed8cbb8ac54732f5772003",
    "ccid": "66ed8cbb8ac54732f5772003"
}{
    "type": "Feature",
    "geometry": {
        "type": "Point",
        "coordinates": [
            33.0672013,
            -111.97133296
        ]
    },
    "properties": {
        "cc_label": "p11-231-b",
        "PLPAD": {
            "1999231": 8.0
        },
        "CHTD": {
            "1999231": 1.22
        },
        "CWID": {
            "1999231": 0.87
        },
        "STDD": {
            "1999231": 14.72
        }
    },
    "_id": "66ed8cbb8ac54732f5772004",
    "ccid": "66ed8cbb8ac54732f5772004"
}{
    "type": "Feature",
    "geometry": {
        "type": "Point",
        "coordinates": [
            33.06729275,
            -111.97117328
        ]
    },
    "properties": {
        "cc_label": "p11-231-c",
        "PLPAD": {
            "1999231": 9.5
        },
        "CHTD": {
            "1999231": 1.2
        },
        "CWID": {
            "1999231": 0.86
        },
        "STDD": {
            "1999231": 12.76
        }
    },
    "_id": "66ed8cbb8ac54732f5772005",
    "ccid": "66ed8cbb8ac54732f5772005"
}{
    "type": "Feature",
    "geometry": {
        "type": "Point",
        "coordinates": [
            33.06731513,
            -111.97107926
        ]
    },
    "properties": {
        "cc_label": "p12-231-a",
        "PLPAD": {
            "1999231": 9.5
        },
        "CHTD": {
            "1999231": 1.37
        },
        "CWID": {
            "1999231": 0.92
        },
        "STDD": {
            "1999231": 15.16
        }
    },
    "_id": "66ed8cbb8ac54732f577201b",
    "ccid": "66ed8cbb8ac54732f577201b"
}{
    "type": "Feature",
    "geometry": {
        "type": "Point",
        "coordinates": [
            33.0672069,
            -111.97107807
        ]
    },
    "properties": {
        "cc_label": "p12-231-b",
        "PLPAD": {
            "1999231": 8.5
        },
        "CHTD": {
            "1999231": 1.57
        },
        "CWID": {
            "1999231": 0.96
        },
        "STDD": {
            "1999231": 17.02
        }
    },
    "_id": "66ed8cbb8ac54732f577201c",
    "ccid": "66ed8cbb8ac54732f577201c"
}{
    "type": "Feature",
    "geometry": {
        "type": "Point",
        "coordinates": [
            33.06729834,
            -111.97091839
        ]
    },
    "properties": {
        "cc_label": "p12-231-c",
        "PLPAD": {
            "1999231": 11.0
        },
        "CHTD": {
            "1999231": 1.37
        },
        "CWID": {
            "1999231": 0.96
        },
        "STDD": {
            "1999231": 13.44
        }
    },
    "_id": "66ed8cbb8ac54732f577201d",
    "ccid": "66ed8cbb8ac54732f577201d"
}{
    "type": "Feature",
    "geometry": {
        "type": "Point",
        "coordinates": [
            33.06709303,
            -111.97133713
        ]
    },
    "properties": {
        "cc_label": "p15-231-a",
        "PLPAD": {
            "1999231": 8.0
        },
        "CHTD": {
            "1999231": 1.33
        },
        "CWID": {
            "1999231": 0.92
        },
        "STDD": {
            "1999231": 11.54
        }
    },
    "_id": "66ed8cbb8ac54732f5772069",
    "ccid": "66ed8cbb8ac54732f5772069"
}{
    "type": "Feature",
    "geometry": {
        "type": "Point",
        "coordinates": [
            33.06698481,
            -111.97133594
        ]
    },
    "properties": {
        "cc_label": "p15-231-b",
        "PLPAD": {
            "1999231": 10.0
        },
        "CHTD": {
            "1999231": 1.29
        },
        "CWID": {
            "1999231": 0.93
        },
        "STDD": {
            "1999231": 10.98
        }
    },
    "_id": "66ed8cbb8ac54732f577206a",
    "ccid": "66ed8cbb8ac54732f577206a"
}{
    "type": "Feature",
    "geometry": {
        "type": "Point",
        "coordinates": [
            33.06707625,
            -111.97117626
        ]
    },
    "properties": {
        "cc_label": "p15-231-c",
        "PLPAD": {
            "1999231": 9.0
        },
        "CHTD": {
            "1999231": 1.16
        },
        "CWID": {
            "1999231": 1.0
        },
        "STDD": {
            "1999231": 10.3
        }
    },
    "_id": "66ed8cbb8ac54732f577206b",
    "ccid": "66ed8cbb8ac54732f577206b"
}{
    "type": "Feature",
    "geometry": {
        "type": "Point",
        "coordinates": [
            33.06708874,
            -111.97107784
        ]
    },
    "properties": {
        "cc_label": "p16-231-a",
        "PLPAD": {
            "1999231": 10.0
        },
        "CHTD": {
            "1999231": 1.16
        },
        "CWID": {
            "1999231": 0.88
        },
        "STDD": {
            "1999231": 15.58
        }
    },
    "_id": "66ed8cbb8ac54732f5772081",
    "ccid": "66ed8cbb8ac54732f5772081"
}{
    "type": "Feature",
    "geometry": {
        "type": "Point",
        "coordinates": [
            33.06698051,
            -111.97107665
        ]
    },
    "properties": {
        "cc_label": "p16-231-b",
        "PLPAD": {
            "1999231": 9.5
        },
        "CHTD": {
            "1999231": 0.98
        },
        "CWID": {
            "1999231": 0.83
        },
        "STDD": {
            "1999231": 12.88
        }
    },
    "_id": "66ed8cbb8ac54732f5772082",
    "ccid": "66ed8cbb8ac54732f5772082"
}{
    "type": "Feature",
    "geometry": {
        "type": "Point",
        "coordinates": [
            33.06707195,
            -111.97091697
        ]
    },
    "properties": {
        "cc_label": "p16-231-c",
        "PLPAD": {
            "1999231": 9.0
        },
        "CHTD": {
            "1999231": 1.25
        },
        "CWID": {
            "1999231": 0.88
        },
        "STDD": {
            "1999231": 12.74
        }
    },
    "_id": "66ed8cbb8ac54732f5772083",
    "ccid": "66ed8cbb8ac54732f5772083"
}{
    "type": "Feature",
    "geometry": {
        "type": "Point",
        "coordinates": [
            33.06781087,
            -111.97170174
        ]
    },
    "properties": {
        "cc_label": "p01-236-a",
        "PLPAD": {
            "1999236": 8.0
        },
        "CHTD": {
            "1999236": 1.77
        },
        "CWID": {
            "1999236": 0.97
        },
        "STDD": {
            "1999236": 14.76
        }
    },
    "_id": "66ed8cbb8ac54732f5771efe",
    "ccid": "66ed8cbb8ac54732f5771efe"
}{
    "type": "Feature",
    "geometry": {
        "type": "Point",
        "coordinates": [
            33.067774,
            -111.9718031
        ]
    },
    "properties": {
        "cc_label": "p01-236-b",
        "PLPAD": {
            "1999236": 7.5
        },
        "CHTD": {
            "1999236": 1.66
        },
        "CWID": {
            "1999236": 0.99
        },
        "STDD": {
            "1999236": 14.84
        }
    },
    "_id": "66ed8cbb8ac54732f5771eff",
    "ccid": "66ed8cbb8ac54732f5771eff"
}{
    "type": "Feature",
    "geometry": {
        "type": "Point",
        "coordinates": [
            33.06771166,
            -111.97170065
        ]
    },
    "properties": {
        "cc_label": "p01-236-c",
        "PLPAD": {
            "1999236": 10.0
        },
        "CHTD": {
            "1999236": 1.53
        },
        "CWID": {
            "1999236": 1.0
        },
        "STDD": {
            "1999236": 13.66
        }
    },
    "_id": "66ed8cbb8ac54732f5771f00",
    "ccid": "66ed8cbb8ac54732f5771f00"
}{
    "type": "Feature",
    "geometry": {
        "type": "Point",
        "coordinates": [
            33.06781291,
            -111.97144038
        ]
    },
    "properties": {
        "cc_label": "p02-236-a",
        "PLPAD": {
            "1999236": 10.0
        },
        "CHTD": {
            "1999236": 1.49
        },
        "CWID": {
            "1999236": 0.97
        },
        "STDD": {
            "1999236": 13.54
        }
    },
    "_id": "66ed8cbb8ac54732f5771f1c",
    "ccid": "66ed8cbb8ac54732f5771f1c"
}{
    "type": "Feature",
    "geometry": {
        "type": "Point",
        "coordinates": [
            33.06777604,
            -111.97154174
        ]
    },
    "properties": {
        "cc_label": "p02-236-b",
        "PLPAD": {
            "1999236": 10.5
        },
        "CHTD": {
            "1999236": 1.41
        },
        "CWID": {
            "1999236": 0.98
        },
        "STDD": {
            "1999236": 12.84
        }
    },
    "_id": "66ed8cbb8ac54732f5771f1d",
    "ccid": "66ed8cbb8ac54732f5771f1d"
}{
    "type": "Feature",
    "geometry": {
        "type": "Point",
        "coordinates": [
            33.0677137,
            -111.97143929
        ]
    },
    "properties": {
        "cc_label": "p02-236-c",
        "PLPAD": {
            "1999236": 11.5
        },
        "CHTD": {
            "1999236": 1.46
        },
        "CWID": {
            "1999236": 0.98
        },
        "STDD": {
            "1999236": 14.24
        }
    },
    "_id": "66ed8cbb8ac54732f5771f1e",
    "ccid": "66ed8cbb8ac54732f5771f1e"
}{
    "type": "Feature",
    "geometry": {
        "type": "Point",
        "coordinates": [
            33.06758902,
            -111.97169716
        ]
    },
    "properties": {
        "cc_label": "p05-236-a",
        "PLPAD": {
            "1999236": 10.5
        },
        "CHTD": {
            "1999236": 1.34
        },
        "CWID": {
            "1999236": 0.95
        },
        "STDD": {
            "1999236": 13.02
        }
    },
    "_id": "66ed8cbb8ac54732f5771f6d",
    "ccid": "66ed8cbb8ac54732f5771f6d"
}{
    "type": "Feature",
    "geometry": {
        "type": "Point",
        "coordinates": [
            33.06755215,
            -111.97179852
        ]
    },
    "properties": {
        "cc_label": "p05-236-b",
        "PLPAD": {
            "1999236": 7.5
        },
        "CHTD": {
            "1999236": 1.26
        },
        "CWID": {
            "1999236": 0.98
        },
        "STDD": {
            "1999236": 13.4
        }
    },
    "_id": "66ed8cbb8ac54732f5771f6e",
    "ccid": "66ed8cbb8ac54732f5771f6e"
}{
    "type": "Feature",
    "geometry": {
        "type": "Point",
        "coordinates": [
            33.06748981,
            -111.97169607
        ]
    },
    "properties": {
        "cc_label": "p05-236-c",
        "PLPAD": {
            "1999236": 8.0
        },
        "CHTD": {
            "1999236": 1.1
        },
        "CWID": {
            "1999236": 0.92
        },
        "STDD": {
            "1999236": 14.68
        }
    },
    "_id": "66ed8cbb8ac54732f5771f6f",
    "ccid": "66ed8cbb8ac54732f5771f6f"
}{
    "type": "Feature",
    "geometry": {
        "type": "Point",
        "coordinates": [
            33.06759199,
            -111.97143152
        ]
    },
    "properties": {
        "cc_label": "p06-236-a",
        "PLPAD": {
            "1999236": 9.5
        },
        "CHTD": {
            "1999236": 1.32
        },
        "CWID": {
            "1999236": 0.98
        },
        "STDD": {
            "1999236": 12.12
        }
    },
    "_id": "66ed8cbb8ac54732f5771f88",
    "ccid": "66ed8cbb8ac54732f5771f88"
}{
    "type": "Feature",
    "geometry": {
        "type": "Point",
        "coordinates": [
            33.06755513,
            -111.97153288
        ]
    },
    "properties": {
        "cc_label": "p06-236-b",
        "PLPAD": {
            "1999236": 10.0
        },
        "CHTD": {
            "1999236": 1.18
        },
        "CWID": {
            "1999236": 0.95
        },
        "STDD": {
            "1999236": 13.36
        }
    },
    "_id": "66ed8cbb8ac54732f5771f89",
    "ccid": "66ed8cbb8ac54732f5771f89"
}{
    "type": "Feature",
    "geometry": {
        "type": "Point",
        "coordinates": [
            33.06749279,
            -111.97143043
        ]
    },
    "properties": {
        "cc_label": "p06-236-c",
        "PLPAD": {
            "1999236": 8.5
        },
        "CHTD": {
            "1999236": 1.44
        },
        "CWID": {
            "1999236": 0.97
        },
        "STDD": {
            "1999236": 17.4
        }
    },
    "_id": "66ed8cbb8ac54732f5771f8a",
    "ccid": "66ed8cbb8ac54732f5771f8a"
}{
    "type": "Feature",
    "geometry": {
        "type": "Point",
        "coordinates": [
            33.06734462,
            -111.97169233
        ]
    },
    "properties": {
        "cc_label": "p09-236-a",
        "PLPAD": {
            "1999236": 8.5
        },
        "CHTD": {
            "1999236": 1.43
        },
        "CWID": {
            "1999236": 0.98
        },
        "STDD": {
            "1999236": 12.38
        }
    },
    "_id": "66ed8cbb8ac54732f5771fd3",
    "ccid": "66ed8cbb8ac54732f5771fd3"
}{
    "type": "Feature",
    "geometry": {
        "type": "Point",
        "coordinates": [
            33.06730776,
            -111.97179369
        ]
    },
    "properties": {
        "cc_label": "p09-236-b",
        "PLPAD": {
            "1999236": 9.5
        },
        "CHTD": {
            "1999236": 1.04
        },
        "CWID": {
            "1999236": 0.96
        },
        "STDD": {
            "1999236": 12.56
        }
    },
    "_id": "66ed8cbb8ac54732f5771fd4",
    "ccid": "66ed8cbb8ac54732f5771fd4"
}{
    "type": "Feature",
    "geometry": {
        "type": "Point",
        "coordinates": [
            33.06724542,
            -111.97169124
        ]
    },
    "properties": {
        "cc_label": "p09-236-c",
        "PLPAD": {
            "1999236": 11.5
        },
        "CHTD": {
            "1999236": 1.35
        },
        "CWID": {
            "1999236": 1.01
        },
        "STDD": {
            "1999236": 12.48
        }
    },
    "_id": "66ed8cbb8ac54732f5771fd5",
    "ccid": "66ed8cbb8ac54732f5771fd5"
}{
    "type": "Feature",
    "geometry": {
        "type": "Point",
        "coordinates": [
            33.06734308,
            -111.97142772
        ]
    },
    "properties": {
        "cc_label": "p10-236-a",
        "PLPAD": {
            "1999236": 10.0
        },
        "CHTD": {
            "1999236": 1.44
        },
        "CWID": {
            "1999236": 0.99
        },
        "STDD": {
            "1999236": 14.14
        }
    },
    "_id": "66ed8cbb8ac54732f5771fee",
    "ccid": "66ed8cbb8ac54732f5771fee"
}{
    "type": "Feature",
    "geometry": {
        "type": "Point",
        "coordinates": [
            33.06730621,
            -111.97152908
        ]
    },
    "properties": {
        "cc_label": "p10-236-b",
        "PLPAD": {
            "1999236": 10.0
        },
        "CHTD": {
            "1999236": 1.21
        },
        "CWID": {
            "1999236": 0.95
        },
        "STDD": {
            "1999236": 12.44
        }
    },
    "_id": "66ed8cbb8ac54732f5771fef",
    "ccid": "66ed8cbb8ac54732f5771fef"
}{
    "type": "Feature",
    "geometry": {
        "type": "Point",
        "coordinates": [
            33.06724387,
            -111.97142663
        ]
    },
    "properties": {
        "cc_label": "p10-236-c",
        "PLPAD": {
            "1999236": 9.0
        },
        "CHTD": {
            "1999236": 1.54
        },
        "CWID": {
            "1999236": 0.97
        },
        "STDD": {
            "1999236": 16.36
        }
    },
    "_id": "66ed8cbb8ac54732f5771ff0",
    "ccid": "66ed8cbb8ac54732f5771ff0"
}{
    "type": "Feature",
    "geometry": {
        "type": "Point",
        "coordinates": [
            33.06712273,
            -111.9716931
        ]
    },
    "properties": {
        "cc_label": "p13-236-a",
        "PLPAD": {
            "1999236": 8.0
        },
        "CHTD": {
            "1999236": 1.02
        },
        "CWID": {
            "1999236": 0.88
        },
        "STDD": {
            "1999236": 12.62
        }
    },
    "_id": "66ed8cbb8ac54732f577203a",
    "ccid": "66ed8cbb8ac54732f577203a"
}{
    "type": "Feature",
    "geometry": {
        "type": "Point",
        "coordinates": [
            33.06708586,
            -111.97179446
        ]
    },
    "properties": {
        "cc_label": "p13-236-b",
        "PLPAD": {
            "1999236": 12.0
        },
        "CHTD": {
            "1999236": 1.02
        },
        "CWID": {
            "1999236": 1.03
        },
        "STDD": {
            "1999236": 13.64
        }
    },
    "_id": "66ed8cbb8ac54732f577203b",
    "ccid": "66ed8cbb8ac54732f577203b"
}{
    "type": "Feature",
    "geometry": {
        "type": "Point",
        "coordinates": [
            33.06702352,
            -111.97169201
        ]
    },
    "properties": {
        "cc_label": "p13-236-c",
        "PLPAD": {
            "1999236": 8.5
        },
        "CHTD": {
            "1999236": 1.11
        },
        "CWID": {
            "1999236": 0.97
        },
        "STDD": {
            "1999236": 13.46
        }
    },
    "_id": "66ed8cbb8ac54732f577203c",
    "ccid": "66ed8cbb8ac54732f577203c"
}{
    "type": "Feature",
    "geometry": {
        "type": "Point",
        "coordinates": [
            33.067123,
            -111.97142744
        ]
    },
    "properties": {
        "cc_label": "p14-236-a",
        "PLPAD": {
            "1999236": 9.5
        },
        "CHTD": {
            "1999236": 1.47
        },
        "CWID": {
            "1999236": 0.91
        },
        "STDD": {
            "1999236": 13.44
        }
    },
    "_id": "66ed8cbb8ac54732f5772055",
    "ccid": "66ed8cbb8ac54732f5772055"
}{
    "type": "Feature",
    "geometry": {
        "type": "Point",
        "coordinates": [
            33.06708613,
            -111.9715288
        ]
    },
    "properties": {
        "cc_label": "p14-236-b",
        "PLPAD": {
            "1999236": 10.0
        },
        "CHTD": {
            "1999236": 1.4
        },
        "CWID": {
            "1999236": 0.94
        },
        "STDD": {
            "1999236": 13.22
        }
    },
    "_id": "66ed8cbb8ac54732f5772056",
    "ccid": "66ed8cbb8ac54732f5772056"
}{
    "type": "Feature",
    "geometry": {
        "type": "Point",
        "coordinates": [
            33.06781137,
            -111.97117469
        ]
    },
    "properties": {
        "cc_label": "p03-243-a",
        "PLPAD": {
            "1999243": 9.0
        },
        "CHTD": {
            "1999243": 1.5
        },
        "CWID": {
            "1999243": 1.0
        },
        "STDD": {
            "1999243": 15.84
        }
    },
    "_id": "66ed8cbb8ac54732f5771f37",
    "ccid": "66ed8cbb8ac54732f5771f37"
}{
    "type": "Feature",
    "geometry": {
        "type": "Point",
        "coordinates": [
            33.0677745,
            -111.97127605
        ]
    },
    "properties": {
        "cc_label": "p03-243-b",
        "PLPAD": {
            "1999243": 11.5
        },
        "CHTD": {
            "1999243": 1.46
        },
        "CWID": {
            "1999243": 1.0
        },
        "STDD": {
            "1999243": 15.24
        }
    },
    "_id": "66ed8cbb8ac54732f5771f38",
    "ccid": "66ed8cbb8ac54732f5771f38"
}{
    "type": "Feature",
    "geometry": {
        "type": "Point",
        "coordinates": [
            33.06771216,
            -111.9711736
        ]
    },
    "properties": {
        "cc_label": "p03-243-c",
        "PLPAD": {
            "1999243": 7.0
        },
        "CHTD": {
            "1999243": 1.37
        },
        "CWID": {
            "1999243": 0.82
        },
        "STDD": {
            "1999243": 12.82
        }
    },
    "_id": "66ed8cbb8ac54732f5771f39",
    "ccid": "66ed8cbb8ac54732f5771f39"
}{
    "type": "Feature",
    "geometry": {
        "type": "Point",
        "coordinates": [
            33.0678106,
            -111.97092616
        ]
    },
    "properties": {
        "cc_label": "p04-243-a",
        "PLPAD": {
            "1999243": 10.0
        },
        "CHTD": {
            "1999243": 1.07
        },
        "CWID": {
            "1999243": 1.0
        },
        "STDD": {
            "1999243": 13.68
        }
    },
    "_id": "66ed8cbb8ac54732f5771f52",
    "ccid": "66ed8cbb8ac54732f5771f52"
}{
    "type": "Feature",
    "geometry": {
        "type": "Point",
        "coordinates": [
            33.06777373,
            -111.97102752
        ]
    },
    "properties": {
        "cc_label": "p04-243-b",
        "PLPAD": {
            "1999243": 10.5
        },
        "CHTD": {
            "1999243": 1.39
        },
        "CWID": {
            "1999243": 1.0
        },
        "STDD": {
            "1999243": 12.64
        }
    },
    "_id": "66ed8cbb8ac54732f5771f53",
    "ccid": "66ed8cbb8ac54732f5771f53"
}{
    "type": "Feature",
    "geometry": {
        "type": "Point",
        "coordinates": [
            33.06771139,
            -111.97092507
        ]
    },
    "properties": {
        "cc_label": "p04-243-c",
        "PLPAD": {
            "1999243": 9.5
        },
        "CHTD": {
            "1999243": 1.35
        },
        "CWID": {
            "1999243": 1.0
        },
        "STDD": {
            "1999243": 12.62
        }
    },
    "_id": "66ed8cbb8ac54732f5771f54",
    "ccid": "66ed8cbb8ac54732f5771f54"
}{
    "type": "Feature",
    "geometry": {
        "type": "Point",
        "coordinates": [
            33.06758858,
            -111.97117546
        ]
    },
    "properties": {
        "cc_label": "p07-243-a",
        "PLPAD": {
            "1999243": 8.0
        },
        "CHTD": {
            "1999243": 1.54
        },
        "CWID": {
            "1999243": 1.0
        },
        "STDD": {
            "1999243": 15.26
        }
    },
    "_id": "66ed8cbb8ac54732f5771fa0",
    "ccid": "66ed8cbb8ac54732f5771fa0"
}{
    "type": "Feature",
    "geometry": {
        "type": "Point",
        "coordinates": [
            33.06755171,
            -111.97127682
        ]
    },
    "properties": {
        "cc_label": "p07-243-b",
        "PLPAD": {
            "1999243": 13.0
        },
        "CHTD": {
            "1999243": 1.62
        },
        "CWID": {
            "1999243": 1.0
        },
        "STDD": {
            "1999243": 13.88
        }
    },
    "_id": "66ed8cbb8ac54732f5771fa1",
    "ccid": "66ed8cbb8ac54732f5771fa1"
}{
    "type": "Feature",
    "geometry": {
        "type": "Point",
        "coordinates": [
            33.06748937,
            -111.97117437
        ]
    },
    "properties": {
        "cc_label": "p07-243-c",
        "PLPAD": {
            "1999243": 9.0
        },
        "CHTD": {
            "1999243": 1.7
        },
        "CWID": {
            "1999243": 1.0
        },
        "STDD": {
            "1999243": 16.4
        }
    },
    "_id": "66ed8cbb8ac54732f5771fa2",
    "ccid": "66ed8cbb8ac54732f5771fa2"
}{
    "type": "Feature",
    "geometry": {
        "type": "Point",
        "coordinates": [
            33.06759153,
            -111.97091197
        ]
    },
    "properties": {
        "cc_label": "p08-243-a",
        "PLPAD": {
            "1999243": 9.0
        },
        "CHTD": {
            "1999243": 1.69
        },
        "CWID": {
            "1999243": 1.0
        },
        "STDD": {
            "1999243": 14.0
        }
    },
    "_id": "66ed8cbb8ac54732f5771fb8",
    "ccid": "66ed8cbb8ac54732f5771fb8"
}{
    "type": "Feature",
    "geometry": {
        "type": "Point",
        "coordinates": [
            33.06755466,
            -111.97101333
        ]
    },
    "properties": {
        "cc_label": "p08-243-b",
        "PLPAD": {
            "1999243": 9.0
        },
        "CHTD": {
            "1999243": 1.48
        },
        "CWID": {
            "1999243": 1.0
        },
        "STDD": {
            "1999243": 13.72
        }
    },
    "_id": "66ed8cbb8ac54732f5771fb9",
    "ccid": "66ed8cbb8ac54732f5771fb9"
}{
    "type": "Feature",
    "geometry": {
        "type": "Point",
        "coordinates": [
            33.06749232,
            -111.97091088
        ]
    },
    "properties": {
        "cc_label": "p08-243-c",
        "PLPAD": {
            "1999243": 6.0
        },
        "CHTD": {
            "1999243": 1.59
        },
        "CWID": {
            "1999243": 1.0
        },
        "STDD": {
            "1999243": 13.36
        }
    },
    "_id": "66ed8cbb8ac54732f5771fba",
    "ccid": "66ed8cbb8ac54732f5771fba"
}{
    "type": "Feature",
    "geometry": {
        "type": "Point",
        "coordinates": [
            33.06733784,
            -111.97117378
        ]
    },
    "properties": {
        "cc_label": "p11-243-a",
        "PLPAD": {
            "1999243": 10.5
        },
        "CHTD": {
            "1999243": 1.39
        },
        "CWID": {
            "1999243": 1.0
        },
        "STDD": {
            "1999243": 13.26
        }
    },
    "_id": "66ed8cbb8ac54732f5772006",
    "ccid": "66ed8cbb8ac54732f5772006"
}{
    "type": "Feature",
    "geometry": {
        "type": "Point",
        "coordinates": [
            33.06730097,
            -111.97127514
        ]
    },
    "properties": {
        "cc_label": "p11-243-b",
        "PLPAD": {
            "1999243": 9.5
        },
        "CHTD": {
            "1999243": 1.23
        },
        "CWID": {
            "1999243": 1.0
        },
        "STDD": {
            "1999243": 12.62
        }
    },
    "_id": "66ed8cbb8ac54732f5772007",
    "ccid": "66ed8cbb8ac54732f5772007"
}{
    "type": "Feature",
    "geometry": {
        "type": "Point",
        "coordinates": [
            33.06723863,
            -111.97117269
        ]
    },
    "properties": {
        "cc_label": "p11-243-c",
        "PLPAD": {
            "1999243": 8.0
        },
        "CHTD": {
            "1999243": 1.33
        },
        "CWID": {
            "1999243": 1.0
        },
        "STDD": {
            "1999243": 12.28
        }
    },
    "_id": "66ed8cbb8ac54732f5772008",
    "ccid": "66ed8cbb8ac54732f5772008"
}{
    "type": "Feature",
    "geometry": {
        "type": "Point",
        "coordinates": [
            33.06734343,
            -111.97091888
        ]
    },
    "properties": {
        "cc_label": "p12-243-a",
        "PLPAD": {
            "1999243": 8.0
        },
        "CHTD": {
            "1999243": 1.68
        },
        "CWID": {
            "1999243": 1.0
        },
        "STDD": {
            "1999243": 15.74
        }
    },
    "_id": "66ed8cbb8ac54732f577201f",
    "ccid": "66ed8cbb8ac54732f577201f"
}{
    "type": "Feature",
    "geometry": {
        "type": "Point",
        "coordinates": [
            33.06730656,
            -111.97102025
        ]
    },
    "properties": {
        "cc_label": "p12-243-b",
        "PLPAD": {
            "1999243": 10.0
        },
        "CHTD": {
            "1999243": 1.59
        },
        "CWID": {
            "1999243": 1.0
        },
        "STDD": {
            "1999243": 14.8
        }
    },
    "_id": "66ed8cbb8ac54732f5772020",
    "ccid": "66ed8cbb8ac54732f5772020"
}{
    "type": "Feature",
    "geometry": {
        "type": "Point",
        "coordinates": [
            33.06724422,
            -111.97091779
        ]
    },
    "properties": {
        "cc_label": "p12-243-c",
        "PLPAD": {
            "1999243": 7.5
        },
        "CHTD": {
            "1999243": 1.64
        },
        "CWID": {
            "1999243": 1.0
        },
        "STDD": {
            "1999243": 14.92
        }
    },
    "_id": "66ed8cbb8ac54732f5772021",
    "ccid": "66ed8cbb8ac54732f5772021"
}{
    "type": "Feature",
    "geometry": {
        "type": "Point",
        "coordinates": [
            33.06712134,
            -111.97117675
        ]
    },
    "properties": {
        "cc_label": "p15-243-a",
        "PLPAD": {
            "1999243": 10.0
        },
        "CHTD": {
            "1999243": 1.43
        },
        "CWID": {
            "1999243": 1.0
        },
        "STDD": {
            "1999243": 12.4
        }
    },
    "_id": "66ed8cbb8ac54732f577206c",
    "ccid": "66ed8cbb8ac54732f577206c"
}{
    "type": "Feature",
    "geometry": {
        "type": "Point",
        "coordinates": [
            33.06708447,
            -111.97127812
        ]
    },
    "properties": {
        "cc_label": "p15-243-b",
        "PLPAD": {
            "1999243": 10.0
        },
        "CHTD": {
            "1999243": 1.16
        },
        "CWID": {
            "1999243": 1.0
        },
        "STDD": {
            "1999243": 11.94
        }
    },
    "_id": "66ed8cbb8ac54732f577206d",
    "ccid": "66ed8cbb8ac54732f577206d"
}{
    "type": "Feature",
    "geometry": {
        "type": "Point",
        "coordinates": [
            33.06702213,
            -111.97117566
        ]
    },
    "properties": {
        "cc_label": "p15-243-c",
        "PLPAD": {
            "1999243": 7.0
        },
        "CHTD": {
            "1999243": 1.32
        },
        "CWID": {
            "1999243": 1.0
        },
        "STDD": {
            "1999243": 12.44
        }
    },
    "_id": "66ed8cbb8ac54732f577206e",
    "ccid": "66ed8cbb8ac54732f577206e"
}{
    "type": "Feature",
    "geometry": {
        "type": "Point",
        "coordinates": [
            33.06711705,
            -111.97091747
        ]
    },
    "properties": {
        "cc_label": "p16-243-a",
        "PLPAD": {
            "1999243": 9.0
        },
        "CHTD": {
            "1999243": 1.43
        },
        "CWID": {
            "1999243": 1.0
        },
        "STDD": {
            "1999243": 12.9
        }
    },
    "_id": "66ed8cbb8ac54732f5772084",
    "ccid": "66ed8cbb8ac54732f5772084"
}{
    "type": "Feature",
    "geometry": {
        "type": "Point",
        "coordinates": [
            33.06708018,
            -111.97101883
        ]
    },
    "properties": {
        "cc_label": "p16-243-b",
        "PLPAD": {
            "1999243": 10.0
        },
        "CHTD": {
            "1999243": 1.26
        },
        "CWID": {
            "1999243": 1.0
        },
        "STDD": {
            "1999243": 13.94
        }
    },
    "_id": "66ed8cbb8ac54732f5772085",
    "ccid": "66ed8cbb8ac54732f5772085"
}{
    "type": "Feature",
    "geometry": {
        "type": "Point",
        "coordinates": [
            33.06701784,
            -111.97091638
        ]
    },
    "properties": {
        "cc_label": "p16-243-c",
        "PLPAD": {
            "1999243": 8.5
        },
        "CHTD": {
            "1999243": 1.3
        },
        "CWID": {
            "1999243": 1.0
        },
        "STDD": {
            "1999243": 13.42
        }
    },
    "_id": "66ed8cbb8ac54732f5772086",
    "ccid": "66ed8cbb8ac54732f5772086"
}{
    "type": "Feature",
    "geometry": {
        "type": "Point",
        "coordinates": [
            33.06781054,
            -111.97174458
        ]
    },
    "properties": {
        "cc_label": "p01-299-a",
        "PLPAD": {
            "1999299": 11.5
        },
        "CHTD": {
            "1999299": 1.87
        },
        "CWID": {
            "1999299": 1.0
        },
        "STDD": {
            "1999299": 14.78
        }
    },
    "_id": "66ed8cbb8ac54732f5771f01",
    "ccid": "66ed8cbb8ac54732f5771f01"
}{
    "type": "Feature",
    "geometry": {
        "type": "Point",
        "coordinates": [
            33.06775551,
            -111.97186181
        ]
    },
    "properties": {
        "cc_label": "p01-299-b",
        "PLPAD": {
            "1999299": 9.5
        },
        "CHTD": {
            "1999299": 1.35
        },
        "CWID": {
            "1999299": 1.0
        },
        "STDD": {
            "1999299": 15.34
        }
    },
    "_id": "66ed8cbb8ac54732f5771f02",
    "ccid": "66ed8cbb8ac54732f5771f02"
}{
    "type": "Feature",
    "geometry": {
        "type": "Point",
        "coordinates": [
            33.06768427,
            -111.97174319
        ]
    },
    "properties": {
        "cc_label": "p01-299-c",
        "PLPAD": {
            "1999299": 10.5
        },
        "CHTD": {
            "1999299": 1.63
        },
        "CWID": {
            "1999299": 1.0
        },
        "STDD": {
            "1999299": 14.64
        }
    },
    "_id": "66ed8cbb8ac54732f5771f03",
    "ccid": "66ed8cbb8ac54732f5771f03"
}{
    "type": "Feature",
    "geometry": {
        "type": "Point",
        "coordinates": [
            33.06781257,
            -111.97148322
        ]
    },
    "properties": {
        "cc_label": "p02-299-a",
        "PLPAD": {
            "1999299": 12.0
        },
        "CHTD": {
            "1999299": 1.51
        },
        "CWID": {
            "1999299": 1.0
        },
        "STDD": {
            "1999299": 16.56
        }
    },
    "_id": "66ed8cbb8ac54732f5771f1f",
    "ccid": "66ed8cbb8ac54732f5771f1f"
}{
    "type": "Feature",
    "geometry": {
        "type": "Point",
        "coordinates": [
            33.06775754,
            -111.97160045
        ]
    },
    "properties": {
        "cc_label": "p02-299-b",
        "PLPAD": {
            "1999299": 10.0
        },
        "CHTD": {
            "1999299": 1.46
        },
        "CWID": {
            "1999299": 1.0
        },
        "STDD": {
            "1999299": 15.92
        }
    },
    "_id": "66ed8cbb8ac54732f5771f20",
    "ccid": "66ed8cbb8ac54732f5771f20"
}{
    "type": "Feature",
    "geometry": {
        "type": "Point",
        "coordinates": [
            33.06768631,
            -111.97148184
        ]
    },
    "properties": {
        "cc_label": "p02-299-c",
        "PLPAD": {
            "1999299": 10.5
        },
        "CHTD": {
            "1999299": 1.61
        },
        "CWID": {
            "1999299": 1.0
        },
        "STDD": {
            "1999299": 15.14
        }
    },
    "_id": "66ed8cbb8ac54732f5771f21",
    "ccid": "66ed8cbb8ac54732f5771f21"
}{
    "type": "Feature",
    "geometry": {
        "type": "Point",
        "coordinates": [
            33.06781104,
            -111.97121754
        ]
    },
    "properties": {
        "cc_label": "p03-299-a",
        "PLPAD": {
            "1999299": 12.0
        },
        "CHTD": {
            "1999299": 1.51
        },
        "CWID": {
            "1999299": 1.0
        },
        "STDD": {
            "1999299": 14.6
        }
    },
    "_id": "66ed8cbb8ac54732f5771f3a",
    "ccid": "66ed8cbb8ac54732f5771f3a"
}{
    "type": "Feature",
    "geometry": {
        "type": "Point",
        "coordinates": [
            33.067756,
            -111.97133477
        ]
    },
    "properties": {
        "cc_label": "p03-299-b",
        "PLPAD": {
            "1999299": 7.5
        },
        "CHTD": {
            "1999299": 1.46
        },
        "CWID": {
            "1999299": 1.0
        },
        "STDD": {
            "1999299": 14.94
        }
    },
    "_id": "66ed8cbb8ac54732f5771f3b",
    "ccid": "66ed8cbb8ac54732f5771f3b"
}{
    "type": "Feature",
    "geometry": {
        "type": "Point",
        "coordinates": [
            33.06768477,
            -111.97121615
        ]
    },
    "properties": {
        "cc_label": "p03-299-c",
        "PLPAD": {
            "1999299": 9.5
        },
        "CHTD": {
            "1999299": 1.44
        },
        "CWID": {
            "1999299": 1.0
        },
        "STDD": {
            "1999299": 17.36
        }
    },
    "_id": "66ed8cbb8ac54732f5771f3c",
    "ccid": "66ed8cbb8ac54732f5771f3c"
}{
    "type": "Feature",
    "geometry": {
        "type": "Point",
        "coordinates": [
            33.06781027,
            -111.970969
        ]
    },
    "properties": {
        "cc_label": "p04-299-a",
        "PLPAD": {
            "1999299": 10.0
        },
        "CHTD": {
            "1999299": 1.27
        },
        "CWID": {
            "1999299": 1.0
        },
        "STDD": {
            "1999299": 14.16
        }
    },
    "_id": "66ed8cbb8ac54732f5771f55",
    "ccid": "66ed8cbb8ac54732f5771f55"
}{
    "type": "Feature",
    "geometry": {
        "type": "Point",
        "coordinates": [
            33.06775523,
            -111.97108623
        ]
    },
    "properties": {
        "cc_label": "p04-299-b",
        "PLPAD": {
            "1999299": 9.0
        },
        "CHTD": {
            "1999299": 1.31
        },
        "CWID": {
            "1999299": 1.0
        },
        "STDD": {
            "1999299": 14.54
        }
    },
    "_id": "66ed8cbb8ac54732f5771f56",
    "ccid": "66ed8cbb8ac54732f5771f56"
}{
    "type": "Feature",
    "geometry": {
        "type": "Point",
        "coordinates": [
            33.067684,
            -111.97096762
        ]
    },
    "properties": {
        "cc_label": "p04-299-c",
        "PLPAD": {
            "1999299": 9.5
        },
        "CHTD": {
            "1999299": 1.3
        },
        "CWID": {
            "1999299": 1.0
        },
        "STDD": {
            "1999299": 14.52
        }
    },
    "_id": "66ed8cbb8ac54732f5771f57",
    "ccid": "66ed8cbb8ac54732f5771f57"
}{
    "type": "Feature",
    "geometry": {
        "type": "Point",
        "coordinates": [
            33.06758869,
            -111.97174
        ]
    },
    "properties": {
        "cc_label": "p05-299-a",
        "PLPAD": {
            "1999299": 11.0
        },
        "CHTD": {
            "1999299": 1.43
        },
        "CWID": {
            "1999299": 1.0
        },
        "STDD": {
            "1999299": 14.44
        }
    },
    "_id": "66ed8cbb8ac54732f5771f70",
    "ccid": "66ed8cbb8ac54732f5771f70"
}{
    "type": "Feature",
    "geometry": {
        "type": "Point",
        "coordinates": [
            33.06753366,
            -111.97185723
        ]
    },
    "properties": {
        "cc_label": "p05-299-b",
        "PLPAD": {
            "1999299": 11.0
        },
        "CHTD": {
            "1999299": 1.37
        },
        "CWID": {
            "1999299": 1.0
        },
        "STDD": {
            "1999299": 15.12
        }
    },
    "_id": "66ed8cbb8ac54732f5771f71",
    "ccid": "66ed8cbb8ac54732f5771f71"
}{
    "type": "Feature",
    "geometry": {
        "type": "Point",
        "coordinates": [
            33.06746242,
            -111.97173861
        ]
    },
    "properties": {
        "cc_label": "p05-299-c",
        "PLPAD": {
            "1999299": 9.0
        },
        "CHTD": {
            "1999299": 1.47
        },
        "CWID": {
            "1999299": 1.0
        },
        "STDD": {
            "1999299": 15.84
        }
    },
    "_id": "66ed8cbb8ac54732f5771f72",
    "ccid": "66ed8cbb8ac54732f5771f72"
}{
    "type": "Feature",
    "geometry": {
        "type": "Point",
        "coordinates": [
            33.06759166,
            -111.97147437
        ]
    },
    "properties": {
        "cc_label": "p06-299-a",
        "PLPAD": {
            "1999299": 8.5
        },
        "CHTD": {
            "1999299": 1.33
        },
        "CWID": {
            "1999299": 1.0
        },
        "STDD": {
            "1999299": 14.34
        }
    },
    "_id": "66ed8cbb8ac54732f5771f8b",
    "ccid": "66ed8cbb8ac54732f5771f8b"
}{
    "type": "Feature",
    "geometry": {
        "type": "Point",
        "coordinates": [
            33.06753663,
            -111.9715916
        ]
    },
    "properties": {
        "cc_label": "p06-299-b",
        "PLPAD": {
            "1999299": 10.0
        },
        "CHTD": {
            "1999299": 1.42
        },
        "CWID": {
            "1999299": 1.0
        },
        "STDD": {
            "1999299": 14.48
        }
    },
    "_id": "66ed8cbb8ac54732f5771f8c",
    "ccid": "66ed8cbb8ac54732f5771f8c"
}{
    "type": "Feature",
    "geometry": {
        "type": "Point",
        "coordinates": [
            33.06746539,
            -111.97147298
        ]
    },
    "properties": {
        "cc_label": "p06-299-c",
        "PLPAD": {
            "1999299": 9.5
        },
        "CHTD": {
            "1999299": 1.14
        },
        "CWID": {
            "1999299": 1.0
        },
        "STDD": {
            "1999299": 14.3
        }
    },
    "_id": "66ed8cbb8ac54732f5771f8d",
    "ccid": "66ed8cbb8ac54732f5771f8d"
}{
    "type": "Feature",
    "geometry": {
        "type": "Point",
        "coordinates": [
            33.06758824,
            -111.9712183
        ]
    },
    "properties": {
        "cc_label": "p07-299-a",
        "PLPAD": {
            "1999299": 9.0
        },
        "CHTD": {
            "1999299": 1.73
        },
        "CWID": {
            "1999299": 1.0
        },
        "STDD": {
            "1999299": 16.82
        }
    },
    "_id": "66ed8cbb8ac54732f5771fa3",
    "ccid": "66ed8cbb8ac54732f5771fa3"
}{
    "type": "Feature",
    "geometry": {
        "type": "Point",
        "coordinates": [
            33.06753321,
            -111.97133554
        ]
    },
    "properties": {
        "cc_label": "p07-299-b",
        "PLPAD": {
            "1999299": 9.0
        },
        "CHTD": {
            "1999299": 1.73
        },
        "CWID": {
            "1999299": 1.0
        },
        "STDD": {
            "1999299": 16.14
        }
    },
    "_id": "66ed8cbb8ac54732f5771fa4",
    "ccid": "66ed8cbb8ac54732f5771fa4"
}{
    "type": "Feature",
    "geometry": {
        "type": "Point",
        "coordinates": [
            33.06746198,
            -111.97121692
        ]
    },
    "properties": {
        "cc_label": "p07-299-c",
        "PLPAD": {
            "1999299": 10.0
        },
        "CHTD": {
            "1999299": 1.7
        },
        "CWID": {
            "1999299": 1.0
        },
        "STDD": {
            "1999299": 16.48
        }
    },
    "_id": "66ed8cbb8ac54732f5771fa5",
    "ccid": "66ed8cbb8ac54732f5771fa5"
}{
    "type": "Feature",
    "geometry": {
        "type": "Point",
        "coordinates": [
            33.0675912,
            -111.97095481
        ]
    },
    "properties": {
        "cc_label": "p08-299-a",
        "PLPAD": {
            "1999299": 8.0
        },
        "CHTD": {
            "1999299": 1.61
        },
        "CWID": {
            "1999299": 1.0
        },
        "STDD": {
            "1999299": 16.72
        }
    },
    "_id": "66ed8cbb8ac54732f5771fbb",
    "ccid": "66ed8cbb8ac54732f5771fbb"
}{
    "type": "Feature",
    "geometry": {
        "type": "Point",
        "coordinates": [
            33.06753617,
            -111.97107204
        ]
    },
    "properties": {
        "cc_label": "p08-299-b",
        "PLPAD": {
            "1999299": 10.0
        },
        "CHTD": {
            "1999299": 1.74
        },
        "CWID": {
            "1999299": 1.0
        },
        "STDD": {
            "1999299": 16.54
        }
    },
    "_id": "66ed8cbb8ac54732f5771fbc",
    "ccid": "66ed8cbb8ac54732f5771fbc"
}{
    "type": "Feature",
    "geometry": {
        "type": "Point",
        "coordinates": [
            33.06746493,
            -111.97095343
        ]
    },
    "properties": {
        "cc_label": "p08-299-c",
        "PLPAD": {
            "1999299": 10.5
        },
        "CHTD": {
            "1999299": 1.41
        },
        "CWID": {
            "1999299": 1.0
        },
        "STDD": {
            "1999299": 15.42
        }
    },
    "_id": "66ed8cbb8ac54732f5771fbd",
    "ccid": "66ed8cbb8ac54732f5771fbd"
}{
    "type": "Feature",
    "geometry": {
        "type": "Point",
        "coordinates": [
            33.06734429,
            -111.97173517
        ]
    },
    "properties": {
        "cc_label": "p09-299-a",
        "PLPAD": {
            "1999299": 8.5
        },
        "CHTD": {
            "1999299": 1.49
        },
        "CWID": {
            "1999299": 1.0
        },
        "STDD": {
            "1999299": 14.48
        }
    },
    "_id": "66ed8cbb8ac54732f5771fd6",
    "ccid": "66ed8cbb8ac54732f5771fd6"
}{
    "type": "Feature",
    "geometry": {
        "type": "Point",
        "coordinates": [
            33.06728926,
            -111.9718524
        ]
    },
    "properties": {
        "cc_label": "p09-299-b",
        "PLPAD": {
            "1999299": 10.0
        },
        "CHTD": {
            "1999299": 1.11
        },
        "CWID": {
            "1999299": 1.0
        },
        "STDD": {
            "1999299": 15.28
        }
    },
    "_id": "66ed8cbb8ac54732f5771fd7",
    "ccid": "66ed8cbb8ac54732f5771fd7"
}{
    "type": "Feature",
    "geometry": {
        "type": "Point",
        "coordinates": [
            33.06721803,
            -111.97173379
        ]
    },
    "properties": {
        "cc_label": "p09-299-c",
        "PLPAD": {
            "1999299": 9.5
        },
        "CHTD": {
            "1999299": 1.17
        },
        "CWID": {
            "1999299": 1.0
        },
        "STDD": {
            "1999299": 15.76
        }
    },
    "_id": "66ed8cbb8ac54732f5771fd8",
    "ccid": "66ed8cbb8ac54732f5771fd8"
}{
    "type": "Feature",
    "geometry": {
        "type": "Point",
        "coordinates": [
            33.06734274,
            -111.97147056
        ]
    },
    "properties": {
        "cc_label": "p10-299-a",
        "PLPAD": {
            "1999299": 11.5
        },
        "CHTD": {
            "1999299": 1.32
        },
        "CWID": {
            "1999299": 1.0
        },
        "STDD": {
            "1999299": 14.7
        }
    },
    "_id": "66ed8cbb8ac54732f5771ff1",
    "ccid": "66ed8cbb8ac54732f5771ff1"
}{
    "type": "Feature",
    "geometry": {
        "type": "Point",
        "coordinates": [
            33.06728771,
            -111.97158779
        ]
    },
    "properties": {
        "cc_label": "p10-299-b",
        "PLPAD": {
            "1999299": 8.5
        },
        "CHTD": {
            "1999299": 1.16
        },
        "CWID": {
            "1999299": 1.0
        },
        "STDD": {
            "1999299": 15.96
        }
    },
    "_id": "66ed8cbb8ac54732f5771ff2",
    "ccid": "66ed8cbb8ac54732f5771ff2"
}{
    "type": "Feature",
    "geometry": {
        "type": "Point",
        "coordinates": [
            33.06721648,
            -111.97146917
        ]
    },
    "properties": {
        "cc_label": "p10-299-c",
        "PLPAD": {
            "1999299": 10.5
        },
        "CHTD": {
            "1999299": 1.3
        },
        "CWID": {
            "1999299": 1.0
        },
        "STDD": {
            "1999299": 13.82
        }
    },
    "_id": "66ed8cbb8ac54732f5771ff3",
    "ccid": "66ed8cbb8ac54732f5771ff3"
}{
    "type": "Feature",
    "geometry": {
        "type": "Point",
        "coordinates": [
            33.06733751,
            -111.97121662
        ]
    },
    "properties": {
        "cc_label": "p11-299-a",
        "PLPAD": {
            "1999299": 9.0
        },
        "CHTD": {
            "1999299": 1.33
        },
        "CWID": {
            "1999299": 1.0
        },
        "STDD": {
            "1999299": 14.4
        }
    },
    "_id": "66ed8cbb8ac54732f5772009",
    "ccid": "66ed8cbb8ac54732f5772009"
}{
    "type": "Feature",
    "geometry": {
        "type": "Point",
        "coordinates": [
            33.06728248,
            -111.97133385
        ]
    },
    "properties": {
        "cc_label": "p11-299-b",
        "PLPAD": {
            "1999299": 10.5
        },
        "CHTD": {
            "1999299": 1.37
        },
        "CWID": {
            "1999299": 1.0
        },
        "STDD": {
            "1999299": 14.34
        }
    },
    "_id": "66ed8cbb8ac54732f577200a",
    "ccid": "66ed8cbb8ac54732f577200a"
}{
    "type": "Feature",
    "geometry": {
        "type": "Point",
        "coordinates": [
            33.06721124,
            -111.97121523
        ]
    },
    "properties": {
        "cc_label": "p11-299-c",
        "PLPAD": {
            "1999299": 10.0
        },
        "CHTD": {
            "1999299": 1.38
        },
        "CWID": {
            "1999299": 1.0
        },
        "STDD": {
            "1999299": 14.18
        }
    },
    "_id": "66ed8cbb8ac54732f577200b",
    "ccid": "66ed8cbb8ac54732f577200b"
}{
    "type": "Feature",
    "geometry": {
        "type": "Point",
        "coordinates": [
            33.0673431,
            -111.97096173
        ]
    },
    "properties": {
        "cc_label": "p12-299-a",
        "PLPAD": {
            "1999299": 10.0
        },
        "CHTD": {
            "1999299": 1.52
        },
        "CWID": {
            "1999299": 1.0
        },
        "STDD": {
            "1999299": 15.56
        }
    },
    "_id": "66ed8cbb8ac54732f5772022",
    "ccid": "66ed8cbb8ac54732f5772022"
}{
    "type": "Feature",
    "geometry": {
        "type": "Point",
        "coordinates": [
            33.06728807,
            -111.97107896
        ]
    },
    "properties": {
        "cc_label": "p12-299-b",
        "PLPAD": {
            "1999299": 10.0
        },
        "CHTD": {
            "1999299": 1.44
        },
        "CWID": {
            "1999299": 1.0
        },
        "STDD": {
            "1999299": 15.68
        }
    },
    "_id": "66ed8cbb8ac54732f5772023",
    "ccid": "66ed8cbb8ac54732f5772023"
}{
    "type": "Feature",
    "geometry": {
        "type": "Point",
        "coordinates": [
            33.06721683,
            -111.97096034
        ]
    },
    "properties": {
        "cc_label": "p12-299-c",
        "PLPAD": {
            "1999299": 10.0
        },
        "CHTD": {
            "1999299": 1.74
        },
        "CWID": {
            "1999299": 1.0
        },
        "STDD": {
            "1999299": 15.36
        }
    },
    "_id": "66ed8cbb8ac54732f5772024",
    "ccid": "66ed8cbb8ac54732f5772024"
}{
    "type": "Feature",
    "geometry": {
        "type": "Point",
        "coordinates": [
            33.0671224,
            -111.97173595
        ]
    },
    "properties": {
        "cc_label": "p13-299-a",
        "PLPAD": {
            "1999299": 10.0
        },
        "CHTD": {
            "1999299": 1.04
        },
        "CWID": {
            "1999299": 1.0
        },
        "STDD": {
            "1999299": 13.94
        }
    },
    "_id": "66ed8cbb8ac54732f577203d",
    "ccid": "66ed8cbb8ac54732f577203d"
}{
    "type": "Feature",
    "geometry": {
        "type": "Point",
        "coordinates": [
            33.06706737,
            -111.97185318
        ]
    },
    "properties": {
        "cc_label": "p13-299-b",
        "PLPAD": {
            "1999299": 11.0
        },
        "CHTD": {
            "1999299": 0.94
        },
        "CWID": {
            "1999299": 1.0
        },
        "STDD": {
            "1999299": 12.84
        }
    },
    "_id": "66ed8cbb8ac54732f577203e",
    "ccid": "66ed8cbb8ac54732f577203e"
}{
    "type": "Feature",
    "geometry": {
        "type": "Point",
        "coordinates": [
            33.06699613,
            -111.97173456
        ]
    },
    "properties": {
        "cc_label": "p13-299-c",
        "PLPAD": {
            "1999299": 9.0
        },
        "CHTD": {
            "1999299": 1.11
        },
        "CWID": {
            "1999299": 1.0
        },
        "STDD": {
            "1999299": 14.46
        }
    },
    "_id": "66ed8cbb8ac54732f577203f",
    "ccid": "66ed8cbb8ac54732f577203f"
}{
    "type": "Feature",
    "geometry": {
        "type": "Point",
        "coordinates": [
            33.06712266,
            -111.97147029
        ]
    },
    "properties": {
        "cc_label": "p14-299-a",
        "PLPAD": {
            "1999299": 10.0
        },
        "CHTD": {
            "1999299": 1.55
        },
        "CWID": {
            "1999299": 1.0
        },
        "STDD": {
            "1999299": 16.8
        }
    },
    "_id": "66ed8cbb8ac54732f5772057",
    "ccid": "66ed8cbb8ac54732f5772057"
}{
    "type": "Feature",
    "geometry": {
        "type": "Point",
        "coordinates": [
            33.06706763,
            -111.97158752
        ]
    },
    "properties": {
        "cc_label": "p14-299-b",
        "PLPAD": {
            "1999299": 9.0
        },
        "CHTD": {
            "1999299": 1.21
        },
        "CWID": {
            "1999299": 1.0
        },
        "STDD": {
            "1999299": 14.02
        }
    },
    "_id": "66ed8cbb8ac54732f5772058",
    "ccid": "66ed8cbb8ac54732f5772058"
}{
    "type": "Feature",
    "geometry": {
        "type": "Point",
        "coordinates": [
            33.0669964,
            -111.9714689
        ]
    },
    "properties": {
        "cc_label": "p14-299-c",
        "PLPAD": {
            "1999299": 10.5
        },
        "CHTD": {
            "1999299": 1.26
        },
        "CWID": {
            "1999299": 1.0
        },
        "STDD": {
            "1999299": 14.36
        }
    },
    "_id": "66ed8cbb8ac54732f5772059",
    "ccid": "66ed8cbb8ac54732f5772059"
}{
    "type": "Feature",
    "geometry": {
        "type": "Point",
        "coordinates": [
            33.06712101,
            -111.9712196
        ]
    },
    "properties": {
        "cc_label": "p15-299-a",
        "PLPAD": {
            "1999299": 11.0
        },
        "CHTD": {
            "1999299": 1.35
        },
        "CWID": {
            "1999299": 1.0
        },
        "STDD": {
            "1999299": 14.96
        }
    },
    "_id": "66ed8cbb8ac54732f577206f",
    "ccid": "66ed8cbb8ac54732f577206f"
}{
    "type": "Feature",
    "geometry": {
        "type": "Point",
        "coordinates": [
            33.06706598,
            -111.97133683
        ]
    },
    "properties": {
        "cc_label": "p15-299-b",
        "PLPAD": {
            "1999299": 9.0
        },
        "CHTD": {
            "1999299": 1.13
        },
        "CWID": {
            "1999299": 1.0
        },
        "STDD": {
            "1999299": 14.0
        }
    },
    "_id": "66ed8cbb8ac54732f5772070",
    "ccid": "66ed8cbb8ac54732f5772070"
}{
    "type": "Feature",
    "geometry": {
        "type": "Point",
        "coordinates": [
            33.06699474,
            -111.97121821
        ]
    },
    "properties": {
        "cc_label": "p15-299-c",
        "PLPAD": {
            "1999299": 9.5
        },
        "CHTD": {
            "1999299": 1.33
        },
        "CWID": {
            "1999299": 1.0
        },
        "STDD": {
            "1999299": 15.4
        }
    },
    "_id": "66ed8cbb8ac54732f5772071",
    "ccid": "66ed8cbb8ac54732f5772071"
}{
    "type": "Feature",
    "geometry": {
        "type": "Point",
        "coordinates": [
            33.06711671,
            -111.97096031
        ]
    },
    "properties": {
        "cc_label": "p16-299-a",
        "PLPAD": {
            "1999299": 10.5
        },
        "CHTD": {
            "1999299": 1.53
        },
        "CWID": {
            "1999299": 1.0
        },
        "STDD": {
            "1999299": 16.14
        }
    },
    "_id": "66ed8cbb8ac54732f5772087",
    "ccid": "66ed8cbb8ac54732f5772087"
}{
    "type": "Feature",
    "geometry": {
        "type": "Point",
        "coordinates": [
            33.06706168,
            -111.97107754
        ]
    },
    "properties": {
        "cc_label": "p16-299-b",
        "PLPAD": {
            "1999299": 10.0
        },
        "CHTD": {
            "1999299": 1.33
        },
        "CWID": {
            "1999299": 1.0
        },
        "STDD": {
            "1999299": 14.9
        }
    },
    "_id": "66ed8cbb8ac54732f5772088",
    "ccid": "66ed8cbb8ac54732f5772088"
}{
    "type": "Feature",
    "geometry": {
        "type": "Point",
        "coordinates": [
            33.06699045,
            -111.97095893
        ]
    },
    "properties": {
        "cc_label": "p16-299-c",
        "PLPAD": {
            "1999299": 10.0
        },
        "CHTD": {
            "1999299": 1.28
        },
        "CWID": {
            "1999299": 1.0
        },
        "STDD": {
            "1999299": 14.7
        }
    },
    "_id": "66ed8cbb8ac54732f5772089",
    "ccid": "66ed8cbb8ac54732f5772089"
}