Year,SOIL_DATE,Core,Depth,SLSND,SLSLT,SLCLY,SLTX,GWC15,GWC05,GWC.3,SLWP1,SLWP2,SLFC1,UTMX,UTMY
2014,2014-05-01,2014-p01-1,15,55.120000000000005,16.72,28.16,Sandy Clay Loam,0.08558371416701299,0.10209889718961239,0.19758378799688234,0.13693394266722078,0.16335823550337983,0.3161340607950118,409014.1304,3660554.824
2014,2014-05-01,2014-p01-1,45,57.11999999999999,18.72,24.160000000000004,Sandy Clay Loam,0.0928853754940712,0.09615384615384617,0.1596224866639311,0.14861660079051395,0.15384615384615388,0.2553959786622898,409014.1304,3660554.824
2014,2014-05-01,2014-p01-1,75,63.12,12.719999999999999,24.160000000000004,Sandy Clay Loam,0.1183993399339933,0.1316306483300593,0.21176470588235255,0.1894389438943893,0.21060903732809488,0.3388235294117641,409014.1304,3660554.824
2014,2014-05-01,2014-p01-1,105,57.11999999999999,10.719999999999999,32.160000000000004,Sandy Clay Loam,0.08763505402160857,0.09664179104477597,0.16365166175851914,0.1402160864345737,0.15462686567164155,0.2618426588136306,409014.1304,3660554.824
2014,2014-05-01,2014-p01-1,135,67.12,14.0,18.880000000000003,Sandy Loam,0.06918238993710703,0.10174081237911034,0.13262032085561545,0.11069182389937125,0.16278529980657655,0.21219251336898473,409014.1304,3660554.824
2014,2014-05-01,2014-p01-1,165,63.12,12.0,24.880000000000003,Sandy Clay Loam,0.07195032870708569,0.08216953556349468,0.1321705426356588,0.1151205259313371,0.1314712569015915,0.2114728682170541,409014.1304,3660554.824
2014,2014-05-01,2014-p01-2,15,55.120000000000005,18.0,26.880000000000003,Sandy Clay Loam,0.0973684210526317,0.10216591744993872,0.15563258232235683,0.15578947368421073,0.16346546791990196,0.24901213171577094,409013.5954,3660525.622
2014,2014-05-01,2014-p01-2,45,51.12,16.0,32.88,Sandy Clay Loam,0.12467191601049882,0.12454062882809294,0.2024970737417088,0.19947506561679812,0.1992650061249487,0.3239953179867341,409013.5954,3660525.622
2014,2014-05-01,2014-p01-2,75,55.84,18.0,26.160000000000004,Sandy Clay Loam,0.10549363057324836,0.10333735424205842,0.18985507246376834,0.1687898089171974,0.16533976678729348,0.30376811594202935,409013.5954,3660525.622
2014,2014-05-01,2014-p01-2,105,63.839999999999996,10.0,26.160000000000004,Sandy Clay Loam,0.07811424638678607,0.1035411855273286,0.14698957282206543,0.12498279421885772,0.1656658968437258,0.2351833165153047,409013.5954,3660525.622
2014,2014-05-01,2014-p01-2,135,67.84,10.0,22.160000000000004,Sandy Clay Loam,0.09718309859154922,0.08181818181818165,0.15307030554731524,0.15549295774647875,0.13090909090909064,0.24491248887570438,409013.5954,3660525.622
2014,2014-05-01,2014-p01-2,165,69.84,10.0,20.160000000000004,Sandy Clay Loam,0.06522509748316213,0.0749088498508454,0.14201183431952677,0.10436015597305942,0.11985415976135264,0.22721893491124284,409013.5954,3660525.622
2014,2014-05-01,2014-p01-3,15,55.120000000000005,16.72,28.16,Sandy Clay Loam,0.12888888888888875,0.1458501208702658,0.22636725823976814,0.206222222222222,0.2333601933924253,0.362187613183629,409013.2343,3660496.418
2014,2014-05-01,2014-p01-3,45,55.120000000000005,14.719999999999999,30.160000000000004,Sandy Clay Loam,0.11034761519806001,0.11903114186851228,0.1839774557165862,0.17655618431689601,0.19044982698961965,0.2943639291465379,409013.2343,3660496.418
2014,2014-05-01,2014-p01-3,75,57.11999999999999,31.840000000000003,11.04,Sandy Loam,0.10695560992659918,0.0925076452599389,0.20561403508771922,0.1711289758825587,0.14801223241590225,0.32898245614035077,409013.2343,3660496.418
2014,2014-05-01,2014-p01-3,105,59.12,10.719999999999999,30.160000000000004,Sandy Clay Loam,0.08960213975259108,0.10629279426149299,0.16807398472054685,0.14336342360414575,0.1700684708183888,0.26891837555287496,409013.2343,3660496.418
2014,2014-05-01,2014-p01-3,135,57.11999999999999,18.72,24.160000000000004,Sandy Clay Loam,0.09225547670472106,0.0895933838731907,0.17378048780487818,0.14760876272755372,0.14334941419710512,0.27804878048780507,409013.2343,3660496.418
2014,2014-05-01,2014-p01-3,165,65.12,14.719999999999999,20.160000000000004,Sandy Clay Loam,0.0748502994011976,0.09012066365007546,0.14657039711191347,0.11976047904191617,0.14419306184012073,0.23451263537906156,409013.2343,3660496.418
2014,2014-05-01,2014-p01-4,15,53.12,22.72,24.160000000000004,Sandy Clay Loam,0.09589041095890405,0.1023037875829753,0.16985793699814702,0.1534246575342465,0.1636860601327605,0.27177269919703523,409012.7371,3660467.215
2014,2014-05-01,2014-p01-4,45,63.12,12.719999999999999,24.160000000000004,Sandy Clay Loam,0.08143100511073258,0.08837525492862029,0.15016835016834995,0.13028960817717214,0.14140040788579247,0.24026936026935994,409012.7371,3660467.215
2014,2014-05-01,2014-p01-4,75,65.12,12.719999999999999,22.160000000000004,Sandy Clay Loam,0.0998655010087424,0.08542914171656686,0.1434864694776591,0.15978480161398786,0.13668662674650697,0.2295783511642546,409012.7371,3660467.215
2014,2014-05-01,2014-p01-4,105,67.12,14.719999999999999,18.160000000000004,Sandy Loam,0.07375125712370108,0.07582307948121055,0.1346401028277634,0.11800201139792173,0.12131692716993688,0.21542416452442145,409012.7371,3660467.215
2014,2014-05-01,2014-p01-4,135,67.12,12.719999999999999,20.160000000000004,Sandy Clay Loam,0.07529335071707963,0.0902574128380581,0.1355432780847148,0.12046936114732741,0.14441186054089297,0.21686924493554371,409012.7371,3660467.215
2014,2014-05-01,2014-p01-4,165,71.12,8.719999999999999,20.160000000000004,Sandy Clay Loam,0.06353591160220996,0.07498171177761538,0.1130397967823879,0.10165745856353595,0.11997073884418462,0.18086367485182064,409012.7371,3660467.215
2014,2014-05-01,2014-p01-5,15,53.12,18.0,28.88,Sandy Clay Loam,0.12565838976674204,0.12543921293042842,0.1981096408317581,0.20105342362678727,0.2007027406886855,0.316975425330813,409012.32490000007,3660438.011
2014,2014-05-01,2014-p01-5,45,57.11999999999999,18.0,24.880000000000003,Sandy Clay Loam,0.136288318144159,0.12479740680713121,0.22089450324342777,0.21806130903065443,0.19967585089140993,0.35343120518948445,409012.32490000007,3660438.011
2014,2014-05-01,2014-p01-5,75,57.11999999999999,20.0,22.880000000000003,Sandy Clay Loam,0.11583839828387595,0.12053396152336056,0.185550082101806,0.18534143725420152,0.1928543384373769,0.29688013136288965,409012.32490000007,3660438.011
2014,2014-05-01,2014-p01-5,105,59.12,10.0,30.880000000000003,Sandy Clay Loam,0.10252100840336124,0.102922077922078,0.17241379310344848,0.164033613445378,0.1646753246753248,0.27586206896551757,409012.32490000007,3660438.011
2014,2014-05-01,2014-p01-5,135,65.12,12.0,22.880000000000003,Sandy Clay Loam,0.09729570840681957,0.1018461538461539,0.194964273562436,0.15567313345091133,0.16295384615384625,0.3119428376998976,409012.32490000007,3660438.011
2014,2014-05-01,2014-p01-5,165,53.12,20.0,26.880000000000003,Sandy Clay Loam,0.0863662622761408,,0.30859375000000017,0.13818601964182528,,0.4937500000000003,409012.32490000007,3660438.011
2014,2014-05-01,2014-p01-6,15,57.11999999999999,14.000000000000014,28.88,Sandy Clay Loam,0.11107091172214209,0.10567345171069716,0.17106254709871915,0.17771345875542735,0.16907752273711546,0.27370007535795066,409011.888,3660408.808
2014,2014-05-01,2014-p01-6,45,55.120000000000005,12.0,32.88,Sandy Clay Loam,0.12714636140637806,0.1289120715350224,0.20814663951120163,0.2034341782502049,0.20625931445603585,0.33303462321792265,409011.888,3660408.808
2014,2014-05-01,2014-p01-6,75,60.4,22.72,16.880000000000003,Sandy Loam,0.09164969450101833,,0.13348129359543454,0.14663951120162932,,0.21357006975269527,409011.888,3660408.808
2014,2014-05-01,2014-p01-6,105,56.39999999999999,20.72,22.880000000000003,Sandy Clay Loam,0.0917997097242378,0.08560460652591187,0.14274661508704053,0.1468795355587805,0.13696737044145899,0.22839458413926486,409011.888,3660408.808
2014,2014-05-01,2014-p01-6,135,52.400000000000006,26.72,20.880000000000003,Sandy Clay Loam,0.09976798143851476,0.10056610056610044,0.16145139813581916,0.15962877030162362,0.1609057609057607,0.25832223701731066,409011.888,3660408.808
2014,2014-05-01,2014-p01-6,165,62.4,12.719999999999999,24.880000000000003,Sandy Clay Loam,0.08327402135231331,0.07944084555063069,0.12361743656473663,0.1332384341637013,0.1271053528810091,0.1977878985035786,409011.888,3660408.808
2014,2014-05-01,2014-p02-1,15,50.4,22.72,26.880000000000003,Sandy Clay Loam,0.096254812740637,0.10796401199600117,0.1600824458948814,0.1540077003850192,0.1727424191936019,0.25613191343181024,408983.43,3660409.241
2014,2014-05-01,2014-p02-1,45,48.4,26.72,24.880000000000003,Sandy Clay Loam,0.121600621600622,0.13640065146579813,0.19423692636072606,0.1945609945609952,0.21824104234527703,0.3107790821771617,408983.43,3660409.241
2014,2014-05-01,2014-p02-1,75,50.4,18.72,30.880000000000003,Sandy Clay Loam,0.09708737864077667,0.11490787269681753,0.18736246463376274,0.15533980582524268,0.18385259631490805,0.2997799434140204,408983.43,3660409.241
2014,2014-05-01,2014-p02-1,105,60.4,12.719999999999999,26.880000000000003,Sandy Clay Loam,0.07049891540130135,0.08436794582392762,0.19005561007523725,0.11279826464208216,0.1349887133182842,0.3040889761203796,408983.43,3660409.241
2014,2014-05-01,2014-p02-1,135,55.120000000000005,18.0,26.880000000000003,Sandy Clay Loam,0.09811694747274528,0.10531840447865606,0.190744920993228,0.15698711595639248,0.1685094471658497,0.30519187358916483,408983.43,3660409.241
2014,2014-05-01,2014-p02-1,165,33.120000000000005,26.0,40.88,Clay,0.13123452423063295,0.14838709677419354,0.24882445141065868,0.20997523876901272,0.23741935483870968,0.3981191222570539,408983.43,3660409.241
2014,2014-05-01,2014-p02-2,15,53.12,16.0,30.880000000000003,Sandy Clay Loam,0.09634809634809592,0.10476190476190476,0.17857142857142885,0.1541569541569535,0.16761904761904764,0.2857142857142862,408983.8941,3660438.444
2014,2014-05-01,2014-p02-2,45,43.12,16.0,40.88,Clay,0.1266968325791855,0.14601769911504425,0.23176895306859222,0.20271493212669678,0.23362831858407082,0.37083032490974754,408983.8941,3660438.444
2014,2014-05-01,2014-p02-2,75,52.400000000000006,20.72,26.880000000000003,Sandy Clay Loam,0.09306706857573467,0.10609037328094285,0.17713214620431125,0.14890730972117547,0.16974459724950858,0.283411433926898,408983.8941,3660438.444
2014,2014-05-01,2014-p02-2,105,54.400000000000006,12.719999999999999,32.88,Sandy Clay Loam,0.0907726931732934,0.10436079016026852,0.16678272980501366,0.14523630907726945,0.16697726425642964,0.26685236768802184,408983.8941,3660438.444
2014,2014-05-01,2014-p02-2,135,60.4,20.72,18.880000000000003,Sandy Loam,0.09406830437387657,0.10343677010343683,0.1780219780219779,0.15050928699820254,0.16549883216549893,0.28483516483516463,408983.8941,3660438.444
2014,2014-05-01,2014-p02-2,165,58.4,14.719999999999999,26.880000000000003,Sandy Clay Loam,0.0974671369028532,0.1315207081884286,0.20101010101010094,0.15594741904456513,0.21043313310148576,0.3216161616161615,408983.8941,3660438.444
2014,2014-05-01,2014-p02-3,15,54.400000000000006,18.72,26.880000000000003,Sandy Clay Loam,0.10907395898073353,0.11492689561373666,0.1818469323213156,0.17451833436917366,0.18388303298197867,0.290955091714105,408984.3026,3660467.648
2014,2014-05-01,2014-p02-3,45,56.39999999999999,16.72,26.880000000000003,Sandy Clay Loam,0.10354391371340524,0.11052804198097728,0.1578446909667196,0.1656702619414484,0.17684486716956366,0.2525515055467514,408984.3026,3660467.648
2014,2014-05-01,2014-p02-3,75,52.400000000000006,20.72,26.880000000000003,Sandy Clay Loam,0.13124775260697585,0.14303534303534296,0.22882376555600176,0.2099964041711614,0.22885654885654874,0.3661180248896028,408984.3026,3660467.648
2014,2014-05-01,2014-p02-3,105,46.4,20.72,32.88,Sandy Clay Loam,0.10019973368841537,0.10696761530912696,0.18834547346514047,0.1603195739014646,0.17114818449460314,0.30135275754422475,408984.3026,3660467.648
2014,2014-05-01,2014-p02-3,135,61.12,18.0,20.880000000000003,Sandy Clay Loam,0.07870722433460077,0.07839819514946421,0.12291888062345019,0.12593155893536123,0.12543711223914275,0.1966702089975203,408984.3026,3660467.648
2014,2014-05-01,2014-p02-3,165,69.12,10.0,20.880000000000003,Sandy Clay Loam,0.08322454308093985,0.13429679238632314,0.1631639281620177,0.13315926892950378,0.21487486781811704,0.2610622850592283,408984.3026,3660467.648
2014,2014-05-01,2014-p02-4,15,51.12,18.0,30.880000000000003,Sandy Clay Loam,0.11118251928020567,0.12193387842161366,0.1803870121351263,0.17789203084832908,0.19509420547458187,0.2886192194162021,408984.7907,3660496.851
2014,2014-05-01,2014-p02-4,45,51.12,14.0,34.88,Sandy Clay Loam,0.13940013633265155,0.1375336150595472,0.22703994537384792,0.2230402181322425,0.22005378409527554,0.3632639125981567,408984.7907,3660496.851
2014,2014-05-01,2014-p02-4,75,50.4,22.72,26.880000000000003,Sandy Clay Loam,0.13803169307756474,0.14056074766355134,0.22733188720173547,0.2208507089241036,0.22489719626168214,0.36373101952277676,408984.7907,3660496.851
2014,2014-05-01,2014-p02-4,105,42.4,22.72,34.88,Clay Loam,0.11913657119136559,0.12514529252227777,0.23768115942028992,0.19061851390618495,0.20023246803564443,0.3802898550724639,408984.7907,3660496.851
2014,2014-05-01,2014-p02-4,135,48.4,20.72,30.880000000000003,Sandy Clay Loam,0.09931212381771229,0.09968520461699887,0.20956973293768505,0.15889939810833967,0.1594963273871982,0.3353115727002961,408984.7907,3660496.851
2014,2014-05-01,2014-p02-4,165,62.4,12.719999999999999,24.880000000000003,Sandy Clay Loam,0.07889733840304189,0.0809635329541652,0.11963281018655585,0.12623574144486702,0.12954165272666432,0.19141249629848936,408984.7907,3660496.851
2014,2014-05-01,2014-p02-5,15,49.12,22.0,28.88,Sandy Clay Loam,0.10761245674740458,0.1212010252654706,0.18126272912423588,0.17217993079584734,0.19392164042475296,0.29002036659877745,408985.2136000001,3660526.0540000005
2014,2014-05-01,2014-p02-5,45,51.12,16.0,32.88,Sandy Clay Loam,0.12170385395537506,0.1421503957783642,0.2036118980169972,0.1947261663286001,0.22744063324538272,0.32577903682719556,408985.2136000001,3660526.0540000005
2014,2014-05-01,2014-p02-5,75,47.12,20.0,32.88,Sandy Clay Loam,0.13296280461735785,0.15686274509803919,0.2390691114245417,0.21274048738777257,0.2509803921568627,0.38251057827926677,408985.2136000001,3660526.0540000005
2014,2014-05-01,2014-p02-5,105,49.12,14.0,36.88,Sandy Clay,0.1288411699370602,0.1431797651309847,0.21862042970222378,0.20614587189929634,0.22908762420957554,0.3497926875235581,408985.2136000001,3660526.0540000005
2014,2014-05-01,2014-p02-5,135,57.11999999999999,14.000000000000014,28.88,Sandy Clay Loam,0.10816098378982686,0.11463495209778655,0.18153672952434569,0.173057574063723,0.1834159233564585,0.2904587672389531,408985.2136000001,3660526.0540000005
2014,2014-05-01,2014-p02-5,165,67.12,10.0,22.880000000000003,Sandy Clay Loam,0.08317152103559847,0.10367318915207675,0.13229329173166957,0.13307443365695756,0.1658771026433228,0.21166926677067133,408985.2136000001,3660526.0540000005
2014,2014-05-01,2014-p02-6,15,51.12,20.0,28.88,Sandy Clay Loam,0.09341970678486172,0.10401188707280848,0.16330957545708075,0.14947153085577877,0.16641901931649358,0.2612953207313292,408985.6493,3660555.258
2014,2014-05-01,2014-p02-6,45,47.12,18.0,34.88,Sandy Clay Loam,0.11932555123216591,0.14258336527405133,0.21553198768388643,0.19092088197146548,0.22813338443848213,0.3448511802942183,408985.6493,3660555.258
2014,2014-05-01,2014-p02-6,75,37.12,24.0,38.88,Clay Loam,0.13342183869897123,0.14824304538799404,0.2338376891334255,0.21347494191835398,0.23718887262079047,0.37414030261348086,408985.6493,3660555.258
2014,2014-05-01,2014-p02-6,105,27.120000000000005,32.0,40.88,Clay,0.11086752270591906,0.15155331654072207,0.23771474230922907,0.1773880363294705,0.24248530646515531,0.3803435876947665,408985.6493,3660555.258
2014,2014-05-01,2014-p02-6,135,37.12,30.0,32.88,Clay Loam,0.09106239460370981,0.11611274716028598,,0.1456998313659357,0.18578039545645758,,408985.6493,3660555.258
2014,2014-05-01,2014-p02-6,165,63.12,14.0,22.880000000000003,Sandy Clay Loam,0.06689917564996828,0.07778191291403065,0.14466705951679423,0.10703868103994925,0.12445106066244904,0.2314672952268708,408985.6493,3660555.258
2014,2014-05-01,2014-p03-1,15,57.11999999999999,15.440000000000012,27.439999999999998,Sandy Clay Loam,0.09388097233864218,0.1123348017621144,0.16316831683168306,0.15020955574182748,0.17973568281938304,0.2610693069306929,408957.1854,3660555.691
2014,2014-05-01,2014-p03-1,45,57.11999999999999,11.440000000000012,31.439999999999994,Sandy Clay Loam,0.11222967934377354,0.13745583038869286,0.18747861785836445,0.17956748695003766,0.2199293286219086,0.29996578857338313,408957.1854,3660555.691
2014,2014-05-01,2014-p03-1,75,51.12,15.439999999999998,33.44,Sandy Clay Loam,0.11658767772511817,0.14797238999137183,0.2012684989429178,0.1865402843601891,0.23675582398619494,0.3220295983086685,408957.1854,3660555.691
2014,2014-05-01,2014-p03-1,105,51.12,11.439999999999998,37.44,Sandy Clay,0.10973167801361614,0.1298245614035087,0.18188353702372376,0.17557068482178584,0.20771929824561394,0.291013659237958,408957.1854,3660555.691
2014,2014-05-01,2014-p03-1,135,57.11999999999999,13.440000000000012,29.439999999999998,Sandy Clay Loam,0.0842105263157893,0.10487169951654865,0.15883887801696014,0.1347368421052629,0.16779471922647785,0.25414220482713623,408957.1854,3660555.691
2014,2014-05-01,2014-p03-1,165,53.12,17.439999999999998,29.439999999999998,Sandy Clay Loam,0.11057869517139697,0.14238952536824834,0.20409741012756094,0.17692591227423515,0.22782324058919734,0.32655585620409755,408957.1854,3660555.691
2014,2014-05-01,2014-p03-2,15,57.11999999999999,15.440000000000012,27.439999999999998,Sandy Clay Loam,0.0989599747872676,0.11639849366655276,0.1839007317849189,0.15833595965962818,0.18623758986648442,0.29424117085587026,408956.7675,3660526.487
2014,2014-05-01,2014-p03-2,45,63.12,7.439999999999998,29.439999999999998,Sandy Clay Loam,0.09381304640215207,0.11256544502617792,0.16162790697674423,0.15010087424344332,0.1801047120418847,0.2586046511627908,408956.7675,3660526.487
2014,2014-05-01,2014-p03-2,75,55.120000000000005,7.439999999999998,37.44,Sandy Clay,0.144064930672979,0.15976736229900798,0.21578345406023686,0.23050388907676644,0.25562777967841277,0.34525352649637897,408956.7675,3660526.487
2014,2014-05-01,2014-p03-2,105,57.11999999999999,13.440000000000012,29.439999999999998,Sandy Clay Loam,0.12165688193085454,0.1334661354581671,0.1831046312178389,0.19465101108936728,0.21354581673306738,0.29296740994854226,408956.7675,3660526.487
2014,2014-05-01,2014-p03-2,135,57.11999999999999,9.440000000000012,33.44,Sandy Clay Loam,0.09807692307692296,0.12399492170969138,0.19153031761308947,0.15692307692307675,0.19839187473550624,0.30644850818094316,408956.7675,3660526.487
2014,2014-05-01,2014-p03-2,165,55.120000000000005,13.439999999999998,31.439999999999994,Sandy Clay Loam,0.0850077279752706,0.11339846475924632,0.16974030861874315,0.13601236476043296,0.18143754361479414,0.27158449378998906,408956.7675,3660526.487
2014,2014-05-01,2014-p03-3,15,61.839999999999996,12.719999999999999,25.439999999999998,Sandy Clay Loam,0.0917073170731705,0.10928571428571436,0.1616193815747527,0.1467317073170728,0.174857142857143,0.2585910105196043,408956.3057,3660497.2840000005
2014,2014-05-01,2014-p03-3,45,65.84,8.719999999999999,25.439999999999998,Sandy Clay Loam,0.08947202023395505,0.11509501613481539,0.1603744149765991,0.1431552323743281,0.18415202581570464,0.25659906396255855,408956.3057,3660497.2840000005
2014,2014-05-01,2014-p03-3,75,57.83999999999999,10.720000000000013,31.439999999999994,Sandy Clay Loam,0.0994436717663421,0.11908396946564904,0.1858299595141702,0.15910987482614736,0.19053435114503847,0.2973279352226723,408956.3057,3660497.2840000005
2014,2014-05-01,2014-p03-3,105,63.839999999999996,6.719999999999999,29.439999999999998,Sandy Clay Loam,0.0862270776433867,0.10855389336401988,0.1664411366711773,0.13796332422941873,0.17368622938243183,0.2663058186738837,408956.3057,3660497.2840000005
2014,2014-05-01,2014-p03-3,135,49.839999999999996,18.720000000000013,31.439999999999994,Sandy Clay Loam,0.08046471600688458,0.09305993690851733,0.14677037538045304,0.12874354561101534,0.14889589905362774,0.23483260060872488,408956.3057,3660497.2840000005
2014,2014-05-01,2014-p03-3,165,67.84,10.719999999999999,21.439999999999998,Sandy Clay Loam,0.06140350877192964,0.07147395171537485,0.09794988610478354,0.09824561403508743,0.11435832274459977,0.15671981776765367,408956.3057,3660497.2840000005
2014,2014-05-01,2014-p03-4,15,57.11999999999999,14.159999999999997,28.720000000000006,Sandy Clay Loam,0.086311530681052,0.10563380281690149,0.16486788239672467,0.13809844908968322,0.1690140845070424,0.2637886118347595,408955.915,3660468.08
2014,2014-05-01,2014-p03-4,45,67.12,10.159999999999997,22.720000000000006,Sandy Clay Loam,0.0706521739130436,0.09285924184543039,0.13048817930610992,0.11304347826086976,0.14857478695268864,0.2087810868897759,408955.915,3660468.08
2014,2014-05-01,2014-p03-4,75,73.12,6.159999999999997,20.720000000000006,Sandy Clay Loam,0.06733570734865647,0.08222891566265071,0.1185745821507408,0.10773713175785037,0.13156626506024113,0.1897193314411853,408955.915,3660468.08
2014,2014-05-01,2014-p03-4,105,59.12,18.159999999999997,22.720000000000006,Sandy Clay Loam,0.0760313672008179,0.08868974042027208,0.12439467312348712,0.12165018752130866,0.14190358467243533,0.1990314769975794,408955.915,3660468.08
2014,2014-05-01,2014-p03-4,135,73.12,7.439999999999998,19.439999999999998,Sandy Loam,0.08753315649867374,0.09062391077030303,0.13693743139407233,0.140053050397878,0.14499825723248486,0.21909989023051574,408955.915,3660468.08
2014,2014-05-01,2014-p03-4,165,73.12,3.4399999999999977,23.439999999999998,Sandy Clay Loam,0.09281842818428165,0.09541511771995022,0.1486232790988736,0.14850948509485065,0.15266418835192036,0.23779724655819778,408955.915,3660468.08
2014,2014-05-01,2014-p03-5,15,57.11999999999999,15.440000000000012,27.439999999999998,Sandy Clay Loam,0.1164940828402369,0.10565780504430791,0.14949863263445767,0.18639053254437907,0.16905248807089268,0.23919781221513228,408955.4428,3660438.877
2014,2014-05-01,2014-p03-5,45,57.11999999999999,13.440000000000012,29.439999999999998,Sandy Clay Loam,0.10313216195569151,0.12526997840172774,0.189511754068716,0.16501145912910642,0.2004319654427644,0.30321880650994565,408955.4428,3660438.877
2014,2014-05-01,2014-p03-5,75,55.120000000000005,17.439999999999998,27.439999999999998,Sandy Clay Loam,0.09447674418604655,0.13700234192037497,0.2208141321044547,0.1511627906976745,0.21920374707259996,0.35330261136712754,408955.4428,3660438.877
2014,2014-05-01,2014-p03-5,105,53.12,13.439999999999998,33.44,Sandy Clay Loam,0.10064469914040122,0.11355867831371068,0.16732780382257492,0.16103151862464196,0.18169388530193709,0.2677244861161199,408955.4428,3660438.877
2014,2014-05-01,2014-p03-5,135,63.12,11.439999999999998,25.439999999999998,Sandy Clay Loam,0.08438451500652447,0.09543712991988888,0.1624790619765496,0.13501522401043917,0.15269940787182223,0.2599664991624794,408955.4428,3660438.877
2014,2014-05-01,2014-p03-5,165,77.12,11.439999999999998,11.439999999999998,Sandy Loam,0.08588750421017168,0.08587257617728547,0.13431192660550445,0.1374200067362747,0.13739612188365677,0.21489908256880713,408955.4428,3660438.877
2014,2014-05-01,2014-p03-6,15,61.839999999999996,10.719999999999999,27.439999999999998,Sandy Clay Loam,0.09494163424124533,0.1070187630298818,0.17240390131956412,0.15190661478599254,0.1712300208478109,0.2758462421113026,408955.0118,3660409.674
2014,2014-05-01,2014-p03-6,45,53.839999999999996,10.719999999999999,35.44,Sandy Clay,0.11154144074360943,0.12352941176470605,0.19049308265342282,0.1784663051897751,0.1976470588235297,0.30478893224547654,408955.0118,3660409.674
2014,2014-05-01,2014-p03-6,75,49.12,17.439999999999998,33.44,Sandy Clay Loam,0.10183189655172416,0.13388668350775895,0.21357798165137593,0.16293103448275867,0.21421869361241433,0.3417247706422015,408955.0118,3660409.674
2014,2014-05-01,2014-p03-6,105,59.12,19.439999999999998,21.439999999999998,Sandy Clay Loam,0.10824230387288987,0.12022046159145745,0.1921418303785333,0.1731876861966238,0.19235273854633195,0.3074269286056533,408955.0118,3660409.674
2014,2014-05-01,2014-p03-6,135,59.12,13.439999999999998,27.439999999999998,Sandy Clay Loam,0.10611065235342694,0.12234042553191514,0.1896103896103895,0.1697770437654831,0.19574468085106422,0.30337662337662324,408955.0118,3660409.674
2014,2014-05-01,2014-p03-6,165,49.12,25.439999999999998,25.439999999999998,Sandy Clay Loam,0.11978521272201563,0.1469661150512216,0.24385838150289024,0.19165634035522502,0.23514578408195455,0.3901734104046244,408955.0118,3660409.674
2014,2014-05-01,2014-p04-1,15,50.4,22.72,26.880000000000003,Sandy Clay Loam,0.10158172231985942,0.10990712074303419,0.17385746244806635,0.16253075571177508,0.1758513931888547,0.2781719399169062,408926.5573,3660410.1070000003
2014,2014-05-01,2014-p04-1,45,56.39999999999999,14.720000000000013,28.88,Sandy Clay Loam,0.10273972602739732,0.12413793103448252,0.16302952503209225,0.16438356164383572,0.19862068965517204,0.26084724005134763,408926.5573,3660410.1070000003
2014,2014-05-01,2014-p04-1,75,50.4,20.72,28.88,Sandy Clay Loam,0.11879049676025934,0.13322203672787986,0.18661391361688084,0.19006479481641494,0.21315525876460778,0.29858226178700936,408926.5573,3660410.1070000003
2014,2014-05-01,2014-p04-1,105,42.4,18.72,38.88,Clay Loam,0.10582171012735,0.13271375464684015,0.22523285351397138,0.16931473620376003,0.21234200743494425,0.3603725656223542,408926.5573,3660410.1070000003
2014,2014-05-01,2014-p04-1,135,55.120000000000005,20.0,24.880000000000003,Sandy Clay Loam,0.10931045440101678,0.12578814627994972,0.19139713237745934,0.17489672704162684,0.20126103404791956,0.306235411803935,408926.5573,3660410.1070000003
2014,2014-05-01,2014-p04-1,165,35.120000000000005,26.0,38.88,Clay Loam,0.14194236926360762,0.15905065533120774,0.24706342991386068,0.2271077908217722,0.2544810485299324,0.3953014878621771,408926.5573,3660410.1070000003
2014,2014-05-01,2014-p04-2,15,55.120000000000005,16.0,28.88,Sandy Clay Loam,0.09915748541801692,0.11830559757942502,0.18202247191011242,0.15865197666882708,0.18928895612708005,0.2912359550561799,408926.9798,3660439.311
2014,2014-05-01,2014-p04-2,45,59.12,12.0,28.88,Sandy Clay Loam,0.08963585434173676,0.11871999999999977,0.13157085766984325,0.14341736694677884,0.18995199999999965,0.2105133722717492,408926.9798,3660439.311
2014,2014-05-01,2014-p04-2,75,64.4,12.719999999999999,22.880000000000003,Sandy Clay Loam,0.11410459587955607,0.08973172987974089,0.149532710280374,0.18256735340728972,0.14357076780758543,0.2392523364485984,408926.9798,3660439.311
2014,2014-05-01,2014-p04-2,105,52.400000000000006,18.72,28.88,Sandy Clay Loam,0.09923906150919476,0.11142959512719455,0.17736486486486483,0.15878249841471162,0.1782873522035113,0.2837837837837837,408926.9798,3660439.311
2014,2014-05-01,2014-p04-2,135,52.400000000000006,22.72,24.880000000000003,Sandy Clay Loam,0.09489575844716032,0.10674662668665652,0.16779721528025676,0.15183321351545653,0.17079460269865043,0.2684755444484108,408926.9798,3660439.311
2014,2014-05-01,2014-p04-2,165,50.4,14.719999999999999,34.88,Sandy Clay Loam,0.1300448430493272,0.14412673879443605,0.23892617449664433,0.20807174887892355,0.2306027820710977,0.38228187919463097,408926.9798,3660439.311
2014,2014-05-01,2014-p04-3,15,46.4,24.72,28.88,Sandy Clay Loam,0.10682680151706708,0.12755754475703304,0.23608316566063065,0.17092288242730735,0.20409207161125287,0.37773306505700904,408927.4293,3660468.5139999995
2014,2014-05-01,2014-p04-3,45,50.4,16.72,32.88,Sandy Clay Loam,0.11773472429210147,0.15294480419364764,0.21076233183856494,0.18837555886736235,0.24471168670983623,0.33721973094170393,408927.4293,3660468.5139999995
2014,2014-05-01,2014-p04-3,75,50.4,26.72,22.880000000000003,Sandy Clay Loam,0.13917739925218087,0.14680917950330089,0.23270440251572333,0.2226838388034894,0.23489468720528142,0.37232704402515737,408927.4293,3660468.5139999995
2014,2014-05-01,2014-p04-3,105,52.400000000000006,16.72,30.880000000000003,Sandy Clay Loam,0.0974259618045944,0.11140583554376655,0.201348747591522,0.15588153888735104,0.1782493368700265,0.3221579961464352,408927.4293,3660468.5139999995
2014,2014-05-01,2014-p04-3,135,58.4,22.72,18.880000000000003,Sandy Loam,0.10113046135044264,0.11426409383276565,0.20685714285714313,0.16180873816070823,0.18282255013242504,0.330971428571429,408927.4293,3660468.5139999995
2014,2014-05-01,2014-p04-3,165,60.4,16.72,22.880000000000003,Sandy Clay Loam,,0.1010293556995803,0.17911353976927769,,0.1616469691193285,0.2865816636308443,408927.4293,3660468.5139999995
2014,2014-05-01,2014-p04-4,15,50.4,16.72,32.88,Sandy Clay Loam,0.12098230408089568,0.12804878048780494,0.17718446601941742,0.1935716865294331,0.2048780487804879,0.28349514563106787,408927.88109999994,3660497.717
2014,2014-05-01,2014-p04-4,45,50.4,16.72,32.88,Sandy Clay Loam,0.11195928753180637,0.11568767908309444,0.18509090909090922,0.1791348600508902,0.1851002865329511,0.29614545454545477,408927.88109999994,3660497.717
2014,2014-05-01,2014-p04-4,75,52.400000000000006,12.719999999999999,34.88,Sandy Clay Loam,0.12964698531708813,0.14354958985831504,0.22333333333333344,0.207435176507341,0.22967934377330407,0.3573333333333335,408927.88109999994,3660497.717
2014,2014-05-01,2014-p04-4,105,50.4,14.719999999999999,34.88,Sandy Clay Loam,0.14664310954063625,0.1427316644707949,0.22915650901998963,0.23462897526501802,0.22837066315327187,0.36665041443198343,408927.88109999994,3660497.717
2014,2014-05-01,2014-p04-4,135,52.400000000000006,20.72,26.880000000000003,Sandy Clay Loam,0.10742747848262686,0.13310225303292908,0.19992997198879528,0.17188396557220298,0.21296360485268653,0.31988795518207247,408927.88109999994,3660497.717
2014,2014-05-01,2014-p04-4,165,62.4,12.719999999999999,24.880000000000003,Sandy Clay Loam,0.16660523405823796,0.09877017678708658,0.14935897435897424,0.26656837449318077,0.15803228285933854,0.2389743589743588,408927.88109999994,3660497.717
2014,2014-05-01,2014-p04-5,15,48.4,20.72,30.880000000000003,Sandy Clay Loam,0.10718191760845781,0.11302428256070617,0.16057312252964426,0.17149106817353252,0.18083885209712988,0.25691699604743085,408928.31640000007,3660526.92
2014,2014-05-01,2014-p04-5,45,50.4,18.72,30.880000000000003,Sandy Clay Loam,0.10360205831903929,0.11055107526881743,0.16340833640722954,0.16576329331046288,0.17688172043010789,0.2614533382515673,408928.31640000007,3660526.92
2014,2014-05-01,2014-p04-5,75,56.39999999999999,16.72,26.880000000000003,Sandy Clay Loam,0.10642934980021793,0.11882426516572848,0.15296052631578944,0.17028695968034868,0.19011882426516558,0.2447368421052631,408928.31640000007,3660526.92
2014,2014-05-01,2014-p04-5,105,44.4,14.719999999999999,40.88,Clay,0.13123595505617952,0.1528062269561657,0.24981273408239676,0.20997752808988723,0.24448996312986512,0.3997003745318348,408928.31640000007,3660526.92
2014,2014-05-01,2014-p04-5,135,52.400000000000006,21.439999999999998,26.160000000000004,Sandy Clay Loam,0.11309523809523797,0.12633333333333321,0.1913073237508557,0.18095238095238075,0.20213333333333316,0.30609171800136914,408928.31640000007,3660526.92
2014,2014-05-01,2014-p04-5,165,52.400000000000006,19.439999999999998,28.16,Sandy Clay Loam,0.08966209434593508,0.10671641791044773,0.15020809685962944,0.14345935095349613,0.17074626865671638,0.2403329549754071,408928.31640000007,3660526.92
2014,2014-05-01,2014-p04-6,15,50.4,21.439999999999998,28.16,Sandy Clay Loam,0.09931245225362878,0.11351706036745435,0.16838602329450897,0.15889992360580607,0.18162729658792698,0.26941763727121437,408928.784,3660556.123
2014,2014-05-01,2014-p04-6,45,50.4,19.439999999999998,30.160000000000004,Sandy Clay Loam,0.09406657018813319,0.10987208920957672,0.15143884892086346,0.1505065123010131,0.17579534273532277,0.24230215827338153,408928.784,3660556.123
2014,2014-05-01,2014-p04-6,75,50.4,22.72,26.880000000000003,Sandy Clay Loam,0.12719891745602185,0.14338507021433833,0.21955719557195555,0.20351826792963498,0.22941611234294135,0.3512915129151289,408928.784,3660556.123
2014,2014-05-01,2014-p04-6,105,48.4,18.72,32.88,Sandy Clay Loam,0.1208425720620841,0.14042392127176356,0.18878299120234623,0.19334811529933457,0.2246782740348217,0.302052785923754,408928.784,3660556.123
2014,2014-05-01,2014-p04-6,135,48.4,22.72,28.88,Sandy Clay Loam,0.10874704491725758,0.12259059367771812,0.19223907225691325,0.17399527186761213,0.196144949884349,0.3075825156110612,408928.784,3660556.123
2014,2014-05-01,2014-p04-6,165,54.400000000000006,18.72,26.880000000000003,Sandy Clay Loam,0.08182476466328739,0.09341057204923961,0.1559633027522937,0.13091962346125982,0.14945691527878338,0.24954128440366993,408928.784,3660556.123
2014,2014-05-01,2014-p05-1,15,50.4,19.439999999999998,30.160000000000004,Sandy Clay Loam,0.09840954274353873,0.11451814768460561,0.1932191031717097,0.15745526838966198,0.183229036295369,0.30915056507473554,408901.3333,3660556.5409999997
2014,2014-05-01,2014-p05-1,45,54.400000000000006,15.439999999999998,30.160000000000004,Sandy Clay Loam,0.09305289993626509,0.12089006974427102,0.15417771883289091,0.14888463989802414,0.19342411159083364,0.24668435013262546,408901.3333,3660556.5409999997
2014,2014-05-01,2014-p05-1,75,48.4,23.439999999999998,28.16,Sandy Clay Loam,0.11804613297150607,0.14573708525829476,0.24334184604159068,0.18887381275440973,0.23317933641327163,0.3893469536665451,408901.3333,3660556.5409999997
2014,2014-05-01,2014-p05-1,105,44.4,17.439999999999998,38.160000000000004,Clay Loam,0.1345733041575494,0.1488507843852608,0.23935389133627044,0.21531728665207905,0.2381612550164173,0.3829662261380327,408901.3333,3660556.5409999997
2014,2014-05-01,2014-p05-1,135,45.839999999999996,26.0,28.16,Sandy Clay Loam,0.10752688172042994,0.1262288635469921,0.20612914994527512,0.1720430107526879,0.20196618167518735,0.3298066399124402,408901.3333,3660556.5409999997
2014,2014-05-01,2014-p05-1,165,43.839999999999996,24.0,32.160000000000004,Clay Loam,0.11577181208053679,0.12568140520896445,0.2051572683479738,0.18523489932885887,0.20109024833434314,0.3282516293567581,408901.3333,3660556.5409999997
2014,2014-05-01,2014-p05-2,15,49.839999999999996,20.0,30.160000000000004,Sandy Clay Loam,0.10122038765254845,0.11387485425573289,0.1917857142857142,0.16195262024407753,0.18219976680917263,0.3068571428571427,408900.9032,3660527.338
2014,2014-05-01,2014-p05-2,45,51.839999999999996,16.0,32.160000000000004,Sandy Clay Loam,0.09783661608007753,0.11569448920399575,0.1689620423244878,0.15653858572812407,0.1851111827263932,0.2703392677191805,408900.9032,3660527.338
2014,2014-05-01,2014-p05-2,75,59.12,16.72,24.160000000000004,Sandy Clay Loam,0.09014348097317533,0.10991636798088388,0.15444936924650532,0.14422956955708052,0.1758661887694142,0.24711899079440852,408900.9032,3660527.338
2014,2014-05-01,2014-p05-2,105,41.12,24.72,34.160000000000004,Clay Loam,0.13202146690518748,0.1292388847023358,0.22525597269624562,0.2112343470483,0.2067822155237373,0.360409556313993,408900.9032,3660527.338
2014,2014-05-01,2014-p05-2,135,43.12,28.72,28.16,Clay Loam,0.09720785935884205,0.11405940594059417,0.2027702962677954,0.1555325749741473,0.18249504950495068,0.3244324740284727,408900.9032,3660527.338
2014,2014-05-01,2014-p05-2,165,49.12,22.72,28.16,Sandy Clay Loam,0.08795986622073562,0.10062240663900406,0.18744601209329126,0.140735785953177,0.1609958506224065,0.299913619349266,408900.9032,3660527.338
2014,2014-05-01,2014-p05-3,15,51.12,20.0,28.88,Sandy Clay Loam,0.10215698022768159,0.11886551943913332,0.17730263157894735,0.16345116836429055,0.1901848311026133,0.28368421052631576,408900.4415,3660498.135
2014,2014-05-01,2014-p05-3,45,57.11999999999999,14.000000000000014,28.88,Sandy Clay Loam,0.09833930315858014,0.11791092598526089,0.1764901764901764,0.15734288505372823,0.18865748157641743,0.28238428238428226,408900.4415,3660498.135
2014,2014-05-01,2014-p05-3,75,49.12,26.0,24.880000000000003,Sandy Clay Loam,0.11912225705329157,0.14469300333174637,0.22047244094488186,0.19059561128526653,0.2315088053307942,0.352755905511811,408900.4415,3660498.135
2014,2014-05-01,2014-p05-3,105,51.12,20.0,28.88,Sandy Clay Loam,0.08627450980392135,0.10246995994659523,0.1901865369018659,0.13803921568627417,0.16395193591455237,0.30429845904298547,408900.4415,3660498.135
2014,2014-05-01,2014-p05-3,135,50.4,26.72,22.880000000000003,Sandy Clay Loam,0.09439341146658185,0.12137452711223233,0.20199146514936014,0.15102945834653098,0.19419924337957173,0.32318634423897624,408900.4415,3660498.135
2014,2014-05-01,2014-p05-3,165,66.4,12.719999999999999,20.880000000000003,Sandy Clay Loam,0.07983623336745126,0.09846755787414446,0.12919410473502657,0.127737973387922,0.15754809259863115,0.20671056757604253,408900.4415,3660498.135
2014,2014-05-01,2014-p05-4,15,50.4,20.72,28.88,Sandy Clay Loam,0.09503843466107612,0.11084529505582083,0.175684702738811,0.1520614954577218,0.17735247208931335,0.2810955243820976,408899.9995,3660468.931
2014,2014-05-01,2014-p05-4,45,50.4,14.719999999999999,34.88,Sandy Clay Loam,0.1213606226578267,0.14437500000000014,0.20560747663551443,0.19417699625252272,0.23100000000000023,0.3289719626168231,408899.9995,3660468.931
2014,2014-05-01,2014-p05-4,75,56.39999999999999,18.72,24.880000000000003,Sandy Clay Loam,0.12576499388004891,0.13968668407310705,0.15124077800134156,0.20122399020807827,0.2234986945169713,0.2419852448021465,408899.9995,3660468.931
2014,2014-05-01,2014-p05-4,105,46.4,22.72,30.880000000000003,Sandy Clay Loam,0.10044709388971701,0.1162644938890628,0.18767217630854005,0.16071535022354722,0.1860231902225005,0.3002754820936641,408899.9995,3660468.931
2014,2014-05-01,2014-p05-4,135,50.4,22.72,26.880000000000003,Sandy Clay Loam,0.08592870544090053,0.10605517735578647,0.17516543402101983,0.13748592870544085,0.16968828376925837,0.2802646944336317,408899.9995,3660468.931
2014,2014-05-01,2014-p05-4,165,56.39999999999999,16.72,26.880000000000003,Sandy Clay Loam,0.08988112496375743,0.09634290208415269,0.16975504851127687,0.1438097999420119,0.15414864333464431,0.271608077618043,408899.9995,3660468.931
2014,2014-05-01,2014-p05-5,15,49.12,20.72,30.160000000000004,Sandy Clay Loam,0.11148763131141981,0.1151006711409397,0.1713117800074321,0.1783802100982717,0.18416107382550354,0.2740988480118914,408899.5806,3660439.728
2014,2014-05-01,2014-p05-5,45,51.12,16.72,32.160000000000004,Sandy Clay Loam,0.12499999999999983,0.13145539906103298,0.19662278191184904,0.19999999999999973,0.2103286384976528,0.3145964510589585,408899.5806,3660439.728
2014,2014-05-01,2014-p05-5,75,47.12,22.72,30.160000000000004,Sandy Clay Loam,0.12931955824723915,0.12940670679277688,0.19977298524404094,0.20691129319558266,0.20705073086844303,0.3196367763904655,408899.5806,3660439.728
2014,2014-05-01,2014-p05-5,105,45.12,16.72,38.160000000000004,Sandy Clay,0.12818299525248192,0.13583713583713602,0.1964285714285714,0.20509279240397107,0.21733941733941764,0.3142857142857143,408899.5806,3660439.728
2014,2014-05-01,2014-p05-5,135,49.12,22.72,28.16,Sandy Clay Loam,0.11678832116788308,0.12435374149659884,0.18677419354838742,0.18686131386861293,0.19896598639455815,0.2988387096774199,408899.5806,3660439.728
2014,2014-05-01,2014-p05-5,165,55.120000000000005,18.72,26.160000000000004,Sandy Clay Loam,0.09606986899563305,0.09974330766409971,0.18102932375822894,0.1537117903930129,0.15958929226255955,0.28964691801316633,408899.5806,3660439.728
2014,2014-05-01,2014-p05-6,15,49.12,24.72,26.160000000000004,Sandy Clay Loam,0.10813492063492064,0.10191347753743711,0.17335701598579034,0.17301587301587304,0.16306156405989938,0.27737122557726457,408899.11,3660410.525
2014,2014-05-01,2014-p05-6,45,47.12,18.72,34.160000000000004,Sandy Clay Loam,0.13403179190751477,0.13455210237659962,0.20506675795960308,0.21445086705202365,0.2152833638025594,0.32810681273536496,408899.11,3660410.525
2014,2014-05-01,2014-p05-6,75,53.12,26.72,20.160000000000004,Sandy Clay Loam,0.1383327266108484,0.13982300884955762,0.21953896816684965,0.22133236257735744,0.2237168141592922,0.35126234906695947,408899.11,3660410.525
2014,2014-05-01,2014-p05-6,105,49.12,20.72,30.160000000000004,Sandy Clay Loam,0.11227060093558851,0.11348897535667962,0.17592997811816175,0.17963296149694163,0.1815823605706874,0.2814879649890588,408899.11,3660410.525
2014,2014-05-01,2014-p05-6,135,55.120000000000005,22.72,22.160000000000004,Sandy Clay Loam,0.12519272278754248,0.1076015272474833,0.17252066115702497,0.20030835646006798,0.1721624435959733,0.27603305785123994,408899.11,3660410.525
2014,2014-05-01,2014-p05-6,165,49.12,18.72,32.160000000000004,Sandy Clay Loam,0.10827775598273853,0.11460379829731498,0.19900142653352348,0.17324440957238166,0.18336607727570398,0.3184022824536376,408899.11,3660410.525
2014,2014-05-01,2014-p06-1,15,50.4,23.439999999999998,26.160000000000004,Sandy Clay Loam,0.0906836698547645,0.11087190527448883,0.16353458616553362,0.1450938717676232,0.17739504843918213,0.2616553378648538,408870.6798,3660410.9580000006
2014,2014-05-01,2014-p06-1,45,48.4,21.439999999999998,30.160000000000004,Sandy Clay Loam,0.10472440944881906,0.12288967412642365,0.175,0.1675590551181105,0.19662347860227786,0.27999999999999997,408870.6798,3660410.9580000006
2014,2014-05-01,2014-p06-1,75,46.4,25.439999999999998,28.16,Sandy Clay Loam,0.11398305084745756,0.13452914798206284,0.21392843401308206,0.1823728813559321,0.21524663677130054,0.3422854944209313,408870.6798,3660410.9580000006
2014,2014-05-01,2014-p06-1,105,46.4,19.439999999999998,34.160000000000004,Sandy Clay Loam,0.1125366568914956,0.12114014251781495,0.19961240310077483,0.18005865102639296,0.19382422802850394,0.3193798449612397,408870.6798,3660410.9580000006
2014,2014-05-01,2014-p06-1,135,50.4,23.439999999999998,26.160000000000004,Sandy Clay Loam,,0.1176252319109457,0.2007797270955168,,0.18820037105751314,0.3212475633528269,408870.6798,3660410.9580000006
2014,2014-05-01,2014-p06-1,165,50.4,21.439999999999998,28.16,Sandy Clay Loam,0.10408781226343682,0.10725735937044614,0.18518518518518504,0.16654049962149892,0.17161177499271385,0.29629629629629606,408870.6798,3660410.9580000006
2014,2014-05-01,2014-p06-2,15,48.4,23.439999999999998,28.16,Sandy Clay Loam,0.089223638470452,0.10327370907863659,0.1795861101367943,0.1427578215527232,0.16523793452581856,0.28733777621887086,408871.1366,3660440.161
2014,2014-05-01,2014-p06-2,45,50.4,21.439999999999998,28.16,Sandy Clay Loam,0.08552373479795998,0.11093688749509986,0.173608551419093,0.13683797567673597,0.17749901999215978,0.2777736822705488,408871.1366,3660440.161
2014,2014-05-01,2014-p06-2,75,49.839999999999996,26.0,24.160000000000004,Sandy Clay Loam,0.09659318637274535,0.11656686626746512,0.20963756177924167,0.15454909819639256,0.18650698602794422,0.3354200988467867,408871.1366,3660440.161
2014,2014-05-01,2014-p06-2,105,49.839999999999996,22.0,28.16,Sandy Clay Loam,0.050879161990273085,0.11939133827545852,0.20022246941045568,0.08140665918443694,0.19102614124073364,0.3203559510567291,408871.1366,3660440.161
2014,2014-05-01,2014-p06-2,135,49.839999999999996,26.0,24.160000000000004,Sandy Clay Loam,0.13659692064745366,0.12324492979719234,0.2161144578313251,0.21855507303592586,0.19719188767550777,0.34578313253012016,408871.1366,3660440.161
2014,2014-05-01,2014-p06-2,165,51.839999999999996,18.0,30.160000000000004,Sandy Clay Loam,0.09724770642201858,0.10441941074523414,0.16076294277929165,0.15559633027522973,0.16707105719237464,0.2572207084468667,408871.1366,3660440.161
2014,2014-05-01,2014-p06-3,15,49.12,22.72,28.16,Sandy Clay Loam,0.10556348074179772,0.11569987389659526,0.16779533483822426,0.16890156918687638,0.18511979823455244,0.2684725357411588,408871.579,3660469.3640000005
2014,2014-05-01,2014-p06-3,45,51.12,18.72,30.160000000000004,Sandy Clay Loam,0.10993037742762918,0.0888575458392102,0.15387228260869518,0.17588860388420668,0.14217207334273632,0.2461956521739123,408871.579,3660469.3640000005
2014,2014-05-01,2014-p06-3,75,53.12,20.72,26.160000000000004,Sandy Clay Loam,0.11989686291362296,0.1411334552102376,0.1833922261484101,0.19183498066179674,0.22581352833638016,0.29342756183745616,408871.579,3660469.3640000005
2014,2014-05-01,2014-p06-3,105,41.12,16.72,42.160000000000004,Clay ,0.13297872340425534,0.14582467802243418,0.22544642857142835,0.21276595744680857,0.2333194848358947,0.3607142857142854,408871.579,3660469.3640000005
2014,2014-05-01,2014-p06-3,135,43.12,26.72,30.160000000000004,Clay Loam,0.1247049567269867,0.16382575757575762,0.21592748462285535,0.19952793076317873,0.2621212121212122,0.3454839753965686,408871.579,3660469.3640000005
2014,2014-05-01,2014-p06-3,165,57.11999999999999,18.72,24.160000000000004,Sandy Clay Loam,0.08283608283608283,0.1010427903631788,0.149648615130219,0.13253773253773254,0.16166846458108608,0.23943778420835038,408871.579,3660469.3640000005
2014,2014-05-01,2014-p06-4,15,49.12,20.72,30.160000000000004,Sandy Clay Loam,0.16226415094339638,0.11467054969057175,0.17512274959083476,0.2596226415094342,0.1834728795049148,0.28019639934533563,408872.0081,3660498.567
2014,2014-05-01,2014-p06-4,45,51.12,16.72,32.160000000000004,Sandy Clay Loam,0.10211524434719227,0.11118356700358645,0.16315161161957856,0.16338439095550764,0.17789370720573833,0.2610425785913257,408872.0081,3660498.567
2014,2014-05-01,2014-p06-4,75,51.12,20.72,28.16,Sandy Clay Loam,0.1408606105185729,0.15315682281059054,0.2123448507212344,0.22537697682971666,0.24505091649694488,0.3397517611539751,408872.0081,3660498.567
2014,2014-05-01,2014-p06-4,105,53.12,14.719999999999999,32.160000000000004,Sandy Clay Loam,,0.1321443048236724,0.1745737583395105,,0.21143088771787585,0.2793180133432168,408872.0081,3660498.567
2014,2014-05-01,2014-p06-4,135,53.12,20.72,26.160000000000004,Sandy Clay Loam,0.1232298885206384,0.1348080133555928,0.19471799462846917,0.19716782163302146,0.21569282136894852,0.3115487914055507,408872.0081,3660498.567
2014,2014-05-01,2014-p06-4,165,57.11999999999999,14.720000000000013,28.16,Sandy Clay Loam,0.08685601056803204,0.10572226099092791,0.18890612878200116,0.13896961690885126,0.16915561758548467,0.3022498060512019,408872.0081,3660498.567
2014,2014-05-01,2014-p06-5,15,49.12,22.72,28.16,Sandy Clay Loam,0.10083449235048647,0.11620469083155661,0.1835616438356164,0.16133518776077838,0.1859275053304906,0.29369863013698627,408872.4519,3660527.771
2014,2014-05-01,2014-p06-5,45,53.12,18.72,28.16,Sandy Clay Loam,0.08599111828825173,0.10243902439024373,0.1667366652666943,0.13758578926120277,0.16390243902438997,0.2667786644267109,408872.4519,3660527.771
2014,2014-05-01,2014-p06-5,75,59.12,14.719999999999999,26.160000000000004,Sandy Clay Loam,0.09063032367972766,0.11102573953131005,0.15742614326183732,0.14500851788756428,0.1776411832500961,0.2518818292189397,408872.4519,3660527.771
2014,2014-05-01,2014-p06-5,105,51.12,14.719999999999999,34.160000000000004,Sandy Clay Loam,0.09893238434163729,0.12415974693554768,0.19837537409149217,0.15829181494661967,0.1986555950968763,0.31740059854638747,408872.4519,3660527.771
2014,2014-05-01,2014-p06-5,135,43.839999999999996,26.0,30.160000000000004,Clay Loam,0.10945273631840793,0.14960629921259838,0.24738114423851731,0.1751243781094527,0.23937007874015742,0.39580983078162774,408872.4519,3660527.771
2014,2014-05-01,2014-p06-5,165,43.839999999999996,24.0,32.160000000000004,Clay Loam,0.08724311748739823,0.1176215277777778,0.20994979461433144,0.13958898797983718,0.1881944444444445,0.33591967138293033,408872.4519,3660527.771
2014,2014-05-01,2014-p06-6,15,47.839999999999996,22.0,30.160000000000004,Sandy Clay Loam,0.10332817337461309,0.1160714285714284,0.2070175438596494,0.16532507739938096,0.18571428571428544,0.3312280701754391,408872.8906,3660556.974
2014,2014-05-01,2014-p06-6,45,47.839999999999996,18.0,34.160000000000004,Sandy Clay Loam,0.10760517799352734,0.1316568047337279,0.19773519163763062,0.17216828478964374,0.21065088757396466,0.316376306620209,408872.8906,3660556.974
2014,2014-05-01,2014-p06-6,75,57.11999999999999,20.72,22.160000000000004,Sandy Clay Loam,0.11433447098976086,0.13833199679230135,0.19871794871794882,0.1829351535836174,0.22133119486768216,0.31794871794871815,408872.8906,3660556.974
2014,2014-05-01,2014-p06-6,105,55.120000000000005,16.72,28.16,Sandy Clay Loam,0.09909619109102637,0.1201084850833011,0.17363013698630111,0.1585539057456422,0.1921735761332818,0.2778082191780818,408872.8906,3660556.974
2014,2014-05-01,2014-p06-6,135,53.12,22.72,24.160000000000004,Sandy Clay Loam,0.09702357943563968,0.12109815720195556,0.19378427787934213,0.1552377270970235,0.19375705152312891,0.31005484460694743,408872.8906,3660556.974
2014,2014-05-01,2014-p06-6,165,49.12,22.72,28.16,Sandy Clay Loam,0.1194029850746266,0.11830574488802333,0.23499577345731237,0.19104477611940257,0.18928919182083734,0.37599323753169983,408872.8906,3660556.974
2014,2014-05-01,2014-p07-1,15,55.84,12.719999999999999,31.439999999999994,Sandy Clay Loam,0.09591024249004701,0.11204819277108463,0.1786786786786786,0.15345638798407524,0.17927710843373543,0.28588588588588576,408845.46089999995,3660557.392
2014,2014-05-01,2014-p07-1,45,57.83999999999999,12.720000000000013,29.439999999999998,Sandy Clay Loam,0.14232589587559166,0.1240079365079365,0.18215739484396218,0.22772143340094667,0.1984126984126984,0.2914518317503395,408845.46089999995,3660557.392
2014,2014-05-01,2014-p07-1,75,69.84,6.719999999999999,23.439999999999998,Sandy Clay Loam,0.08676861702127646,0.09480566654558661,0.15088757396449703,0.13882978723404235,0.1516890664729386,0.24142011834319527,408845.46089999995,3660557.392
2014,2014-05-01,2014-p07-1,105,67.84,8.719999999999999,23.439999999999998,Sandy Clay Loam,0.08215962441314514,0.09477674810446506,0.14883563955450535,0.13145539906103224,0.1516427969671441,0.23813702328720857,408845.46089999995,3660557.392
2014,2014-05-01,2014-p07-1,135,67.84,10.719999999999999,21.439999999999998,Sandy Clay Loam,0.0803998261625381,0.09860164933667981,0.17246989912137964,0.12863972186006098,0.1577626389386877,0.2759518385942074,408845.46089999995,3660557.392
2014,2014-05-01,2014-p07-1,165,63.839999999999996,10.719999999999999,25.439999999999998,Sandy Clay Loam,0.08260413020651056,0.08948923596454222,0.15285923753665698,0.1321666083304169,0.14318277754326755,0.2445747800586512,408845.46089999995,3660557.392
2014,2014-05-01,2014-p07-2,15,55.84,14.719999999999999,29.439999999999998,Sandy Clay Loam,0.10368736211786973,0.12168592794017669,0.1768686557982159,0.16589977938859157,0.19469748470428272,0.28298984927714543,408845.0205,3660528.188
2014,2014-05-01,2014-p07-2,45,59.839999999999996,12.719999999999999,27.439999999999998,Sandy Clay Loam,0.09261116683383472,0.1045943304007818,0.16078984485190417,0.14817786693413557,0.1673509286412509,0.25726375176304667,408845.0205,3660528.188
2014,2014-05-01,2014-p07-2,75,65.84,8.719999999999999,25.439999999999998,Sandy Clay Loam,0.09391049156272936,0.11214259190493857,0.18104966537513195,0.150256786500367,0.17942814704790172,0.28967946460021116,408845.0205,3660528.188
2014,2014-05-01,2014-p07-2,105,63.839999999999996,8.719999999999999,27.439999999999998,Sandy Clay Loam,0.10650488709133793,0.12115860120098931,0.18626644736842046,0.1704078193461407,0.1938537619215829,0.29802631578947275,408845.0205,3660528.188
2014,2014-05-01,2014-p07-2,135,57.83999999999999,16.720000000000013,25.439999999999998,Sandy Clay Loam,0.09067903838043045,0.10769935838680084,0.1845906902086678,0.14508646140868872,0.17231897341888136,0.2953451043338685,408845.0205,3660528.188
2014,2014-05-01,2014-p07-2,165,57.83999999999999,12.720000000000013,29.439999999999998,Sandy Clay Loam,0.09624796084828721,0.10566173818968626,0.18348266458901416,0.15399673735725955,0.16905878110349803,0.29357226334242265,408845.0205,3660528.188
2014,2014-05-01,2014-p07-3,15,57.83999999999999,14.720000000000013,27.439999999999998,Sandy Clay Loam,0.09828741623231574,0.11440291704649033,0.18163097199341005,0.1572598659717052,0.18304466727438454,0.2906095551894561,408844.5632,3660498.985
2014,2014-05-01,2014-p07-3,45,55.84,16.72,27.439999999999998,Sandy Clay Loam,0.09566639411283742,0.10448328267477207,0.1603024574669188,0.1530662305805399,0.1671732522796353,0.2564839319470701,408844.5632,3660498.985
2014,2014-05-01,2014-p07-3,75,67.84,8.719999999999999,23.439999999999998,Sandy Clay Loam,0.09781073446327694,0.09193313953488377,0.1619359534206694,0.15649717514124312,0.14709302325581405,0.2590975254730711,408844.5632,3660498.985
2014,2014-05-01,2014-p07-3,105,55.84,10.719999999999999,33.44,Sandy Clay Loam,0.10795454545454562,0.11379741558982896,0.19294425087108014,0.172727272727273,0.18207586494372635,0.30871080139372825,408844.5632,3660498.985
2014,2014-05-01,2014-p07-3,135,61.839999999999996,10.719999999999999,27.439999999999998,Sandy Clay Loam,0.10408635312259068,0.10465563678337818,0.1825044404973357,0.1665381649961451,0.1674490188534051,0.2920071047957371,408844.5632,3660498.985
2014,2014-05-01,2014-p07-3,165,63.839999999999996,16.72,19.439999999999998,Sandy Loam,0.08570052961001448,0.09739427595044856,0.17214087851206977,0.13712084737602317,0.1558308415207177,0.27542540561931167,408844.5632,3660498.985
2014,2014-05-01,2014-p07-4,15,63.839999999999996,10.719999999999999,25.439999999999998,Sandy Clay Loam,0.08939264328485837,0.10039370078740145,0.16552003237555662,0.14302822925577338,0.16062992125984232,0.2648320518008906,408844.135,3660469.782
2014,2014-05-01,2014-p07-4,45,65.84,10.719999999999999,23.439999999999998,Sandy Clay Loam,0.08833395452851303,0.09672505712109697,0.15703380588876775,0.14133432724562087,0.15476009139375516,0.2512540894220284,408844.135,3660469.782
2014,2014-05-01,2014-p07-4,75,63.839999999999996,13.439999999999998,22.720000000000006,Sandy Clay Loam,0.10123555201275405,0.11602870813397112,0.1741935483870966,0.1619768832204065,0.1856459330143538,0.2787096774193546,408844.135,3660469.782
2014,2014-05-01,2014-p07-4,105,65.84,11.439999999999998,22.720000000000006,Sandy Clay Loam,0.07916959887403237,0.0920770877944325,0.13741987179487178,0.1266713581984518,0.147323340471092,0.21987179487179487,408844.135,3660469.782
2014,2014-05-01,2014-p07-4,135,71.84,11.439999999999998,16.720000000000006,Sandy Loam,0.07882273342354527,0.09410386567746988,0.1451951321863195,0.12611637347767243,0.1505661850839518,0.2323122114981112,408844.135,3660469.782
2014,2014-05-01,2014-p07-4,165,63.839999999999996,9.439999999999998,26.720000000000006,Sandy Clay Loam,0.09210019267822739,0.10168134507606051,0.1855546687948922,0.14736030828516383,0.16269015212169682,0.29688747007182753,408844.135,3660469.782
2014,2014-05-01,2014-p07-5,15,57.11999999999999,13.440000000000012,29.439999999999998,Sandy Clay Loam,0.09645390070921983,0.10366826156299845,0.1818976825535638,0.15432624113475174,0.16586921850079753,0.2910362920857021,408843.68330000003,3660440.579
2014,2014-05-01,2014-p07-5,45,75.12,11.439999999999998,13.439999999999996,Sandy Loam,0.056910569105691,0.07240773286467442,0.11027190332326291,0.0910569105691056,0.11585237258347908,0.17643504531722065,408843.68330000003,3660440.579
2014,2014-05-01,2014-p07-5,75,71.12,11.439999999999998,17.439999999999998,Sandy Loam,0.06841915736406189,0.07620263942103019,0.12347620920173026,0.10947065178249903,0.12192422307364831,0.19756193472276842,408843.68330000003,3660440.579
2014,2014-05-01,2014-p07-5,105,73.12,11.439999999999998,15.439999999999998,Sandy Loam,0.06556776556776554,0.07907293796864376,0.1428571428571426,0.10490842490842488,0.12651670074983,0.22857142857142818,408843.68330000003,3660440.579
2014,2014-05-01,2014-p07-5,135,63.12,15.439999999999998,21.439999999999998,Sandy Clay Loam,0.07892804698972095,0.10117145899893508,0.15762105947351296,0.12628487518355352,0.16187433439829613,0.25219369515762075,408843.68330000003,3660440.579
2014,2014-05-01,2014-p07-5,165,69.12,9.439999999999998,21.439999999999998,Sandy Clay Loam,0.06990068754774659,0.08254716981132082,0.1306532663316583,0.11184110007639454,0.13207547169811332,0.2090452261306533,408843.68330000003,3660440.579
2014,2014-05-01,2014-p07-6,15,65.12,11.439999999999998,23.439999999999998,Sandy Clay Loam,0.07708964919878739,0.09497444633730852,0.15431828145550208,0.12334343871805982,0.15195911413969365,0.24690925032880334,408843.2618,3660411.375
2014,2014-05-01,2014-p07-6,45,77.12,7.439999999999998,15.439999999999998,Sandy Loam,0.05286506469500923,0.07042801556420243,0.10423224903812535,0.08458410351201477,0.1126848249027239,0.16677159846100056,408843.2618,3660411.375
2014,2014-05-01,2014-p07-6,75,75.12,9.439999999999998,15.439999999999998,Sandy Loam,0.05025307302964571,0.0616869492236676,0.1044039483675019,0.08040491684743314,0.09869911875786817,0.16704631738800305,408843.2618,3660411.375
2014,2014-05-01,2014-p07-6,105,73.12,7.439999999999998,19.439999999999998,Sandy Loam,0.051755338400289536,0.06060606060606039,0.09893617021276617,0.08280854144046326,0.09696969696969664,0.1582978723404259,408843.2618,3660411.375
2014,2014-05-01,2014-p07-6,135,71.12,11.439999999999998,17.439999999999998,Sandy Loam,0.058968058968058956,0.06851366529389735,0.12392638036809837,0.09434889434889433,0.10962186447023577,0.1982822085889574,408843.2618,3660411.375
2014,2014-05-01,2014-p07-6,165,67.12,11.439999999999998,21.439999999999998,Sandy Clay Loam,0.06926751592356668,0.0870883882149046,0.13724476608942884,0.1108280254777067,0.13934142114384737,0.21959162574308616,408843.2618,3660411.375
2014,2014-05-01,2014-p08-1,15,53.12,22.72,24.160000000000004,Sandy Clay Loam,0.07667984189723312,0.08154943934760457,0.15355269432522647,0.122687747035573,0.13047910295616733,0.24568431092036236,408814.8008,3660411.808
2014,2014-05-01,2014-p08-1,45,53.12,22.72,24.160000000000004,Sandy Clay Loam,0.0710336027222459,0.0845771144278605,0.15051825146462355,0.11365376435559345,0.1353233830845768,0.2408292023433977,408814.8008,3660411.808
2014,2014-05-01,2014-p08-1,75,49.12,24.72,26.160000000000004,Sandy Clay Loam,0.09239766081871334,0.11898323418063794,0.20740268028079098,0.14783625730994135,0.1903731746890207,0.3318442884492656,408814.8008,3660411.808
2014,2014-05-01,2014-p08-1,105,43.12,18.72,38.160000000000004,Clay Loam,0.11163337250293778,0.13599640933572715,0.22007255139056806,0.17861339600470047,0.21759425493716344,0.3521160822249089,408814.8008,3660411.808
2014,2014-05-01,2014-p08-1,135,47.12,26.72,26.160000000000004,Sandy Clay Loam,0.11406690850463513,0.131932021466905,0.20878578479763102,0.18250705360741623,0.21109123434704802,0.33405725567620964,408814.8008,3660411.808
2014,2014-05-01,2014-p08-1,165,55.120000000000005,18.72,26.160000000000004,Sandy Clay Loam,0.08668388048690526,0.09670781893004152,0.17062314540059362,0.13869420877904842,0.15473251028806645,0.2729970326409498,408814.8008,3660411.808
2014,2014-05-01,2014-p08-2,15,53.12,24.72,22.160000000000004,Sandy Clay Loam,0.07649667405764969,0.09170731707317051,0.16228247673006868,0.1223946784922395,0.14673170731707283,0.2596519627681099,408815.2485,3660441.011
2014,2014-05-01,2014-p08-2,45,53.12,20.72,26.160000000000004,Sandy Clay Loam,0.06649831649831643,0.08808933002481399,0.15341138473960422,0.1063973063973063,0.1409429280397024,0.24545821558336678,408815.2485,3660441.011
2014,2014-05-01,2014-p08-2,75,62.4,19.439999999999998,18.160000000000004,Sandy Loam,0.06285511363636351,0.07091295116772832,0.13703966005665713,0.10056818181818161,0.11346072186836531,0.21926345609065143,408815.2485,3660441.011
2014,2014-05-01,2014-p08-2,105,46.4,23.439999999999998,30.160000000000004,Sandy Clay Loam,0.09936967000370808,0.12071917808219178,0.18525431637890835,0.15899147200593294,0.19315068493150686,0.2964069062062534,408815.2485,3660441.011
2014,2014-05-01,2014-p08-2,135,34.400000000000006,29.439999999999998,36.160000000000004,Clay Loam,0.09807280513918627,0.12394761459307756,0.23037542662116026,0.15691648822269805,0.1983161833489241,0.3686006825938564,408815.2485,3660441.011
2014,2014-05-01,2014-p08-2,165,70.4,11.439999999999998,18.160000000000004,Sandy Loam,0.06174496644295316,0.04989690721649488,0.08554455445544541,0.09879194630872506,0.07983505154639181,0.13687128712871266,408815.2485,3660441.011
2014,2014-05-01,2014-p08-3,15,51.12,24.72,24.160000000000004,Sandy Clay Loam,0.10563657863618447,0.11033411033411047,0.1817312290769965,0.16901852581789517,0.17653457653457677,0.29076996652319437,408815.6664,3660470.215
2014,2014-05-01,2014-p08-3,45,51.12,18.72,30.160000000000004,Sandy Clay Loam,0.10628496215860445,0.103962195565249,0.1742146062831499,0.17005593945376712,0.1663395129043984,0.27874337005303984,408815.6664,3660470.215
2014,2014-05-01,2014-p08-3,75,49.12,24.72,26.160000000000004,Sandy Clay Loam,0.11619578193394359,0.10532904148784,0.20776340110905692,0.18591325109430976,0.16852646638054403,0.33242144177449107,408815.6664,3660470.215
2014,2014-05-01,2014-p08-3,105,47.12,18.72,34.160000000000004,Sandy Clay Loam,0.12851897184822544,0.13090757005437034,0.23677395486496505,0.20563035495716073,0.20945211208699255,0.3788383277839441,408815.6664,3660470.215
2014,2014-05-01,2014-p08-3,135,45.12,28.72,26.160000000000004,Loam,0.1221277935158957,0.1245865490628446,0.21919770773638927,0.19540446962543312,0.19933847850055136,0.35071633237822286,408815.6664,3660470.215
2014,2014-05-01,2014-p08-3,165,47.12,22.72,30.160000000000004,Sandy Clay Loam,0.1355859709153123,0.10791925465838512,0.19324577861163192,0.2169375534644997,0.1726708074534162,0.30919324577861107,408815.6664,3660470.215
2014,2014-05-01,2014-p08-4,15,49.12,22.72,28.16,Sandy Clay Loam,0.10072491415490273,0.10047671433810056,0.19113149847094799,0.16115986264784438,0.1607627429409609,0.3058103975535168,408816.1269,3660499.418
2014,2014-05-01,2014-p08-4,45,51.12,20.72,28.16,Sandy Clay Loam,0.1012608353033885,0.09960784313725515,0.15321589512494888,0.1620173364854216,0.15937254901960826,0.24514543219991822,408816.1269,3660499.418
2014,2014-05-01,2014-p08-4,75,47.12,26.72,26.160000000000004,Sandy Clay Loam,0.16035895435037062,0.1633932302549103,0.2672533580361276,0.256574326960593,0.26142916840785646,0.4276053728578042,408816.1269,3660499.418
2014,2014-05-01,2014-p08-4,105,37.12,28.72,34.160000000000004,Clay Loam,0.14758789860997545,0.14876660341555983,0.23450454007106192,0.23614063777596073,0.23802656546489576,0.3752072641136991,408816.1269,3660499.418
2014,2014-05-01,2014-p08-4,135,39.12,28.72,32.160000000000004,Clay Loam,0.14763636363636373,0.1470702367093519,0.2439452439452441,0.236218181818182,0.23531237873496305,0.3903123903123906,408816.1269,3660499.418
2014,2014-05-01,2014-p08-4,165,41.12,18.72,40.160000000000004,Clay,0.11709520500347492,0.12438916037316737,0.20831617949773573,0.1873523280055599,0.1990226565970678,0.3333058871963772,408816.1269,3660499.418
2014,2014-05-01,2014-p08-5,15,47.12,24.72,28.16,Sandy Clay Loam,0.0980392156862745,0.10597302504816969,0.21347201584943054,0.1568627450980392,0.1695568400770715,0.3415552253590889,408816.5547,3660528.622
2014,2014-05-01,2014-p08-5,45,49.12,18.72,32.160000000000004,Sandy Clay Loam,0.1100543478260873,0.11344019728729955,0.17300036192544344,0.1760869565217397,0.18150431565967928,0.2768005790807095,408816.5547,3660528.622
2014,2014-05-01,2014-p08-5,75,53.12,24.72,22.160000000000004,Sandy Clay Loam,0.10827137546468396,0.11766633890527683,0.17530959752321984,0.17323420074349435,0.18826614224844296,0.28049535603715176,408816.5547,3660528.622
2014,2014-05-01,2014-p08-5,105,49.12,16.72,34.160000000000004,Sandy Clay Loam,0.12941176470588237,0.1416309012875542,0.21946822893195153,0.2070588235294118,0.22660944206008674,0.35114916629112247,408816.5547,3660528.622
2014,2014-05-01,2014-p08-5,135,55.120000000000005,22.72,22.160000000000004,Sandy Clay Loam,0.12392494136043791,0.1298859934853419,0.16999636759898318,0.19827990617670066,0.20781758957654706,0.2719941881583731,408816.5547,3660528.622
2014,2014-05-01,2014-p08-5,165,55.120000000000005,16.72,28.16,Sandy Clay Loam,0.11343161343161326,0.1085828343313373,0.1618734593262119,0.18149058149058123,0.17373253493013968,0.25899753492193905,408816.5547,3660528.622
2014,2014-05-01,2014-p08-6,15,47.12,24.72,28.16,Sandy Clay Loam,0.11524163568773221,0.13707451701931908,0.20174206237707198,0.18438661710037155,0.21931922723091055,0.3227872998033152,408817.00830000004,3660557.825
2014,2014-05-01,2014-p08-6,45,49.12,18.72,32.160000000000004,Sandy Clay Loam,0.11054885169326542,0.11720831113478894,0.16196447230929997,0.17687816270922468,0.1875332978156623,0.25914315569487995,408817.00830000004,3660557.825
2014,2014-05-01,2014-p08-6,75,55.120000000000005,20.72,24.160000000000004,Sandy Clay Loam,0.09031996759821807,0.08434712084347144,0.15008068854222698,0.14451194815714893,0.1349553933495543,0.24012910166756318,408817.00830000004,3660557.825
2014,2014-05-01,2014-p08-6,105,51.12,18.72,30.160000000000004,Sandy Clay Loam,0.1155050900548158,0.12450119712689534,0.18365337272279686,0.1848081440877053,0.19920191540303256,0.293845396356475,408817.00830000004,3660557.825
2014,2014-05-01,2014-p08-6,135,43.12,26.72,30.160000000000004,Clay Loam,0.13366690493209443,0.1494526415992385,0.2574545454545454,0.2138670478913511,0.2391242265587816,0.41192727272727264,408817.00830000004,3660557.825
2014,2014-05-01,2014-p08-6,165,43.12,20.72,36.160000000000004,Clay Loam,0.1213202497769851,0.13532691332995408,0.24739039665970783,0.19411239964317617,0.21652306132792654,0.3958246346555325,408817.00830000004,3660557.825
2014,2014-05-01,2014-p09-1,15,49.12,24.72,26.160000000000004,Sandy Clay Loam,0.11367595818815297,0.1258941344778255,0.19390743995313423,0.18188153310104477,0.2014306151645208,0.3102519039250148,408788.5818,3660558.257
2014,2014-05-01,2014-p09-1,45,51.12,16.72,32.160000000000004,Sandy Clay Loam,0.11217391304347818,0.12365315546434048,0.18424566088117472,0.1794782608695651,0.19784504874294478,0.29479305740987954,408788.5818,3660558.257
2014,2014-05-01,2014-p09-1,75,55.120000000000005,18.72,26.160000000000004,Sandy Clay Loam,0.07735042735042745,0.07949308755760384,0.1461779168529282,0.12376068376068393,0.12718894009216616,0.23388466696468513,408788.5818,3660558.257
2014,2014-05-01,2014-p09-1,105,57.11999999999999,16.72,26.160000000000004,Sandy Clay Loam,0.06448641179180127,0.08059467918622859,0.12105263157894744,0.10317825886688203,0.12895148669796574,0.1936842105263159,408788.5818,3660558.257
2014,2014-05-01,2014-p09-1,135,51.12,24.72,24.160000000000004,Sandy Clay Loam,0.09618244918195326,0.13160173160173155,0.1693437356585588,0.15389191869112523,0.2105627705627705,0.2709499770536941,408788.5818,3660558.257
2014,2014-05-01,2014-p09-1,165,43.12,24.72,32.160000000000004,Clay Loam,0.09644039735099329,0.1207430340557277,0.19653679653679648,0.15430463576158926,0.19318885448916434,0.3144588744588744,408788.5818,3660558.257
2014,2014-05-01,2014-p09-2,15,49.12,22.72,28.16,Sandy Clay Loam ,0.09179770505737342,0.11301799916282945,0.16521739130434793,0.1468763280917975,0.18082879866052715,0.26434782608695667,408788.1167,3660529.054
2014,2014-05-01,2014-p09-2,45,49.12,18.72,32.160000000000004,Sandy Clay Loam ,0.0948598130841122,0.11368110236220484,0.15683520599250944,0.15177570093457954,0.18188976377952776,0.2509363295880151,408788.1167,3660529.054
2014,2014-05-01,2014-p09-2,75,51.12,22.72,26.160000000000004,Sandy Clay Loam ,0.11451612903225782,0.15095311695002575,0.21475492673067204,0.18322580645161252,0.24152498712004122,0.3436078827690753,408788.1167,3660529.054
2014,2014-05-01,2014-p09-2,105,45.12,20.72,34.160000000000004,Sandy Clay Loam ,0.10346585117227286,0.11721404303510757,0.18763557483731025,0.1655453618756366,0.18754246885617212,0.30021691973969644,408788.1167,3660529.054
2014,2014-05-01,2014-p09-2,135,43.12,30.72,26.160000000000004,Loam,0.10714285714285716,0.1331592689295037,0.21105990783410128,0.17142857142857149,0.21305483028720593,0.3376958525345621,408788.1167,3660529.054
2014,2014-05-01,2014-p09-2,165,55.120000000000005,16.72,28.16,Sandy Clay Loam ,0.0823129251700681,0.08859397417503584,0.15409956076134704,0.13170068027210896,0.14175035868005734,0.24655929721815528,408788.1167,3660529.054
2014,2014-05-01,2014-p09-3,15,51.12,22.72,26.160000000000004,Sandy Clay Loam,0.09065354884047805,0.11248673505482816,,0.14504567814476488,0.17997877608772506,,408787.6756,3660499.851
2014,2014-05-01,2014-p09-3,45,49.12,20.72,30.160000000000004,Sandy Clay Loam,0.08309037900874641,0.10495495495495522,0.16236722306525042,0.13294460641399428,0.16792792792792835,0.2597875569044007,408787.6756,3660499.851
2014,2014-05-01,2014-p09-3,75,49.12,24.72,26.160000000000004,Sandy Clay Loam,0.08802417831507388,0.11983967935871752,0.18309859154929573,0.14083868530411822,0.19174348697394805,0.2929577464788732,408787.6756,3660499.851
2014,2014-05-01,2014-p09-3,105,45.12,28.72,26.160000000000004,Loam,0.10075187969924816,0.12326043737574588,0.2036793692509855,0.16120300751879707,0.1972166998011934,0.32588699080157685,408787.6756,3660499.851
2014,2014-05-01,2014-p09-3,135,47.12,22.72,30.160000000000004,Sandy Clay Loam,0.10634856449656267,0.12515592515592505,0.23010920436817467,0.1701577031945003,0.20024948024948008,0.3681747269890795,408787.6756,3660499.851
2014,2014-05-01,2014-p09-3,165,49.12,20.72,30.160000000000004,Sandy Clay Loam,0.09125914516750086,0.1129554655870442,0.17945439045183292,0.14601463226800138,0.1807287449392707,0.28712702472293267,408787.6756,3660499.851
2014,2014-05-01,2014-p09-4,15,47.12,26.72,26.160000000000004,Sandy Clay Loam,0.08076563958916852,0.10048231511254019,0.16792202038103674,0.12922502334266964,0.1607717041800643,0.2686752326096588,408787.22279999993,3660470.648
2014,2014-05-01,2014-p09-4,45,49.12,22.72,28.16,Sandy Clay Loam,0.07656967840735067,0.09087048832271766,0.15043156596794066,0.12251148545176108,0.14539278131634825,0.24069050554870508,408787.22279999993,3660470.648
2014,2014-05-01,2014-p09-4,75,51.12,22.72,26.160000000000004,Sandy Clay Loam,0.07842372220054644,0.09732176537155811,0.18494852680156199,0.12547795552087432,0.15571482459449298,0.29591764288249917,408787.22279999993,3660470.648
2014,2014-05-01,2014-p09-4,105,47.12,20.72,32.160000000000004,Sandy Clay Loam,0.08973858759266473,0.10508617065994114,0.1784282277465917,0.14358174014826358,0.16813787305590583,0.28548516439454674,408787.22279999993,3660470.648
2014,2014-05-01,2014-p09-4,135,47.12,22.72,30.160000000000004,Sandy Clay Loam,0.0905595899188383,0.11734475374732342,0.1965268953833122,0.1448953438701413,0.1877516059957175,0.31444303261329953,408787.22279999993,3660470.648
2014,2014-05-01,2014-p09-4,165,47.12,18.72,34.160000000000004,Sandy Clay Loam,0.08883911907428155,0.10547156227501771,0.1813380281690143,0.14214259051885048,0.16875449964002834,0.29014084507042287,408787.22279999993,3660470.648
2014,2014-05-01,2014-p09-5,15,51.12,22.72,26.160000000000004,Sandy Clay Loam,0.07203389830508494,0.08174740484429036,0.16076173604960123,0.11525423728813591,0.13079584775086459,0.25721877767936197,408786.8075,3660441.4440000006
2014,2014-05-01,2014-p09-5,45,57.11999999999999,18.72,24.160000000000004,Sandy Clay Loam,0.07172995780590714,0.08386187455954933,0.1428571428571428,0.11476793248945144,0.13417899929527893,0.22857142857142848,408786.8075,3660441.4440000006
2014,2014-05-01,2014-p09-5,75,49.12,26.72,24.160000000000004,Sandy Clay Loam,0.08690614136732332,0.10936871733011685,0.17788057190916726,0.1390498261877173,0.174989947728187,0.2846089150546676,408786.8075,3660441.4440000006
2014,2014-05-01,2014-p09-5,105,49.12,22.72,28.16,Sandy Clay Loam,0.08285094066570185,0.10151187904967611,0.18105178643115238,0.13256150506512296,0.1624190064794818,0.2896828582898438,408786.8075,3660441.4440000006
2014,2014-05-01,2014-p09-5,135,55.120000000000005,22.72,22.160000000000004,Sandy Clay Loam,0.07013945857260052,0.08361204013377926,0.1565176022835398,0.11222313371616084,0.13377926421404682,0.2504281636536637,408786.8075,3660441.4440000006
2014,2014-05-01,2014-p09-5,165,51.12,18.72,30.160000000000004,Sandy Clay Loam,0.07571596704590006,0.08875048657065011,0.157718120805369,0.1211455472734401,0.1420007785130402,0.25234899328859045,408786.8075,3660441.4440000006
2014,2014-05-01,2014-p09-6,15,51.12,22.72,26.160000000000004,Sandy Clay Loam,0.08133773740710183,0.08718861209964418,0.15131264916467788,0.13014037985136293,0.1395017793594307,0.24210023866348462,408786.3693,3660412.241
2014,2014-05-01,2014-p09-6,45,53.12,20.72,26.160000000000004,Sandy Clay Loam,0.07843137254901954,0.08760597496972151,0.1472283813747225,0.12549019607843126,0.14016955995155442,0.235565410199556,408786.3693,3660412.241
2014,2014-05-01,2014-p09-6,75,53.12,24.72,22.160000000000004,Sandy Clay Loam,0.0766798418972334,0.10141661300708302,0.17191977077363876,0.12268774703557345,0.16226658081133283,0.275071633237822,408786.3693,3660412.241
2014,2014-05-01,2014-p09-6,105,47.12,18.72,34.160000000000004,Sandy Clay Loam,0.08162428219852316,0.09753742153549025,0.17817736003269338,0.13059885151763706,0.1560598744567844,0.28508377605230945,408786.3693,3660412.241
2014,2014-05-01,2014-p09-6,135,45.12,26.72,28.16,Sandy Clay Loam,0.078125,0.11313330054107215,0.21508828250401282,0.125,0.18101328086571544,0.34414125200642054,408786.3693,3660412.241
2014,2014-05-01,2014-p09-6,165,49.12,18.72,32.160000000000004,Sandy Clay Loam,0.0637420322459691,0.08242187499999998,0.15651503469545114,0.10198725159355056,0.13187499999999996,0.25042405551272184,408786.3693,3660412.241
2014,2014-05-01,2014-p10-1,15,51.12,22.72,26.160000000000004,Sandy Clay Loam,0.08017027314650604,0.11792639493470534,0.17299061607507146,0.1282724370344097,0.18868223189552857,0.27678498572011434,408757.9098,3660412.6739999996
2014,2014-05-01,2014-p10-1,45,51.12,18.72,30.160000000000004,Sandy Clay Loam,0.08367181153533723,0.10265556876734032,0.16742596810933985,0.13387489845653958,0.16424891002774453,0.26788154897494376,408757.9098,3660412.6739999996
2014,2014-05-01,2014-p10-1,75,49.12,24.72,26.160000000000004,Sandy Clay Loam,0.10155920775389786,0.11871318531943836,0.2037460027409777,0.16249473240623657,0.1899410965111014,0.32599360438556435,408757.9098,3660412.6739999996
2014,2014-05-01,2014-p10-1,105,43.12,26.72,30.160000000000004,Clay Loam,0.11473607038123176,0.12571178274200634,0.19450407900386438,0.18357771260997083,0.20113885238721016,0.311206526406183,408757.9098,3660412.6739999996
2014,2014-05-01,2014-p10-1,135,47.12,24.72,28.16,Sandy Clay Loam,0.09398496240601505,0.12638835695135953,0.21540943929003614,0.15037593984962408,0.20222137112217525,0.34465510286405787,408757.9098,3660412.6739999996
2014,2014-05-01,2014-p10-1,165,47.12,20.72,32.160000000000004,Sandy Clay Loam,0.09531987977672815,0.11213456147376898,0.1761904761904761,0.15251180764276506,0.17941529835803038,0.28190476190476177,408757.9098,3660412.6739999996
2014,2014-05-01,2014-p10-2,15,51.12,24.72,24.160000000000004,Sandy Clay Loam,0.07041609510745343,0.09291835814163261,0.16653574234092672,0.1126657521719255,0.14866937302661218,0.26645718774548277,408758.3675,3660441.877
2014,2014-05-01,2014-p10-2,45,51.12,22.72,26.160000000000004,Sandy Clay Loam,0.08231240428790222,0.09798887462558831,0.16376870198139898,0.13169984686064357,0.1567821994009413,0.2620299231702384,408758.3675,3660441.877
2014,2014-05-01,2014-p10-2,75,51.12,26.72,22.160000000000004,Sandy Clay Loam,0.11393891934220847,0.13184855233853013,0.20822880080280975,0.18230227094753357,0.21095768374164822,0.33316608128449565,408758.3675,3660441.877
2014,2014-05-01,2014-p10-2,105,45.12,18.72,36.160000000000004,Sandy Clay,0.08762677484787033,0.10857805255023134,0.18627450980392132,0.14020283975659253,0.17372488408037015,0.2980392156862741,408758.3675,3660441.877
2014,2014-05-01,2014-p10-2,135,49.12,22.72,28.16,Sandy Clay Loam,0.08423153692614768,0.10867579908675812,0.1903361344537819,0.1347704590818363,0.173881278538813,0.30453781512605105,408758.3675,3660441.877
2014,2014-05-01,2014-p10-2,165,55.120000000000005,18.72,26.160000000000004,Sandy Clay Loam,0.06484776591538159,0.08647798742138377,0.15199335548172804,0.10375642546461056,0.13836477987421403,0.24318936877076489,408758.3675,3660441.877
2014,2014-05-01,2014-p10-3,15,47.12,22.72,30.160000000000004,Sandy Clay Loam,0.08379666401906274,0.09737661182747877,0.18151815181518147,0.1340746624305004,0.15580257892396604,0.29042904290429034,408758.8074,3660471.0810000002
2014,2014-05-01,2014-p10-3,45,51.12,16.72,32.160000000000004,Sandy Clay Loam,0.08188082691528155,0.09847548413679444,0.16401205337925107,0.13100932306445048,0.1575607746188711,0.2624192854068017,408758.8074,3660471.0810000002
2014,2014-05-01,2014-p10-3,75,53.12,24.72,22.160000000000004,Sandy Clay Loam,0.08724832214765105,0.11209321012454768,0.1785568691398286,0.13959731543624168,0.17934913619927628,0.28569099062372577,408758.8074,3660471.0810000002
2014,2014-05-01,2014-p10-3,105,49.12,24.72,26.160000000000004,Sandy Clay Loam,0.09691285658460352,0.11075050709939165,0.18770226537216828,0.15506057053536565,0.17720081135902666,0.30032362459546924,408758.8074,3660471.0810000002
2014,2014-05-01,2014-p10-3,135,53.12,24.72,22.160000000000004,Sandy Clay Loam,0.09518167456556129,0.11378205128205114,0.188624006691761,0.15229067930489806,0.18205128205128185,0.3017984107068176,408758.8074,3660471.0810000002
2014,2014-05-01,2014-p10-3,165,55.120000000000005,16.72,28.16,Sandy Clay Loam,0.07848605577689267,0.09133646742780385,0.1546123863144218,0.12557768924302828,0.14613834788448618,0.2473798181030749,408758.8074,3660471.0810000002
2014,2014-05-01,2014-p10-4,15,49.12,22.72,28.16,Sandy Clay Loam,0.07904583723105695,0.10007942811755374,0.18390342052313882,0.12647333956969112,0.160127084988086,0.2942454728370221,408759.2422,3660500.284
2014,2014-05-01,2014-p10-4,45,51.12,18.72,30.160000000000004,Sandy Clay Loam,0.08122743682310457,0.10174880763116068,0.18083538083538075,0.12996389891696733,0.16279809220985708,0.2893366093366092,408759.2422,3660500.284
2014,2014-05-01,2014-p10-4,75,55.120000000000005,20.72,24.160000000000004,Sandy Clay Loam,0.07263513513513509,0.08611454470539716,0.1541262135922331,0.11621621621621614,0.13778327152863545,0.246601941747573,408759.2422,3660500.284
2014,2014-05-01,2014-p10-4,105,53.12,16.72,30.160000000000004,Sandy Clay Loam,0.08343409915356713,0.09890109890109894,0.2076423936553712,0.13349455864570742,0.15824175824175832,0.33222782984859395,408759.2422,3660500.284
2014,2014-05-01,2014-p10-4,135,53.12,22.72,24.160000000000004,Sandy Clay Loam,0.08093220338983068,0.1096596768649022,0.19696312364425161,0.12949152542372908,0.17545548298384353,0.3151409978308026,408759.2422,3660500.284
2014,2014-05-01,2014-p10-4,165,51.12,20.72,28.16,Sandy Clay Loam,0.07634265423879266,0.09570957095709572,0.18674211802748572,0.12214824678206826,0.15313531353135315,0.29878738884397715,408759.2422,3660500.284
2014,2014-05-01,2014-p10-5,15,49.12,22.72,28.16,Sandy Clay Loam,0.09052924791086364,0.10494683310217305,0.17982251284446524,0.14484679665738184,0.1679149329634769,0.28771602055114437,408759.6921,3660529.487
2014,2014-05-01,2014-p10-5,45,51.12,20.72,28.16,Sandy Clay Loam,0.0901374292643494,0.09482758620689659,0.15628626692456504,0.14421988682295903,0.15172413793103456,0.2500580270793041,408759.6921,3660529.487
2014,2014-05-01,2014-p10-5,75,55.120000000000005,23.439999999999998,21.439999999999998,Sandy Clay Loam,0.07493781094527353,0.07966161438138898,0.14857710125744572,0.11990049751243766,0.12745858301022236,0.23772336201191316,408759.6921,3660529.487
2014,2014-05-01,2014-p10-5,105,55.120000000000005,21.439999999999998,23.439999999999998,Sandy Clay Loam,0.0704022988505745,0.08558558558558563,0.14561270801815437,0.1126436781609192,0.136936936936937,0.232980332829047,408759.6921,3660529.487
2014,2014-05-01,2014-p10-5,135,49.12,25.439999999999998,25.439999999999998,Sandy Clay Loam,0.0790854572713643,0.0912133891213392,0.17263986013986024,0.1265367316341829,0.14594142259414272,0.2762237762237764,408759.6921,3660529.487
2014,2014-05-01,2014-p10-5,165,47.12,21.440000000000012,31.439999999999994,Sandy Clay Loam,0.08232445520581148,0.09533635988444086,0.1761506276150628,0.13171912832929838,0.1525381758151054,0.2818410041841005,408759.6921,3660529.487
2014,2014-05-01,2014-p10-6,15,49.12,23.439999999999998,27.439999999999998,Sandy Clay Loam,0.09208683473389391,0.10004033884630918,0.18702290076335873,0.14733893557423025,0.1600645421540947,0.299236641221374,408760.1184,3660558.691
2014,2014-05-01,2014-p10-6,45,51.12,21.439999999999998,27.439999999999998,Sandy Clay Loam,0.087459342247922,0.09150594993844847,0.15762925598991173,0.1399349475966752,0.14640951990151757,0.25220680958385877,408760.1184,3660558.691
2014,2014-05-01,2014-p10-6,75,55.120000000000005,19.439999999999998,25.439999999999998,Sandy Clay Loam,0.07907680665909964,0.09067827348567283,0.16794731064763951,0.12652289065455943,0.14508523757707653,0.2687156970362232,408760.1184,3660558.691
2014,2014-05-01,2014-p10-6,105,57.11999999999999,19.440000000000012,23.439999999999998,Sandy Clay Loam,0.07250341997264038,0.07635658914728734,0.15181115181115198,0.11600547195622463,0.12217054263565974,0.2428978428978432,408760.1184,3660558.691
2014,2014-05-01,2014-p10-6,135,51.12,23.439999999999998,25.439999999999998,Sandy Clay Loam,0.08742386241490496,0.10519423832387592,0.15765966949531077,0.13987817986384796,0.16831078131820149,0.25225547119249725,408760.1184,3660558.691
2014,2014-05-01,2014-p10-6,165,53.12,21.439999999999998,25.439999999999998,Sandy Clay Loam,0.08581016299137138,0.11459192085737847,0.16672814459608984,0.13729626078619422,0.18334707337180556,0.26676503135374374,408760.1184,3660558.691
2014,2014-05-01,2014-p11-1,15,61.839999999999996,2.719999999999999,35.44,Sandy Clay,0.09302325581395361,0.10008038585208981,0.15897670169026937,0.14883720930232577,0.16012861736334372,0.254362722704431,408674.8097,3660559.989
2014,2014-05-01,2014-p11-1,45,61.839999999999996,10.719999999999999,27.439999999999998,Sandy Clay Loam,0.10230275575688942,0.10575067541489754,0.1597518417991468,0.1636844092110231,0.16920108066383607,0.2556029468786349,408674.8097,3660559.989
2014,2014-05-01,2014-p11-1,75,63.839999999999996,14.719999999999999,21.439999999999998,Sandy Clay Loam,0.0989159891598915,0.10887269609944304,0.15137437088656616,0.1582655826558264,0.17419631375910888,0.24219899341850587,408674.8097,3660559.989
2014,2014-05-01,2014-p11-1,105,51.839999999999996,26.72,21.439999999999998,Sandy Clay Loam,0.10750100280786232,0.12399414776883687,0.18754803996925482,0.17200160449257973,0.198390636430139,0.30007686395080774,408674.8097,3660559.989
2014,2014-05-01,2014-p11-1,135,57.11999999999999,19.440000000000012,23.439999999999998,Sandy Clay Loam,0.11656891495601171,0.13145125716806338,0.2213333333333332,0.18651026392961875,0.21032201146890142,0.35413333333333313,408674.8097,3660559.989
2014,2014-05-01,2014-p11-1,165,73.12,9.439999999999998,17.439999999999998,Sandy Loam,0.08760520275439962,0.09992223950233256,0.18901098901098876,0.14016832440703939,0.1598755832037321,0.30241758241758204,408674.8097,3660559.989
2014,2014-05-01,2014-p11-2,15,57.11999999999999,11.440000000000012,31.439999999999994,Sandy Clay Loam,0.10310108739428121,0.1072522982635343,0.1600361663652799,0.16496173983084994,0.1716036772216549,0.25605786618444787,408674.3175,3660530.787
2014,2014-05-01,2014-p11-2,45,57.11999999999999,13.440000000000012,29.439999999999998,Sandy Clay Loam,0.11047027506654845,0.12295719844357961,0.1780590717299578,0.17675244010647753,0.1967315175097274,0.2848945147679325,408674.3175,3660530.787
2014,2014-05-01,2014-p11-2,75,51.12,13.439999999999998,35.44,Sandy Clay,0.12495485734922358,0.13050847457627146,0.20439844760672712,0.19992777175875776,0.20881355932203435,0.32703751617076343,408674.3175,3660530.787
2014,2014-05-01,2014-p11-2,105,43.12,21.439999999999998,35.44,Clay Loam,0.11412078152753112,0.12412945514133558,0.2176094890510947,0.1825932504440498,0.19860712822613694,0.34817518248175156,408674.3175,3660530.787
2014,2014-05-01,2014-p11-2,135,57.11999999999999,17.440000000000012,25.439999999999998,Sandy Clay Loam,0.12709440130772373,0.12642110050022742,0.2377998345740281,0.203351042092358,0.20227376080036388,0.380479735318445,408674.3175,3660530.787
2014,2014-05-01,2014-p11-2,165,57.11999999999999,19.440000000000012,23.439999999999998,Sandy Clay Loam,0.1149921507064364,0.1147938561034763,0.18333333333333324,0.18398744113029825,0.18367016976556208,0.29333333333333317,408674.3175,3660530.787
2014,2014-05-01,2014-p11-3,15,57.11999999999999,13.440000000000012,29.439999999999998,Sandy Clay Loam,0.08932461873638375,0.09787588504789647,0.18194945848375446,0.14291938997821402,0.15660141607663436,0.29111913357400715,408673.8859,3660501.583
2014,2014-05-01,2014-p11-3,45,57.11999999999999,17.440000000000012,25.439999999999998,Sandy Clay Loam,0.09792418772563187,0.10546218487394982,0.17344841759145088,0.156678700361011,0.1687394957983197,0.27751746814632144,408673.8859,3660501.583
2014,2014-05-01,2014-p11-3,75,69.12,9.439999999999998,21.439999999999998,Sandy Clay Loam,0.06847253574115851,0.06460788297440079,0.13259878419452895,0.10955605718585362,0.10337261275904126,0.21215805471124632,408673.8859,3660501.583
2014,2014-05-01,2014-p11-3,105,59.12,21.439999999999998,19.439999999999998,Sandy Loam,0.10620574760516438,0.0980066445182727,0.16694011484823626,0.16992919616826302,0.15681063122923633,0.26710418375717804,408673.8859,3660501.583
2014,2014-05-01,2014-p11-3,135,59.12,18.72,22.160000000000004,Sandy Clay Loam,0.09647344953384687,0.09442790301999143,0.17465437788018426,0.154357519254155,0.1510846448319863,0.2794470046082948,408673.8859,3660501.583
2014,2014-05-01,2014-p11-3,165,57.11999999999999,18.72,24.160000000000004,Sandy Clay Loam,0.08721624850657159,0.09013353115726973,0.17456173069750094,0.13954599761051453,0.14421364985163157,0.27929876911600154,408673.8859,3660501.583
2014,2014-05-01,2014-p11-4,15,53.12,16.72,30.160000000000004,Sandy Clay Loam,0.09764437689969578,0.09543065103113627,0.16375198728139895,0.15623100303951326,0.15268904164981803,0.26200317965023834,408673.4257,3660472.38
2014,2014-05-01,2014-p11-4,45,63.12,12.719999999999999,24.160000000000004,Sandy Clay Loam,0.08352668213457091,0.09008669430833022,0.14465937762825895,0.13364269141531346,0.14413871089332836,0.23145500420521434,408673.4257,3660472.38
2014,2014-05-01,2014-p11-4,75,81.12,7.439999999999998,11.439999999999998,Sandy Loam,,0.048143486469477706,0.09517558254020318,,0.07702957835116434,0.1522809320643251,408673.4257,3660472.38
2014,2014-05-01,2014-p11-4,105,81.12,7.439999999999998,11.439999999999998,Sandy Loam,0.04504212572909941,0.041536863966770615,0.07846526097476654,0.07206740116655906,0.06645898234683299,0.12554441755962648,408673.4257,3660472.38
2014,2014-05-01,2014-p11-4,135,77.12,11.439999999999998,11.439999999999998,Sandy Loam,0.04245771487745958,0.041130185979971604,0.07958477508650509,0.06793234380393533,0.06580829756795457,0.12733564013840815,408673.4257,3660472.38
2014,2014-05-01,2014-p11-4,165,77.12,9.439999999999998,13.439999999999996,Sandy Loam,0.04595518420053175,0.04866088268577892,0.09332349686462563,0.0735282947208508,0.07785741229724628,0.149317594983401,408673.4257,3660472.38
2014,2014-05-01,2014-p11-5,15,54.400000000000006,19.439999999999998,26.160000000000004,Sandy Clay Loam,0.10519536281665964,0.09351927809680072,0.16883599851245787,0.16831258050665543,0.14963084495488116,0.2701375976199326,408673.00859999994,3660443.177
2014,2014-05-01,2014-p11-5,45,60.4,15.439999999999998,24.160000000000004,Sandy Clay Loam,0.109838846480068,0.10587663914521611,0.15770282588878728,0.1757421543681088,0.1694026226323458,0.2523245214220597,408673.00859999994,3660443.177
2014,2014-05-01,2014-p11-5,75,66.4,17.439999999999998,16.160000000000004,Sandy Loam,0.09849823321554756,0.11214087117701585,0.1987577639751555,0.1575971731448761,0.17942539388322537,0.3180124223602488,408673.00859999994,3660443.177
2014,2014-05-01,2014-p11-5,105,52.400000000000006,17.439999999999998,30.160000000000004,Sandy Clay Loam,0.0975609756097557,0.09410175596578102,0.1806853582554515,0.15609756097560912,0.15056280954524964,0.28909657320872245,408673.00859999994,3660443.177
2014,2014-05-01,2014-p11-5,135,60.4,9.439999999999998,30.160000000000004,Sandy Clay Loam,0.09981851179673301,0.11145786892554611,0.1939814814814814,0.15970961887477284,0.17833259028087378,0.31037037037037024,408673.00859999994,3660443.177
2014,2014-05-01,2014-p11-5,165,66.4,17.439999999999998,16.160000000000004,Sandy Loam,0.07573221757322186,0.08512431521281093,0.17837139164153384,0.12117154811715498,0.1361989043404975,0.28539422662645414,408673.00859999994,3660443.177
2014,2014-05-01,2014-p11-6,15,64.4,13.439999999999998,22.160000000000004,Sandy Clay Loam,0.0869943453675511,0.09483960948396089,0.15662078785002392,0.13919095258808176,0.15174337517433745,0.2505932605600383,408672.5914,3660413.973
2014,2014-05-01,2014-p11-6,45,64.4,11.439999999999998,24.160000000000004,Sandy Clay Loam,0.08439897698209738,0.09323729491796712,0.15165876777251203,0.1350383631713558,0.1491796718687474,0.24265402843601924,408672.5914,3660413.973
2014,2014-05-01,2014-p11-6,75,67.12,16.72,16.160000000000004,Sandy Loam,0.0782972253895858,0.0974882928905917,0.1960623461853976,0.1252755606233373,0.15598126862494674,0.3136997538966362,408672.5914,3660413.973
2014,2014-05-01,2014-p11-6,105,65.12,12.719999999999999,22.160000000000004,Sandy Clay Loam,0.06873261819626526,0.0725221595487509,0.12233820459290155,0.10997218911402443,0.11603545527800144,0.1957411273486425,408672.5914,3660413.973
2014,2014-05-01,2014-p11-6,135,63.12,24.72,12.160000000000002,Sandy Loam,0.058563159686755156,0.07237813884785797,0.13231197771587735,0.09370105549880825,0.11580502215657276,0.21169916434540378,408672.5914,3660413.973
2014,2014-05-01,2014-p11-6,165,77.12,4.719999999999999,18.160000000000004,Sandy Loam,0.0801984291029353,0.08678184009642413,0.1420052180395081,0.1283174865646965,0.13885094415427862,0.22720834886321298,408672.5914,3660413.973
2014,2014-05-01,2014-s6-01,15,47.12,22.72,30.160000000000004,Sandy Clay Loam,,,,,,,408748.90940000006,3660556.726
2014,2014-05-01,2014-s6-01,45,51.12,22.72,26.160000000000004,Sandy Clay Loam,,,,,,,408748.90940000006,3660556.726
2014,2014-05-01,2014-s6-01,75,49.12,18.72,32.160000000000004,Sandy Clay Loam,,,,,,,408748.90940000006,3660556.726
2014,2014-05-01,2014-s6-01,105,51.12,18.72,30.160000000000004,Sandy Clay Loam,,,,,,,408748.90940000006,3660556.726
2014,2014-05-01,2014-s6-01,135,55.120000000000005,21.439999999999998,23.439999999999998,Sandy Clay Loam,,,,,,,408748.90940000006,3660556.726
2014,2014-05-01,2014-s6-01,165,61.12,11.439999999999998,27.439999999999998,Sandy Clay Loam,,,,,,,408748.90940000006,3660556.726
2014,2014-05-01,2014-s6-02,15,47.12,23.439999999999998,29.439999999999998,Sandy Clay Loam,,,,,,,408748.6594,3660538.4399999995
2014,2014-05-01,2014-s6-02,45,49.12,19.440000000000012,31.439999999999994,Sandy Clay Loam,,,,,,,408748.6594,3660538.4399999995
2014,2014-05-01,2014-s6-02,75,51.12,21.439999999999998,27.439999999999998,Sandy Clay Loam,,,,,,,408748.6594,3660538.4399999995
2014,2014-05-01,2014-s6-02,105,49.12,19.440000000000012,31.439999999999994,Sandy Clay Loam,,,,,,,408748.6594,3660538.4399999995
2014,2014-05-01,2014-s6-02,135,49.12,23.439999999999998,27.439999999999998,Sandy Clay Loam,,,,,,,408748.6594,3660538.4399999995
2014,2014-05-01,2014-s6-02,165,43.12,21.439999999999998,35.44,Clay Loam,,,,,,,408748.6594,3660538.4399999995
2014,2014-05-01,2014-s6-03,15,49.839999999999996,24.0,26.160000000000004,Sandy Clay Loam,,,,,,,408748.3339,3660515.579
2014,2014-05-01,2014-s6-03,45,47.839999999999996,22.0,30.160000000000004,Sandy Clay Loam,,,,,,,408748.3339,3660515.579
2014,2014-05-01,2014-s6-03,75,49.839999999999996,22.0,28.16,Sandy Clay Loam,,,,,,,408748.3339,3660515.579
2014,2014-05-01,2014-s6-03,105,49.839999999999996,18.0,32.160000000000004,Sandy Clay Loam,,,,,,,408748.3339,3660515.579
2014,2014-05-01,2014-s6-03,135,49.839999999999996,24.0,26.160000000000004,Sandy Clay Loam,,,,,,,408748.3339,3660515.579
2014,2014-05-01,2014-s6-03,165,51.839999999999996,18.0,30.160000000000004,Sandy Clay Loam,,,,,,,408748.3339,3660515.579
2014,2014-05-01,2014-s6-04,15,47.839999999999996,24.0,28.16,Sandy Clay Loam,,,,,,,408747.988,3660497.294
2014,2014-05-01,2014-s6-04,45,49.839999999999996,20.0,30.160000000000004,Sandy Clay Loam,,,,,,,408747.988,3660497.294
2014,2014-05-01,2014-s6-04,75,49.839999999999996,24.0,26.160000000000004,Sandy Clay Loam,,,,,,,408747.988,3660497.294
2014,2014-05-01,2014-s6-04,105,47.839999999999996,22.0,30.160000000000004,Sandy Clay Loam,,,,,,,408747.988,3660497.294
2014,2014-05-01,2014-s6-04,135,49.839999999999996,22.0,28.16,Sandy Clay Loam,,,,,,,408747.988,3660497.294
2014,2014-05-01,2014-s6-04,165,47.839999999999996,20.0,32.160000000000004,Sandy Clay Loam,,,,,,,408747.988,3660497.294
2014,2014-05-01,2014-s6-05,15,48.56,24.72,26.720000000000006,Sandy Clay Loam,,,,,,,408747.6529,3660474.4330000007
2014,2014-05-01,2014-s6-05,45,50.56,22.72,26.720000000000006,Sandy Clay Loam,,,,,,,408747.6529,3660474.4330000007
2014,2014-05-01,2014-s6-05,75,56.56,22.72,20.720000000000006,Sandy Clay Loam,,,,,,,408747.6529,3660474.4330000007
2014,2014-05-01,2014-s6-05,105,60.56,20.72,18.720000000000006,Sandy Loam,,,,,,,408747.6529,3660474.4330000007
2014,2014-05-01,2014-s6-05,135,61.839999999999996,24.720000000000013,13.439999999999996,Sandy Loam,,,,,,,408747.6529,3660474.4330000007
2014,2014-05-01,2014-s6-05,165,63.839999999999996,18.72,17.439999999999998,Sandy Loam,,,,,,,408747.6529,3660474.4330000007
2014,2014-05-01,2014-s6-06,15,47.839999999999996,24.72,27.439999999999998,Sandy Clay Loam,,,,,,,408747.368,3660456.148
2014,2014-05-01,2014-s6-06,45,49.839999999999996,20.72,29.439999999999998,Sandy Clay Loam,,,,,,,408747.368,3660456.148
2014,2014-05-01,2014-s6-06,75,51.12,25.439999999999998,23.439999999999998,Sandy Clay Loam,,,,,,,408747.368,3660456.148
2014,2014-05-01,2014-s6-06,105,57.11999999999999,17.440000000000012,25.439999999999998,Sandy Clay Loam,,,,,,,408747.368,3660456.148
2014,2014-05-01,2014-s6-06,135,49.12,21.439999999999998,29.439999999999998,Sandy Clay Loam,,,,,,,408747.368,3660456.148
2014,2014-05-01,2014-s6-06,165,43.12,21.439999999999998,35.44,Clay Loam,,,,,,,408747.368,3660456.148
2014,2014-05-01,2014-s6-07,15,49.839999999999996,22.72,27.439999999999998,Sandy Clay Loam ,,,,,,,408747.0199,3660433.2869999995
2014,2014-05-01,2014-s6-07,45,57.83999999999999,22.720000000000013,19.439999999999998,Sandy Loam,,,,,,,408747.0199,3660433.2869999995
2014,2014-05-01,2014-s6-07,75,55.84,30.72,13.439999999999996,Sandy Loam,,,,,,,408747.0199,3660433.2869999995
2014,2014-05-01,2014-s6-07,105,65.84,14.719999999999999,19.439999999999998,Sandy Loam,,,,,,,408747.0199,3660433.2869999995
2014,2014-05-01,2014-s6-07,135,63.839999999999996,20.72,15.439999999999998,Sandy Loam,,,,,,,408747.0199,3660433.2869999995
2014,2014-05-01,2014-s6-07,165,49.839999999999996,22.72,27.439999999999998,Sandy Clay Loam ,,,,,,,408747.0199,3660433.2869999995
2014,2014-05-01,2014-s6-08,15,51.839999999999996,20.72,27.439999999999998,Sandy Clay Loam,,,,,,,408746.787,3660415.001
2014,2014-05-01,2014-s6-08,45,51.839999999999996,18.72,29.439999999999998,Sandy Clay Loam,,,,,,,408746.787,3660415.001
2014,2014-05-01,2014-s6-08,75,51.839999999999996,24.72,23.439999999999998,Sandy Clay Loam,,,,,,,408746.787,3660415.001
2014,2014-05-01,2014-s6-08,105,49.839999999999996,20.72,29.439999999999998,Sandy Clay Loam,,,,,,,408746.787,3660415.001
2014,2014-05-01,2014-s6-08,135,49.839999999999996,24.72,25.439999999999998,Sandy Clay Loam,,,,,,,408746.787,3660415.001
2014,2014-05-01,2014-s6-08,165,49.839999999999996,20.72,29.439999999999998,Sandy Clay Loam,,,,,,,408746.787,3660415.001
2014,2014-05-01,2014-s6-09,15,50.56,22.0,27.439999999999998,Sandy Clay Loam,,,,,,,408740.70369999995,3660415.093
2014,2014-05-01,2014-s6-09,45,58.56,18.0,23.439999999999998,Sandy Clay Loam,,,,,,,408740.70369999995,3660415.093
2014,2014-05-01,2014-s6-09,75,52.56000000000001,22.0,25.439999999999998,Sandy Clay Loam,,,,,,,408740.70369999995,3660415.093
2014,2014-05-01,2014-s6-09,105,52.56000000000001,18.0,29.439999999999998,Sandy Clay Loam,,,,,,,408740.70369999995,3660415.093
2014,2014-05-01,2014-s6-09,135,43.839999999999996,26.72,29.439999999999998,Clay Loam,,,,,,,408740.70369999995,3660415.093
2014,2014-05-01,2014-s6-09,165,53.839999999999996,24.72,21.439999999999998,Sandy Clay Loam,,,,,,,408740.70369999995,3660415.093
2014,2014-05-01,2014-s6-10,15,49.839999999999996,22.72,27.439999999999998,Sandy Clay Loam,,,,,,,408740.9658,3660433.379
2014,2014-05-01,2014-s6-10,45,57.83999999999999,18.720000000000013,23.439999999999998,Sandy Clay Loam,,,,,,,408740.9658,3660433.379
2014,2014-05-01,2014-s6-10,75,67.84,20.72,11.439999999999998,Sandy Loam,,,,,,,408740.9658,3660433.379
2014,2014-05-01,2014-s6-10,105,59.839999999999996,24.72,15.439999999999998,Sandy Loam,,,,,,,408740.9658,3660433.379
2014,2014-05-01,2014-s6-10,135,67.84,18.72,13.439999999999996,Sandy Loam,,,,,,,408740.9658,3660433.379
2014,2014-05-01,2014-s6-10,165,67.84,16.72,15.439999999999998,Sandy Loam,,,,,,,408740.9658,3660433.379
2014,2014-05-01,2014-s6-11,15,48.56,26.0,25.439999999999998,Sandy Clay Loam,,,,,,,408741.3104,3660456.24
2014,2014-05-01,2014-s6-11,45,50.56,20.0,29.439999999999998,Sandy Clay Loam,,,,,,,408741.3104,3660456.24
2014,2014-05-01,2014-s6-11,75,52.56000000000001,24.0,23.439999999999998,Sandy Clay Loam,,,,,,,408741.3104,3660456.24
2014,2014-05-01,2014-s6-11,105,38.56,22.0,39.44,Clay Loam,,,,,,,408741.3104,3660456.24
2014,2014-05-01,2014-s6-11,135,53.839999999999996,24.0,22.160000000000004,Sandy Clay Loam,,,,,,,408741.3104,3660456.24
2014,2014-05-01,2014-s6-11,165,51.839999999999996,24.0,24.160000000000004,Sandy Clay Loam,,,,,,,408741.3104,3660456.24
2014,2014-05-01,2014-s6-12,15,47.839999999999996,22.0,30.160000000000004,Sandy Clay Loam,,,,,,,408741.5831,3660474.526
2014,2014-05-01,2014-s6-12,45,49.839999999999996,18.0,32.160000000000004,Sandy Clay Loam,,,,,,,408741.5831,3660474.526
2014,2014-05-01,2014-s6-12,75,53.12,22.72,24.160000000000004,Sandy Clay Loam,,,,,,,408741.5831,3660474.526
2014,2014-05-01,2014-s6-12,105,47.12,18.72,34.160000000000004,Sandy Clay Loam,,,,,,,408741.5831,3660474.526
2014,2014-05-01,2014-s6-12,135,41.12,26.72,32.160000000000004,Clay Loam,,,,,,,408741.5831,3660474.526
2014,2014-05-01,2014-s6-12,165,45.12,20.72,34.160000000000004,Sandy Clay Loam,,,,,,,408741.5831,3660474.526
2014,2014-05-01,2014-s6-13,15,49.12,23.439999999999998,27.439999999999998,Sandy Clay Loam,,,,,,,408741.92150000005,3660497.387
2014,2014-05-01,2014-s6-13,45,47.12,21.440000000000012,31.439999999999994,Sandy Clay Loam,,,,,,,408741.92150000005,3660497.387
2014,2014-05-01,2014-s6-13,75,47.12,23.439999999999998,29.439999999999998,Sandy Clay Loam,,,,,,,408741.92150000005,3660497.387
2014,2014-05-01,2014-s6-13,105,47.12,19.439999999999998,33.44,Sandy Clay Loam,,,,,,,408741.92150000005,3660497.387
2014,2014-05-01,2014-s6-13,135,49.12,27.439999999999998,23.439999999999998,Sandy Clay Loam,,,,,,,408741.92150000005,3660497.387
2014,2014-05-01,2014-s6-13,165,49.12,19.440000000000012,31.439999999999994,Sandy Clay Loam,,,,,,,408741.92150000005,3660497.387
2014,2014-05-01,2014-s6-14,15,49.12,21.439999999999998,29.439999999999998,Sandy Clay Loam,,,,,,,408742.2044,3660515.672
2014,2014-05-01,2014-s6-14,45,55.120000000000005,17.439999999999998,27.439999999999998,Sandy Clay Loam,,,,,,,408742.2044,3660515.672
2014,2014-05-01,2014-s6-14,75,61.12,21.439999999999998,17.439999999999998,Sandy Loam,,,,,,,408742.2044,3660515.672
2014,2014-05-01,2014-s6-14,105,57.11999999999999,17.440000000000012,25.439999999999998,Sandy Clay Loam,,,,,,,408742.2044,3660515.672
2014,2014-05-01,2014-s6-14,135,55.120000000000005,19.439999999999998,25.439999999999998,Sandy Clay Loam,,,,,,,408742.2044,3660515.672
2014,2014-05-01,2014-s6-14,165,51.12,17.440000000000012,31.439999999999994,Sandy Clay Loam,,,,,,,408742.2044,3660515.672
2014,2014-05-01,2014-s6-15,15,50.56,20.0,29.439999999999998,Sandy Clay Loam ,,,,,,,408742.5768,3660538.533
2014,2014-05-01,2014-s6-15,45,50.56,20.0,29.439999999999998,Sandy Clay Loam ,,,,,,,408742.5768,3660538.533
2014,2014-05-01,2014-s6-15,75,48.56,22.0,29.439999999999998,Sandy Clay Loam ,,,,,,,408742.5768,3660538.533
2014,2014-05-01,2014-s6-15,105,38.56,22.0,39.44,Clay Loam,,,,,,,408742.5768,3660538.533
2014,2014-05-01,2014-s6-15,135,43.12,33.44,23.439999999999998,Loam,,,,,,,408742.5768,3660538.533
2014,2014-05-01,2014-s6-15,165,41.12,25.439999999999998,33.44,Clay Loam,,,,,,,408742.5768,3660538.533
2014,2014-05-01,2014-s6-16,15,49.12,21.439999999999998,29.439999999999998,Sandy Clay Loam,,,,,,,408742.8471,3660556.819
2014,2014-05-01,2014-s6-16,45,51.12,17.440000000000012,31.439999999999994,Sandy Clay Loam,,,,,,,408742.8471,3660556.819
2014,2014-05-01,2014-s6-16,75,51.12,21.439999999999998,27.439999999999998,Sandy Clay Loam,,,,,,,408742.8471,3660556.819
2014,2014-05-01,2014-s6-16,105,51.12,21.439999999999998,27.439999999999998,Sandy Clay Loam,,,,,,,408742.8471,3660556.819
2014,2014-05-01,2014-s6-16,135,51.12,27.439999999999998,21.439999999999998,Sandy Clay Loam,,,,,,,408742.8471,3660556.819
2014,2014-05-01,2014-s6-16,165,49.12,21.439999999999998,29.439999999999998,Sandy Clay Loam,,,,,,,408742.8471,3660556.819
2014,2014-05-01,2014-s6-17,15,47.839999999999996,24.0,28.16,Sandy Clay Loam,,,,,,,408734.6902,3660556.943
2014,2014-05-01,2014-s6-17,45,49.839999999999996,20.0,30.160000000000004,Sandy Clay Loam,,,,,,,408734.6902,3660556.943
2014,2014-05-01,2014-s6-17,75,49.839999999999996,22.0,28.16,Sandy Clay Loam,,,,,,,408734.6902,3660556.943
2014,2014-05-01,2014-s6-17,105,45.839999999999996,18.0,36.160000000000004,Sandy Clay  ,,,,,,,408734.6902,3660556.943
2014,2014-05-01,2014-s6-17,135,45.12,26.72,28.16,Sandy Clay Loam,,,,,,,408734.6902,3660556.943
2014,2014-05-01,2014-s6-17,165,47.12,22.72,30.160000000000004,Sandy Clay Loam,,,,,,,408734.6902,3660556.943
2014,2014-05-01,2014-s6-18,15,49.12,20.72,30.160000000000004,Sandy Clay Loam,,,,,,,408734.4476,3660538.656
2014,2014-05-01,2014-s6-18,45,49.12,20.72,30.160000000000004,Sandy Clay Loam,,,,,,,408734.4476,3660538.656
2014,2014-05-01,2014-s6-18,75,51.12,22.72,26.160000000000004,Sandy Clay Loam,,,,,,,408734.4476,3660538.656
2014,2014-05-01,2014-s6-18,105,39.12,24.72,36.160000000000004,Clay Loam,,,,,,,408734.4476,3660538.656
2014,2014-05-01,2014-s6-18,135,37.12,28.72,34.160000000000004,Clay Loam,,,,,,,408734.4476,3660538.656
2014,2014-05-01,2014-s6-18,165,41.12,20.72,38.160000000000004,Clay Loam,,,,,,,408734.4476,3660538.656
2014,2014-05-01,2014-s6-19,15,49.12,22.0,28.88,Sandy Clay Loam,,,,,,,408734.162,3660515.795
2014,2014-05-01,2014-s6-19,45,51.12,22.0,26.880000000000003,Sandy Clay Loam,,,,,,,408734.162,3660515.795
2014,2014-05-01,2014-s6-19,75,55.120000000000005,22.0,22.880000000000003,Sandy Clay Loam,,,,,,,408734.162,3660515.795
2014,2014-05-01,2014-s6-19,105,57.11999999999999,18.0,24.880000000000003,Sandy Clay Loam,,,,,,,408734.162,3660515.795
2014,2014-05-01,2014-s6-19,135,51.12,22.0,26.880000000000003,Sandy Clay Loam,,,,,,,408734.162,3660515.795
2014,2014-05-01,2014-s6-19,165,49.12,20.0,30.880000000000003,Sandy Clay Loam,,,,,,,408734.162,3660515.795
2014,2014-05-01,2014-s6-20,15,49.12,20.0,30.880000000000003,Sandy Clay Loam,,,,,,,408733.8144,3660497.51
2014,2014-05-01,2014-s6-20,45,47.12,20.0,32.88,Sandy Clay Loam,,,,,,,408733.8144,3660497.51
2014,2014-05-01,2014-s6-20,75,52.400000000000006,24.72,22.880000000000003,Sandy Clay Loam,,,,,,,408733.8144,3660497.51
2014,2014-05-01,2014-s6-20,105,42.4,22.72,34.88,Clay Loam,,,,,,,408733.8144,3660497.51
2014,2014-05-01,2014-s6-20,135,48.4,22.72,28.88,Sandy Clay Loam,,,,,,,408733.8144,3660497.51
2014,2014-05-01,2014-s6-20,165,46.4,20.72,32.88,Sandy Clay Loam,,,,,,,408733.8144,3660497.51
2014,2014-05-01,2014-s6-21,15,49.12,22.72,28.16,Sandy Clay Loam,,,,,,,408733.4435,3660474.65
2014,2014-05-01,2014-s6-21,45,49.12,20.72,30.160000000000004,Sandy Clay Loam,,,,,,,408733.4435,3660474.65
2014,2014-05-01,2014-s6-21,75,53.12,24.72,22.160000000000004,Sandy Clay Loam,,,,,,,408733.4435,3660474.65
2014,2014-05-01,2014-s6-21,105,49.12,18.72,32.160000000000004,Sandy Clay Loam,,,,,,,408733.4435,3660474.65
2014,2014-05-01,2014-s6-21,135,49.12,24.72,26.160000000000004,Sandy Clay Loam,,,,,,,408733.4435,3660474.65
2014,2014-05-01,2014-s6-21,165,49.12,22.72,28.16,Sandy Clay Loam,,,,,,,408733.4435,3660474.65
2014,2014-05-01,2014-s6-22,15,51.12,20.72,28.16,Sandy Clay Loam,,,,,,,408733.1599,3660456.364
2014,2014-05-01,2014-s6-22,45,47.12,18.72,34.160000000000004,Sandy Clay Loam,,,,,,,408733.1599,3660456.364
2014,2014-05-01,2014-s6-22,75,49.12,24.72,26.160000000000004,Sandy Clay Loam,,,,,,,408733.1599,3660456.364
2014,2014-05-01,2014-s6-22,105,49.12,20.72,30.160000000000004,Sandy Clay Loam,,,,,,,408733.1599,3660456.364
2014,2014-05-01,2014-s6-22,135,43.12,24.72,32.160000000000004,Clay Loam,,,,,,,408733.1599,3660456.364
2014,2014-05-01,2014-s6-22,165,45.12,20.72,34.160000000000004,Sandy Clay Loam,,,,,,,408733.1599,3660456.364
2014,2014-05-01,2014-s6-23,15,51.12,26.72,22.160000000000004,Sandy Clay Loam ,,,,,,,408732.8425,3660433.503
2014,2014-05-01,2014-s6-23,45,53.12,20.72,26.160000000000004,Sandy Clay Loam ,,,,,,,408732.8425,3660433.503
2014,2014-05-01,2014-s6-23,75,61.12,22.72,16.160000000000004,Sandy Loam,,,,,,,408732.8425,3660433.503
2014,2014-05-01,2014-s6-23,105,51.12,20.72,28.16,Sandy Clay Loam ,,,,,,,408732.8425,3660433.503
2014,2014-05-01,2014-s6-23,135,55.120000000000005,22.72,22.160000000000004,Sandy Clay Loam ,,,,,,,408732.8425,3660433.503
2014,2014-05-01,2014-s6-23,165,53.12,20.72,26.160000000000004,Sandy Clay Loam ,,,,,,,408732.8425,3660433.503
2014,2014-05-01,2014-s6-24,15,49.12,20.72,30.160000000000004,Sandy Clay Loam,,,,,,,408732.5725,3660415.217
2014,2014-05-01,2014-s6-24,45,49.12,20.72,30.160000000000004,Sandy Clay Loam,,,,,,,408732.5725,3660415.217
2014,2014-05-01,2014-s6-24,75,43.12,24.72,32.160000000000004,Clay Loam,,,,,,,408732.5725,3660415.217
2014,2014-05-01,2014-s6-24,105,43.12,22.72,34.160000000000004,Clay Loam,,,,,,,408732.5725,3660415.217
2014,2014-05-01,2014-s6-24,135,51.12,22.72,26.160000000000004,Sandy Clay Loam,,,,,,,408732.5725,3660415.217
2014,2014-05-01,2014-s6-24,165,49.12,22.72,28.16,Sandy Clay Loam,,,,,,,408732.5725,3660415.217
2014,2014-05-01,2014-s6-25,15,51.12,22.72,26.160000000000004,Sandy Clay Loam,,,,,,,408726.5051,3660415.3090000004
2014,2014-05-01,2014-s6-25,45,51.12,20.72,28.16,Sandy Clay Loam,,,,,,,408726.5051,3660415.3090000004
2014,2014-05-01,2014-s6-25,75,47.12,24.72,28.16,Sandy Clay Loam,,,,,,,408726.5051,3660415.3090000004
2014,2014-05-01,2014-s6-25,105,37.12,22.72,40.160000000000004,Clay,,,,,,,408726.5051,3660415.3090000004
2014,2014-05-01,2014-s6-25,135,49.12,24.72,26.160000000000004,Sandy Clay Loam,,,,,,,408726.5051,3660415.3090000004
2014,2014-05-01,2014-s6-25,165,37.12,20.72,42.160000000000004,Clay,,,,,,,408726.5051,3660415.3090000004
2014,2014-05-01,2014-s6-26,15,49.12,24.72,26.160000000000004,Sandy Clay Loam,,,,,,,408726.7514,3660433.595
2014,2014-05-01,2014-s6-26,45,51.12,20.72,28.16,Sandy Clay Loam,,,,,,,408726.7514,3660433.595
2014,2014-05-01,2014-s6-26,75,51.12,24.72,24.160000000000004,Sandy Clay Loam,,,,,,,408726.7514,3660433.595
2014,2014-05-01,2014-s6-26,105,45.12,22.72,32.160000000000004,Sandy Clay Loam,,,,,,,408726.7514,3660433.595
2014,2014-05-01,2014-s6-26,135,49.12,24.72,26.160000000000004,Sandy Clay Loam,,,,,,,408726.7514,3660433.595
2014,2014-05-01,2014-s6-26,165,47.12,20.72,32.160000000000004,Sandy Clay Loam,,,,,,,408726.7514,3660433.595
2014,2014-05-01,2014-s6-27,15,49.12,24.0,26.880000000000003,Sandy Clay Loam,,,,,,,408727.0596,3660456.457
2014,2014-05-01,2014-s6-27,45,49.12,22.0,28.88,Sandy Clay Loam,,,,,,,408727.0596,3660456.457
2014,2014-05-01,2014-s6-27,75,53.12,20.0,26.880000000000003,Sandy Clay Loam,,,,,,,408727.0596,3660456.457
2014,2014-05-01,2014-s6-27,105,51.12,16.0,32.88,Sandy Clay Loam,,,,,,,408727.0596,3660456.457
2014,2014-05-01,2014-s6-27,135,49.12,24.0,26.880000000000003,Sandy Clay Loam,,,,,,,408727.0596,3660456.457
2014,2014-05-01,2014-s6-27,165,47.12,22.0,30.880000000000003,Sandy Clay Loam,,,,,,,408727.0596,3660456.457
2014,2014-05-01,2014-s6-28,15,49.12,20.0,30.880000000000003,Sandy Clay Loam ,,,,,,,408727.3763,3660474.742
2014,2014-05-01,2014-s6-28,45,47.12,18.0,34.88,Sandy Clay Loam ,,,,,,,408727.3763,3660474.742
2014,2014-05-01,2014-s6-28,75,51.12,22.0,26.880000000000003,Sandy Clay Loam ,,,,,,,408727.3763,3660474.742
2014,2014-05-01,2014-s6-28,105,47.12,20.0,32.88,Sandy Clay Loam ,,,,,,,408727.3763,3660474.742
2014,2014-05-01,2014-s6-28,135,51.12,20.0,28.88,Sandy Clay Loam ,,,,,,,408727.3763,3660474.742
2014,2014-05-01,2014-s6-28,165,49.12,18.0,32.88,Sandy Clay Loam ,,,,,,,408727.3763,3660474.742
2014,2014-05-01,2014-s6-29,15,47.12,22.72,30.160000000000004,Sandy Clay Loam,,,,,,,408727.74090000003,3660497.602
2014,2014-05-01,2014-s6-29,45,49.12,20.72,30.160000000000004,Sandy Clay Loam,,,,,,,408727.74090000003,3660497.602
2014,2014-05-01,2014-s6-29,75,51.12,22.72,26.160000000000004,Sandy Clay Loam,,,,,,,408727.74090000003,3660497.602
2014,2014-05-01,2014-s6-29,105,51.12,16.72,32.160000000000004,Sandy Clay Loam,,,,,,,408727.74090000003,3660497.602
2014,2014-05-01,2014-s6-29,135,47.12,26.72,26.160000000000004,Sandy Clay Loam,,,,,,,408727.74090000003,3660497.602
2014,2014-05-01,2014-s6-29,165,41.12,30.72,28.16,Clay Loam,,,,,,,408727.74090000003,3660497.602
2014,2014-05-01,2014-s6-30,15,49.12,20.72,30.160000000000004,Sandy Clay Loam,,,,,,,408727.9892,3660515.889
2014,2014-05-01,2014-s6-30,45,51.12,18.72,30.160000000000004,Sandy Clay Loam,,,,,,,408727.9892,3660515.889
2014,2014-05-01,2014-s6-30,75,49.12,22.72,28.16,Sandy Clay Loam,,,,,,,408727.9892,3660515.889
2014,2014-05-01,2014-s6-30,105,51.12,16.72,32.160000000000004,Sandy Clay Loam,,,,,,,408727.9892,3660515.889
2014,2014-05-01,2014-s6-30,135,49.12,18.72,32.160000000000004,Sandy Clay Loam,,,,,,,408727.9892,3660515.889
2014,2014-05-01,2014-s6-30,165,45.12,20.72,34.160000000000004,Sandy Clay Loam,,,,,,,408727.9892,3660515.889
2014,2014-05-01,2014-s6-31,15,47.839999999999996,26.0,26.160000000000004,Sandy Clay Loam,,,,,,,408728.3479,3660538.749
2014,2014-05-01,2014-s6-31,45,47.839999999999996,20.0,32.160000000000004,Sandy Clay Loam,,,,,,,408728.3479,3660538.749
2014,2014-05-01,2014-s6-31,75,41.839999999999996,24.0,34.160000000000004,Clay Loam,,,,,,,408728.3479,3660538.749
2014,2014-05-01,2014-s6-31,105,37.839999999999996,22.0,40.160000000000004,Clay  ,,,,,,,408728.3479,3660538.749
2014,2014-05-01,2014-s6-31,135,47.839999999999996,26.0,26.160000000000004,Sandy Clay Loam,,,,,,,408728.3479,3660538.749
2014,2014-05-01,2014-s6-31,165,51.839999999999996,20.0,28.16,Sandy Clay Loam,,,,,,,408728.3479,3660538.749
2014,2014-05-01,2014-s6-32,15,47.839999999999996,22.0,30.160000000000004,Sandy Clay Loam,,,,,,,408728.57990000007,3660557.036
2014,2014-05-01,2014-s6-32,45,45.839999999999996,20.0,34.160000000000004,Sandy Clay Loam,,,,,,,408728.57990000007,3660557.036
2014,2014-05-01,2014-s6-32,75,45.839999999999996,30.0,24.160000000000004,Sandy Clay Loam,,,,,,,408728.57990000007,3660557.036
2014,2014-05-01,2014-s6-32,105,43.839999999999996,24.0,32.160000000000004,Clay Loam ,,,,,,,408728.57990000007,3660557.036
2014,2014-05-01,2014-s6-32,135,39.839999999999996,28.0,32.160000000000004,Clay Loam ,,,,,,,408728.57990000007,3660557.036
2014,2014-05-01,2014-s6-32,165,43.839999999999996,20.0,36.160000000000004,Clay Loam ,,,,,,,408728.57990000007,3660557.036
2014,2014-05-01,2014-s6-33,15,49.839999999999996,22.72,27.439999999999998,Sandy Clay Loam,,,,,,,408720.4658,3660557.159
2014,2014-05-01,2014-s6-33,45,49.839999999999996,20.72,29.439999999999998,Sandy Clay Loam,,,,,,,408720.4658,3660557.159
2014,2014-05-01,2014-s6-33,75,53.839999999999996,20.72,25.439999999999998,Sandy Clay Loam,,,,,,,408720.4658,3660557.159
2014,2014-05-01,2014-s6-33,105,63.839999999999996,14.719999999999999,21.439999999999998,Sandy Clay Loam,,,,,,,408720.4658,3660557.159
2014,2014-05-01,2014-s6-33,135,57.83999999999999,20.720000000000013,21.439999999999998,Sandy Clay Loam,,,,,,,408720.4658,3660557.159
2014,2014-05-01,2014-s6-33,165,47.839999999999996,24.72,27.439999999999998,Sandy Clay Loam,,,,,,,408720.4658,3660557.159
2014,2014-05-01,2014-s6-34,15,49.839999999999996,22.72,27.439999999999998,Sandy Clay Loam,,,,,,,408720.1968,3660538.873
2014,2014-05-01,2014-s6-34,45,49.839999999999996,18.720000000000013,31.439999999999994,Sandy Clay Loam,,,,,,,408720.1968,3660538.873
2014,2014-05-01,2014-s6-34,75,47.839999999999996,20.720000000000013,31.439999999999994,Sandy Clay Loam,,,,,,,408720.1968,3660538.873
2014,2014-05-01,2014-s6-34,105,47.839999999999996,20.720000000000013,31.439999999999994,Sandy Clay Loam,,,,,,,408720.1968,3660538.873
2014,2014-05-01,2014-s6-34,135,45.839999999999996,24.72,29.439999999999998,Sandy Clay Loam,,,,,,,408720.1968,3660538.873
2014,2014-05-01,2014-s6-34,165,43.839999999999996,20.72,35.44,Clay Loam,,,,,,,408720.1968,3660538.873
2014,2014-05-01,2014-s6-35,15,47.839999999999996,26.72,25.439999999999998,Sandy Clay Loam,,,,,,,408719.88850000006,3660516.012
2014,2014-05-01,2014-s6-35,45,49.839999999999996,18.720000000000013,31.439999999999994,Sandy Clay Loam,,,,,,,408719.88850000006,3660516.012
2014,2014-05-01,2014-s6-35,75,47.839999999999996,22.72,29.439999999999998,Sandy Clay Loam,,,,,,,408719.88850000006,3660516.012
2014,2014-05-01,2014-s6-35,105,43.839999999999996,20.72,35.44,Clay Loam,,,,,,,408719.88850000006,3660516.012
2014,2014-05-01,2014-s6-35,135,45.839999999999996,22.720000000000013,31.439999999999994,Sandy Clay Loam,,,,,,,408719.88850000006,3660516.012
2014,2014-05-01,2014-s6-35,165,39.839999999999996,20.72,39.44,Clay Loam,,,,,,,408719.88850000006,3660516.012
2014,2014-05-01,2014-s6-36,15,48.56,22.0,29.439999999999998,Sandy Clay Loam,,,,,,,408719.6083000001,3660497.726
2014,2014-05-01,2014-s6-36,45,48.56,20.0,31.439999999999994,Sandy Clay Loam,,,,,,,408719.6083000001,3660497.726
2014,2014-05-01,2014-s6-36,75,48.56,24.0,27.439999999999998,Sandy Clay Loam,,,,,,,408719.6083000001,3660497.726
2014,2014-05-01,2014-s6-36,105,50.56,20.0,29.439999999999998,Sandy Clay Loam,,,,,,,408719.6083000001,3660497.726
2014,2014-05-01,2014-s6-36,135,42.56,24.0,33.44,Clay Loam,,,,,,,408719.6083000001,3660497.726
2014,2014-05-01,2014-s6-36,165,42.56,24.0,33.44,Clay Loam,,,,,,,408719.6083000001,3660497.726
2014,2014-05-01,2014-s6-37,15,47.12,26.72,26.160000000000004,Sandy Clay Loam,,,,,,,408719.23,3660474.866
2014,2014-05-01,2014-s6-37,45,47.12,22.72,30.160000000000004,Sandy Clay Loam,,,,,,,408719.23,3660474.866
2014,2014-05-01,2014-s6-37,75,49.12,22.72,28.16,Sandy Clay Loam,,,,,,,408719.23,3660474.866
2014,2014-05-01,2014-s6-37,105,57.11999999999999,18.72,24.160000000000004,Sandy Clay Loam,,,,,,,408719.23,3660474.866
2014,2014-05-01,2014-s6-37,135,43.12,28.72,28.16,Clay Loam,,,,,,,408719.23,3660474.866
2014,2014-05-01,2014-s6-37,165,43.12,22.72,34.160000000000004,Clay Loam,,,,,,,408719.23,3660474.866
2014,2014-05-01,2014-s6-38,15,49.12,22.72,28.16,Sandy Clay Loam,,,,,,,408718.9435,3660456.58
2014,2014-05-01,2014-s6-38,45,49.12,20.72,30.160000000000004,Sandy Clay Loam,,,,,,,408718.9435,3660456.58
2014,2014-05-01,2014-s6-38,75,49.12,22.72,28.16,Sandy Clay Loam,,,,,,,408718.9435,3660456.58
2014,2014-05-01,2014-s6-38,105,53.12,18.72,28.16,Sandy Clay Loam,,,,,,,408718.9435,3660456.58
2014,2014-05-01,2014-s6-38,135,57.11999999999999,20.72,22.160000000000004,Sandy Clay Loam,,,,,,,408718.9435,3660456.58
2014,2014-05-01,2014-s6-38,165,47.12,22.72,30.160000000000004,Sandy Clay Loam,,,,,,,408718.9435,3660456.58
2014,2014-05-01,2014-s6-39,15,49.12,24.72,26.160000000000004,Sandy Clay Loam,,,,,,,408718.6173,3660433.719
2014,2014-05-01,2014-s6-39,45,51.12,18.72,30.160000000000004,Sandy Clay Loam,,,,,,,408718.6173,3660433.719
2014,2014-05-01,2014-s6-39,75,49.12,24.72,26.160000000000004,Sandy Clay Loam,,,,,,,408718.6173,3660433.719
2014,2014-05-01,2014-s6-39,105,43.12,20.72,36.160000000000004,Clay Loam ,,,,,,,408718.6173,3660433.719
2014,2014-05-01,2014-s6-39,135,43.12,26.72,30.160000000000004,Clay Loam ,,,,,,,408718.6173,3660433.719
2014,2014-05-01,2014-s6-39,165,41.12,22.72,36.160000000000004,Clay Loam ,,,,,,,408718.6173,3660433.719
2014,2014-05-01,2014-s6-40,15,49.12,22.72,28.16,Sandy Clay Loam,,,,,,,408718.3319,3660415.433
2014,2014-05-01,2014-s6-40,45,51.12,20.72,28.16,Sandy Clay Loam,,,,,,,408718.3319,3660415.433
2014,2014-05-01,2014-s6-40,75,47.12,24.72,28.16,Sandy Clay Loam,,,,,,,408718.3319,3660415.433
2014,2014-05-01,2014-s6-40,105,37.12,22.72,40.160000000000004,Clay,,,,,,,408718.3319,3660415.433
2014,2014-05-01,2014-s6-40,135,43.12,22.72,34.160000000000004,Clay Loam,,,,,,,408718.3319,3660415.433
2014,2014-05-01,2014-s6-40,165,51.12,18.72,30.160000000000004,Sandy Clay Loam,,,,,,,408718.3319,3660415.433
2014,2014-05-01,2014-s6-41,15,49.839999999999996,26.72,23.439999999999998,Sandy Clay Loam ,,,,,,,408712.2432999999,3660415.526
2014,2014-05-01,2014-s6-41,45,47.839999999999996,22.72,29.439999999999998,Sandy Clay Loam ,,,,,,,408712.2432999999,3660415.526
2014,2014-05-01,2014-s6-41,75,41.839999999999996,26.720000000000013,31.439999999999994,Clay Loam,,,,,,,408712.2432999999,3660415.526
2014,2014-05-01,2014-s6-41,105,38.4,23.439999999999998,38.160000000000004,Clay Loam,,,,,,,408712.2432999999,3660415.526
2014,2014-05-01,2014-s6-41,135,48.4,21.439999999999998,30.160000000000004,Sandy Clay Loam ,,,,,,,408712.2432999999,3660415.526
2014,2014-05-01,2014-s6-41,165,52.400000000000006,19.439999999999998,28.16,Sandy Clay Loam ,,,,,,,408712.2432999999,3660415.526
2014,2014-05-01,2014-s6-42,15,50.4,25.439999999999998,24.160000000000004,Sandy Clay Loam,,,,,,,408712.4556,3660433.8129999996
2014,2014-05-01,2014-s6-42,45,50.4,19.439999999999998,30.160000000000004,Sandy Clay Loam,,,,,,,408712.4556,3660433.8129999996
2014,2014-05-01,2014-s6-42,75,52.400000000000006,21.439999999999998,26.160000000000004,Sandy Clay Loam,,,,,,,408712.4556,3660433.8129999996
2014,2014-05-01,2014-s6-42,105,48.4,19.439999999999998,32.160000000000004,Sandy Clay Loam,,,,,,,408712.4556,3660433.8129999996
2014,2014-05-01,2014-s6-42,135,50.4,19.439999999999998,30.160000000000004,Sandy Clay Loam,,,,,,,408712.4556,3660433.8129999996
2014,2014-05-01,2014-s6-42,165,42.4,19.439999999999998,38.160000000000004,Clay Loam,,,,,,,408712.4556,3660433.8129999996
2014,2014-05-01,2014-s6-43,15,48.4,25.439999999999998,26.160000000000004,Sandy Clay Loam,,,,,,,408712.912,3660456.672
2014,2014-05-01,2014-s6-43,45,50.4,19.439999999999998,30.160000000000004,Sandy Clay Loam,,,,,,,408712.912,3660456.672
2014,2014-05-01,2014-s6-43,75,52.400000000000006,23.439999999999998,24.160000000000004,Sandy Clay Loam,,,,,,,408712.912,3660456.672
2014,2014-05-01,2014-s6-43,105,54.400000000000006,19.439999999999998,26.160000000000004,Sandy Clay Loam,,,,,,,408712.912,3660456.672
2014,2014-05-01,2014-s6-43,135,56.39999999999999,17.439999999999998,26.160000000000004,Sandy Clay Loam,,,,,,,408712.912,3660456.672
2014,2014-05-01,2014-s6-43,165,50.4,19.439999999999998,30.160000000000004,Sandy Clay Loam,,,,,,,408712.912,3660456.672
2014,2014-05-01,2014-s6-44,15,46.4,27.439999999999998,26.160000000000004,Sandy Clay Loam,,,,,,,408713.1388,3660474.9580000006
2014,2014-05-01,2014-s6-44,45,46.4,23.439999999999998,30.160000000000004,Sandy Clay Loam,,,,,,,408713.1388,3660474.9580000006
2014,2014-05-01,2014-s6-44,75,52.400000000000006,23.439999999999998,24.160000000000004,Sandy Clay Loam,,,,,,,408713.1388,3660474.9580000006
2014,2014-05-01,2014-s6-44,105,44.4,23.439999999999998,32.160000000000004,Clay Loam,,,,,,,408713.1388,3660474.9580000006
2014,2014-05-01,2014-s6-44,135,44.4,21.439999999999998,34.160000000000004,Clay Loam,,,,,,,408713.1388,3660474.9580000006
2014,2014-05-01,2014-s6-44,165,46.4,21.439999999999998,32.160000000000004,Sandy Clay Loam,,,,,,,408713.1388,3660474.9580000006
2014,2014-05-01,2014-s6-45,15,47.67999999999999,22.72,29.600000000000005,Sandy Clay Loam,,,,,,,408713.5334,3660497.818
2014,2014-05-01,2014-s6-45,45,49.67999999999999,18.72,31.6,Sandy Clay Loam,,,,,,,408713.5334,3660497.818
2014,2014-05-01,2014-s6-45,75,53.67999999999999,20.72,25.6,Sandy Clay Loam,,,,,,,408713.5334,3660497.818
2014,2014-05-01,2014-s6-45,105,53.67999999999999,18.72,27.6,Sandy Clay Loam,,,,,,,408713.5334,3660497.818
2014,2014-05-01,2014-s6-45,135,47.67999999999999,18.72,33.6,Sandy Clay Loam,,,,,,,408713.5334,3660497.818
2014,2014-05-01,2014-s6-45,165,49.67999999999999,18.72,31.6,Sandy Clay Loam,,,,,,,408713.5334,3660497.818
2014,2014-05-01,2014-s6-46,15,49.67999999999999,24.72,25.6,Sandy Clay Loam,,,,,,,408713.79029999994,3660516.104
2014,2014-05-01,2014-s6-46,45,47.67999999999999,20.72,31.6,Sandy Clay Loam,,,,,,,408713.79029999994,3660516.104
2014,2014-05-01,2014-s6-46,75,49.67999999999999,20.72,29.600000000000005,Sandy Clay Loam,,,,,,,408713.79029999994,3660516.104
2014,2014-05-01,2014-s6-46,105,53.67999999999999,18.72,27.6,Sandy Clay Loam,,,,,,,408713.79029999994,3660516.104
2014,2014-05-01,2014-s6-46,135,53.67999999999999,18.72,27.6,Sandy Clay Loam,,,,,,,408713.79029999994,3660516.104
2014,2014-05-01,2014-s6-46,165,59.679999999999986,18.720000000000013,21.6,Sandy Clay Loam,,,,,,,408713.79029999994,3660516.104
2014,2014-05-01,2014-s6-47,15,47.67999999999999,24.72,27.6,Sandy Clay Loam,,,,,,,408714.097,3660538.9659999995
2014,2014-05-01,2014-s6-47,45,47.67999999999999,20.72,31.6,Sandy Clay Loam,,,,,,,408714.097,3660538.9659999995
2014,2014-05-01,2014-s6-47,75,51.67999999999999,18.72,29.600000000000005,Sandy Clay Loam,,,,,,,408714.097,3660538.9659999995
2014,2014-05-01,2014-s6-47,105,53.67999999999999,18.72,27.6,Sandy Clay Loam,,,,,,,408714.097,3660538.9659999995
2014,2014-05-01,2014-s6-47,135,51.67999999999999,18.72,29.600000000000005,Sandy Clay Loam,,,,,,,408714.097,3660538.9659999995
2014,2014-05-01,2014-s6-47,165,55.67999999999999,16.72,27.6,Sandy Clay Loam,,,,,,,408714.097,3660538.9659999995
2014,2014-05-01,2014-s6-48,15,49.67999999999999,20.72,29.600000000000005,Sandy Clay Loam,,,,,,,408714.4031,3660557.251
2014,2014-05-01,2014-s6-48,45,49.67999999999999,18.72,31.6,Sandy Clay Loam,,,,,,,408714.4031,3660557.251
2014,2014-05-01,2014-s6-48,75,49.67999999999999,18.72,31.6,Sandy Clay Loam,,,,,,,408714.4031,3660557.251
2014,2014-05-01,2014-s6-48,105,49.67999999999999,16.72,33.6,Sandy Clay Loam,,,,,,,408714.4031,3660557.251
2014,2014-05-01,2014-s6-48,135,47.67999999999999,16.72,35.6,Sandy Clay,,,,,,,408714.4031,3660557.251
2014,2014-05-01,2014-s6-48,165,45.67999999999999,20.72,33.6,Sandy Clay Loam,,,,,,,408714.4031,3660557.251
2014,2014-05-01,2014-s6-49,15,47.67999999999999,22.72,29.600000000000005,Sandy Clay Loam,,,,,,,408706.2476,3660557.375
2014,2014-05-01,2014-s6-49,45,47.67999999999999,20.72,31.6,Sandy Clay Loam,,,,,,,408706.2476,3660557.375
2014,2014-05-01,2014-s6-49,75,51.67999999999999,18.72,29.600000000000005,Sandy Clay Loam,,,,,,,408706.2476,3660557.375
2014,2014-05-01,2014-s6-49,105,49.67999999999999,18.72,31.6,Sandy Clay Loam,,,,,,,408706.2476,3660557.375
2014,2014-05-01,2014-s6-49,135,45.67999999999999,18.72,35.6,Sandy Clay,,,,,,,408706.2476,3660557.375
2014,2014-05-01,2014-s6-49,165,41.67999999999999,22.72,35.6,Clay Loam,,,,,,,408706.2476,3660557.375
2014,2014-05-01,2014-s6-50,15,49.67999999999999,22.72,27.6,Sandy Clay Loam,,,,,,,408705.9411,3660539.09
2014,2014-05-01,2014-s6-50,45,51.67999999999999,18.72,29.600000000000005,Sandy Clay Loam,,,,,,,408705.9411,3660539.09
2014,2014-05-01,2014-s6-50,75,51.67999999999999,20.72,27.6,Sandy Clay Loam,,,,,,,408705.9411,3660539.09
2014,2014-05-01,2014-s6-50,105,56.96,16.72,26.320000000000004,Sandy Clay Loam,,,,,,,408705.9411,3660539.09
2014,2014-05-01,2014-s6-50,135,56.96,16.72,26.320000000000004,Sandy Clay Loam,,,,,,,408705.9411,3660539.09
2014,2014-05-01,2014-s6-50,165,54.96,16.72,28.320000000000007,Sandy Clay Loam,,,,,,,408705.9411,3660539.09
2014,2014-05-01,2014-s6-51,15,48.4,25.439999999999998,26.160000000000004,Sandy Clay Loam,,,,,,,408705.62539999996,3660516.229
2014,2014-05-01,2014-s6-51,45,46.4,21.439999999999998,32.160000000000004,Sandy Clay Loam,,,,,,,408705.62539999996,3660516.229
2014,2014-05-01,2014-s6-51,75,52.400000000000006,19.439999999999998,28.16,Sandy Clay Loam,,,,,,,408705.62539999996,3660516.229
2014,2014-05-01,2014-s6-51,105,45.67999999999999,21.439999999999998,32.88,Sandy Clay Loam,,,,,,,408705.62539999996,3660516.229
2014,2014-05-01,2014-s6-51,135,45.67999999999999,21.439999999999998,32.88,Sandy Clay Loam,,,,,,,408705.62539999996,3660516.229
2014,2014-05-01,2014-s6-51,165,45.67999999999999,21.439999999999998,32.88,Sandy Clay Loam,,,,,,,408705.62539999996,3660516.229
2014,2014-05-01,2014-s6-52,15,46.4,26.72,26.880000000000003,Sandy Clay Loam,,,,,,,408705.385,3660497.9420000003
2014,2014-05-01,2014-s6-52,45,48.4,20.72,30.880000000000003,Sandy Clay Loam,,,,,,,408705.385,3660497.9420000003
2014,2014-05-01,2014-s6-52,75,50.4,20.72,28.88,Sandy Clay Loam,,,,,,,408705.385,3660497.9420000003
2014,2014-05-01,2014-s6-52,105,44.4,20.72,34.88,Clay Loam,,,,,,,408705.385,3660497.9420000003
2014,2014-05-01,2014-s6-52,135,50.4,16.72,32.88,Sandy Clay Loam,,,,,,,408705.385,3660497.9420000003
2014,2014-05-01,2014-s6-52,165,48.4,20.72,30.880000000000003,Sandy Clay Loam,,,,,,,408705.385,3660497.9420000003
2014,2014-05-01,2014-s6-53,15,48.4,25.439999999999998,26.160000000000004,Sandy Clay Loam,,,,,,,408704.9983,3660475.082
2014,2014-05-01,2014-s6-53,45,46.4,21.439999999999998,32.160000000000004,Sandy Clay Loam,,,,,,,408704.9983,3660475.082
2014,2014-05-01,2014-s6-53,75,46.4,23.439999999999998,30.160000000000004,Sandy Clay Loam,,,,,,,408704.9983,3660475.082
2014,2014-05-01,2014-s6-53,105,46.4,19.439999999999998,34.160000000000004,Sandy Clay Loam,,,,,,,408704.9983,3660475.082
2014,2014-05-01,2014-s6-53,135,44.4,21.439999999999998,34.160000000000004,Clay Loam,,,,,,,408704.9983,3660475.082
2014,2014-05-01,2014-s6-53,165,44.4,19.439999999999998,36.160000000000004,Clay Loam,,,,,,,408704.9983,3660475.082
2014,2014-05-01,2014-s6-54,15,48.4,25.439999999999998,26.160000000000004,Sandy Clay Loam ,,,,,,,408704.7244,3660456.796
2014,2014-05-01,2014-s6-54,45,48.4,21.439999999999998,30.160000000000004,Sandy Clay Loam ,,,,,,,408704.7244,3660456.796
2014,2014-05-01,2014-s6-54,75,50.4,23.439999999999998,26.160000000000004,Sandy Clay Loam ,,,,,,,408704.7244,3660456.796
2014,2014-05-01,2014-s6-54,105,49.67999999999999,20.159999999999997,30.160000000000004,Sandy Clay Loam ,,,,,,,408704.7244,3660456.796
2014,2014-05-01,2014-s6-54,135,45.67999999999999,22.159999999999997,32.160000000000004,Sandy Clay Loam ,,,,,,,408704.7244,3660456.796
2014,2014-05-01,2014-s6-54,165,45.67999999999999,22.159999999999997,32.160000000000004,Sandy Clay Loam ,,,,,,,408704.7244,3660456.796
2014,2014-05-01,2014-s6-55,15,50.4,29.439999999999998,20.160000000000004,Sandy Clay Loam,,,,,,,408704.3835,3660433.9360000007
2014,2014-05-01,2014-s6-55,45,50.4,19.439999999999998,30.160000000000004,Sandy Clay Loam,,,,,,,408704.3835,3660433.9360000007
2014,2014-05-01,2014-s6-55,75,48.4,25.439999999999998,26.160000000000004,Sandy Clay Loam,,,,,,,408704.3835,3660433.9360000007
2014,2014-05-01,2014-s6-55,105,44.4,23.439999999999998,32.160000000000004,Clay Loam,,,,,,,408704.3835,3660433.9360000007
2014,2014-05-01,2014-s6-55,135,48.4,21.439999999999998,30.160000000000004,Sandy Clay Loam,,,,,,,408704.3835,3660433.9360000007
2014,2014-05-01,2014-s6-55,165,48.4,21.439999999999998,30.160000000000004,Sandy Clay Loam,,,,,,,408704.3835,3660433.9360000007
2014,2014-05-01,2014-s6-56,15,50.4,25.439999999999998,24.160000000000004,Sandy Clay Loam,,,,,,,408704.0895,3660415.65
2014,2014-05-01,2014-s6-56,45,48.4,23.439999999999998,28.16,Sandy Clay Loam,,,,,,,408704.0895,3660415.65
2014,2014-05-01,2014-s6-56,75,46.4,25.439999999999998,28.16,Sandy Clay Loam,,,,,,,408704.0895,3660415.65
2014,2014-05-01,2014-s6-56,105,38.4,33.44,28.16,Clay Loam,,,,,,,408704.0895,3660415.65
2014,2014-05-01,2014-s6-56,135,50.4,19.439999999999998,30.160000000000004,Sandy Clay Loam,,,,,,,408704.0895,3660415.65
2014,2014-05-01,2014-s6-56,165,46.4,23.439999999999998,30.160000000000004,Sandy Clay Loam,,,,,,,408704.0895,3660415.65
2014,2014-05-01,2014-s6-57,15,51.67999999999999,26.72,21.6,Sandy Clay Loam,,,,,,,408697.9909,3660415.743
2014,2014-05-01,2014-s6-57,45,51.67999999999999,22.72,25.6,Sandy Clay Loam,,,,,,,408697.9909,3660415.743
2014,2014-05-01,2014-s6-57,75,51.67999999999999,20.72,27.6,Sandy Clay Loam,,,,,,,408697.9909,3660415.743
2014,2014-05-01,2014-s6-57,105,51.67999999999999,18.72,29.600000000000005,Sandy Clay Loam,,,,,,,408697.9909,3660415.743
2014,2014-05-01,2014-s6-57,135,54.96,16.72,28.320000000000007,Sandy Clay Loam,,,,,,,408697.9909,3660415.743
2014,2014-05-01,2014-s6-57,165,54.96,16.72,28.320000000000007,Sandy Clay Loam,,,,,,,408697.9909,3660415.743
2014,2014-05-01,2014-s6-58,15,48.96,18.72,32.32000000000001,Sandy Clay Loam,,,,,,,408698.2683,3660434.029
2014,2014-05-01,2014-s6-58,45,44.96,22.72,32.32000000000001,Sandy Clay Loam,,,,,,,408698.2683,3660434.029
2014,2014-05-01,2014-s6-58,75,55.67999999999999,26.72,17.6,Sandy Loam,,,,,,,408698.2683,3660434.029
2014,2014-05-01,2014-s6-58,105,47.67999999999999,24.72,27.6,Sandy Clay Loam,,,,,,,408698.2683,3660434.029
2014,2014-05-01,2014-s6-58,135,53.67999999999999,22.72,23.6,Sandy Clay Loam,,,,,,,408698.2683,3660434.029
2014,2014-05-01,2014-s6-58,165,51.67999999999999,20.72,27.6,Sandy Clay Loam,,,,,,,408698.2683,3660434.029
2014,2014-05-01,2014-s6-59,15,49.67999999999999,18.72,31.6,Sandy Clay Loam,,,,,,,408698.6878,3660456.888
2014,2014-05-01,2014-s6-59,45,49.67999999999999,18.72,31.6,Sandy Clay Loam,,,,,,,408698.6878,3660456.888
2014,2014-05-01,2014-s6-59,75,55.67999999999999,18.72,25.6,Sandy Clay Loam,,,,,,,408698.6878,3660456.888
2014,2014-05-01,2014-s6-59,105,53.67999999999999,20.72,25.6,Sandy Clay Loam,,,,,,,408698.6878,3660456.888
2014,2014-05-01,2014-s6-59,135,51.67999999999999,26.72,21.6,Sandy Clay Loam,,,,,,,408698.6878,3660456.888
2014,2014-05-01,2014-s6-59,165,47.67999999999999,24.72,27.6,Sandy Clay Loam,,,,,,,408698.6878,3660456.888
2014,2014-05-01,2014-s6-60,15,47.67999999999999,24.72,27.6,Sandy Clay Loam,,,,,,,408698.937,3660475.174
2014,2014-05-01,2014-s6-60,45,45.67999999999999,22.72,31.6,Sandy Clay Loam,,,,,,,408698.937,3660475.174
2014,2014-05-01,2014-s6-60,75,47.67999999999999,20.0,32.32000000000001,Sandy Clay Loam,,,,,,,408698.937,3660475.174
2014,2014-05-01,2014-s6-60,105,41.67999999999999,24.0,34.32000000000001,Clay Loam,,,,,,,408698.937,3660475.174
2014,2014-05-01,2014-s6-60,135,49.67999999999999,20.0,30.320000000000004,Sandy Clay Loam,,,,,,,408698.937,3660475.174
2014,2014-05-01,2014-s6-60,165,43.67999999999999,22.0,34.32000000000001,Clay Loam,,,,,,,408698.937,3660475.174
2014,2014-05-01,2014-s6-61,15,45.67999999999999,26.72,27.6,Sandy Clay Loam,,,,,,,408699.2653,3660498.035
2014,2014-05-01,2014-s6-61,45,49.67999999999999,20.72,29.600000000000005,Sandy Clay Loam,,,,,,,408699.2653,3660498.035
2014,2014-05-01,2014-s6-61,75,45.67999999999999,24.72,29.600000000000005,Sandy Clay Loam,,,,,,,408699.2653,3660498.035
2014,2014-05-01,2014-s6-61,105,39.67999999999999,22.72,37.6,Clay Loam,,,,,,,408699.2653,3660498.035
2014,2014-05-01,2014-s6-61,135,51.67999999999999,18.72,29.600000000000005,Sandy Clay Loam,,,,,,,408699.2653,3660498.035
2014,2014-05-01,2014-s6-61,165,51.67999999999999,14.719999999999999,33.6,Sandy Clay Loam,,,,,,,408699.2653,3660498.035
2014,2014-05-01,2014-s6-62,15,49.67999999999999,18.72,31.6,Sandy Clay Loam,,,,,,,408699.53529999993,3660516.321
2014,2014-05-01,2014-s6-62,45,49.67999999999999,18.72,31.6,Sandy Clay Loam,,,,,,,408699.53529999993,3660516.321
2014,2014-05-01,2014-s6-62,75,49.67999999999999,22.72,27.6,Sandy Clay Loam,,,,,,,408699.53529999993,3660516.321
2014,2014-05-01,2014-s6-62,105,45.67999999999999,22.72,31.6,Sandy Clay Loam,,,,,,,408699.53529999993,3660516.321
2014,2014-05-01,2014-s6-62,135,51.67999999999999,22.72,25.6,Sandy Clay Loam,,,,,,,408699.53529999993,3660516.321
2014,2014-05-01,2014-s6-62,165,51.67999999999999,20.72,27.6,Sandy Clay Loam,,,,,,,408699.53529999993,3660516.321
2014,2014-05-01,2014-s6-63,15,48.96,18.72,32.32000000000001,Sandy Clay Loam,,,,,,,408699.8523,3660539.182
2014,2014-05-01,2014-s6-63,45,48.96,20.72,30.320000000000004,Sandy Clay Loam,,,,,,,408699.8523,3660539.182
2014,2014-05-01,2014-s6-63,75,50.96000000000001,18.719999999999985,30.320000000000004,Sandy Clay Loam,,,,,,,408699.8523,3660539.182
2014,2014-05-01,2014-s6-63,105,50.96000000000001,16.719999999999985,32.32000000000001,Sandy Clay Loam,,,,,,,408699.8523,3660539.182
2014,2014-05-01,2014-s6-63,135,51.12,26.72,22.160000000000004,Sandy Clay Loam,,,,,,,408699.8523,3660539.182
2014,2014-05-01,2014-s6-63,165,47.12,22.72,30.160000000000004,Sandy Clay Loam,,,,,,,408699.8523,3660539.182
2014,2014-05-01,2014-s6-64,15,51.12,22.72,26.160000000000004,Sandy Clay Loam,,,,,,,408700.1303,3660557.4679999994
2014,2014-05-01,2014-s6-64,45,49.12,18.72,32.160000000000004,Sandy Clay Loam,,,,,,,408700.1303,3660557.4679999994
2014,2014-05-01,2014-s6-64,75,43.12,18.72,38.160000000000004,Clay Loam,,,,,,,408700.1303,3660557.4679999994
2014,2014-05-01,2014-s6-64,105,45.12,18.72,36.160000000000004,Sandy Clay,,,,,,,408700.1303,3660557.4679999994
2014,2014-05-01,2014-s6-64,135,53.12,18.72,28.16,Sandy Clay Loam,,,,,,,408700.1303,3660557.4679999994
2014,2014-05-01,2014-s6-64,165,53.12,18.72,28.16,Sandy Clay Loam,,,,,,,408700.1303,3660557.4679999994
2015,2015-05-01,2015-p02-1,15,62.4,15.439999999999998,22.160000000000004,Sandy Clay Loam,0.10635294117647083,0.1122140699179975,0.17048481619605732,0.17016470588235333,0.179542511868796,0.2727757059136917,408992.874,3660546.133
2015,2015-05-01,2015-p02-1,45,56.39999999999999,19.439999999999998,24.160000000000004,Sandy Clay Loam,0.10874818753020785,0.11826923076923081,0.19347426470588241,0.17399710004833258,0.1892307692307693,0.3095588235294119,408992.874,3660546.133
2015,2015-05-01,2015-p02-1,75,52.400000000000006,13.439999999999998,34.160000000000004,Sandy Clay Loam,0.14829659318637256,0.1457194899817852,0.22949218749999975,0.23727454909819612,0.23315118397085632,0.3671874999999996,408992.874,3660546.133
2015,2015-05-01,2015-p02-1,105,52.400000000000006,13.439999999999998,34.160000000000004,Sandy Clay Loam,0.13421633554083848,0.13846928499496475,0.22666047375754775,0.21474613686534158,0.2215508559919436,0.3626567580120764,408992.874,3660546.133
2015,2015-05-01,2015-p02-1,135,61.12,14.719999999999999,24.160000000000004,Sandy Clay Loam,0.0929432013769365,0.10821554770318002,0.19234079173838173,0.1487091222030984,0.17314487632508804,0.3077452667814108,408992.874,3660546.133
2015,2015-05-01,2015-p02-1,165,71.12,8.719999999999999,20.160000000000004,Sandy Clay Loam,0.07708688245315172,0.08845999195818267,0.16918429003021157,0.12333901192504276,0.1415359871330923,0.27069486404833853,408992.874,3660546.133
2015,2015-05-01,2015-p02-2,15,59.12,16.72,24.160000000000004,Sandy Clay Loam,0.09830781627719572,0.10444964871194364,0.1977302487996509,0.15729250604351316,0.16711943793910983,0.31636839807944145,408992.3752,3660514.1370000006
2015,2015-05-01,2015-p02-2,45,61.12,16.72,22.160000000000004,Sandy Clay Loam,0.10120374498439569,0.10454155955441291,0.17579365079365109,0.1619259919750331,0.16726649528706067,0.2812698412698417,408992.3752,3660514.1370000006
2015,2015-05-01,2015-p02-2,75,58.56,20.72,20.720000000000006,Sandy Clay Loam,0.09838920330866338,0.10546427206725277,0.16575515355490103,0.15742272529386142,0.16874283530760445,0.2652082456878417,408992.3752,3660514.1370000006
2015,2015-05-01,2015-p02-2,105,60.56,14.719999999999999,24.720000000000006,Sandy Clay Loam,0.13835725677830935,0.12724989535370448,0.20366132723112146,0.22137161084529497,0.20359983256592717,0.3258581235697944,408992.3752,3660514.1370000006
2015,2015-05-01,2015-p02-2,135,58.56,16.72,24.720000000000006,Sandy Clay Loam,0.11265087170317373,0.10362257792754818,0.14200426439232405,0.18024139472507797,0.16579612468407712,0.2272068230277185,408992.3752,3660514.1370000006
2015,2015-05-01,2015-p02-2,165,56.56,16.72,26.720000000000006,Sandy Clay Loam,0.09903076274757665,0.09467455621301753,0.1720149253731343,0.15844922039612264,0.15147928994082804,0.27522388059701486,408992.3752,3660514.1370000006
2015,2015-05-01,2015-p02-3,15,70.56,10.719999999999999,18.720000000000006,Sandy Loam,0.0993098159509204,0.10391149743184493,0.17849643007139857,0.15889570552147264,0.1662583958909519,0.2855942881142377,408991.933,3660482.1390000004
2015,2015-05-01,2015-p02-3,45,68.56,10.719999999999999,20.720000000000006,Sandy Clay Loam,0.09080717488789208,0.09284867641248523,0.1668022782750204,0.14529147982062735,0.14855788225997638,0.26688364524003266,408991.933,3660482.1390000004
2015,2015-05-01,2015-p02-3,75,66.56,10.719999999999999,22.720000000000006,Sandy Clay Loam,0.11222910216718232,0.11752745018300124,0.18422193324664066,0.17956656346749172,0.188043920292802,0.29475509319462506,408991.933,3660482.1390000004
2015,2015-05-01,2015-p02-3,105,66.56,8.719999999999999,24.720000000000006,Sandy Clay Loam,0.11804995970991135,0.12130304329189878,0.17396544797107263,0.18887993553585816,0.19408486926703805,0.27834471675371625,408991.933,3660482.1390000004
2015,2015-05-01,2015-p02-3,135,63.12,13.439999999999998,23.439999999999998,Sandy Clay Loam,0.10976087808702456,0.10893071686023224,0.17750969409737205,0.1756174049392393,0.1742891469763716,0.28401551055579527,408991.933,3660482.1390000004
2015,2015-05-01,2015-p02-3,165,67.12,13.439999999999998,19.439999999999998,Sandy Loam,0.09378907878282618,0.08875502008032132,0.17089397089397088,0.1500625260525219,0.14200803212851412,0.27343035343035343,408991.933,3660482.1390000004
2015,2015-05-01,2015-p02-4,15,71.12,9.439999999999998,19.439999999999998,Sandy Loam,0.10662080825451405,0.10484481453444344,0.1730045967404931,0.1705932932072225,0.16775170325510952,0.27680735478478896,408991.4412,3660450.143
2015,2015-05-01,2015-p02-4,45,65.12,11.439999999999998,23.439999999999998,Sandy Clay Loam,0.08408290965975777,0.0815779394867865,0.1343390804597702,0.13453265545561244,0.13052470317885842,0.21494252873563233,408991.4412,3660450.143
2015,2015-05-01,2015-p02-4,75,67.12,11.439999999999998,21.439999999999998,Sandy Clay Loam,0.09413522599925274,0.09249183895538617,0.1537544696066745,0.1506163615988044,0.14798694232861787,0.2460071513706792,408991.4412,3660450.143
2015,2015-05-01,2015-p02-4,105,69.12,9.439999999999998,21.439999999999998,Sandy Clay Loam,0.09995672868887938,0.10162763001190958,0.14607185155941582,0.159930765902207,0.16260420801905534,0.23371496249506532,408991.4412,3660450.143
2015,2015-05-01,2015-p02-4,135,73.12,9.439999999999998,17.439999999999998,Sandy Loam,0.058436532507739856,0.05760826380611822,0.07670221493027092,0.09349845201238377,0.09217322208978916,0.12272354388843348,408991.4412,3660450.143
2015,2015-05-01,2015-p02-4,165,73.12,11.439999999999998,15.439999999999998,Sandy Loam,0.07737556561085944,0.07912797739200648,0.17304104477611942,0.12380090497737511,0.1266047638272104,0.2768656716417911,408991.4412,3660450.143
2015,2015-05-01,2015-p02-5,15,65.84,10.0,24.160000000000004,Sandy Clay Loam,0.11011904761904778,0.10563380281690135,0.19656574785359252,0.17619047619047645,0.16901408450704217,0.31450519656574805,408990.9417000001,3660418.146
2015,2015-05-01,2015-p02-5,45,61.839999999999996,10.0,28.16,Sandy Clay Loam,0.1546093427035969,0.1523760330578514,0.23675574308485722,0.24737494832575507,0.24380165289256228,0.3788091889357716,408990.9417000001,3660418.146
2015,2015-05-01,2015-p02-5,75,55.84,16.0,28.16,Sandy Clay Loam,0.17345399698340888,0.16683022571148176,0.26328800988875156,0.27752639517345423,0.2669283611383708,0.42126081582200253,408990.9417000001,3660418.146
2015,2015-05-01,2015-p02-5,105,65.84,10.0,24.160000000000004,Sandy Clay Loam,0.11926192619261952,0.10603964960811417,0.19019689987431948,0.19081908190819125,0.16966343937298267,0.30431503979891117,408990.9417000001,3660418.146
2015,2015-05-01,2015-p02-5,135,65.84,8.0,26.160000000000004,Sandy Clay Loam,0.0935192780968007,0.09585889570552147,0.15934897804693415,0.14963084495488113,0.15337423312883436,0.25495836487509466,408990.9417000001,3660418.146
2015,2015-05-01,2015-p02-5,165,61.839999999999996,22.0,16.160000000000004,Sandy Loam,0.12118873021999231,0.13116159451350204,0.23343438718059772,0.1939019683519877,0.20985855122160327,0.37349501948895636,408990.9417000001,3660418.146
2015,2015-05-01,2015-p03-1,15,66.56,12.0,21.439999999999998,Sandy Clay Loam,0.09687500000000016,0.10607321131447574,0.182554998070243,0.15500000000000025,0.1697171381031612,0.2920879969123888,408962.4184,3660546.596
2015,2015-05-01,2015-p03-1,45,68.56,8.0,23.439999999999998,Sandy Clay Loam,0.11392949269131551,0.11583824768323538,0.1952941176470591,0.18228718830610482,0.1853411962931766,0.31247058823529456,408962.4184,3660546.596
2015,2015-05-01,2015-p03-1,75,58.56,12.0,29.439999999999998,Sandy Clay Loam,0.1409731696225558,0.15033783783783797,0.24457593688362866,0.22555707139608927,0.24054054054054075,0.39132149901380586,408962.4184,3660546.596
2015,2015-05-01,2015-p03-1,105,54.559999999999995,16.0,29.439999999999998,Sandy Clay Loam,0.1265926839293053,0.1383595691797841,0.246343341031563,0.2025482942868885,0.22137531068765456,0.3941493456505008,408962.4184,3660546.596
2015,2015-05-01,2015-p03-1,135,50.56,18.0,31.439999999999994,Sandy Clay Loam,0.12033833141099588,0.12481536189069403,0.21391529818496122,0.19254133025759343,0.19970457902511046,0.342264477095938,408962.4184,3660546.596
2015,2015-05-01,2015-p03-1,165,76.56,6.0,17.439999999999998,Sandy Loam,0.07645671943415303,0.07828769764751231,0.15640925127401056,0.12233075109464485,0.12526031623601971,0.25025480203841693,408962.4184,3660546.596
2015,2015-05-01,2015-p03-2,15,63.839999999999996,10.719999999999999,25.439999999999998,Sandy Clay Loam,0.09792401096748922,0.10841983852364477,0.1847133757961784,0.15667841754798276,0.17347174163783163,0.29554140127388545,408961.9368,3660514.5999999996
2015,2015-05-01,2015-p03-2,45,67.84,12.719999999999999,19.439999999999998,Sandy Loam,0.07980845969672784,0.08005136986301359,0.12520193861066276,0.12769353551476456,0.12808219178082175,0.20032310177706042,408961.9368,3660514.5999999996
2015,2015-05-01,2015-p03-2,75,65.84,10.719999999999999,23.439999999999998,Sandy Clay Loam,0.11764705882352958,0.1377314814814812,0.20959073997519603,0.18823529411764733,0.22037037037036994,0.33534518396031365,408961.9368,3660514.5999999996
2015,2015-05-01,2015-p03-2,105,51.839999999999996,10.719999999999999,37.44,Sandy Clay,0.12176814011676404,0.13886671987230664,0.21366782006920437,0.19482902418682246,0.22218675179569064,0.341868512110727,408961.9368,3660514.5999999996
2015,2015-05-01,2015-p03-2,135,56.56,16.0,27.439999999999998,Sandy Clay Loam,0.10460086511993724,0.1158762886597939,0.1905325443786988,0.1673613841918996,0.18540206185567024,0.3048520710059181,408961.9368,3660514.5999999996
2015,2015-05-01,2015-p03-2,165,70.56,10.0,19.439999999999998,Sandy Loam,0.08441814595660753,0.08319039451114912,0.15684681023973993,0.13506903353057206,0.1331046312178386,0.25095489638358387,408961.9368,3660514.5999999996
2015,2015-05-01,2015-p03-3,15,66.56,10.719999999999999,22.720000000000006,Sandy Clay Loam,0.07665352606219887,0.09102141680395393,0.16500415627597667,0.12264564169951819,0.14563426688632627,0.2640066500415627,408961.4645,3660482.603
2015,2015-05-01,2015-p03-3,45,68.56,10.719999999999999,20.720000000000006,Sandy Clay Loam,0.08061889250814319,0.0852446483180424,0.15953307392996163,0.12899022801302912,0.13639143730886785,0.2552529182879386,408961.4645,3660482.603
2015,2015-05-01,2015-p03-3,75,77.84,7.439999999999998,14.720000000000006,Sandy Loam,0.06925740669488253,0.08310466483731888,0.1395348837209303,0.11081185071181206,0.13296746373971022,0.22325581395348848,408961.4645,3660482.603
2015,2015-05-01,2015-p03-3,105,73.84,7.439999999999998,18.720000000000006,Sandy Loam,0.0917709518392113,0.1031712473572938,0.16091492776886,0.14683352294273808,0.1650739957716701,0.257463884430176,408961.4645,3660482.603
2015,2015-05-01,2015-p03-3,135,77.84,7.439999999999998,14.720000000000006,Sandy Loam,0.07156525066972846,0.06999660210669367,0.13484907879263025,0.11450440107156555,0.11199456337070988,0.21575852606820842,408961.4645,3660482.603
2015,2015-05-01,2015-p03-3,165,69.84,13.439999999999998,16.720000000000006,Sandy Loam,0.09143968871595337,0.10250391236306719,0.19125902165196484,0.1463035019455254,0.16400625978090752,0.30601443464314376,408961.4645,3660482.603
2015,2015-05-01,2015-p03-4,15,66.56,12.719999999999999,20.720000000000006,Sandy Clay Loam,0.09279717189571336,0.11047282368537338,0.15181115181115165,0.14847547503314137,0.1767565178965974,0.24289784289784266,408960.9683,3660450.606
2015,2015-05-01,2015-p03-4,45,66.56,10.719999999999999,22.720000000000006,Sandy Clay Loam,0.1163996229971724,0.1215038972948192,0.18395461912479705,0.18623939679547585,0.19440623567171073,0.2943273905996753,408960.9683,3660450.606
2015,2015-05-01,2015-p03-4,75,58.56,16.72,24.720000000000006,Sandy Clay Loam,0.11814556331006966,0.13781094527363164,0.217201166180758,0.18903290129611147,0.22049751243781063,0.3475218658892128,408960.9683,3660450.606
2015,2015-05-01,2015-p03-4,105,60.56,14.719999999999999,24.720000000000006,Sandy Clay Loam,0.10060832943378559,0.12289156626506009,0.21669550173010405,0.16097332709405696,0.19662650602409615,0.3467128027681665,408960.9683,3660450.606
2015,2015-05-01,2015-p03-4,135,68.56,8.719999999999999,22.720000000000006,Sandy Clay Loam,0.08720173535791781,0.10554197229013872,0.19977469019902397,0.1395227765726685,0.16886715566422195,0.31963950431843835,408960.9683,3660450.606
2015,2015-05-01,2015-p03-4,165,68.56,10.719999999999999,20.720000000000006,Sandy Clay Loam,0.07901234567901241,0.09049959049959024,0.18070818070818087,0.12641975308641987,0.1447993447993444,0.2891330891330894,408960.9683,3660450.606
2015,2015-05-01,2015-p03-5,15,57.83999999999999,10.0,32.160000000000004,Sandy Clay Loam,0.12175554506842844,0.14006224988883978,0.2060143626570914,0.1948088721094855,0.22409959982214367,0.32962298025134623,408960.4936,3660418.609
2015,2015-05-01,2015-p03-5,45,57.83999999999999,12.0,30.160000000000004,Sandy Clay Loam,0.10730804810360743,0.11641791044776104,0.20134831460674174,0.1716928769657719,0.18626865671641768,0.3221573033707868,408960.4936,3660418.609
2015,2015-05-01,2015-p03-5,75,59.839999999999996,8.0,32.160000000000004,Sandy Clay Loam,0.12911725955204206,0.12174721189591065,0.2103631532329495,0.2065876152832673,0.19479553903345703,0.3365810451727192,408960.4936,3660418.609
2015,2015-05-01,2015-p03-5,105,53.839999999999996,14.0,32.160000000000004,Sandy Clay Loam,0.13685152057245092,0.1287174721189589,0.2017416545718434,0.2189624329159215,0.20594795539033425,0.32278664731494944,408960.4936,3660418.609
2015,2015-05-01,2015-p03-5,135,55.84,10.0,34.160000000000004,Sandy Clay Loam,0.1037344398340249,0.11210131332082554,0.16737739872068236,0.16597510373443985,0.17936210131332087,0.26780383795309176,408960.4936,3660418.609
2015,2015-05-01,2015-p03-5,165,63.839999999999996,16.0,20.160000000000004,Sandy Clay Loam,0.09590198563582578,0.08597481545809832,0.1305494505494505,0.15344317701732124,0.1375597047329573,0.2088791208791208,408960.4936,3660418.609
2015,2015-05-01,2015-p04-1,15,70.56,8.0,21.439999999999998,Sandy Clay Loam,0.10296880871852725,0.10122230710466029,0.17508417508417526,0.1647500939496436,0.16195569136745647,0.2801346801346804,408936.0256,3660546.998
2015,2015-05-01,2015-p04-1,45,72.56,8.0,19.439999999999998,Sandy Loam,0.09915966386554623,0.09977494373593383,0.18747281426707274,0.15865546218487397,0.15963990997749414,0.2999565028273164,408936.0256,3660546.998
2015,2015-05-01,2015-p04-1,75,58.56,14.0,27.439999999999998,Sandy Clay Loam,0.13199369582348286,0.12833037300177622,0.23996821613031416,0.2111899133175726,0.20532859680284196,0.3839491458085027,408936.0256,3660546.998
2015,2015-05-01,2015-p04-1,105,56.56,14.0,29.439999999999998,Sandy Clay Loam,0.12118842845973424,0.1212823483970645,0.21369137670196692,0.1939014855355748,0.19405175743530323,0.3419062027231471,408936.0256,3660546.998
2015,2015-05-01,2015-p04-1,135,40.56,26.0,33.44,Clay Loam,0.11282843894899547,0.11795075456711672,0.22712006717044486,0.18052550231839276,0.18872120730738676,0.3633921074727118,408936.0256,3660546.998
2015,2015-05-01,2015-p04-1,165,48.56,22.0,29.439999999999998,Sandy Clay Loam,0.09876033057851244,0.11132812500000006,0.2541757443718227,0.1580165289256199,0.1781250000000001,0.4066811909949164,408936.0256,3660546.998
2015,2015-05-01,2015-p04-2,15,66.56,10.0,23.439999999999998,Sandy Clay Loam,0.10508971072867046,0.11576354679802955,0.20217147135904162,0.16814353716587274,0.1852216748768473,0.3234743541744666,408935.5292,3660515.001
2015,2015-05-01,2015-p04-2,45,68.56,12.0,19.439999999999998,Sandy Loam,0.09387605427209396,0.10922410922410926,0.17451523545706388,0.15020168683535035,0.17475857475857481,0.27922437673130224,408935.5292,3660515.001
2015,2015-05-01,2015-p04-2,75,60.56,14.0,25.439999999999998,Sandy Clay Loam,0.1286852589641436,0.14076782449725783,0.23032069970845484,0.20589641434262976,0.22522851919561254,0.3685131195335278,408935.5292,3660515.001
2015,2015-05-01,2015-p04-2,105,52.56000000000001,18.0,29.439999999999998,Sandy Clay Loam,0.11862442040185445,0.12374447569304933,0.21790198460915328,0.18979907264296714,0.19799116110887893,0.3486431753746453,408935.5292,3660515.001
2015,2015-05-01,2015-p04-2,135,64.56,12.0,23.439999999999998,Sandy Clay Loam,0.0918656414407121,0.1035460992907802,0.18806354658651758,0.14698502630513938,0.16567375886524832,0.30090167453842814,408935.5292,3660515.001
2015,2015-05-01,2015-p04-2,165,66.56,12.0,21.439999999999998,Sandy Clay Loam,0.08661417322834625,0.10093896713615046,0.17499001198561706,0.138582677165354,0.16150234741784075,0.2799840191769873,408935.5292,3660515.001
2015,2015-05-01,2015-p04-3,15,58.56,16.0,25.439999999999998,Sandy Clay Loam ,0.09870129870129857,0.11240451073117509,0.18834951456310717,0.1579220779220777,0.17984721716988017,0.3013592233009715,408935.0384,3660483.005
2015,2015-05-01,2015-p04-3,45,68.56,8.0,23.439999999999998,Sandy Clay Loam ,0.09670329670329673,0.10716898317483511,0.18663594470046088,0.15472527472527478,0.1714703730797362,0.2986175115207374,408935.0384,3660483.005
2015,2015-05-01,2015-p04-3,75,58.56,12.0,29.439999999999998,Sandy Clay Loam ,0.1277932960893856,0.13692946058091265,0.24588880187940487,0.204469273743017,0.21908713692946025,0.39342208300704784,408935.0384,3660483.005
2015,2015-05-01,2015-p04-3,105,66.56,10.0,23.439999999999998,Sandy Clay Loam ,0.09061488673139198,0.10459587955625992,0.16006402561024413,0.14498381877022717,0.16735340729001588,0.2561024409763906,408935.0384,3660483.005
2015,2015-05-01,2015-p04-3,135,70.56,6.0,23.439999999999998,Sandy Clay Loam ,0.10726474890297358,0.10481825866441268,0.14899211218229647,0.17162359824475773,0.16770921386306029,0.23838737949167435,408935.0384,3660483.005
2015,2015-05-01,2015-p04-3,165,68.56,6.0,25.439999999999998,Sandy Clay Loam ,0.08324363114459993,0.09314308363059826,0.20072697899838446,0.1331898098313599,0.1490289338089572,0.32116316639741516,408935.0384,3660483.005
2015,2015-05-01,2015-p04-4,15,72.56,6.0,21.439999999999998,Sandy Clay Loam,0.09047237790232178,0.10475121586232743,0.16922527668689763,0.14475580464371485,0.1676019453797239,0.2707604426990362,408934.551,3660451.008
2015,2015-05-01,2015-p04-4,45,66.56,8.0,25.439999999999998,Sandy Clay Loam,0.0766409974330765,0.08574831282254848,0.14611872146118735,0.12262559589292239,0.13719730051607756,0.23378995433789976,408934.551,3660451.008
2015,2015-05-01,2015-p04-4,75,71.84,6.0,22.160000000000004,Sandy Clay Loam,0.10904255319148953,0.1256300891818535,0.2018174933737217,0.17446808510638326,0.20100814269096562,0.32290798939795473,408934.551,3660451.008
2015,2015-05-01,2015-p04-4,105,61.839999999999996,14.0,24.160000000000004,Sandy Clay Loam,0.09281553398058282,0.1138888888888891,0.1936440677966102,0.14850485436893252,0.18222222222222256,0.3098305084745763,408934.551,3660451.008
2015,2015-05-01,2015-p04-4,135,71.84,2.0,26.160000000000004,Sandy Clay Loam,0.07214765100671137,0.08312551953449708,0.1443745082612117,0.1154362416107382,0.13300083125519532,0.23099921321793873,408934.551,3660451.008
2015,2015-05-01,2015-p04-4,165,75.84,10.0,14.160000000000004,Sandy Loam,0.0732495511669656,0.07165548888104462,0.12807881773399027,0.11719928186714497,0.1146487822096714,0.20492610837438444,408934.551,3660451.008
2015,2015-05-01,2015-p04-5,15,67.84,10.0,22.160000000000004,Sandy Clay Loam,0.09395248380129587,0.09996256083863728,0.15879317189360853,0.1503239740820734,0.15994009734181966,0.25406907502977366,408934.0653,3660419.011
2015,2015-05-01,2015-p04-5,45,65.84,8.0,26.160000000000004,Sandy Clay Loam,0.12865691489361666,0.12714914034386213,0.1908491343775764,0.20585106382978668,0.20343862455017941,0.30535861500412226,408934.0653,3660419.011
2015,2015-05-01,2015-p04-5,75,57.83999999999999,14.000000000000014,28.16,Sandy Clay Loam,0.11244019138756013,0.12041181736794976,0.18052159739201304,0.17990430622009623,0.19265890778871964,0.2888345558272209,408934.0653,3660419.011
2015,2015-05-01,2015-p04-5,105,61.839999999999996,10.0,28.16,Sandy Clay Loam,0.09648033126293991,0.10755239224990111,0.1623557500994826,0.15436853002070386,0.17208382759984178,0.2597692001591722,408934.0653,3660419.011
2015,2015-05-01,2015-p04-5,135,69.84,16.0,14.160000000000004,Sandy Loam,0.07416666666666671,0.08993902439024387,0.14146772767462432,0.11866666666666675,0.1439024390243902,0.22634836427939892,408934.0653,3660419.011
2015,2015-05-01,2015-p04-5,165,63.839999999999996,14.0,22.160000000000004,Sandy Clay Loam,0.10960757780784842,0.12312186978297174,0.21526104417670708,0.17537212449255749,0.1969949916527548,0.3444176706827313,408934.0653,3660419.011
2015,2015-05-01,2015-p05-1,15,58.4,10.719999999999999,30.880000000000003,Sandy Clay Loam,0.10179390905298277,0.10694503621644644,0.17616802400342935,0.16287025448477244,0.17111205794631432,0.281868838405487,408906.2948,3660547.45
2015,2015-05-01,2015-p05-1,45,66.4,6.719999999999999,26.880000000000003,Sandy Clay Loam,0.09433962264150925,0.10200668896321063,0.16713091922005582,0.1509433962264148,0.16321070234113702,0.2674094707520893,408906.2948,3660547.45
2015,2015-05-01,2015-p05-1,75,53.67999999999999,17.440000000000012,28.88,Sandy Clay Loam,0.13146233382570174,0.13663075416258566,0.23325415676959632,0.2103397341211228,0.21860920666013706,0.3732066508313541,408906.2948,3660547.45
2015,2015-05-01,2015-p05-1,105,51.67999999999999,13.439999999999998,34.88,Sandy Clay Loam,0.12179188054129725,0.13135186960690326,0.2207267833109018,0.1948670088660756,0.21016299137104522,0.3531628532974429,408906.2948,3660547.45
2015,2015-05-01,2015-p05-1,135,53.67999999999999,11.439999999999998,34.88,Sandy Clay Loam,0.10265039966344153,0.11705551086082046,0.19370460048426152,0.16424063946150647,0.18728881737731273,0.30992736077481847,408906.2948,3660547.45
2015,2015-05-01,2015-p05-1,165,65.67999999999999,11.439999999999998,22.880000000000003,Sandy Clay Loam,0.08151432469304233,0.09125766871165654,0.18242918867018784,0.13042291950886772,0.14601226993865046,0.29188670187230054,408906.2948,3660547.45
2015,2015-05-01,2015-p05-2,15,65.12,10.0,24.880000000000003,Sandy Clay Loam,0.09210526315789437,0.10196687370600407,0.1648862052949375,0.147368421052631,0.16314699792960652,0.2638179284719,408905.7936,3660515.454
2015,2015-05-01,2015-p05-2,45,55.67999999999999,13.439999999999998,30.880000000000003,Sandy Clay Loam,0.09808518952715899,0.0975066785396259,0.16177861873226118,0.1569363032434544,0.15601068566340145,0.2588457899716179,408905.7936,3660515.454
2015,2015-05-01,2015-p05-2,75,67.67999999999999,9.439999999999998,22.880000000000003,Sandy Clay Loam,0.11120129870129845,0.11301799916282944,0.1950189953566908,0.17792207792207754,0.18082879866052712,0.3120303925707053,408905.7936,3660515.454
2015,2015-05-01,2015-p05-2,105,69.67999999999999,7.439999999999998,22.880000000000003,Sandy Clay Loam,0.07399299474605944,0.08405923344947734,0.15780371811500177,0.11838879159369511,0.13449477351916375,0.25248594898400284,408905.7936,3660515.454
2015,2015-05-01,2015-p05-2,135,75.67999999999999,5.439999999999998,18.880000000000003,Sandy Loam,0.0619923044035914,0.06415257910706562,0.12021611886537607,0.09918768704574625,0.102644126571305,0.19234579018460174,408905.7936,3660515.454
2015,2015-05-01,2015-p05-2,165,71.67999999999999,5.439999999999998,22.880000000000003,Sandy Clay Loam,0.07782243332115465,0.08111888111888123,0.17676380368098188,0.12451589331384745,0.12979020979020997,0.28282208588957103,408905.7936,3660515.454
2015,2015-05-01,2015-p05-3,15,55.120000000000005,16.72,28.16,Sandy Clay Loam,0.08455068614431148,0.10042016806722692,0.16602102933038185,0.13528109783089837,0.1606722689075631,0.26563364692861097,408905.3214,3660483.4570000004
2015,2015-05-01,2015-p05-3,45,61.12,12.719999999999999,26.160000000000004,Sandy Clay Loam,0.07647058823529405,0.08905228758169935,0.1509433962264151,0.1223529411764705,0.14248366013071898,0.24150943396226415,408905.3214,3660483.4570000004
2015,2015-05-01,2015-p05-3,75,61.12,8.719999999999999,30.160000000000004,Sandy Clay Loam,0.08843537414965982,0.10638297872340456,0.1827782290820471,0.1414965986394557,0.1702127659574473,0.2924451665312754,408905.3214,3660483.4570000004
2015,2015-05-01,2015-p05-3,105,63.12,10.719999999999999,26.160000000000004,Sandy Clay Loam,0.07008849557522139,0.08205553253211788,0.15601023017902838,0.11214159292035422,0.1312888520513886,0.2496163682864454,408905.3214,3660483.4570000004
2015,2015-05-01,2015-p05-3,135,57.11999999999999,10.719999999999999,32.160000000000004,Sandy Clay Loam,0.08026888098062451,0.09346603202077039,0.19164619164619132,0.12843020956899923,0.14954565123323263,0.3066339066339061,408905.3214,3660483.4570000004
2015,2015-05-01,2015-p05-3,165,63.12,10.719999999999999,26.160000000000004,Sandy Clay Loam,0.08259958071278821,0.10003892565200466,0.20274751302700145,0.13215932914046113,0.16006228104320747,0.32439602084320235,408905.3214,3660483.4570000004
2015,2015-05-01,2015-p05-4,15,61.12,8.719999999999999,30.160000000000004,Sandy Clay Loam,0.08761987794245849,0.09708737864077684,0.16052158273381262,0.14019180470793358,0.15533980582524295,0.2568345323741002,408904.8211,3660451.4599999995
2015,2015-05-01,2015-p05-4,45,65.12,6.719999999999999,28.16,Sandy Clay Loam,0.09973251815055406,0.11580217129071181,0.17739975698663404,0.15957202904088652,0.1852834740651389,0.2838396111786145,408904.8211,3660451.4599999995
2015,2015-05-01,2015-p05-4,75,55.120000000000005,8.719999999999999,36.160000000000004,Sandy Clay ,0.10296684118673644,0.12659235668789806,0.17596153846153825,0.1647469458987783,0.2025477707006369,0.28153846153846124,408904.8211,3660451.4599999995
2015,2015-05-01,2015-p05-4,105,59.12,8.719999999999999,32.160000000000004,Sandy Clay Loam,0.08497279196316455,0.0970695970695973,0.1656829679595281,0.1359564671410633,0.15531135531135568,0.26509274873524497,408904.8211,3660451.4599999995
2015,2015-05-01,2015-p05-4,135,63.12,14.719999999999999,22.160000000000004,Sandy Clay Loam,0.07455357142857151,0.08695652173913034,0.1666666666666668,0.11928571428571443,0.13913043478260853,0.2666666666666669,408904.8211,3660451.4599999995
2015,2015-05-01,2015-p05-4,165,63.12,12.719999999999999,24.160000000000004,Sandy Clay Loam,0.06316688006828838,0.08546228710462295,0.17422434367541798,0.10106700810926142,0.1367396593673967,0.2787589498806688,408904.8211,3660451.4599999995
2015,2015-05-01,2015-p05-5,15,69.84,10.0,20.160000000000004,Sandy Clay Loam,0.08724279835390966,0.0891878425510712,0.15555555555555553,0.13958847736625546,0.14270054808171392,0.24888888888888885,408904.3575,3660419.463
2015,2015-05-01,2015-p05-5,45,63.839999999999996,12.0,24.160000000000004,Sandy Clay Loam,0.10489181561618083,0.11390728476821216,0.1894783771734284,0.16782690498588934,0.18225165562913948,0.30316540347748544,408904.3575,3660419.463
2015,2015-05-01,2015-p05-5,75,53.12,20.72,26.160000000000004,Sandy Clay Loam,0.12293923692887455,0.14484126984126994,0.21266968325791866,0.1967027790861993,0.23174603174603192,0.34027149321266986,408904.3575,3660419.463
2015,2015-05-01,2015-p05-5,105,55.120000000000005,16.72,28.16,Sandy Clay Loam,0.10020202020202039,0.11945564516129056,0.22358834244080128,0.16032323232323265,0.1911290322580649,0.35774134790528206,408904.3575,3660419.463
2015,2015-05-01,2015-p05-5,135,63.12,12.719999999999999,24.160000000000004,Sandy Clay Loam,0.08549686660698283,0.09492787342950205,0.15797665369649785,0.13679498657117253,0.1518845974872033,0.25276264591439657,408904.3575,3660419.463
2015,2015-05-01,2015-p05-5,165,57.11999999999999,14.720000000000013,28.16,Sandy Clay Loam,0.10902591599642526,0.13178294573643404,0.2141500474833811,0.17444146559428042,0.21085271317829446,0.3426400759734098,408904.3575,3660419.463
2015,2015-05-01,2015-p06-1,15,53.67999999999999,15.439999999999998,30.880000000000003,Sandy Clay Loam,0.08482142857142887,0.10435189518015896,0.16689529035208042,0.1357142857142862,0.16696303228825435,0.2670324645633287,408879.8694,3660547.8520000004
2015,2015-05-01,2015-p06-1,45,55.67999999999999,13.439999999999998,30.880000000000003,Sandy Clay Loam,0.08619091751621868,0.10648854961832058,0.16310679611650497,0.1379054680259499,0.17038167938931292,0.260970873786408,408879.8694,3660547.8520000004
2015,2015-05-01,2015-p06-1,75,59.679999999999986,7.440000000000012,32.88,Sandy Clay Loam,0.11308295501444468,0.12243221035332773,0.18422060513213306,0.1809327280231115,0.19589153656532438,0.2947529682114129,408879.8694,3660547.8520000004
2015,2015-05-01,2015-p06-1,105,65.67999999999999,9.439999999999998,24.880000000000003,Sandy Clay Loam,0.07912087912087896,0.08977272727272745,0.14106988783433977,0.12659340659340634,0.14363636363636392,0.22571182053494365,408879.8694,3660547.8520000004
2015,2015-05-01,2015-p06-1,135,58.4,15.439999999999998,26.160000000000004,Sandy Clay Loam,0.08279220779220786,0.0996168582375478,0.18569463548830836,0.1324675324675326,0.1593869731800765,0.2971114167812934,408879.8694,3660547.8520000004
2015,2015-05-01,2015-p06-1,165,62.4,15.439999999999998,22.160000000000004,Sandy Clay Loam,0.07318321392016378,0.07868383404864082,0.13232007152436304,0.11709314227226204,0.12589413447782533,0.21171211443898086,408879.8694,3660547.8520000004
2015,2015-05-01,2015-p06-2,15,54.400000000000006,15.439999999999998,30.160000000000004,Sandy Clay Loam,0.0884732052578362,0.09910313901345262,0.16901408450704236,0.14155712841253792,0.1585650224215242,0.2704225352112678,408879.4005,3660515.8549999995
2015,2015-05-01,2015-p06-2,45,64.4,7.439999999999998,28.16,Sandy Clay Loam,0.09554413024850032,0.09045904590459003,0.16808404202101046,0.15287060839760053,0.14473447344734405,0.26893446723361675,408879.4005,3660515.8549999995
2015,2015-05-01,2015-p06-2,75,64.4,5.439999999999998,30.160000000000004,Sandy Clay Loam,0.09948269001193794,0.10839160839160825,0.18259751393056142,0.1591723040191007,0.1734265734265732,0.2921560222888983,408879.4005,3660515.8549999995
2015,2015-05-01,2015-p06-2,105,58.4,9.439999999999998,32.160000000000004,Sandy Clay Loam,0.11494252873563267,0.12175754367390138,0.2148419606046727,0.18390804597701227,0.1948120698782422,0.34374713696747633,408879.4005,3660515.8549999995
2015,2015-05-01,2015-p06-2,135,50.4,15.439999999999998,34.160000000000004,Sandy Clay Loam,0.1271534044298606,0.12643151626202428,0.22226804123711338,0.20344544708777695,0.20229042601923886,0.3556288659793814,408879.4005,3660515.8549999995
2015,2015-05-01,2015-p06-2,165,52.400000000000006,17.439999999999998,30.160000000000004,Sandy Clay Loam,0.09937646141855015,0.11380753138075338,0.20929203539823027,0.15900233826968024,0.1820920502092054,0.33486725663716843,408879.4005,3660515.8549999995
2015,2015-05-01,2015-p06-3,15,56.39999999999999,17.439999999999998,26.160000000000004,Sandy Clay Loam,0.09481076863051112,0.09083298451234803,0.16313284292514077,0.1516972298088178,0.14533277521975685,0.2610125486802252,408878.8994,3660483.858
2015,2015-05-01,2015-p06-3,45,54.400000000000006,13.439999999999998,32.160000000000004,Sandy Clay Loam,0.10682768230376205,0.113341204250295,0.19678557428459442,0.1709242916860193,0.181345926800472,0.3148569188553511,408878.8994,3660483.858
2015,2015-05-01,2015-p06-3,75,48.4,19.439999999999998,32.160000000000004,Sandy Clay Loam,0.13821138211382128,0.13611365719523402,0.24590163934426204,0.22113821138211406,0.21778185151237445,0.3934426229508193,408878.8994,3660483.858
2015,2015-05-01,2015-p06-3,105,44.4,17.439999999999998,38.160000000000004,Clay Loam,0.12293144208037834,0.1251868460388643,0.21605206073752728,0.19669030732860537,0.20029895366218287,0.34568329718004365,408878.8994,3660483.858
2015,2015-05-01,2015-p06-3,135,50.4,17.439999999999998,32.160000000000004,Sandy Clay Loam,0.10436270316509859,0.10936270653029116,0.18038277511961737,0.16698032506415775,0.17498033044846587,0.2886124401913878,408878.8994,3660483.858
2015,2015-05-01,2015-p06-3,165,64.4,9.439999999999998,26.160000000000004,Sandy Clay Loam,0.07259407259407258,0.08641523251556203,0.16921868865331774,0.11615051615051614,0.13826437202489925,0.2707499018453084,408878.8994,3660483.858
2015,2015-05-01,2015-p06-4,15,60.4,11.439999999999998,28.16,Sandy Clay Loam,0.08574739281575894,0.0906574394463667,0.15233785822021112,0.1371958285052143,0.14505190311418673,0.2437405731523378,408878.4107,3660451.862
2015,2015-05-01,2015-p06-4,45,52.400000000000006,13.439999999999998,34.160000000000004,Sandy Clay Loam,0.12774239207360225,0.1214374225526644,0.21144067796610147,0.20438782731776362,0.19429987608426305,0.3383050847457624,408878.4107,3660451.862
2015,2015-05-01,2015-p06-4,75,59.839999999999996,12.719999999999999,27.439999999999998,Sandy Clay Loam,0.09739747634069397,0.1006764822920812,0.20361601377529076,0.15583596214511036,0.16108237166732994,0.32578562204046524,408878.4107,3660451.862
2015,2015-05-01,2015-p06-4,105,63.839999999999996,14.719999999999999,21.439999999999998,Sandy Clay Loam,0.09267241379310372,0.10262828535669559,0.17733522996680864,0.14827586206896595,0.16420525657071294,0.28373636794689383,408878.4107,3660451.862
2015,2015-05-01,2015-p06-4,135,57.83999999999999,14.720000000000013,27.439999999999998,Sandy Clay Loam,0.10931174089068821,0.08885362951209813,0.1656989727556949,0.17489878542510115,0.142165807219357,0.26511835640911185,408878.4107,3660451.862
2015,2015-05-01,2015-p06-4,165,47.839999999999996,18.72,33.44,Sandy Clay Loam,0.11959553695955344,0.11853162317558602,0.2148399612027158,0.19135285913528552,0.18965059708093765,0.3437439379243453,408878.4107,3660451.862
2015,2015-05-01,2015-p06-5,15,55.84,18.72,25.439999999999998,Sandy Clay Loam,0.08760265936644514,0.08893006021306168,0.15939665715450455,0.14016425498631221,0.1422880963408987,0.2550346514472073,408877.9234,3660419.865
2015,2015-05-01,2015-p06-5,45,53.839999999999996,18.72,27.439999999999998,Sandy Clay Loam,0.09543568464730277,0.09295120061967461,0.16766981943250175,0.15269709543568444,0.14872192099147938,0.2682717110920028,408877.9234,3660419.865
2015,2015-05-01,2015-p06-5,75,49.839999999999996,16.72,33.44,Sandy Clay Loam,0.12547267102096923,0.12576064908722115,0.21826018808777461,0.20075627363355078,0.20121703853955386,0.34921630094043943,408877.9234,3660419.865
2015,2015-05-01,2015-p06-5,105,49.839999999999996,18.720000000000013,31.439999999999994,Sandy Clay Loam,0.10892448512585826,0.11090313523631247,0.21982210927573054,0.17427917620137323,0.17744501637809995,0.3517153748411689,408877.9234,3660419.865
2015,2015-05-01,2015-p06-5,135,61.839999999999996,16.72,21.439999999999998,Sandy Clay Loam,0.11509992598075496,0.0882992605480641,0.1805907172995778,0.18415988156920793,0.14127881687690255,0.2889451476793245,408877.9234,3660419.865
2015,2015-05-01,2015-p06-5,165,53.839999999999996,22.72,23.439999999999998,Sandy Clay Loam,0.11495624502784409,0.11735740664751743,0.23366508005192582,0.18392999204455054,0.1877718506360279,0.37386412808308134,408877.9234,3660419.865
2015,2015-05-01,2015-p07-1,15,51.839999999999996,22.72,25.439999999999998,Sandy Clay Loam,0.09009009009008997,0.11275831087151866,0.18756875687568775,0.14414414414414398,0.18041329739442988,0.3001100110011004,408850.1807,3660548.303
2015,2015-05-01,2015-p07-1,45,49.839999999999996,20.72,29.439999999999998,Sandy Clay Loam,0.0884063590538969,0.12299255777516649,0.1719298245614036,0.14145017448623506,0.1967880924402664,0.27508771929824577,408850.1807,3660548.303
2015,2015-05-01,2015-p07-1,75,61.12,16.72,22.160000000000004,Sandy Clay Loam,0.06406585540443831,0.08271210507632228,0.15054139015019216,0.1025053686471013,0.13233936812211564,0.24086622424030746,408850.1807,3660548.303
2015,2015-05-01,2015-p07-1,105,63.12,12.719999999999999,24.160000000000004,Sandy Clay Loam,0.06817325800376656,0.08380520951302374,0.15916824196597354,0.1090772128060265,0.134088335220838,0.2546691871455577,408850.1807,3660548.303
2015,2015-05-01,2015-p07-1,135,67.12,10.719999999999999,22.160000000000004,Sandy Clay Loam,0.07854984894259831,0.09446911586596705,0.166385135135135,0.1256797583081573,0.1511505853855473,0.266216216216216,408850.1807,3660548.303
2015,2015-05-01,2015-p07-1,165,65.12,12.719999999999999,22.160000000000004,Sandy Clay Loam,0.06659656501927817,,0.16792792792792777,0.10655450403084508,,0.2686846846846844,408850.1807,3660548.303
2015,2015-05-01,2015-p07-2,15,51.12,18.72,30.160000000000004,Sandy Clay Loam,0.0891625615763548,0.09755067567567548,0.17896995708154517,0.14266009852216768,0.15608108108108076,0.28635193133047226,408849.7002,3660516.307
2015,2015-05-01,2015-p07-2,45,51.12,18.72,30.160000000000004,Sandy Clay Loam,0.09152542372881341,0.101057082452431,0.17216582064297797,0.14644067796610147,0.16169133192388963,0.27546531302876476,408849.7002,3660516.307
2015,2015-05-01,2015-p07-2,75,61.12,12.719999999999999,26.160000000000004,Sandy Clay Loam,0.08336434685522923,0.08888126286890859,0.15628917676556603,0.13338295496836677,0.14221002059025376,0.2500626828249057,408849.7002,3660516.307
2015,2015-05-01,2015-p07-2,105,49.12,20.72,30.160000000000004,Sandy Clay Loam,0.09046563192904651,0.10119887165021173,0.20570948782535708,0.14474501108647442,0.16191819464033877,0.32913518052057134,408849.7002,3660516.307
2015,2015-05-01,2015-p07-2,135,45.839999999999996,24.72,29.439999999999998,Sandy Clay Loam,0.09025594970812775,0.10805860805860805,0.21716937354988397,0.1444095195330044,0.1728937728937729,0.3474709976798144,408849.7002,3660516.307
2015,2015-05-01,2015-p07-2,165,53.839999999999996,18.72,27.439999999999998,Sandy Clay Loam,0.08153371529308039,0.09627924817798225,0.18567518248175147,0.13045394446892863,0.15404679708477162,0.2970802919708024,408849.7002,3660516.307
2015,2015-05-01,2015-p07-3,15,51.12,18.72,30.160000000000004,Sandy Clay Loam,0.09388733519776245,0.09560000000000005,0.1941786283891549,0.15021973631641994,0.1529600000000001,0.31068580542264784,408849.2192,3660484.3100000005
2015,2015-05-01,2015-p07-3,45,49.12,20.72,30.160000000000004,Sandy Clay Loam,0.09351081530782013,0.10297285652735892,0.18109125117591732,0.1496173044925122,0.1647565704437743,0.2897460018814677,408849.2192,3660484.3100000005
2015,2015-05-01,2015-p07-3,75,51.12,22.72,26.160000000000004,Sandy Clay Loam,0.11416490486257938,0.126034958601656,0.20608628659476158,0.182663847780127,0.20165593376264962,0.32973805855161853,408849.2192,3660484.3100000005
2015,2015-05-01,2015-p07-3,105,49.12,20.72,30.160000000000004,Sandy Clay Loam,0.10821974390747645,0.11882778000802896,0.20776071139854488,0.17315159025196233,0.19012444801284634,0.3324171382376718,408849.2192,3660484.3100000005
2015,2015-05-01,2015-p07-3,135,61.12,16.72,22.160000000000004,Sandy Clay Loam,0.09480519480519471,0.10030241935483883,0.19455782312925168,0.15168831168831154,0.16048387096774214,0.3112925170068027,408849.2192,3660484.3100000005
2015,2015-05-01,2015-p07-3,165,63.12,12.719999999999999,24.160000000000004,Sandy Clay Loam,0.07274247491638804,0.08218606591572795,0.16264020707506485,0.11638795986622086,0.13149770546516473,0.26022433132010375,408849.2192,3660484.3100000005
2015,2015-05-01,2015-p07-4,15,49.12,24.72,26.160000000000004,Sandy Clay Loam,0.08890770533446206,0.09167367535744354,0.17120765832106005,0.1422523285351393,0.14667788057190967,0.2739322533136961,408848.732,3660452.3129999996
2015,2015-05-01,2015-p07-4,45,51.12,20.72,28.16,Sandy Clay Loam,0.08918322295805754,0.08794642857142852,0.1615894039735098,0.14269315673289207,0.14071428571428565,0.25854304635761566,408848.732,3660452.3129999996
2015,2015-05-01,2015-p07-4,75,55.120000000000005,20.72,24.160000000000004,Sandy Clay Loam,0.09312977099236631,0.09602649006622502,0.1788553259141494,0.1490076335877861,0.15364238410596004,0.28616852146263905,408848.732,3660452.3129999996
2015,2015-05-01,2015-p07-4,105,53.12,18.72,28.16,Sandy Clay Loam,0.10646387832699639,0.10422740524781338,0.20741646291768526,0.17034220532319422,0.1667638483965014,0.33186634066829646,408848.732,3660452.3129999996
2015,2015-05-01,2015-p07-4,135,55.120000000000005,16.72,28.16,Sandy Clay Loam,0.09610274579273702,0.09572649572649551,0.1743503772003355,0.15376439326837923,0.15316239316239283,0.2789606035205368,408848.732,3660452.3129999996
2015,2015-05-01,2015-p07-4,165,57.11999999999999,16.72,26.160000000000004,Sandy Clay Loam,0.10365608678184063,0.10283224400871457,0.21164021164021146,0.165849738850945,0.16453159041394333,0.3386243386243384,408848.732,3660452.3129999996
2015,2015-05-01,2015-p07-5,15,59.12,18.72,22.160000000000004,Sandy Clay Loam,0.07041107041107028,0.075450019149751,0.1412026726057907,0.11265771265771246,0.1207200306396016,0.22592427616926514,408848.2313,3660420.3169999993
2015,2015-05-01,2015-p07-5,45,73.12,10.719999999999999,16.160000000000004,Sandy Loam,0.04792212654436546,0.05132681564245806,0.10997815003641646,0.07667540247098474,0.0821229050279329,0.17596504005826635,408848.2313,3660420.3169999993
2015,2015-05-01,2015-p07-5,75,75.12,8.719999999999999,16.160000000000004,Sandy Loam ,0.058497750086535044,0.05315500685871046,0.11013567438148464,0.09359640013845608,0.08504801097393674,0.17621707901037542,408848.2313,3660420.3169999993
2015,2015-05-01,2015-p07-5,105,67.12,12.719999999999999,20.160000000000004,Sandy Clay Loam,0.06713193752077101,0.0659515295987285,0.1323210412147504,0.10741110003323362,0.10552244735796562,0.21171366594360067,408848.2313,3660420.3169999993
2015,2015-05-01,2015-p07-5,135,63.12,14.719999999999999,22.160000000000004,Sandy Clay Loam,0.07436539149088328,0.07457059069962299,0.14779759737895895,0.11898462638541325,0.11931294511939679,0.23647615580633433,408848.2313,3660420.3169999993
2015,2015-05-01,2015-p07-5,165,55.120000000000005,22.72,22.160000000000004,Sandy Clay Loam,0.09980276134122294,0.10517387616624277,0.23315639036341337,0.1596844181459567,0.16827820186598844,0.3730502245814614,408848.2313,3660420.3169999993
2015,2015-05-01,2015-p08-1,15,51.12,23.439999999999998,25.439999999999998,Sandy Clay Loam ,0.0953562566465794,0.11322314049586786,0.17908256880733928,0.15257001063452705,0.18115702479338858,0.28653211009174284,408823.7626,3660548.7050000005
2015,2015-05-01,2015-p08-1,45,51.12,19.439999999999998,29.439999999999998,Sandy Clay Loam ,0.09972189114024625,0.11943957968476343,0.1916666666666669,0.15955502582439401,0.1911033274956215,0.3066666666666671,408823.7626,3660548.7050000005
2015,2015-05-01,2015-p08-1,75,53.12,20.72,26.160000000000004,Sandy Clay Loam ,0.08345534407027824,0.10660896931549994,0.1717948717948719,0.1335285505124452,0.17057435090479992,0.2748717948717951,408823.7626,3660548.7050000005
2015,2015-05-01,2015-p08-1,105,65.12,12.719999999999999,22.160000000000004,Sandy Clay Loam ,0.0688328345446772,0.09888357256778296,0.16437707247749875,0.11013253527148353,0.15821371610845275,0.263003315963998,408823.7626,3660548.7050000005
2015,2015-05-01,2015-p08-1,135,61.12,12.719999999999999,26.160000000000004,Sandy Clay Loam ,0.08834244080145742,0.1076774505070013,0.147590361445783,0.14134790528233188,0.17228392081120208,0.2361445783132528,408823.7626,3660548.7050000005
2015,2015-05-01,2015-p08-1,165,51.12,10.719999999999999,38.160000000000004,Sandy Clay,0.1271676300578034,0.15105386416861816,0.24957191780821902,0.20346820809248545,0.24168618266978906,0.39931506849315046,408823.7626,3660548.7050000005
2015,2015-05-01,2015-p08-2,15,54.400000000000006,17.439999999999998,28.16,Sandy Clay Loam,0.08597285067873287,0.10410618000829523,0.1843544857768051,0.13755656108597258,0.16656988801327238,0.2949671772428882,408823.2644,3660516.7090000003
2015,2015-05-01,2015-p08-2,45,54.400000000000006,17.439999999999998,28.16,Sandy Clay Loam,0.0964742347927158,0.10189027201475305,0.1634241245136185,0.1543587756683453,0.16302443522360488,0.2614785992217896,408823.2644,3660516.7090000003
2015,2015-05-01,2015-p08-2,75,55.120000000000005,19.439999999999998,25.439999999999998,Sandy Clay Loam,0.08620090371915179,0.09792626728110586,0.15608782435129756,0.13792144595064287,0.15668202764976938,0.2497405189620761,408823.2644,3660516.7090000003
2015,2015-05-01,2015-p08-2,105,45.12,19.439999999999998,35.44,Sandy Clay,0.11377741001241207,0.12924071082390934,0.21924902891670253,0.1820438560198593,0.20678513731825496,0.3507984462667241,408823.2644,3660516.7090000003
2015,2015-05-01,2015-p08-2,135,47.12,21.440000000000012,31.439999999999994,Sandy Clay Loam,0.10402565016031357,0.11290322580645178,0.19150442477876095,0.16644104025650172,0.18064516129032285,0.30640707964601754,408823.2644,3660516.7090000003
2015,2015-05-01,2015-p08-2,165,47.12,20.72,32.160000000000004,Sandy Clay Loam,0.09129332206255267,0.10815307820299537,0.19508128386827844,0.14606931530008427,0.1730449251247926,0.31213005418924555,408823.2644,3660516.7090000003
2015,2015-05-01,2015-p08-3,15,53.12,18.72,28.16,Sandy Clay Loam,0.09149096385542138,0.10168031021111586,0.17827004219409262,0.14638554216867422,0.16268849633778537,0.2852320675105482,408822.779,3660484.7119999994
2015,2015-05-01,2015-p08-3,45,59.12,14.719999999999999,26.160000000000004,Sandy Clay Loam,0.08660194174757298,0.08915408915408937,0.16027496382055018,0.13856310679611678,0.142646542646543,0.2564399421128803,408822.779,3660484.7119999994
2015,2015-05-01,2015-p08-3,75,48.4,19.439999999999998,32.160000000000004,Sandy Clay Loam,0.12158623269734381,0.12598752598752602,0.21663366336633658,0.1945379723157501,0.20158004158004164,0.34661386138613853,408822.779,3660484.7119999994
2015,2015-05-01,2015-p08-3,105,42.4,21.439999999999998,36.160000000000004,Clay Loam,0.12515723270440218,0.12248547161376885,0.21319018404907986,0.2002515723270435,0.19597675458203018,0.3411042944785278,408822.779,3660484.7119999994
2015,2015-05-01,2015-p08-3,135,43.12,28.72,28.16,Clay Loam,0.11460855528652152,0.1194508009153318,0.20565302144249503,0.18337368845843444,0.1911212814645309,0.3290448343079921,408822.779,3660484.7119999994
2015,2015-05-01,2015-p08-3,165,47.12,24.72,28.16,Sandy Clay Loam,0.08780487804878068,0.10262206148282077,0.1952171791117619,0.1404878048780491,0.16419529837251323,0.31234748657881906,408822.779,3660484.7119999994
2015,2015-05-01,2015-p08-4,15,57.11999999999999,18.72,24.160000000000004,Sandy Clay Loam,0.06983718937446423,0.09435846230653984,0.1597605893186003,0.11173950299914277,0.15097353969046376,0.2556169429097605,408822.3123,3660452.715
2015,2015-05-01,2015-p08-4,45,59.12,18.72,22.160000000000004,Sandy Clay Loam,0.06757331066723316,0.09618717504332781,0.1482546201232036,0.10811729706757306,0.15389948006932452,0.23720739219712575,408822.3123,3660452.715
2015,2015-05-01,2015-p08-4,75,64.4,13.439999999999998,22.160000000000004,Sandy Clay Loam,0.06664328305857563,0.08773291925465859,0.1546471268800616,0.10662925289372101,0.14037267080745375,0.24743540300809858,408822.3123,3660452.715
2015,2015-05-01,2015-p08-4,105,54.400000000000006,17.439999999999998,28.16,Sandy Clay Loam,0.08341608738828238,0.11644951140065177,0.1865025079799363,0.13346573982125182,0.18631921824104283,0.29840401276789813,408822.3123,3660452.715
2015,2015-05-01,2015-p08-4,135,54.400000000000006,15.439999999999998,30.160000000000004,Sandy Clay Loam,0.09938971229293816,0.12877583465818743,0.2048081368469722,0.15902353966870109,0.20604133545309988,0.3276930189551555,408822.3123,3660452.715
2015,2015-05-01,2015-p08-4,165,40.4,25.439999999999998,34.160000000000004,Clay Loam,0.09422997094229953,0.12872238232468777,0.21654593976362946,0.15076795350767924,0.20595581171950045,0.3464735036218072,408822.3123,3660452.715
2015,2015-05-01,2015-p08-5,15,61.12,17.439999999999998,21.439999999999998,Sandy Clay Loam,0.07191265060240948,0.09769286229271813,0.15743670886075936,0.11506024096385517,0.15630857966834902,0.251898734177215,408821.8294,3660420.718
2015,2015-05-01,2015-p08-5,45,63.12,17.439999999999998,19.439999999999998,Sandy Loam,0.06454783748361725,0.08546686746987966,0.130096367679763,0.1032765399737876,0.13674698795180748,0.20815418828762078,408821.8294,3660420.718
2015,2015-05-01,2015-p08-5,75,53.12,19.439999999999998,27.439999999999998,Sandy Clay Loam,0.0787728026533999,0.10522213561964128,0.18481595092024541,0.12603648424543987,0.16835541699142606,0.29570552147239265,408821.8294,3660420.718
2015,2015-05-01,2015-p08-5,105,49.12,19.440000000000012,31.439999999999994,Sandy Clay Loam,0.09800278680910354,0.12803772216176953,0.2153488372093021,0.15680445889456568,0.20486035545883127,0.34455813953488335,408821.8294,3660420.718
2015,2015-05-01,2015-p08-5,135,45.12,20.72,34.160000000000004,Sandy Clay Loam,0.1043115438108484,0.1296572280178837,0.22702205882352933,0.16689847009735745,0.20745156482861393,0.36323529411764693,408821.8294,3660420.718
2015,2015-05-01,2015-p08-5,165,45.12,22.72,32.160000000000004,Sandy Clay Loam,0.0990531682447195,0.1293570875290468,0.23823109843081303,0.15848506919155123,0.20697134004647488,0.3811697574893009,408821.8294,3660420.718
2015,2015-05-01,2015-p09-1,15,58.4,13.439999999999998,28.16,Sandy Clay Loam,0.09749303621169898,0.10778210116731528,0.18130311614730893,0.1559888579387184,0.17245136186770446,0.2900849858356943,408793.358,3660549.1679999996
2015,2015-05-01,2015-p09-1,45,52.400000000000006,19.439999999999998,28.16,Sandy Clay Loam,0.10489510489510467,0.11625000000000028,0.19024970273483935,0.16783216783216748,0.18600000000000047,0.30439952437574297,408793.358,3660549.1679999996
2015,2015-05-01,2015-p09-1,75,57.83999999999999,18.720000000000013,23.439999999999998,Sandy Clay Loam,0.09336419753086428,0.1047284095349746,0.1701612903225806,0.14938271604938286,0.16756545525595937,0.27225806451612894,408793.358,3660549.1679999996
2015,2015-05-01,2015-p09-1,105,55.84,18.72,25.439999999999998,Sandy Clay Loam,0.09571369121930937,0.11347826086956551,0.1763372620126927,0.153141905950895,0.18156521739130482,0.28213961922030834,408793.358,3660549.1679999996
2015,2015-05-01,2015-p09-1,135,53.839999999999996,22.72,23.439999999999998,Sandy Clay Loam,0.113594890510949,0.1312927909786548,0.21214910262310163,0.1817518248175184,0.21006846556584768,0.3394385641969626,408793.358,3660549.1679999996
2015,2015-05-01,2015-p09-1,165,47.12,20.72,32.160000000000004,Sandy Clay Loam,0.10313001605136408,0.11877875365955654,0.21660231660231688,0.16500802568218254,0.19004600585529047,0.34656370656370705,408793.358,3660549.1679999996
2015,2015-05-01,2015-p09-2,15,53.12,20.72,26.160000000000004,Sandy Clay Loam,0.09149277688603535,0.1080657791699294,0.19944378228049278,0.14638844301765658,0.17290524667188706,0.3191100516487885,408792.8661,3660517.171
2015,2015-05-01,2015-p09-2,45,53.12,20.72,26.160000000000004,Sandy Clay Loam,0.09642301710730966,0.11120401337792626,0.18543845534995979,0.15427682737169546,0.17792642140468204,0.29670152855993565,408792.8661,3660517.171
2015,2015-05-01,2015-p09-2,75,67.12,16.72,16.160000000000004,Sandy Loam,0.05596868884540116,0.06993702353331123,0.13049645390070894,0.08954990215264186,0.11189923765329797,0.2087943262411343,408792.8661,3660517.171
2015,2015-05-01,2015-p09-2,105,61.12,16.72,22.160000000000004,Sandy Clay Loam,0.07606112054329378,0.08355555555555534,0.1599999999999998,0.12169779286927006,0.13368888888888855,0.25599999999999973,408792.8661,3660517.171
2015,2015-05-01,2015-p09-2,135,54.400000000000006,19.439999999999998,26.160000000000004,Sandy Clay Loam,0.07711972731146124,0.09707298999629511,0.1766738660907126,0.123391563698338,0.1553167839940722,0.28267818574514014,408792.8661,3660517.171
2015,2015-05-01,2015-p09-2,165,72.4,7.439999999999998,20.160000000000004,Sandy Clay Loam,0.08168028004667448,0.08215408805031461,0.14004106776180683,0.13068844807467916,0.1314465408805034,0.22406570841889095,408792.8661,3660517.171
2015,2015-05-01,2015-p09-3,15,53.839999999999996,22.72,23.439999999999998,Sandy Clay Loam,0.09015256588072126,0.09758203799654566,0.18496898941992004,0.14424410540915403,0.15613126079447306,0.2959503830718721,408792.3853,3660485.174
2015,2015-05-01,2015-p09-3,45,55.84,18.72,25.439999999999998,Sandy Clay Loam,0.08777656873413109,0.0996726082211714,0.1663537363875328,0.14044250997460975,0.15947617315387425,0.2661659782200525,408792.3853,3660485.174
2015,2015-05-01,2015-p09-3,75,51.12,17.440000000000012,31.439999999999994,Sandy Clay Loam,0.07909362975630617,0.09106830122591916,0.16760017233950886,0.12654980761008988,0.14570928196147068,0.26816027574321416,408792.3853,3660485.174
2015,2015-05-01,2015-p09-3,105,51.12,18.72,30.160000000000004,Sandy Clay Loam,0.07977207977207981,0.09759036144578313,0.17422867513611634,0.1276353276353277,0.156144578313253,0.27876588021778614,408792.3853,3660485.174
2015,2015-05-01,2015-p09-3,135,47.12,20.72,32.160000000000004,Sandy Clay Loam,0.08647798742138348,0.10209235209235229,0.1888059701492538,0.13836477987421356,0.16334776334776369,0.30208955223880607,408792.3853,3660485.174
2015,2015-05-01,2015-p09-3,165,45.12,26.72,28.16,Sandy Clay Loam,0.10329929300864141,0.11375432525951537,0.2127937336814622,0.16527886881382625,0.1820069204152246,0.34046997389033956,408792.3853,3660485.174
2015,2015-05-01,2015-p09-4,15,55.120000000000005,18.72,26.160000000000004,Sandy Clay Loam,0.07519582245430875,0.08961474036850925,0.1822623074032316,0.12031331592689401,0.1433835845896148,0.29161969184517056,408791.8947,3660453.178
2015,2015-05-01,2015-p09-4,45,56.39999999999999,19.439999999999998,24.160000000000004,Sandy Clay Loam,0.07398897058823528,0.09353049907578564,0.17025365103766363,0.11838235294117645,0.14964879852125704,0.2724058416602618,408791.8947,3660453.178
2015,2015-05-01,2015-p09-4,75,58.4,15.439999999999998,26.160000000000004,Sandy Clay Loam,0.08996683250414601,0.10911602209944739,0.19033488766426493,0.14394693200663364,0.17458563535911584,0.3045358202628239,408791.8947,3660453.178
2015,2015-05-01,2015-p09-4,105,48.4,23.439999999999998,28.16,Sandy Clay Loam,0.09798605731990709,0.12315462315462262,0.21589147286821705,0.15677769171185135,0.1970473970473962,0.34542635658914733,408791.8947,3660453.178
2015,2015-05-01,2015-p09-4,135,63.839999999999996,16.72,19.439999999999998,Sandy Loam,0.07930214115781124,0.1044376434583016,0.17988552739166003,0.12688342585249798,0.16710022953328257,0.28781684382665607,408791.8947,3660453.178
2015,2015-05-01,2015-p09-4,165,51.839999999999996,20.72,27.439999999999998,Sandy Clay Loam,0.08910891089108915,0.12145110410094631,0.22951952989975805,0.14257425742574265,0.19432176656151412,0.3672312478396129,408791.8947,3660453.178
2015,2015-05-01,2015-p09-5,15,55.120000000000005,18.72,26.160000000000004,Sandy Clay Loam,0.07619394823186307,0.0953315025500196,0.17069243156199687,0.12191031717098091,0.15253040408003138,0.273107890499195,408791.4305,3660421.181
2015,2015-05-01,2015-p09-5,45,55.120000000000005,16.72,28.16,Sandy Clay Loam,0.09467014535967197,0.11939736346516014,0.19440353460972024,0.15147223257547515,0.19103578154425624,0.3110456553755524,408791.4305,3660421.181
2015,2015-05-01,2015-p09-5,75,51.12,22.72,26.160000000000004,Sandy Clay Loam,0.07738095238095251,0.10116888351471204,0.196027633851468,0.12380952380952402,0.16187021362353926,0.3136442141623488,408791.4305,3660421.181
2015,2015-05-01,2015-p09-5,105,53.12,18.72,28.16,Sandy Clay Loam,0.065348931020573,0.08211974110032334,0.15438324282389437,0.1045582896329168,0.13139158576051735,0.247013188518231,408791.4305,3660421.181
2015,2015-05-01,2015-p09-5,135,59.12,14.719999999999999,26.160000000000004,Sandy Clay Loam,0.06324635117204776,0.07520143240823635,0.12263668880940244,0.10119416187527641,0.12032229185317816,0.1962187020950439,408791.4305,3660421.181
2015,2015-05-01,2015-p09-5,165,57.11999999999999,14.720000000000013,28.16,Sandy Clay Loam,0.06681818181818176,0.08714224690303285,0.1491124260355027,0.10690909090909083,0.13942759504485255,0.23857988165680433,408791.4305,3660421.181
2015,2015-05-01,2015-p10-1,15,51.12,18.72,30.160000000000004,Sandy Clay Loam,0.09391839876828349,0.10551454624402952,0.19255663430420702,0.1502694380292536,0.16882327399044725,0.3080906148867313,408766.9291,3660549.569
2015,2015-05-01,2015-p10-1,45,53.12,18.72,28.16,Sandy Clay Loam,0.0894756142280894,0.0968218773096821,0.15542303391725687,0.14316098276494305,0.15491500369549138,0.248676854267611,408766.9291,3660549.569
2015,2015-05-01,2015-p10-1,75,59.12,16.72,24.160000000000004,Sandy Clay Loam,0.07451125046108459,0.07993197278911576,0.14383875400824556,0.11921800073773535,0.12789115646258523,0.2301420064131929,408766.9291,3660549.569
2015,2015-05-01,2015-p10-1,105,61.12,14.719999999999999,24.160000000000004,Sandy Clay Loam,0.08505425271263586,0.09135896459840115,0.16220600162206,0.1360868043402174,0.14617434335744184,0.259529602595296,408766.9291,3660549.569
2015,2015-05-01,2015-p10-1,135,53.12,22.72,24.160000000000004,Sandy Clay Loam,0.10887397464578678,0.11523244312561812,0.2222222222222222,0.17419835943325887,0.184371909000989,0.35555555555555557,408766.9291,3660549.569
2015,2015-05-01,2015-p10-1,165,43.12,22.72,34.160000000000004,Clay Loam,0.15218216318785538,0.14906580016246962,0.2688888888888888,0.24349146110056863,0.2385052802599514,0.43022222222222206,408766.9291,3660549.569
2015,2015-05-01,2015-p10-2,15,53.12,20.72,26.160000000000004,Sandy Clay Loam,0.09753184713375808,0.1072961373390558,0.18935698447893587,0.15605095541401293,0.1716738197424893,0.3029711751662974,408766.4641,3660517.572
2015,2015-05-01,2015-p10-2,45,54.400000000000006,17.439999999999998,28.16,Sandy Clay Loam,0.1030368763557487,0.10246052148365742,0.1699413995174078,0.1648590021691979,0.16393683437385187,0.2719062392278525,408766.4641,3660517.572
2015,2015-05-01,2015-p10-2,75,66.4,15.439999999999998,18.160000000000004,Sandy Loam,0.06853681861651253,0.07409996504718619,0.13458528951486717,0.10965890978642007,0.11855994407549791,0.2153364632237875,408766.4641,3660517.572
2015,2015-05-01,2015-p10-2,105,72.4,13.439999999999998,14.160000000000004,Sandy Loam,0.04747663551401881,0.050307219662058464,0.11679361624954657,0.0759626168224301,0.08049155145929354,0.1868697859992745,408766.4641,3660517.572
2015,2015-05-01,2015-p10-2,135,68.4,15.439999999999998,16.160000000000004,Sandy Loam,0.058114812189936235,0.05840707964601739,0.1264075553941151,0.09298369950389798,0.09345132743362783,0.2022520886305842,408766.4641,3660517.572
2015,2015-05-01,2015-p10-2,165,60.4,17.439999999999998,22.160000000000004,Sandy Clay Loam,0.078230088495575,0.08708133971291902,0.18400000000000025,0.12516814159292,0.13933014354067044,0.2944000000000004,408766.4641,3660517.572
2015,2015-05-01,2015-p10-3,15,55.120000000000005,20.72,24.160000000000004,Sandy Clay Loam,0.09812458137977201,0.1000454752160074,0.20403264522323605,0.15699933020763523,0.16007276034561185,0.3264522323571777,408765.9923,3660485.576
2015,2015-05-01,2015-p10-3,45,57.11999999999999,16.72,26.160000000000004,Sandy Clay Loam,0.09767925181849646,0.10634920634920633,0.18916700861715222,0.15628680290959435,0.17015873015873015,0.30266721378744355,408765.9923,3660485.576
2015,2015-05-01,2015-p10-3,75,59.12,18.72,22.160000000000004,Sandy Clay Loam,0.11978150604760049,0.12521891418563919,0.23788350377945758,0.1916504096761608,0.20035026269702272,0.3806136060471321,408765.9923,3660485.576
2015,2015-05-01,2015-p10-3,105,51.12,18.72,30.160000000000004,Sandy Clay Loam,0.11569925983638481,0.12722535822839806,0.2263529411764707,0.1851188157382157,0.2035605731654369,0.36216470588235317,408765.9923,3660485.576
2015,2015-05-01,2015-p10-3,135,37.12,20.72,42.160000000000004,Clay,0.10771113831089352,0.1288065843621397,0.251038301799723,0.17233782129742964,0.20609053497942353,0.40166128287955677,408765.9923,3660485.576
2015,2015-05-01,2015-p10-3,165,53.12,6.0,40.88,Sandy Clay,0.15277777777777785,0.14211886304909616,0.270616770616771,0.24444444444444458,0.22739018087855387,0.4329868329868336,408765.9923,3660485.576
2015,2015-05-01,2015-p10-4,15,57.11999999999999,14.720000000000013,28.16,Sandy Clay Loam,0.08892355694227745,0.11789772727272738,0.19249028916702635,0.14227769110764393,0.18863636363636382,0.30798446266724216,408765.48,3660453.579
2015,2015-05-01,2015-p10-4,45,63.12,10.719999999999999,26.160000000000004,Sandy Clay Loam,0.08275357012083452,0.10390516039051566,0.15874263261296656,0.13240571219333525,0.16624825662482506,0.2539882121807465,408765.48,3660453.579
2015,2015-05-01,2015-p10-4,75,65.12,12.719999999999999,22.160000000000004,Sandy Clay Loam,0.084859813084112,0.10710498409331924,0.19034205231388315,0.13577570093457922,0.1713679745493108,0.30454728370221307,408765.48,3660453.579
2015,2015-05-01,2015-p10-4,105,55.120000000000005,16.72,28.16,Sandy Clay Loam,0.09442216551221301,0.12286821705426335,0.2205558006175563,0.15107546481954082,0.19658914728682136,0.35288928098809014,408765.48,3660453.579
2015,2015-05-01,2015-p10-4,135,63.12,12.719999999999999,24.160000000000004,Sandy Clay Loam,0.08820286659316397,0.09909909909909914,0.18885191347753771,0.14112458654906235,0.15855855855855863,0.30216306156406036,408765.48,3660453.579
2015,2015-05-01,2015-p10-4,165,51.12,12.719999999999999,36.160000000000004,Sandy Clay,0.09975369458128078,0.1308016877637133,0.2530626531326567,0.15960591133004925,0.20928270042194128,0.40490024501225075,408765.48,3660453.579
2015,2015-05-01,2015-p10-5,15,55.120000000000005,12.719999999999999,32.160000000000004,Sandy Clay Loam,0.08160564622849587,0.11967545638945247,0.18067590987868293,0.13056903396559338,0.19148073022312395,0.2890814558058927,408765.01639999996,3660421.582
2015,2015-05-01,2015-p10-5,45,55.84,14.0,30.160000000000004,Sandy Clay Loam,0.06934306569343099,0.09784815265935867,0.1546347714651854,0.11094890510948958,0.15655704425497388,0.24741563434429664,408765.01639999996,3660421.582
2015,2015-05-01,2015-p10-5,75,67.84,10.0,22.160000000000004,Sandy Clay Loam,0.05232950708980432,0.06505771248688376,0.10050675675675685,0.08372721134368692,0.10409233997901401,0.16081081081081097,408765.01639999996,3660421.582
2015,2015-05-01,2015-p10-5,105,73.84,8.0,18.160000000000004,Sandy Loam,0.042967438737831515,0.05612594113620809,0.09276895943562594,0.06874790198053042,0.08980150581793295,0.14843033509700151,408765.01639999996,3660421.582
2015,2015-05-01,2015-p10-5,135,76.4,9.439999999999998,14.160000000000004,Sandy Loam,0.04105571847507348,0.05323450134770933,0.09789259007477892,0.06568914956011757,0.08517520215633494,0.1566281441196463,408765.01639999996,3660421.582
2015,2015-05-01,2015-p10-5,165,71.12,8.719999999999999,20.160000000000004,Sandy Clay Loam,0.04447794949114183,0.05701754385964905,0.11495116453794148,0.07116471918582694,0.09122807017543849,0.18392186326070636,408765.01639999996,3660421.582
2015,2015-05-01,2015-p11-1,15,56.39999999999999,12.719999999999999,30.880000000000003,Sandy Clay Loam,0.09173553719008258,0.11416781292984877,0.17679305619004096,0.14677685950413213,0.18266850068775806,0.28286888990406556,408680.689,3660550.8809999996
2015,2015-05-01,2015-p11-1,45,60.4,8.719999999999999,30.880000000000003,Sandy Clay Loam,0.08926204153778183,0.11869548729616998,0.15957913195966683,0.14281926646045093,0.189912779673872,0.25532661113546695,408680.689,3660550.8809999996
2015,2015-05-01,2015-p11-1,75,63.12,6.719999999999999,30.160000000000004,Sandy Clay Loam,0.08697571743929354,0.10660792951541856,0.14765657403566965,0.13916114790286968,0.1705726872246697,0.23625051845707146,408680.689,3660550.8809999996
2015,2015-05-01,2015-p11-1,105,61.12,8.719999999999999,30.160000000000004,Sandy Clay Loam,0.08574007220216634,0.10232558139534884,0.1549912434325744,0.13718411552346615,0.16372093023255815,0.24798598949211903,408680.689,3660550.8809999996
2015,2015-05-01,2015-p11-1,135,57.11999999999999,12.719999999999999,30.160000000000004,Sandy Clay Loam,0.087726697595951,0.10291262135922354,0.16828358208955213,0.1403627161535216,0.16466019417475766,0.2692537313432834,408680.689,3660550.8809999996
2015,2015-05-01,2015-p11-1,165,49.12,14.719999999999999,36.160000000000004,Sandy Clay ,0.09423407917383812,0.122322899505766,0.20539798719121727,0.150774526678141,0.1957166392092256,0.32863677950594766,408680.689,3660550.8809999996
2015,2015-05-01,2015-p11-2,15,52.400000000000006,15.439999999999998,32.160000000000004,Sandy Clay Loam,0.09721608484312841,0.11893939393939396,0.19268635724331923,0.15554573574900546,0.19030303030303033,0.3082981715893108,408680.2029,3660518.884
2015,2015-05-01,2015-p11-2,45,52.400000000000006,15.439999999999998,32.160000000000004,Sandy Clay Loam,0.0976543800861656,0.11502782931354379,0.17967479674796724,0.15624700813786496,0.18404452690167006,0.2874796747967476,408680.2029,3660518.884
2015,2015-05-01,2015-p11-2,75,66.4,9.439999999999998,24.160000000000004,Sandy Clay Loam,0.060312104597216656,0.07188160676532766,0.14671403197158092,0.09649936735554665,0.11501057082452426,0.2347424511545295,408680.2029,3660518.884
2015,2015-05-01,2015-p11-2,105,68.4,9.439999999999998,22.160000000000004,Sandy Clay Loam,0.05564325177584832,0.06776180698151976,0.14259992797983437,0.08902920284135732,0.10841889117043163,0.228159884767735,408680.2029,3660518.884
2015,2015-05-01,2015-p11-2,135,74.4,8.719999999999999,16.880000000000003,Sandy Loam,0.06298381421534129,0.07113821138211375,0.10629370629370599,0.10077410274454607,0.11382113821138201,0.1700699300699296,408680.2029,3660518.884
2015,2015-05-01,2015-p11-2,165,58.4,12.719999999999999,28.88,Sandy Clay Loam,0.08693860733415736,0.10701754385964904,0.18206521739130416,0.13910177173465177,0.17122807017543848,0.29130434782608666,408680.2029,3660518.884
2015,2015-05-01,2015-p11-3,15,53.12,12.719999999999999,34.160000000000004,Sandy Clay Loam,0.09288943690916554,0.10932835820895495,0.20161290322580644,0.14862309905466486,0.17492537313432793,0.3225806451612903,408679.7047,3660486.888
2015,2015-05-01,2015-p11-3,45,53.12,12.719999999999999,34.160000000000004,Sandy Clay Loam,0.09996256083863728,0.12659744408945697,0.19842373667130278,0.15994009734181966,0.20255591054313116,0.31747797867408445,408679.7047,3660486.888
2015,2015-05-01,2015-p11-3,75,49.12,22.72,28.16,Sandy Clay Loam,0.11186440677966106,0.13607748184019383,0.21650767316466193,0.1789830508474577,0.21772397094431015,0.3464122770634591,408679.7047,3660486.888
2015,2015-05-01,2015-p11-3,105,45.12,20.72,34.160000000000004,Sandy Clay Loam,0.11390416339355847,0.12975285171102646,0.20944087992667282,0.18224666142969356,0.20760456273764236,0.3351054078826765,408679.7047,3660486.888
2015,2015-05-01,2015-p11-3,135,45.12,22.72,32.160000000000004,Sandy Clay Loam,0.12184508268059167,0.13888888888888878,0.2470760233918125,0.1949521322889467,0.22222222222222207,0.3953216374269,408679.7047,3660486.888
2015,2015-05-01,2015-p11-3,165,47.12,14.719999999999999,38.160000000000004,Sandy Clay,0.1694915254237289,0.15542652970075943,0.2732119058196356,0.2711864406779662,0.2486824475212151,0.437139049311417,408679.7047,3660486.888
2015,2015-05-01,2015-p11-4,15,53.12,18.72,28.16,Sandy Clay Loam,0.08568120416827477,0.10767376456408195,0.19264521521103212,0.13708992666923964,0.17227802330253114,0.3082323443376514,408679.2134,3660454.891
2015,2015-05-01,2015-p11-4,45,55.120000000000005,16.72,28.16,Sandy Clay Loam,0.09041195771053606,0.11686586985391768,0.1834345186470077,0.1446591323368577,0.1869853917662683,0.2934952298352123,408679.2134,3660454.891
2015,2015-05-01,2015-p11-4,75,53.12,18.72,28.16,Sandy Clay Loam,0.08602540834845752,0.11376518218623521,0.20826893353941267,0.13764065335753203,0.18202429149797636,0.3332302936630603,408679.2134,3660454.891
2015,2015-05-01,2015-p11-4,105,55.120000000000005,12.719999999999999,32.160000000000004,Sandy Clay Loam,0.07706626954579272,0.11629955947136533,0.1824849007765317,0.12330603127326836,0.18607929515418453,0.29197584124245074,408679.2134,3660454.891
2015,2015-05-01,2015-p11-4,135,59.12,10.719999999999999,30.160000000000004,Sandy Clay Loam,0.07469026548672564,0.08929862617498188,0.18325617283950618,0.11950442477876103,0.142877801879971,0.2932098765432099,408679.2134,3660454.891
2015,2015-05-01,2015-p11-4,165,63.12,10.719999999999999,26.160000000000004,Sandy Clay Loam,0.07181328545780971,0.08587915818058338,0.1774856203779787,0.11490125673249554,0.1374066530889334,0.2839769926047659,408679.2134,3660454.891
2015,2015-05-01,2015-p11-5,15,55.120000000000005,16.72,28.16,Sandy Clay Loam,0.08308383233532933,0.10643464184540682,0.16895874263261287,0.13293413173652693,0.17029542695265093,0.27033398821218063,408678.73640000005,3660422.894
2015,2015-05-01,2015-p11-5,45,57.11999999999999,18.72,24.160000000000004,Sandy Clay Loam,0.07361111111111128,0.0868965517241378,0.13893581081081077,0.11777777777777805,0.1390344827586205,0.22229729729729725,408678.73640000005,3660422.894
2015,2015-05-01,2015-p11-5,75,55.120000000000005,12.719999999999999,32.160000000000004,Sandy Clay Loam,0.07060390763765557,0.09185185185185217,0.1753686727779991,0.11296625222024892,0.1469629629629635,0.2805898764447986,408678.73640000005,3660422.894
2015,2015-05-01,2015-p11-5,105,55.120000000000005,14.719999999999999,30.160000000000004,Sandy Clay Loam,0.07825203252032527,0.08516483516483514,0.14689475641502428,0.12520325203252045,0.13626373626373622,0.23503161026403885,408678.73640000005,3660422.894
2015,2015-05-01,2015-p11-5,135,57.11999999999999,10.719999999999999,32.160000000000004,Sandy Clay Loam,0.07507408626934481,0.0836079077429984,0.14939852541715148,0.1201185380309517,0.13377265238879743,0.23903764066744237,408678.73640000005,3660422.894
2015,2015-05-01,2015-p11-5,165,51.12,12.719999999999999,36.160000000000004,Sandy Clay,0.08299503834009939,0.1154674709177082,0.2280974598237428,0.13279206134415902,0.18474795346833314,0.3649559357179885,408678.73640000005,3660422.894
