Year,SOIL_DATE,Core,Depth,SLSND,SLSLT,SLCLY,SLTX,GWC15,GWC05,GWC.3,SLWP1,SLWP2,SLFC1,UTMX,UTMY
2009,2009-05-01,2009-p01-1,15.0,66.56,18.0,15.439999999999998,Sandy Loam,0.06231454005934717,0.08810888252148974,0.1456310679611651,0.09970326409495547,0.1409742120343836,0.23300970873786417,407590.45999999973,3659870.000000003
2009,2009-05-01,2009-p01-1,45.0,68.56,16.0,15.439999999999998,Sandy Loam,0.055539812978180614,0.0750622554251156,0.1284019539427775,0.08886370076508898,0.12009960868018497,0.20544312630844402,407590.45999999973,3659870.000000003
2009,2009-05-01,2009-p01-1,75.0,68.2,18.36,13.439999999999996,Sandy Loam,0.07550561797752808,0.11638853230637566,0.20478858889454934,0.12080898876404494,0.18622165169020108,0.327661742231279,407590.45999999973,3659870.000000003
2009,2009-05-01,2009-p01-1,105.0,56.04,19.799999999999997,24.160000000000004,Sandy Clay Loam,0.0759740259740261,0.09904270986745206,0.16260162601625983,0.12155844155844175,0.1584683357879233,0.26016260162601573,407590.45999999973,3659870.000000003
2009,2009-05-01,2009-p01-1,135.0,56.39999999999999,21.80000000000001,21.8,Sandy Clay Loam,0.07532701849345938,0.10115505775288713,0.17008130081300832,0.12052322958953501,0.16184809240461942,0.27213008130081334,407590.45999999973,3659870.000000003
2009,2009-05-01,2009-p01-1,165.0,60.4,17.799999999999997,21.8,Sandy Clay Loam,0.07621951219512195,0.10587853199090631,0.18045935107546499,0.12195121951219512,0.16940565118545012,0.288734961720744,407590.45999999973,3659870.000000003
2009,2009-05-01,2009-p01-2,15.0,63.67999999999999,17.760000000000005,18.560000000000002,Sandy Loam,0.06732295966973656,0.08146358301691402,0.14575033200531212,0.1077167354715785,0.13034173282706243,0.2332005312084994,407590.45999999973,3659896.500000003
2009,2009-05-01,2009-p01-2,45.0,70.03999999999999,13.760000000000005,16.2,Sandy Loam,0.05169776690119296,0.06702593465813411,0.12500000000000008,0.08271642704190874,0.10724149545301459,0.20000000000000015,407590.45999999973,3659896.500000003
2009,2009-05-01,2009-p01-2,75.0,76.4,9.399999999999991,14.2,Sandy Loam,0.04402742692168889,0.052376333656644194,0.1100190234622701,0.07044388307470223,0.08380213385063072,0.17603043753963218,407590.45999999973,3659896.500000003
2009,2009-05-01,2009-p01-2,105.0,66.4,13.039999999999992,20.560000000000002,Sandy Clay Loam,0.06396307286514993,0.08577194752774965,0.14807813484562077,0.1023409165842399,0.13723511604439945,0.23692501575299324,407590.45999999973,3659896.500000003
2009,2009-05-01,2009-p01-2,135.0,50.4,25.039999999999992,24.560000000000002,Sandy Clay Loam,0.08711174580506954,0.11321416053277213,0.20287316047652384,0.13937879328811129,0.1811426568524354,0.32459705676243816,407590.45999999973,3659896.500000003
2009,2009-05-01,2009-p01-2,165.0,64.4,17.039999999999992,18.560000000000002,Sandy Loam,0.07084078711985704,0.08228840125391855,0.16013437849944004,0.11334525939177127,0.1316614420062697,0.2562150055991041,407590.45999999973,3659896.500000003
2009,2009-05-01,2009-p01-3,15.0,64.4,15.039999999999992,20.560000000000002,Sandy Clay Loam,0.0808876163206874,0.0992310508971073,0.15221177290142823,0.12942018611309986,0.1587696814353717,0.24353883664228518,407590.45999999973,3659923.000000003
2009,2009-05-01,2009-p01-3,45.0,60.4,15.039999999999992,24.560000000000002,Sandy Clay Loam,0.08982683982684016,0.10767980495733465,0.1710743801652893,0.14372294372294425,0.17228768793173543,0.2737190082644629,407590.45999999973,3659923.000000003
2009,2009-05-01,2009-p01-3,75.0,76.03999999999999,9.400000000000006,14.560000000000004,Sandy Loam,0.05134150380920825,0.05790645879732721,0.11372207716855241,0.08214640609473321,0.09265033407572354,0.18195532346968388,407590.45999999973,3659923.000000003
2009,2009-05-01,2009-p01-3,105.0,35.67999999999999,25.760000000000005,38.56,Clay Loam,0.11555555555555573,0.14392324093816594,0.23544384346166067,0.18488888888888919,0.23027718550106552,0.3767101495386571,407590.45999999973,3659923.000000003
2009,2009-05-01,2009-p01-3,135.0,58.76,18.680000000000007,22.560000000000002,Sandy Clay Loam,0.09394269133115717,0.11120297643654425,0.17578439259855178,0.15030830612985147,0.17792476229847082,0.28125502815768283,407590.45999999973,3659923.000000003
2009,2009-05-01,2009-p01-3,165.0,60.760000000000005,18.679999999999993,20.560000000000002,Sandy Clay Loam,0.07904689863842676,0.0946196660482374,0.15978795910639906,0.1264750378214828,0.15139146567717987,0.2556607345702385,407590.45999999973,3659923.000000003
2009,2009-05-01,2009-p01-4,15.0,62.4,15.439999999999998,22.160000000000004,Sandy Clay Loam,0.0835791543756147,0.09980198019801964,0.15942549371633746,0.13372664700098352,0.15968316831683144,0.25508078994614,407590.45999999973,3659949.500000003
2009,2009-05-01,2009-p01-4,45.0,68.4,13.439999999999998,18.160000000000004,Sandy Loam,0.06277463904582548,0.0748059280169371,0.12727272727272726,0.10043942247332077,0.11968948482709936,0.20363636363636362,407590.45999999973,3659949.500000003
2009,2009-05-01,2009-p01-4,75.0,62.4,21.439999999999998,16.160000000000004,Sandy Loam,0.0678353658536586,0.08512213175425627,0.1693489392831015,0.10853658536585375,0.13619541080681005,0.2709583028529624,407590.45999999973,3659949.500000003
2009,2009-05-01,2009-p01-4,105.0,54.04,17.439999999999998,28.52,Sandy Clay Loam,0.08538011695906438,0.09764918625678104,0.17197898423817878,0.136608187134503,0.15623869801084966,0.2751663747810861,407590.45999999973,3659949.500000003
2009,2009-05-01,2009-p01-4,135.0,63.67999999999999,15.800000000000011,20.520000000000003,Sandy Clay Loam,0.06541725601131548,0.08113590263691654,0.15463917525773208,0.10466760961810478,0.12981744421906646,0.24742268041237134,407590.45999999973,3659949.500000003
2009,2009-05-01,2009-p01-4,165.0,66.03999999999999,17.80000000000001,16.160000000000004,Sandy Loam,0.0694209278699629,0.08568479008947014,0.1349605168700648,0.11107348459194065,0.13709566414315222,0.2159368269921037,407590.45999999973,3659949.500000003
2009,2009-05-01,2009-p01-5,15.0,58.4,17.039999999999992,24.560000000000002,Sandy Clay Loam,0.10368098159509188,0.1171797418073484,0.2017654476670867,0.16588957055214704,0.18748758689175746,0.3228247162673388,407590.45999999973,3659976.000000003
2009,2009-05-01,2009-p01-5,45.0,60.4,15.039999999999992,24.560000000000002,Sandy Clay Loam,0.0948484848484847,0.10914826498422717,0.19762972453555394,0.15175757575757554,0.17463722397476347,0.3162075592568863,407590.45999999973,3659976.000000003
2009,2009-05-01,2009-p01-5,75.0,70.4,13.039999999999992,16.560000000000002,Sandy Loam,0.06824224519940922,0.08053508053508061,0.16042154566744743,0.10918759231905475,0.128856128856129,0.2566744730679159,407590.45999999973,3659976.000000003
2009,2009-05-01,2009-p01-5,105.0,64.03999999999999,13.400000000000006,22.560000000000002,Sandy Clay Loam,0.07101316192225307,0.08285280728376318,0.16838386811892841,0.11362105907560492,0.1325644916540211,0.26941418899028546,407590.45999999973,3659976.000000003
2009,2009-05-01,2009-p01-5,135.0,62.4,17.039999999999992,20.560000000000002,Sandy Clay Loam,0.08917589175891777,0.10840707964601747,0.2082148499210107,0.14268142681426843,0.17345132743362796,0.3331437598736171,407590.45999999973,3659976.000000003
2009,2009-05-01,2009-p01-5,165.0,58.4,17.039999999999992,24.560000000000002,Sandy Clay Loam,0.09283819628647207,0.10888738127544074,0.2162162162162162,0.14854111405835532,0.1742198100407052,0.34594594594594597,407590.45999999973,3659976.000000003
2009,2009-05-01,2009-p01-6,15.0,55.67999999999999,17.760000000000005,26.56,Sandy Clay Loam,0.11502493765586029,0.1340371081254003,0.2288033674082982,0.18403990024937647,0.21445937300064047,0.36608538785327716,407590.45999999973,3660002.500000003
2009,2009-05-01,2009-p01-6,45.0,56.04,15.400000000000006,28.560000000000002,Sandy Clay Loam,0.10006064281382691,0.12274774774774772,0.19386503067484637,0.16009702850212307,0.19639639639639636,0.3101840490797542,407590.45999999973,3660002.500000003
2009,2009-05-01,2009-p01-6,75.0,55.120000000000005,24.679999999999993,20.2,Sandy Clay Loam,0.09254267744833794,0.12017167381974217,0.20036708473539322,0.1480682839173407,0.1922746781115875,0.32058733557662916,407590.45999999973,3660002.500000003
2009,2009-05-01,2009-p01-6,105.0,55.67999999999999,19.760000000000005,24.560000000000002,Sandy Clay Loam,0.08254065664314245,0.10691642651296855,0.17251635930993445,0.13206505062902793,0.1710662824207497,0.27602617489589515,407590.45999999973,3660002.500000003
2009,2009-05-01,2009-p01-6,135.0,61.67999999999999,13.400000000000006,24.920000000000005,Sandy Clay Loam,0.07901554404145071,0.09938650306748449,0.16676136363636376,0.12642487046632114,0.1590184049079752,0.266818181818182,407590.45999999973,3660002.500000003
2009,2009-05-01,2009-p01-6,165.0,73.67999999999999,11.400000000000006,14.920000000000005,Sandy Loam,0.054964539007092174,0.07340759782919187,0.12191103789126849,0.08794326241134748,0.117452156526707,0.19505766062602958,407590.45999999973,3660002.500000003
2009,2009-05-01,2009-p01-7,15.0,57.68,21.39999999999999,20.920000000000005,Sandy Clay Loam,0.0995915802701854,0.12156418248795711,0.18762532225723322,0.15934652843229666,0.1945026919807314,0.3002005156115732,407590.45999999973,3660029.000000003
2009,2009-05-01,2009-p01-7,45.0,53.67999999999999,17.760000000000005,28.560000000000002,Sandy Clay Loam,0.10057384475989121,0.11817916545083156,0.1833785004516713,0.16091815161582596,0.1890866647213305,0.29340560072267413,407590.45999999973,3660029.000000003
2009,2009-05-01,2009-p01-7,75.0,57.68,19.75999999999999,22.560000000000002,Sandy Clay Loam,0.08567119155354459,0.10448222565687773,0.17247650803273762,0.13707390648567136,0.1671715610510044,0.2759624128523802,407590.45999999973,3660029.000000003
2009,2009-05-01,2009-p01-7,105.0,53.67999999999999,21.760000000000005,24.560000000000002,Sandy Clay Loam,0.07584448693435296,0.0935672514619885,0.16717417783191257,0.12135117909496473,0.1497076023391816,0.2674786845310601,407590.45999999973,3660029.000000003
2009,2009-05-01,2009-p01-7,135.0,64.4,17.039999999999992,18.560000000000002,Sandy Loam,0.07073416024136774,0.08494453248811434,0.15025290092234445,0.11317465638618839,0.13591125198098294,0.24040464147575114,407590.45999999973,3660029.000000003
2009,2009-05-01,2009-p01-7,165.0,62.4,19.039999999999992,18.560000000000002,Sandy Loam,0.07115869017632256,0.08983926521239942,0.16135084427767343,0.11385390428211611,0.14374282433983906,0.2581613508442775,407590.45999999973,3660029.000000003
2009,2009-05-01,2009-p02-1,15.0,65.67999999999999,18.159999999999997,16.160000000000004,Sandy Loam,0.06776859504132235,0.0744584837545129,0.10866910866910874,0.10842975206611577,0.11913357400722065,0.173870573870574,407576.23599999974,3659870.000000003
2009,2009-05-01,2009-p02-1,45.0,51.67999999999999,32.16,16.160000000000004,Sandy Loam,0.06386795837818447,0.0770072992700727,0.13751868460388667,0.10218873340509516,0.12321167883211633,0.22002989536621867,407576.23599999974,3659870.000000003
2009,2009-05-01,2009-p02-1,75.0,50.4,33.44,16.160000000000004,Sandy Loam,0.0713218820014938,0.08589385474860363,0.15538336052202295,0.11411501120239008,0.1374301675977658,0.24861337683523674,407576.23599999974,3659870.000000003
2009,2009-05-01,2009-p02-1,105.0,63.67999999999999,14.159999999999997,22.160000000000004,Sandy Clay Loam,0.07664989641905902,0.08270449743434982,0.11196417146513114,0.12263983427049444,0.13232719589495973,0.17914267434420983,407576.23599999974,3659870.000000003
2009,2009-05-01,2009-p02-1,135.0,61.67999999999999,18.159999999999997,20.160000000000004,Sandy Clay Loam,0.07576276996914641,0.08105107327905248,0.11964219157659367,0.12122043195063426,0.12968171724648397,0.1914275065225499,407576.23599999974,3659870.000000003
2009,2009-05-01,2009-p02-1,165.0,55.67999999999999,22.159999999999997,22.160000000000004,Sandy Clay Loam,0.08769544527532283,0.09980366492146586,0.15225424981522562,0.14031271244051655,0.15968586387434539,0.243606799704361,407576.23599999974,3659870.000000003
2009,2009-05-01,2009-p02-2,15.0,63.67999999999999,19.040000000000006,17.28,Sandy Loam,0.06974128233970751,0.07658556043079387,0.10603074497437907,0.11158605174353203,0.1225368966892702,0.16964919195900652,407576.23599999974,3659896.500000003
2009,2009-05-01,2009-p02-2,45.0,65.67999999999999,15.040000000000006,19.28,Sandy Loam,0.07052733743125178,0.07511581733951062,0.10475875743555858,0.11284373989000285,0.12018530774321699,0.16761401189689373,407576.23599999974,3659896.500000003
2009,2009-05-01,2009-p02-2,75.0,66.4,18.679999999999993,14.920000000000005,Sandy Loam,0.063384615384615,0.06765851930570302,0.101261620185923,0.101415384615384,0.10825363088912483,0.1620185922974768,407576.23599999974,3659896.500000003
2009,2009-05-01,2009-p02-2,105.0,54.400000000000006,16.679999999999993,28.920000000000005,Sandy Clay Loam,0.08562691131498507,0.09122269068608674,0.1293673276676107,0.13700305810397612,0.1459563050977388,0.20698772426817713,407576.23599999974,3659896.500000003
2009,2009-05-01,2009-p02-2,135.0,61.67999999999999,15.400000000000006,22.920000000000005,Sandy Clay Loam,0.07490374518725938,0.08078199926226474,0.1074289876183538,0.11984599229961501,0.1292511988196236,0.17188638018936608,407576.23599999974,3659896.500000003
2009,2009-05-01,2009-p02-2,165.0,61.67999999999999,19.400000000000006,18.920000000000005,Sandy Loam,0.07660910518053368,0.09420547458229671,0.1486692015209127,0.1225745682888539,0.15072875933167473,0.23787072243346033,407576.23599999974,3659896.500000003
2009,2009-05-01,2009-p02-3,15.0,66.03999999999999,13.040000000000006,20.920000000000005,Sandy Clay Loam,0.07737478411053574,0.0903897849462367,0.12117903930130997,0.12379965457685718,0.14462365591397872,0.19388646288209596,407576.23599999974,3659923.000000003
2009,2009-05-01,2009-p02-3,45.0,67.67999999999999,13.400000000000006,18.920000000000005,Sandy Loam,0.07023289665211034,0.07708479327259944,0.09694080254270948,0.11237263464337655,0.12333566923615912,0.15510528406833518,407576.23599999974,3659923.000000003
2009,2009-05-01,2009-p02-3,75.0,79.67999999999999,9.400000000000006,10.920000000000005,Sandy Loam,0.044771542471634715,0.05058479532163712,0.07169344870210113,0.07163446795461555,0.0809356725146194,0.11470951792336181,407576.23599999974,3659923.000000003
2009,2009-05-01,2009-p02-3,105.0,65.67999999999999,15.400000000000006,18.920000000000005,Sandy Loam,0.07886323268206034,0.08966244725738387,0.13874614594039045,0.12618117229129655,0.1434599156118142,0.22199383350462473,407576.23599999974,3659923.000000003
2009,2009-05-01,2009-p02-3,135.0,24.039999999999992,39.400000000000006,36.56,Clay Loam,0.1393291559159602,0.15831244778613232,0.2589838909541513,0.22292664946553634,0.25329991645781175,0.4143742255266421,407576.23599999974,3659923.000000003
2009,2009-05-01,2009-p02-3,165.0,61.67999999999999,15.760000000000005,22.560000000000002,Sandy Clay Loam,0.08230601885424207,0.09639909977494376,0.16266375545851527,0.13168963016678734,0.15423855963991004,0.26026200873362443,407576.23599999974,3659923.000000003
2009,2009-05-01,2009-p02-4,15.0,63.67999999999999,16.159999999999997,20.160000000000004,Sandy Clay Loam,0.08755928493250634,0.09133071708883347,0.14843750000000025,0.14009485589201015,0.14612914734213356,0.2375000000000004,407576.23599999974,3659949.500000003
2009,2009-05-01,2009-p02-4,45.0,63.67999999999999,14.159999999999997,22.160000000000004,Sandy Clay Loam,0.0808848945731076,0.09326955927570882,0.14975677553856853,0.12941583131697218,0.14923129484113412,0.23961084086170967,407576.23599999974,3659949.500000003
2009,2009-05-01,2009-p02-4,75.0,68.03999999999999,13.800000000000011,18.160000000000004,Sandy Loam,0.060595686408764234,0.0733127783487496,0.1312565628281414,0.09695309825402278,0.11730044535799936,0.21001050052502626,407576.23599999974,3659949.500000003
2009,2009-05-01,2009-p02-4,105.0,80.03999999999999,7.800000000000011,12.160000000000002,Sandy Loam,0.041681510509440745,0.04426345609065155,0.07613168724279831,0.0666904168151052,0.07082152974504248,0.1218106995884773,407576.23599999974,3659949.500000003
2009,2009-05-01,2009-p02-4,135.0,69.67999999999999,14.159999999999997,16.160000000000004,Sandy Loam,0.06912122264675266,0.07185840707964605,0.1203566121842494,0.11059395623480427,0.1149734513274337,0.19257057949479905,407576.23599999974,3659949.500000003
2009,2009-05-01,2009-p02-4,165.0,69.67999999999999,14.159999999999997,16.160000000000004,Sandy Loam,0.0695224719101125,0.07491613865076399,0.12987477638640466,0.11123595505618,0.1198658218412224,0.20779964221824745,407576.23599999974,3659949.500000003
2009,2009-05-01,2009-p02-5,15.0,58.4,19.039999999999992,22.560000000000002,Sandy Clay Loam,0.08041958041958072,0.09517335146159066,0.15905127310777822,0.12867132867132916,0.15227736233854505,0.25448203697244515,407576.23599999974,3659976.000000003
2009,2009-05-01,2009-p02-5,45.0,59.679999999999986,15.76000000000002,24.560000000000002,Sandy Clay Loam,0.07531380753138062,0.09439728353140894,0.13662604233482994,0.120502092050209,0.15103565365025431,0.21860166773572792,407576.23599999974,3659976.000000003
2009,2009-05-01,2009-p02-5,75.0,65.67999999999999,15.760000000000005,18.560000000000002,Sandy Loam,0.05397727272727252,0.0672294241784742,0.1273990734612837,0.08636363636363603,0.10756707868555873,0.20383851753805393,407576.23599999974,3659976.000000003
2009,2009-05-01,2009-p02-5,105.0,69.67999999999999,11.760000000000005,18.560000000000002,Sandy Loam,0.0702776825505658,0.0692331574045329,0.11262912362545803,0.11244429208090528,0.11077305184725264,0.18020659780073287,407576.23599999974,3659976.000000003
2009,2009-05-01,2009-p02-5,135.0,69.67999999999999,11.760000000000005,18.560000000000002,Sandy Loam,0.0687107499076468,0.0807679576299238,0.14584634603372895,0.1099371998522349,0.1292287322078781,0.23335415365396633,407576.23599999974,3659976.000000003
2009,2009-05-01,2009-p02-5,165.0,59.679999999999986,17.76000000000002,22.560000000000002,Sandy Clay Loam,0.09149855907781007,0.10170092133238855,0.166546503244412,0.1463976945244961,0.1627214741318217,0.2664744051910592,407576.23599999974,3659976.000000003
2009,2009-05-01,2009-p02-6,15.0,53.67999999999999,19.760000000000005,26.56,Sandy Clay Loam,0.08399423215573174,0.10187040748163008,0.16561403508771944,0.13439077144917078,0.16299265197060814,0.2649824561403511,407576.23599999974,3660002.500000003
2009,2009-05-01,2009-p02-6,45.0,59.679999999999986,15.76000000000002,24.560000000000002,Sandy Clay Loam,0.051557093425605605,0.09919839679358738,0.15382145150931298,0.08249134948096898,0.15871743486973983,0.24611432241490078,407576.23599999974,3660002.500000003
2009,2009-05-01,2009-p02-6,75.0,72.03999999999999,13.400000000000006,14.560000000000004,Sandy Loam,0.048224177256435456,0.05792163543441235,0.0989220038046926,0.07715868361029674,0.09267461669505977,0.15827520608750817,407576.23599999974,3660002.500000003
2009,2009-05-01,2009-p02-6,105.0,70.03999999999999,13.400000000000006,16.560000000000002,Sandy Loam,0.05823730924945492,0.06060606060606073,0.09115281501340487,0.09317969479912788,0.09696969696969718,0.1458445040214478,407576.23599999974,3660002.500000003
2009,2009-05-01,2009-p02-6,135.0,69.67999999999999,11.760000000000005,18.560000000000002,Sandy Loam,0.07664826242286465,0.07852564102564112,0.11362792424805061,0.12263721987658345,0.1256410256410258,0.181804678796881,407576.23599999974,3660002.500000003
2009,2009-05-01,2009-p02-6,165.0,57.68,19.75999999999999,22.560000000000002,Sandy Clay Loam,0.09149440867502552,0.10580836108028115,0.18355776045357902,0.14639105388004084,0.16929337772844985,0.29369241672572644,407576.23599999974,3660002.500000003
2009,2009-05-01,2009-p02-7,15.0,58.4,17.400000000000006,24.2,Sandy Clay Loam,0.0852192362093351,0.10132001427042413,0.1697327316903853,0.13635077793493616,0.16211202283267862,0.2715723707046165,407576.23599999974,3660029.000000003
2009,2009-05-01,2009-p02-7,45.0,53.67999999999999,16.120000000000005,30.2,Sandy Clay Loam,0.09252539912917314,0.10844177510844176,0.17789757412398882,0.14804063860667702,0.17350684017350682,0.2846361185983821,407576.23599999974,3660029.000000003
2009,2009-05-01,2009-p02-7,75.0,57.68,18.120000000000005,24.2,Sandy Clay Loam,0.07126050420168084,0.09157127991675315,0.1556087551299591,0.11401680672268935,0.14651404786680505,0.24897400820793456,407576.23599999974,3660029.000000003
2009,2009-05-01,2009-p02-7,105.0,55.67999999999999,22.120000000000005,22.2,Sandy Clay Loam,0.07794965119805909,0.08580223162754921,0.16666666666666663,0.12471944191689455,0.13728357060407875,0.2666666666666666,407576.23599999974,3660029.000000003
2009,2009-05-01,2009-p02-7,135.0,49.839999999999996,29.599999999999994,20.560000000000002,Sandy Clay Loam,0.07177033492822979,0.09138911454102355,0.17786286112077965,0.11483253588516767,0.1462225832656377,0.28458057779324747,407576.23599999974,3660029.000000003
2009,2009-05-01,2009-p02-7,165.0,55.84,25.599999999999994,18.560000000000002,Sandy Loam,0.08720706876680767,0.1039874902267395,0.1668584579976989,0.13953131002689229,0.16637998436278323,0.26697353279631825,407576.23599999974,3660029.000000003
2009,2009-05-01,2009-p03-1,15.0,65.84,18.0,16.160000000000004,Sandy Loam,0.07142857142857129,0.07658367475575163,0.13099693773392315,0.11428571428571406,0.12253387960920262,0.20959510037427706,407562.01199999976,3659870.000000003
2009,2009-05-01,2009-p03-1,45.0,58.040000000000006,21.079999999999984,20.880000000000003,Sandy Clay Loam,0.06461086637298083,0.07787345563459372,0.14931034482758615,0.10337738619676934,0.12459752901534996,0.23889655172413785,407562.01199999976,3659870.000000003
2009,2009-05-01,2009-p03-1,75.0,60.4,22.72,16.880000000000003,Sandy Loam,0.048225973131243494,0.05550269584522677,0.13516038617253204,0.0771615570099896,0.08880431335236283,0.21625661787605127,407562.01199999976,3659870.000000003
2009,2009-05-01,2009-p03-1,105.0,66.4,14.719999999999999,18.880000000000003,Sandy Loam,0.0528000000000003,0.06552494415487707,0.12880067567567585,0.08448000000000049,0.10483991064780332,0.20608108108108136,407562.01199999976,3659870.000000003
2009,2009-05-01,2009-p03-1,135.0,65.67999999999999,19.440000000000012,14.88,Sandy Loam,0.06142410015649425,0.08078199926226474,0.13984509466437178,0.0982785602503908,0.1292511988196236,0.22375215146299487,407562.01199999976,3659870.000000003
2009,2009-05-01,2009-p03-1,165.0,66.03999999999999,15.080000000000013,18.880000000000003,Sandy Loam,0.06304868316041551,0.08008982035928146,0.15372424722662453,0.10087789305666482,0.12814371257485033,0.24595879556259925,407562.01199999976,3659870.000000003
2009,2009-05-01,2009-p03-2,15.0,68.4,16.319999999999993,15.280000000000001,Sandy Loam,0.062217587765032736,0.07506503158677055,0.12933753943217657,0.09954814042405238,0.12010405053883288,0.20694006309148252,407562.01199999976,3659896.500000003
2009,2009-05-01,2009-p03-2,45.0,71.67999999999999,13.040000000000006,15.280000000000001,Sandy Loam,0.05112137203166216,0.06475583864118889,0.12008501594048887,0.08179419525065945,0.10360934182590223,0.1921360255047822,407562.01199999976,3659896.500000003
2009,2009-05-01,2009-p03-2,75.0,71.67999999999999,15.040000000000006,13.28,Sandy Loam,0.06168407310704975,0.056284530386740174,0.11285814116002783,0.09869451697127961,0.09005524861878428,0.18057302585604454,407562.01199999976,3659896.500000003
2009,2009-05-01,2009-p03-2,105.0,57.68,19.039999999999992,23.28,Sandy Clay Loam,0.05604921394395079,0.07553621386384829,0.13913663931501932,0.08967874231032127,0.12085794218215727,0.22261862290403092,407562.01199999976,3659896.500000003
2009,2009-05-01,2009-p03-2,135.0,60.4,16.319999999999993,23.28,Sandy Clay Loam,0.06425196850393722,0.07199211045364884,0.1365979381443299,0.10280314960629955,0.11518737672583815,0.21855670103092786,407562.01199999976,3659896.500000003
2009,2009-05-01,2009-p03-2,165.0,68.03999999999999,16.680000000000007,15.280000000000001,Sandy Loam,0.0473518063837248,0.06292572169964313,0.11684370257966636,0.07576289021395968,0.10068115471942901,0.1869499241274662,407562.01199999976,3659896.500000003
2009,2009-05-01,2009-p03-3,15.0,65.67999999999999,17.040000000000006,17.28,Sandy Loam,0.061795569374271414,0.07652656621728783,0.13533555802743785,0.09887291099883427,0.12244250594766054,0.21653689284390057,407562.01199999976,3659923.000000003
2009,2009-05-01,2009-p03-3,45.0,70.03999999999999,13.040000000000006,16.920000000000005,Sandy Loam,0.05535055350553477,0.07252298263534226,0.12657317511686456,0.08856088560885564,0.11603677221654762,0.2025170801869833,407562.01199999976,3659923.000000003
2009,2009-05-01,2009-p03-3,75.0,42.4,35.03999999999999,22.560000000000002,Sandy Clay Loam,0.05918663761800999,0.08187772925764193,0.18053435114503802,0.09469862018881599,0.1310043668122271,0.28885496183206083,407562.01199999976,3659923.000000003
2009,2009-05-01,2009-p03-3,105.0,58.4,19.039999999999992,22.560000000000002,Sandy Clay Loam,0.062052505966587373,0.10048510048510044,0.1569400630914822,0.0992840095465398,0.16077616077616072,0.25110410094637153,407562.01199999976,3659923.000000003
2009,2009-05-01,2009-p03-3,135.0,65.67999999999999,15.400000000000006,18.920000000000005,Sandy Loam,0.06675479180436218,0.09283819628647226,0.15505706414797313,0.1068076668869795,0.14854111405835563,0.24809130263675702,407562.01199999976,3659923.000000003
2009,2009-05-01,2009-p03-3,165.0,62.03999999999999,15.400000000000006,22.560000000000002,Sandy Clay Loam,0.06954436450839308,0.09212283044058762,0.1785137318255251,0.11127098321342893,0.14739652870494022,0.2856219709208402,407562.01199999976,3659923.000000003
2009,2009-05-01,2009-p03-4,15.0,62.4,14.719999999999999,22.880000000000003,Sandy Clay Loam,0.06412760416666663,0.08508541392904086,0.14657293497363816,0.10260416666666661,0.13613666228646537,0.23451669595782107,407562.01199999976,3659949.500000003
2009,2009-05-01,2009-p03-4,45.0,66.03999999999999,13.439999999999998,20.520000000000003,Sandy Clay Loam,0.061147372037100675,0.08336276933945626,0.13306038894575262,0.09783579525936109,0.13338043094313,0.2128966223132042,407562.01199999976,3659949.500000003
2009,2009-05-01,2009-p03-4,75.0,80.03999999999999,9.439999999999998,10.520000000000005,Sandy Loam,0.0426405559065068,0.05340636768230065,0.09473003556417742,0.06822488945041087,0.08545018829168105,0.15156805690268388,407562.01199999976,3659949.500000003
2009,2009-05-01,2009-p03-4,105.0,80.03999999999999,9.800000000000011,10.160000000000002,Sandy Loam,0.05423143350604467,0.058033951835767816,0.10064811284788414,0.08677029360967148,0.0928543229372285,0.16103698055661464,407562.01199999976,3659949.500000003
2009,2009-05-01,2009-p03-4,135.0,34.400000000000006,23.439999999999998,42.160000000000004,Clay,0.11283273738577687,0.14425332290852247,0.2510584250635055,0.18053237981724302,0.23080531665363596,0.4016934801016088,407562.01199999976,3659949.500000003
2009,2009-05-01,2009-p03-4,165.0,42.04,25.799999999999997,32.160000000000004,Clay Loam,0.1125461254612545,0.13827871804105163,0.21787941787941795,0.18007380073800722,0.2212459488656826,0.34860706860706875,407562.01199999976,3659949.500000003
2009,2009-05-01,2009-p03-5,15.0,62.03999999999999,19.400000000000006,18.560000000000002,Sandy Loam,0.06626098715348211,0.08730447435431087,0.15965263861055448,0.10601757944557139,0.1396871589668974,0.2554442217768872,407562.01199999976,3659976.000000003
2009,2009-05-01,2009-p03-5,45.0,59.679999999999986,15.76000000000002,24.560000000000002,Sandy Clay Loam,0.07874293785310749,0.10325318246110332,0.1694970607446113,0.125988700564972,0.16520509193776534,0.2711952971913781,407562.01199999976,3659976.000000003
2009,2009-05-01,2009-p03-5,75.0,76.03999999999999,11.040000000000006,12.920000000000007,Sandy Loam,0.04210182767624041,0.06219931271477645,0.10676047721015584,0.06736292428198466,0.09951890034364233,0.17081676353624936,407562.01199999976,3659976.000000003
2009,2009-05-01,2009-p03-5,105.0,46.04,23.039999999999992,30.92,Clay Loam,0.06848278471433986,0.09075700543705571,0.17798507462686555,0.10957245554294377,0.14521120869928913,0.2847761194029849,407562.01199999976,3659976.000000003
2009,2009-05-01,2009-p03-5,135.0,20.039999999999992,41.040000000000006,38.92,Clay  ,0.10762331838565026,0.12765036780614433,0.23131524008350732,0.17219730941704042,0.20424058848983095,0.37010438413361174,407562.01199999976,3659976.000000003
2009,2009-05-01,2009-p03-5,165.0,82.03999999999999,7.400000000000006,10.560000000000002,Sandy Loam,0.0387199999999998,0.0462732919254659,0.08910891089108906,0.06195199999999969,0.07403726708074544,0.1425742574257425,407562.01199999976,3659976.000000003
2009,2009-05-01,2009-p03-6,15.0,57.11999999999999,18.320000000000007,24.560000000000002,Sandy Clay Loam,0.08075842696629204,0.10192735359525576,0.1637468716481944,0.12921348314606726,0.16308376575240924,0.26199499463711107,407562.01199999976,3660002.500000003
2009,2009-05-01,2009-p03-6,45.0,58.040000000000006,17.39999999999999,24.560000000000002,Sandy Clay Loam,0.08518645227505967,0.10706860706860719,0.16045845272206333,0.13629832364009548,0.1713097713097715,0.25673352435530133,407562.01199999976,3660002.500000003
2009,2009-05-01,2009-p03-6,75.0,62.03999999999999,17.400000000000006,20.560000000000002,Sandy Clay Loam,0.06805293005671068,0.08732099196646871,0.14526098901098927,0.10888468809073709,0.13971358714634993,0.23241758241758284,407562.01199999976,3660002.500000003
2009,2009-05-01,2009-p03-6,105.0,74.03999999999999,11.400000000000006,14.560000000000004,Sandy Loam,0.045317220543806463,0.05645161290322578,0.10063598952487832,0.07250755287009035,0.09032258064516124,0.1610175832398053,407562.01199999976,3660002.500000003
2009,2009-05-01,2009-p03-6,135.0,30.400000000000006,49.03999999999999,20.560000000000002,Sandy Clay Loam,0.06140988372093042,0.08016717325228019,0.20455317703024137,0.09825581395348867,0.1282674772036483,0.32728508324838623,407562.01199999976,3660002.500000003
2009,2009-05-01,2009-p03-6,165.0,28.039999999999992,51.400000000000006,20.560000000000002,Sandy Clay Loam,0.05782178217821785,0.07796610169491554,0.21286500211595435,0.09251485148514857,0.12474576271186487,0.34058400338552697,407562.01199999976,3660002.500000003
2009,2009-05-01,2009-p03-7,15.0,55.67999999999999,17.760000000000005,26.56,Sandy Clay Loam,0.08908879860708088,0.10644628099173574,0.17283493708364184,0.1425420777713294,0.1703140495867772,0.27653589933382694,407562.01199999976,3660029.000000003
2009,2009-05-01,2009-p03-7,45.0,63.67999999999999,13.760000000000005,22.560000000000002,Sandy Clay Loam,0.06619144602851333,0.08493047726418604,0.1371237458193983,0.10590631364562134,0.13588876362269767,0.21939799331103726,407562.01199999976,3660029.000000003
2009,2009-05-01,2009-p03-7,75.0,72.03999999999999,13.400000000000006,14.560000000000004,Sandy Loam,0.044299674267100964,0.05847953216374274,0.09677419354838705,0.07087947882736155,0.0935672514619884,0.1548387096774193,407562.01199999976,3660029.000000003
2009,2009-05-01,2009-p03-7,105.0,74.03999999999999,13.400000000000006,12.560000000000002,Sandy Loam,0.03916692570718077,0.04951655435101079,0.08474576271186443,0.06266708113148924,0.07922648696161727,0.1355932203389831,407562.01199999976,3660029.000000003
2009,2009-05-01,2009-p03-7,135.0,69.67999999999999,15.760000000000005,14.560000000000004,Sandy Loam,0.04813664596273284,0.06147397834439418,0.12191235059760969,0.07701863354037254,0.0983583653510307,0.1950597609561755,407562.01199999976,3660029.000000003
2009,2009-05-01,2009-p03-7,165.0,59.679999999999986,19.76000000000002,20.560000000000002,Sandy Clay Loam,0.0697350069735007,0.08976964769647665,0.1717331227793131,0.11157601115760113,0.14363143631436265,0.27477299644690095,407562.01199999976,3660029.000000003
2009,2009-05-01,2009-p04-1,15.0,66.4,19.439999999999998,14.160000000000004,Sandy Loam,0.05923450789793404,0.07891891891891882,0.13197229310973405,0.09477521263669447,0.12627027027027013,0.21115566897557447,407547.78799999977,3659870.000000003
2009,2009-05-01,2009-p04-1,45.0,72.03999999999999,15.800000000000011,12.160000000000002,Sandy Loam,0.04460166102737584,0.06110538963268111,0.10284757118928,0.07136265764380134,0.09776862341228978,0.164556113902848,407547.78799999977,3659870.000000003
2009,2009-05-01,2009-p04-1,75.0,63.67999999999999,20.159999999999997,16.160000000000004,Sandy Loam,0.051218759642086116,0.06425831202046052,0.1258212877792378,0.08195001542733779,0.10281329923273684,0.20131406044678046,407547.78799999977,3659870.000000003
2009,2009-05-01,2009-p04-1,105.0,67.67999999999999,14.159999999999997,18.160000000000004,Sandy Loam,0.05082319255547609,0.06259370314842586,0.12879071508798193,0.08131710808876175,0.10014992503748138,0.2060651441407711,407547.78799999977,3659870.000000003
2009,2009-05-01,2009-p04-1,135.0,70.56,14.0,15.439999999999998,Sandy Loam,0.04421246545901129,0.05535205535205562,0.13032015065913374,0.07073994473441807,0.08856328856328899,0.208512241054614,407547.78799999977,3659870.000000003
2009,2009-05-01,2009-p04-1,165.0,66.56,18.0,15.439999999999998,Sandy Loam,0.05593966059082307,0.0688212927756652,0.16485647788983704,0.08950345694531692,0.11011406844106433,0.26377036462373926,407547.78799999977,3659870.000000003
2009,2009-05-01,2009-p04-2,15.0,64.56,17.599999999999994,17.839999999999996,Sandy Loam,0.06077529566360021,0.07686907686907704,0.13633481293595423,0.09724047306176034,0.12299052299052327,0.21813570069752677,407547.78799999977,3659896.500000003
2009,2009-05-01,2009-p04-2,45.0,54.04,23.400000000000006,22.560000000000002,Sandy Clay Loam,0.052327556914712844,0.07718933887158201,0.14549180327868846,0.08372409106354056,0.12350294219453123,0.23278688524590155,407547.78799999977,3659896.500000003
2009,2009-05-01,2009-p04-2,75.0,58.040000000000006,21.39999999999999,20.560000000000002,Sandy Clay Loam,0.05185979971387707,0.07018787663948918,0.13955757970071586,0.0829756795422033,0.1123006026231827,0.22329212752114538,407547.78799999977,3659896.500000003
2009,2009-05-01,2009-p04-2,105.0,50.03999999999999,21.400000000000006,28.560000000000002,Sandy Clay Loam,0.08703703703703683,0.0900900900900902,0.17781885397412206,0.13925925925925894,0.1441441441441443,0.28451016635859533,407547.78799999977,3659896.500000003
2009,2009-05-01,2009-p04-2,135.0,63.67999999999999,15.760000000000005,20.560000000000002,Sandy Clay Loam,0.06073752711496745,0.07243079256731122,0.16101694915254247,0.09718004338394792,0.11588926810769795,0.25762711864406795,407547.78799999977,3659896.500000003
2009,2009-05-01,2009-p04-2,165.0,65.67999999999999,17.760000000000005,16.560000000000002,Sandy Loam,0.05738506684056099,0.06659226190476188,0.13641720683559252,0.09181610694489759,0.106547619047619,0.21826753093694806,407547.78799999977,3659896.500000003
2009,2009-05-01,2009-p04-3,15.0,68.4,15.759999999999991,15.839999999999998,Sandy Loam,0.0890957446808513,0.09891512444160845,0.16114561766735686,0.14255319148936207,0.15826419910657352,0.25783298826777096,407547.78799999977,3659923.000000003
2009,2009-05-01,2009-p04-3,45.0,74.03999999999999,11.760000000000005,14.2,Sandy Loam,0.07525468287873831,0.08494077834179375,0.1371134020618555,0.1204074926059813,0.13590524534687,0.2193814432989688,407547.78799999977,3659923.000000003
2009,2009-05-01,2009-p04-3,75.0,73.67999999999999,15.760000000000005,10.560000000000002,Sandy Loam,0.0766057748968771,0.06571879936808889,0.13306199123356294,0.12256923983500337,0.10515007898894223,0.21289918597370072,407547.78799999977,3659923.000000003
2009,2009-05-01,2009-p04-3,105.0,19.679999999999993,35.760000000000005,44.56,Clay,0.13239875389408123,0.137610806247362,0.2668171557562075,0.21183800623052998,0.2201772899957792,0.42690744920993207,407547.78799999977,3659923.000000003
2009,2009-05-01,2009-p04-3,135.0,48.4,27.760000000000005,23.839999999999996,Sandy Clay Loam,0.061253561253561205,0.08235769075494546,0.20433925049309637,0.09800569800569793,0.13177230520791275,0.3269428007889542,407547.78799999977,3659923.000000003
2009,2009-05-01,2009-p04-3,165.0,66.03999999999999,13.760000000000005,20.2,Sandy Clay Loam,0.06256173855778749,0.07379046293073459,0.15292459478506004,0.10009878169245999,0.11806474068917534,0.24467935165609608,407547.78799999977,3659923.000000003
2009,2009-05-01,2009-p04-4,15.0,61.67999999999999,16.52000000000001,21.8,Sandy Clay Loam,0.09431438127090276,0.08392973324658454,0.16363011344104522,0.15090301003344442,0.13428757319453527,0.26180818150567237,407547.78799999977,3659949.500000003
2009,2009-05-01,2009-p04-4,45.0,69.67999999999999,14.52000000000001,15.8,Sandy Loam,0.0790123456790122,0.06653992395437255,0.14454748960665184,0.12641975308641953,0.1064638783269961,0.23127598337064295,407547.78799999977,3659949.500000003
2009,2009-05-01,2009-p04-4,75.0,64.76,19.439999999999998,15.8,Sandy Loam,0.0757481296758107,0.07215148547175985,0.15783822476735848,0.12119700748129712,0.11544237675481578,0.25254115962777357,407547.78799999977,3659949.500000003
2009,2009-05-01,2009-p04-4,105.0,58.76,17.439999999999998,23.8,Sandy Clay Loam,0.07240905971173645,0.08337068579112537,0.16533957845433261,0.11585449553877832,0.1333930972658006,0.2645433255269322,407547.78799999977,3659949.500000003
2009,2009-05-01,2009-p04-4,135.0,65.67999999999999,16.159999999999997,18.160000000000004,Sandy Loam,0.06694214876033078,0.08131618759455364,0.16323907455012832,0.10710743801652925,0.13010590015128584,0.2611825192802053,407547.78799999977,3659949.500000003
2009,2009-05-01,2009-p04-4,165.0,63.67999999999999,18.159999999999997,18.160000000000004,Sandy Loam,,0.08842188739095974,0.17553414327607897,,0.1414750198255356,0.2808546292417264,407547.78799999977,3659949.500000003
2009,2009-05-01,2009-p04-5,15.0,64.4,15.039999999999992,20.560000000000002,Sandy Clay Loam,0.1063063063063065,0.09630818619582675,0.18342981186685953,0.1700900900900904,0.15409309791332282,0.29348769898697524,407547.78799999977,3659976.000000003
2009,2009-05-01,2009-p04-5,45.0,67.67999999999999,13.760000000000005,18.560000000000002,Sandy Loam,0.09018567639257338,0.08077994428969362,0.16249999999999962,0.1442970822281174,0.1292479108635098,0.2599999999999994,407547.78799999977,3659976.000000003
2009,2009-05-01,2009-p04-5,75.0,77.67999999999999,11.760000000000005,10.560000000000002,Sandy Loam,0.0575673166202414,0.050016345210853255,0.11094497607655526,0.09210770659238625,0.08002615233736521,0.17751196172248843,407547.78799999977,3659976.000000003
2009,2009-05-01,2009-p04-5,105.0,75.67999999999999,11.760000000000005,12.560000000000002,Sandy Loam,0.040341095441128134,0.04450625869262869,0.1001727115716755,0.06454575270580502,0.0712100139082059,0.16027633851468082,407547.78799999977,3659976.000000003
2009,2009-05-01,2009-p04-5,135.0,80.4,9.399999999999991,10.2,Sandy Loam,,0.050788643533123026,0.09687379390196799,,0.08126182965299684,0.1549980702431488,407547.78799999977,3659976.000000003
2009,2009-05-01,2009-p04-5,165.0,64.03999999999999,15.760000000000005,20.2,Sandy Clay Loam,,0.09792500910083746,0.20484664899659205,,0.15668001456133995,0.3277546383945473,407547.78799999977,3659976.000000003
2009,2009-05-01,2009-p04-6,15.0,61.67999999999999,18.120000000000005,20.2,Sandy Clay Loam,0.10250257113472742,0.10069559456773787,0.1714575583361515,0.1640041138155639,0.1611129513083806,0.2743320933378424,407547.78799999977,3660002.500000003
2009,2009-05-01,2009-p04-6,45.0,70.4,13.399999999999991,16.2,Sandy Loam,0.07806106389675808,0.08559825054670445,0.1445908460471568,0.12489770223481295,0.13695720087472713,0.2313453536754509,407547.78799999977,3660002.500000003
2009,2009-05-01,2009-p04-6,75.0,74.03999999999999,11.400000000000006,14.560000000000004,Sandy Loam,0.051858254105445034,0.07189542483660137,0.11198738170347018,0.08297320656871206,0.1150326797385622,0.1791798107255523,407547.78799999977,3660002.500000003
2009,2009-05-01,2009-p04-6,105.0,68.03999999999999,13.400000000000006,18.560000000000002,Sandy Loam,0.05832282471626716,0.06866036008544402,0.13607944097094532,0.09331651954602746,0.10985657613671043,0.21772710555351252,407547.78799999977,3660002.500000003
2009,2009-05-01,2009-p04-6,135.0,71.67999999999999,12.120000000000005,16.2,Sandy Loam,,0.06062647356012165,0.13356058258444384,,0.09700235769619464,0.21369693213511015,407547.78799999977,3660002.500000003
2009,2009-05-01,2009-p04-6,165.0,61.67999999999999,18.120000000000005,20.2,Sandy Clay Loam,0.06589845156643853,0.08440090429540295,0.17136150234741765,0.10543752250630166,0.13504144687264472,0.27417840375586827,407547.78799999977,3660002.500000003
2009,2009-05-01,2009-p04-7,15.0,61.12,18.680000000000007,20.2,Sandy Clay Loam,0.08357165554496379,0.10319076714188753,0.17323688969258563,0.13371464887194207,0.16510522742702005,0.277179023508137,407547.78799999977,3660029.000000003
2009,2009-05-01,2009-p04-7,45.0,58.040000000000006,15.399999999999991,26.56,Sandy Clay Loam,0.08763647093537913,0.11066931742876088,0.17412417620534154,0.1402183534966066,0.17707090788601743,0.2785986819285465,407547.78799999977,3660029.000000003
2009,2009-05-01,2009-p04-7,75.0,62.03999999999999,17.400000000000006,20.560000000000002,Sandy Clay Loam,0.0730267246737102,0.0968067226890756,0.16735537190082644,0.11684275947793632,0.15489075630252097,0.26776859504132233,407547.78799999977,3660029.000000003
2009,2009-05-01,2009-p04-7,105.0,67.67999999999999,13.760000000000005,18.560000000000002,Sandy Loam,0.058479532163742694,0.07509157509157552,0.14445300462249613,0.09356725146198831,0.12014652014652083,0.23112480739599384,407547.78799999977,3660029.000000003
2009,2009-05-01,2009-p04-7,135.0,68.03999999999999,13.400000000000006,18.560000000000002,Sandy Loam,0.06076250992851474,0.07786633966891499,0.15108451757666416,0.09722001588562358,0.12458614347026398,0.24173522812266268,407547.78799999977,3660029.000000003
2009,2009-05-01,2009-p04-7,165.0,62.03999999999999,15.400000000000006,22.560000000000002,Sandy Clay Loam,0.07010475423045939,0.08852005532503467,0.17773584905660406,0.11216760676873504,0.14163208852005546,0.2843773584905665,407547.78799999977,3660029.000000003
2009,2009-05-01,2009-p05-1,15.0,64.03999999999999,19.80000000000001,16.160000000000004,Sandy Loam,0.05940934065934054,0.07813021702838074,0.14594039054470728,0.09505494505494487,0.12500834724540918,0.23350462487153167,407533.5639999998,3659870.000000003
2009,2009-05-01,2009-p05-1,45.0,71.67999999999999,14.159999999999997,14.160000000000004,Sandy Loam,0.05289514866979648,0.06592000000000008,0.12132352941176477,0.08463223787167437,0.10547200000000012,0.19411764705882364,407533.5639999998,3659870.000000003
2009,2009-05-01,2009-p05-1,75.0,72.03999999999999,15.800000000000011,12.160000000000002,Sandy Loam,0.05381165919282488,0.06496598639455771,0.12859248341930762,0.08609865470851981,0.10394557823129234,0.20574797347089221,407533.5639999998,3659870.000000003
2009,2009-05-01,2009-p05-1,105.0,44.04,29.799999999999997,26.160000000000004,Sandy Clay Loam,0.08759913482336001,0.10607394366197168,0.2077464788732394,0.14015861571737603,0.1697183098591547,0.3323943661971831,407533.5639999998,3659870.000000003
2009,2009-05-01,2009-p05-1,135.0,63.67999999999999,20.159999999999997,16.160000000000004,Sandy Loam,0.0683111954459202,0.08450184501845015,0.16142969363707776,0.10929791271347232,0.13520295202952023,0.2582875098193244,407533.5639999998,3659870.000000003
2009,2009-05-01,2009-p05-1,165.0,63.67999999999999,18.159999999999997,18.160000000000004,Sandy Loam,0.08518383691299586,0.0994518402505873,0.17723812975715844,0.13629413906079338,0.1591229444009397,0.2835810076114535,407533.5639999998,3659870.000000003
2009,2009-05-01,2009-p05-2,15.0,66.4,17.39999999999999,16.2,Sandy Loam,0.06772773450728073,0.08247422680412365,0.14842578710644708,0.10836437521164917,0.13195876288659786,0.23748125937031533,407533.5639999998,3659896.500000003
2009,2009-05-01,2009-p05-2,45.0,55.67999999999999,22.120000000000005,22.2,Sandy Clay Loam,0.06751954513148536,0.08782742681047771,0.1580340264650286,0.10803127221037659,0.14052388289676435,0.25285444234404575,407533.5639999998,3659896.500000003
2009,2009-05-01,2009-p05-2,75.0,51.67999999999999,24.120000000000005,24.2,Sandy Clay Loam,0.07299012693935095,0.09159727479182445,0.17746967071057212,0.11678420310296152,0.14655563966691912,0.28395147313691543,407533.5639999998,3659896.500000003
2009,2009-05-01,2009-p05-2,105.0,59.679999999999986,16.12000000000002,24.2,Sandy Clay Loam,0.07526488856412085,0.09649805447470776,0.166093928980527,0.12042382170259336,0.15439688715953243,0.2657502863688432,407533.5639999998,3659896.500000003
2009,2009-05-01,2009-p05-2,135.0,62.2,17.960000000000008,19.839999999999996,Sandy Loam,0.06640625000000015,0.0862774265526218,0.1565091958168045,0.10625000000000025,0.13804388248419489,0.2504147133068872,407533.5639999998,3659896.500000003
2009,2009-05-01,2009-p05-2,165.0,63.839999999999996,16.320000000000007,19.839999999999996,Sandy Loam,0.0800850460666196,0.11835937500000006,0.1682435211846978,0.12813607370659139,0.1893750000000001,0.2691896338955165,407533.5639999998,3659896.500000003
2009,2009-05-01,2009-p05-3,15.0,65.84,17.959999999999994,16.2,Sandy Loam,0.06816559600285524,0.08852867830423952,0.14308943089430867,0.10906495360456839,0.14164588528678324,0.2289430894308939,407533.5639999998,3659923.000000003
2009,2009-05-01,2009-p05-3,45.0,66.03999999999999,15.400000000000006,18.560000000000002,Sandy Loam,0.06331168831168842,0.07926829268292673,0.13411506046170774,0.10129870129870147,0.1268292682926828,0.21458409673873238,407533.5639999998,3659923.000000003
2009,2009-05-01,2009-p05-3,75.0,58.040000000000006,23.39999999999999,18.560000000000002,Sandy Loam,0.06088825214899698,0.08220240403257094,0.15278310940499,0.09742120343839517,0.1315238464521135,0.244452975047984,407533.5639999998,3659923.000000003
2009,2009-05-01,2009-p05-3,105.0,52.04,23.400000000000006,24.560000000000002,Sandy Clay Loam,0.07955418908531871,0.09677419354838722,0.20266990291262124,0.12728670253650995,0.15483870967741956,0.324271844660194,407533.5639999998,3659923.000000003
2009,2009-05-01,2009-p05-3,135.0,59.679999999999986,19.76000000000002,20.560000000000002,Sandy Clay Loam,0.08132530120481914,0.10818933132982701,0.18716577540106974,0.1301204819277106,0.17310293012772324,0.2994652406417116,407533.5639999998,3659923.000000003
2009,2009-05-01,2009-p05-3,165.0,67.67999999999999,15.760000000000005,16.560000000000002,Sandy Loam,0.06823216659282227,0.08605577689243014,0.15306859205776183,0.10917146654851564,0.13768924302788824,0.24490974729241893,407533.5639999998,3659923.000000003
2009,2009-05-01,2009-p05-4,15.0,66.4,13.439999999999998,20.160000000000004,Sandy Clay Loam,0.06552901023890766,0.08740458015267201,0.13184271395528147,0.10484641638225226,0.13984732824427523,0.21094834232845036,407533.5639999998,3659949.500000003
2009,2009-05-01,2009-p05-4,45.0,69.67999999999999,12.159999999999997,18.160000000000004,Sandy Loam,0.05542085209560103,0.08003020007550035,0.11380145278450335,0.08867336335296165,0.12804832012080056,0.18208232445520536,407533.5639999998,3659949.500000003
2009,2009-05-01,2009-p05-4,75.0,75.67999999999999,10.159999999999997,14.160000000000004,Sandy Loam,0.04899040052962608,0.06643356643356647,0.10615554736454091,0.07838464084740174,0.10629370629370637,0.16984887578326546,407533.5639999998,3659949.500000003
2009,2009-05-01,2009-p05-4,105.0,65.67999999999999,14.159999999999997,20.160000000000004,Sandy Clay Loam,0.07889769724424324,0.09320091673032868,0.15533980582524257,0.12623631559078918,0.1491214667685259,0.24854368932038812,407533.5639999998,3659949.500000003
2009,2009-05-01,2009-p05-4,135.0,61.67999999999999,16.159999999999997,22.160000000000004,Sandy Clay Loam,0.08453473132372206,0.1037632444282062,0.17450446949086648,0.1352555701179553,0.16602119108512992,0.27920715118538636,407533.5639999998,3659949.500000003
2009,2009-05-01,2009-p05-4,165.0,67.67999999999999,16.159999999999997,16.160000000000004,Sandy Loam,0.08044603743528488,0.1040268456375836,0.1568627450980393,0.1287136598964558,0.1664429530201338,0.2509803921568629,407533.5639999998,3659949.500000003
2009,2009-05-01,2009-p05-5,15.0,65.67999999999999,15.760000000000005,18.560000000000002,Sandy Loam,0.06664488729173505,0.08540660972892673,0.13935199748348523,0.1066318196667761,0.13665057556628277,0.2229631959735764,407533.5639999998,3659976.000000003
2009,2009-05-01,2009-p05-5,45.0,75.32,10.120000000000005,14.560000000000004,Sandy Loam,0.049715009499683466,0.0687544996400292,0.10584461867426911,0.07954401519949356,0.11000719942404674,0.16935138987883058,407533.5639999998,3659976.000000003
2009,2009-05-01,2009-p05-5,75.0,72.4,15.039999999999992,12.560000000000002,Sandy Loam,0.04619015509103185,0.05804843304843289,0.08899737138565517,0.07390424814565097,0.09287749287749264,0.14239579421704826,407533.5639999998,3659976.000000003
2009,2009-05-01,2009-p05-5,105.0,64.4,15.039999999999992,20.560000000000002,Sandy Clay Loam,0.07401149036836785,0.08580106302201995,0.13861386138613863,0.11841838458938857,0.13728170083523192,0.2217821782178218,407533.5639999998,3659976.000000003
2009,2009-05-01,2009-p05-5,135.0,65.67999999999999,15.760000000000005,18.560000000000002,Sandy Loam,0.07158737216540681,0.09491006505931866,0.18216384376080183,0.1145397954646509,0.15185610409490988,0.29146215001728293,407533.5639999998,3659976.000000003
2009,2009-05-01,2009-p05-5,165.0,63.67999999999999,17.400000000000006,18.920000000000005,Sandy Loam,0.07530454042081945,0.10030983733539904,0.1639135959339263,0.12048726467331113,0.16049573973663847,0.2622617534942821,407533.5639999998,3659976.000000003
2009,2009-05-01,2009-p05-6,15.0,62.03999999999999,15.040000000000006,22.920000000000005,Sandy Clay Loam,0.07841845140032934,0.10247093023255817,0.15964601769911468,0.12546952224052696,0.1639534883720931,0.2554336283185835,407533.5639999998,3660002.500000003
2009,2009-05-01,2009-p05-6,45.0,61.67999999999999,15.400000000000006,22.920000000000005,Sandy Clay Loam,0.0819320214669054,0.09255688391824135,0.1659308314937456,0.13109123434704864,0.14809101426918617,0.26548933038999295,407533.5639999998,3660002.500000003
2009,2009-05-01,2009-p05-6,75.0,69.32,13.760000000000005,16.920000000000005,Sandy Loam,0.05847076461769124,0.07636097917427856,0.13712255772646534,0.09355322338830599,0.1221775666788457,0.21939609236234456,407533.5639999998,3660002.500000003
2009,2009-05-01,2009-p05-6,105.0,73.67999999999999,11.760000000000005,14.560000000000004,Sandy Loam,0.05709992486852003,0.07211538461538479,0.1113712374581939,0.09135987978963206,0.11538461538461567,0.17819397993311026,407533.5639999998,3660002.500000003
2009,2009-05-01,2009-p05-6,135.0,69.67999999999999,15.760000000000005,14.560000000000004,Sandy Loam,0.0561056105610562,0.0886699507389167,0.1343388284812346,0.08976897689768992,0.14187192118226674,0.21494212556997538,407533.5639999998,3660002.500000003
2009,2009-05-01,2009-p05-6,165.0,67.67999999999999,13.760000000000005,18.560000000000002,Sandy Loam,0.07309105757452017,0.08391608391608385,0.1431586352444601,0.11694569211923228,0.13426573426573415,0.22905381639113617,407533.5639999998,3660002.500000003
2009,2009-05-01,2009-p05-7,15.0,61.67999999999999,15.760000000000005,22.560000000000002,Sandy Clay Loam,0.07874306839186675,0.10822998872604293,0.16273490603758498,0.1259889094269868,0.17316798196166872,0.260375849660136,407533.5639999998,3660029.000000003
2009,2009-05-01,2009-p05-7,45.0,61.67999999999999,15.760000000000005,22.560000000000002,Sandy Clay Loam,0.08039685254875134,0.10068551842330771,0.15681233933161937,0.12863496407800215,0.16109682947729234,0.250899742930591,407533.5639999998,3660029.000000003
2009,2009-05-01,2009-p05-7,75.0,72.03999999999999,13.400000000000006,14.560000000000004,Sandy Loam,0.07288629737609328,0.07560886950199922,0.13180417665183136,0.11661807580174927,0.12097419120319874,0.2108866826429302,407533.5639999998,3660029.000000003
2009,2009-05-01,2009-p05-7,105.0,76.03999999999999,9.040000000000006,14.920000000000005,Sandy Loam,0.06860371267150911,0.08093716719914754,0.09897221164826833,0.10976594027441458,0.12949946751863606,0.15835553863722934,407533.5639999998,3660029.000000003
2009,2009-05-01,2009-p05-7,135.0,75.67999999999999,9.400000000000006,14.920000000000005,Sandy Loam,0.0658659434327781,0.07427677873338541,0.0891803278688524,0.10538550949244496,0.11884284597341666,0.14268852459016385,407533.5639999998,3660029.000000003
2009,2009-05-01,2009-p05-7,165.0,75.67999999999999,9.400000000000006,14.920000000000005,Sandy Loam,0.0672043010752688,0.07602523659306029,0.10097367472051945,0.10752688172043008,0.12164037854889648,0.16155787955283113,407533.5639999998,3660029.000000003
2009,2009-05-01,2009-p06-1,15.0,66.4,19.439999999999998,14.160000000000004,Sandy Loam,0.06646726487205053,0.0967741935483871,0.14135338345864656,0.10634762379528084,0.15483870967741936,0.22616541353383451,407519.3399999998,3659870.000000003
2009,2009-05-01,2009-p06-1,45.0,53.67999999999999,28.159999999999997,18.160000000000004,Sandy Loam,0.060649304316803,0.08173843700159476,0.17232375979112266,0.09703888690688481,0.13078149920255164,0.2757180156657963,407519.3399999998,3659870.000000003
2009,2009-05-01,2009-p06-1,75.0,55.32,22.519999999999996,22.160000000000004,Sandy Clay Loam,0.0697924123120972,0.09171359613837496,0.17310725552050477,0.11166785969935551,0.14674175382139995,0.27697160883280764,407519.3399999998,3659870.000000003
2009,2009-05-01,2009-p06-1,105.0,61.67999999999999,16.159999999999997,22.160000000000004,Sandy Clay Loam,0.0868347338935572,0.1033841576794345,0.135135135135135,0.13893557422969152,0.1654146522870952,0.216216216216216,407519.3399999998,3659870.000000003
2009,2009-05-01,2009-p06-1,135.0,61.67999999999999,20.159999999999997,18.160000000000004,Sandy Loam,0.08038348082595868,0.08731401722787797,0.12701252236135974,0.1286135693215339,0.13970242756460477,0.2032200357781756,407519.3399999998,3659870.000000003
2009,2009-05-01,2009-p06-1,165.0,63.67999999999999,18.159999999999997,18.160000000000004,Sandy Loam,0.08584686774942009,0.0968672712283595,0.12743437764606258,0.13735498839907215,0.1549876339653752,0.20389500423370013,407519.3399999998,3659870.000000003
2009,2009-05-01,2009-p06-2,15.0,65.67999999999999,17.760000000000005,16.560000000000002,Sandy Loam,0.06546355272469953,0.09233926128590982,0.141304347826087,0.10474168435951925,0.1477428180574557,0.2260869565217392,407519.3399999998,3659896.500000003
2009,2009-05-01,2009-p06-2,45.0,55.67999999999999,25.760000000000005,18.560000000000002,Sandy Loam,0.06496000000000003,0.08737530099759222,0.16920353982300884,0.10393600000000006,0.13980048159614755,0.27072566371681417,407519.3399999998,3659896.500000003
2009,2009-05-01,2009-p06-2,75.0,56.04,21.400000000000006,22.560000000000002,Sandy Clay Loam,0.06858621805241026,0.08248337028824831,0.17266435986159148,0.10973794888385642,0.1319733924611973,0.27626297577854636,407519.3399999998,3659896.500000003
2009,2009-05-01,2009-p06-2,105.0,52.04,23.400000000000006,24.560000000000002,Sandy Clay Loam,0.09084628670120884,0.10598551277163558,0.14437134502923962,0.14535405872193416,0.16957682043461694,0.23099415204678342,407519.3399999998,3659896.500000003
2009,2009-05-01,2009-p06-2,135.0,57.68,19.75999999999999,22.560000000000002,Sandy Clay Loam,0.07906626506024074,0.09458428680396659,0.1338472319551504,0.1265060240963852,0.15133485888634657,0.21415557112824063,407519.3399999998,3659896.500000003
2009,2009-05-01,2009-p06-2,165.0,63.67999999999999,17.760000000000005,18.560000000000002,Sandy Loam,0.0878833208676141,0.0979890310786106,0.13607990012484408,0.1406133133881826,0.15678244972577696,0.21772784019975056,407519.3399999998,3659896.500000003
2009,2009-05-01,2009-p06-3,15.0,68.4,15.039999999999992,16.560000000000002,Sandy Loam,0.07237936772046627,0.09460547504025771,0.16327247191011218,0.11580698835274604,0.15136876006441236,0.2612359550561795,407519.3399999998,3659923.000000003
2009,2009-05-01,2009-p06-3,45.0,71.67999999999999,11.760000000000005,16.560000000000002,Sandy Loam,0.055398301657905276,0.07303779069767462,0.11962264150943402,0.08863728265264845,0.1168604651162794,0.19139622641509446,407519.3399999998,3659923.000000003
2009,2009-05-01,2009-p06-3,75.0,53.32,18.120000000000005,28.560000000000002,Sandy Clay Loam,0.07400306748466284,0.10539130434782613,0.17282924802658928,0.11840490797546055,0.16862608695652181,0.27652679684254283,407519.3399999998,3659923.000000003
2009,2009-05-01,2009-p06-3,105.0,47.32,22.120000000000005,30.560000000000002,Sandy Clay Loam,0.08744301699129711,0.11038430089942779,0.16188373804267836,0.1399088271860754,0.17661488143908446,0.25901398086828537,407519.3399999998,3659923.000000003
2009,2009-05-01,2009-p06-3,135.0,64.2,17.960000000000008,17.839999999999996,Sandy Loam,0.08060921248142625,0.09495767390504226,0.13370865587614345,0.128974739970282,0.15193227824806763,0.21393384940182952,407519.3399999998,3659923.000000003
2009,2009-05-01,2009-p06-3,165.0,62.2,15.960000000000008,21.839999999999996,Sandy Clay Loam,0.07981989357347535,0.10318076027928642,0.1877584780810587,0.12771182971756057,0.16508921644685828,0.30041356492969395,407519.3399999998,3659923.000000003
2009,2009-05-01,2009-p06-4,15.0,68.2,16.36,15.439999999999998,Sandy Loam,0.06029353431178117,0.08575863407062453,0.13213328226733037,0.09646965489884989,0.13721381451299927,0.21141325162772862,407519.3399999998,3659949.500000003
2009,2009-05-01,2009-p06-4,45.0,72.03999999999999,11.800000000000011,16.160000000000004,Sandy Loam,0.06026365348399224,0.08215867901731802,0.13312572985597518,0.0964218455743876,0.13145388642770883,0.2130011677695603,407519.3399999998,3659949.500000003
2009,2009-05-01,2009-p06-4,75.0,68.4,15.439999999999998,16.160000000000004,Sandy Loam,0.06011787819253442,0.08547655068078659,0.13949903660886281,0.09618860510805508,0.13676248108925856,0.22319845857418052,407519.3399999998,3659949.500000003
2009,2009-05-01,2009-p06-4,105.0,62.4,15.439999999999998,22.160000000000004,Sandy Clay Loam,0.08049311094996371,0.10133429498737836,0.16951171099642728,0.12878897751994195,0.1621348719798054,0.27121873759428367,407519.3399999998,3659949.500000003
2009,2009-05-01,2009-p06-4,135.0,67.67999999999999,14.159999999999997,18.160000000000004,Sandy Loam,0.08046437149719766,0.09731800766283523,0.14355505449079325,0.12874299439551626,0.15570881226053637,0.22968808718526923,407519.3399999998,3659949.500000003
2009,2009-05-01,2009-p06-4,165.0,65.67999999999999,16.52000000000001,17.8,Sandy Loam,0.08324838600067942,0.10824967263203857,0.16220600162206,0.13319741760108708,0.17319947621126172,0.259529602595296,407519.3399999998,3659949.500000003
2009,2009-05-01,2009-p06-5,15.0,66.03999999999999,15.400000000000006,18.560000000000002,Sandy Loam,0.06164874551971322,0.0848979591836734,0.15371389270976613,0.09863799283154116,0.13583673469387744,0.24594222833562582,407519.3399999998,3659976.000000003
2009,2009-05-01,2009-p06-5,45.0,65.67999999999999,15.760000000000005,18.560000000000002,Sandy Loam,0.058271411810715754,0.08712563204978614,0.14365463342017118,0.0932342588971452,0.13940101127965784,0.2298474134722739,407519.3399999998,3659976.000000003
2009,2009-05-01,2009-p06-5,75.0,51.67999999999999,23.760000000000005,24.560000000000002,Sandy Clay Loam,0.06830601092896174,0.08638297872340434,0.15429403202328973,0.1092896174863388,0.13821276595744694,0.2468704512372636,407519.3399999998,3659976.000000003
2009,2009-05-01,2009-p06-5,105.0,47.67999999999999,24.120000000000005,28.199999999999996,Sandy Clay Loam,0.09463276836158166,0.11107011070110723,0.1880206267354222,0.15141242937853067,0.17771217712177156,0.3008330027766755,407519.3399999998,3659976.000000003
2009,2009-05-01,2009-p06-5,135.0,68.03999999999999,15.400000000000006,16.560000000000002,Sandy Loam,0.07779690189328736,0.08290766208251502,0.14003103180760249,0.12447504302925978,0.13265225933202404,0.224049650892164,407519.3399999998,3659976.000000003
2009,2009-05-01,2009-p06-5,165.0,67.67999999999999,15.760000000000005,16.560000000000002,Sandy Loam,0.07153846153846152,0.08901960784313738,0.13561151079136705,0.11446153846153845,0.1424313725490198,0.21697841726618727,407519.3399999998,3659976.000000003
2009,2009-05-01,2009-p06-6,15.0,63.67999999999999,15.760000000000005,20.560000000000002,Sandy Clay Loam,0.06824817518248166,0.09839203675344593,0.16622390891840644,0.10919708029197067,0.1574272588055135,0.2659582542694503,407519.3399999998,3660002.500000003
2009,2009-05-01,2009-p06-6,45.0,55.67999999999999,21.760000000000005,22.560000000000002,Sandy Clay Loam,0.07290533188248088,0.10858208955223865,0.18005329272934925,0.11664853101196943,0.17373134328358186,0.2880852683669588,407519.3399999998,3660002.500000003
2009,2009-05-01,2009-p06-6,75.0,56.39999999999999,25.040000000000006,18.560000000000002,Sandy Loam,0.09489315465411075,0.09094846253789524,0.1602229188436083,0.15182904744657721,0.1455175400606324,0.25635667014977326,407519.3399999998,3660002.500000003
2009,2009-05-01,2009-p06-6,105.0,60.4,19.039999999999992,20.560000000000002,Sandy Clay Loam,0.06748466257668732,0.08652751423149882,0.1605744125326371,0.10797546012269972,0.1384440227703981,0.2569190600522194,407519.3399999998,3660002.500000003
2009,2009-05-01,2009-p06-6,135.0,70.03999999999999,15.400000000000006,14.560000000000004,Sandy Loam,0.071899736147757,0.07938874394334738,0.13416052733617684,0.11503957783641122,0.12702199030935582,0.21465684373788296,407519.3399999998,3660002.500000003
2009,2009-05-01,2009-p06-6,165.0,63.67999999999999,15.760000000000005,20.560000000000002,Sandy Clay Loam,0.07787174066243836,0.09789096697174665,0.16120906801007545,0.12459478505990139,0.15662554715479465,0.25793450881612073,407519.3399999998,3660002.500000003
2009,2009-05-01,2009-p06-7,15.0,62.03999999999999,15.400000000000006,22.560000000000002,Sandy Clay Loam,0.0863105765829503,0.10381861575178995,0.15877982010168173,0.1380969225327205,0.16610978520286393,0.2540477121626908,407519.3399999998,3660029.000000003
2009,2009-05-01,2009-p06-7,45.0,67.67999999999999,13.760000000000005,18.560000000000002,Sandy Loam,0.0714285714285714,0.0817438692098092,0.1327771984706294,0.11428571428571424,0.13079019073569473,0.21244351755300706,407519.3399999998,3660029.000000003
2009,2009-05-01,2009-p06-7,75.0,79.67999999999999,9.760000000000005,10.560000000000002,Sandy Loam,0.04834347532116318,0.05757196495619535,0.08259493670886077,0.0773495605138611,0.09211514392991256,0.13215189873417724,407519.3399999998,3660029.000000003
2009,2009-05-01,2009-p06-7,105.0,73.67999999999999,11.760000000000005,14.560000000000004,Sandy Loam,0.058553791887125096,0.06818181818181827,0.11294862772695312,0.09368606701940016,0.10909090909090924,0.180717804363125,407519.3399999998,3660029.000000003
2009,2009-05-01,2009-p06-7,135.0,65.67999999999999,17.760000000000005,16.560000000000002,Sandy Loam,0.06993006993006992,0.08680688336520119,0.16926812348248332,0.11188811188811187,0.13889101338432192,0.2708289975719733,407519.3399999998,3660029.000000003
2009,2009-05-01,2009-p06-7,165.0,65.67999999999999,13.760000000000005,20.560000000000002,Sandy Clay Loam,0.07419590643274857,0.09568733153638802,0.16117478510028668,0.11871345029239772,0.15309973045822084,0.2578796561604587,407519.3399999998,3660029.000000003
2009,2009-05-01,2009-p07-1,15.0,63.67999999999999,20.159999999999997,16.160000000000004,Sandy Loam,0.06795058139534901,0.08054936896807728,0.13763949949272936,0.10872093023255842,0.12887899034892367,0.22022319918836697,407505.1159999998,3659870.000000003
2009,2009-05-01,2009-p07-1,45.0,49.67999999999999,30.159999999999997,20.160000000000004,Sandy Clay Loam,0.07564575645756447,0.09269442262372346,0.18137254901960775,0.12103321033210315,0.14831107619795755,0.2901960784313724,407505.1159999998,3659870.000000003
2009,2009-05-01,2009-p07-1,75.0,62.03999999999999,19.80000000000001,18.160000000000004,Sandy Loam,0.07615526802218096,0.08646063281824876,0.14466130884041334,0.12184842883548955,0.13833701250919803,0.23145809414466134,407505.1159999998,3659870.000000003
2009,2009-05-01,2009-p07-1,105.0,62.03999999999999,17.80000000000001,20.160000000000004,Sandy Clay Loam,0.06915084199211727,0.08627314006287107,0.1549982584465343,0.11064134718738763,0.1380370241005937,0.24799721351445492,407505.1159999998,3659870.000000003
2009,2009-05-01,2009-p07-1,135.0,63.32,16.159999999999997,20.520000000000003,Sandy Clay Loam,0.07704527402700545,0.09861212563915277,0.148951554591468,0.12327243844320873,0.15777940102264443,0.2383224873463488,407505.1159999998,3659870.000000003
2009,2009-05-01,2009-p07-1,165.0,63.32,18.159999999999997,18.520000000000003,Sandy Loam,0.08560447239692508,0.09592233009708734,0.1699650756693834,0.13696715583508012,0.15347572815533975,0.27194412107101346,407505.1159999998,3659870.000000003
2009,2009-05-01,2009-p07-2,15.0,64.76,16.679999999999993,18.560000000000002,Sandy Loam,0.06603400553578495,0.08058891902363417,0.13492373875635522,0.10565440885725592,0.12894227043781467,0.21587798201016836,407505.1159999998,3659896.500000003
2009,2009-05-01,2009-p07-2,45.0,65.67999999999999,17.760000000000005,16.560000000000002,Sandy Loam,0.0663399924613647,0.07816333683841584,0.1354969574036513,0.10614398793818353,0.12506133894146534,0.2167951318458421,407505.1159999998,3659896.500000003
2009,2009-05-01,2009-p07-2,75.0,63.67999999999999,17.400000000000006,18.920000000000005,Sandy Loam,0.06529787950185113,0.07609101081685962,0.1397300255381247,0.10447660720296181,0.1217456173069754,0.22356804086099952,407505.1159999998,3659896.500000003
2009,2009-05-01,2009-p07-2,105.0,55.67999999999999,21.400000000000006,22.920000000000005,Sandy Clay Loam,0.08421750663129983,0.09908536585365858,0.1712265600983705,0.13474801061007974,0.15853658536585374,0.2739624961573928,407505.1159999998,3659896.500000003
2009,2009-05-01,2009-p07-2,135.0,61.67999999999999,19.400000000000006,18.920000000000005,Sandy Loam,0.07142857142857131,0.09042984590429803,0.14973594283939134,0.1142857142857141,0.14468775344687687,0.23957750854302617,407505.1159999998,3659896.500000003
2009,2009-05-01,2009-p07-2,165.0,61.67999999999999,17.400000000000006,20.920000000000005,Sandy Clay Loam,0.08112874779541436,0.10062661260597143,0.17587765033020503,0.12980599647266297,0.1610025801695543,0.2814042405283281,407505.1159999998,3659896.500000003
2009,2009-05-01,2009-p07-3,15.0,65.67999999999999,17.400000000000006,16.920000000000005,Sandy Loam,0.06029723991507407,0.07923497267759566,0.14082928651475515,0.09647558386411852,0.12677595628415306,0.22532685842360825,407505.1159999998,3659923.000000003
2009,2009-05-01,2009-p07-3,45.0,61.67999999999999,17.760000000000005,20.560000000000002,Sandy Clay Loam,0.0769495018893849,0.09533386967015275,0.15037282518641304,0.12311920302301585,0.15253419147224442,0.24059652029826087,407505.1159999998,3659923.000000003
2009,2009-05-01,2009-p07-3,75.0,61.67999999999999,17.760000000000005,20.560000000000002,Sandy Clay Loam,0.1243961352657006,0.09649805447470804,0.16011466011466,0.19903381642512097,0.15439688715953287,0.256183456183456,407505.1159999998,3659923.000000003
2009,2009-05-01,2009-p07-3,105.0,64.03999999999999,13.400000000000006,22.560000000000002,Sandy Clay Loam,0.09279517163334566,0.11056853854203005,0.18388157894736853,0.14847227461335308,0.17690966166724809,0.29421052631578964,407505.1159999998,3659923.000000003
2009,2009-05-01,2009-p07-3,135.0,61.67999999999999,15.760000000000005,22.560000000000002,Sandy Clay Loam,0.08379446640316195,0.10014836795252238,0.1660036166365276,0.13407114624505911,0.1602373887240358,0.2656057866184442,407505.1159999998,3659923.000000003
2009,2009-05-01,2009-p07-3,165.0,65.67999999999999,15.760000000000005,18.560000000000002,Sandy Loam,0.08801665179898926,0.09807482746095154,0.14756302521008408,0.14082664287838284,0.1569197239375225,0.23610084033613454,407505.1159999998,3659923.000000003
2009,2009-05-01,2009-p07-4,15.0,65.67999999999999,18.159999999999997,16.160000000000004,Sandy Loam,0.06132812500000001,0.08462505236698767,0.13808975834292264,0.09812500000000002,0.13540008378718027,0.22094361334867624,407505.1159999998,3659949.500000003
2009,2009-05-01,2009-p07-4,45.0,55.67999999999999,18.159999999999997,26.160000000000004,Sandy Clay Loam,0.07256046705588,0.09829406986190098,0.16758457907159738,0.116096747289408,0.15727051177904158,0.2681353265145558,407505.1159999998,3659949.500000003
2009,2009-05-01,2009-p07-4,75.0,57.68,14.159999999999997,28.16,Sandy Clay Loam,0.07356321839080439,0.10142630744849455,0.1728639240506328,0.11770114942528703,0.1622820919175913,0.2765822784810125,407505.1159999998,3659949.500000003
2009,2009-05-01,2009-p07-4,105.0,57.68,14.159999999999997,28.16,Sandy Clay Loam,0.10207274149393848,0.10913312693498424,0.16963973417278772,0.16331638639030158,0.1746130030959748,0.27142357467646033,407505.1159999998,3659949.500000003
2009,2009-05-01,2009-p07-4,135.0,66.2,16.36,17.439999999999998,Sandy Loam,0.08544776119402982,0.1,0.14878892733564006,0.13671641791044772,0.16000000000000003,0.2380622837370241,407505.1159999998,3659949.500000003
2009,2009-05-01,2009-p07-4,165.0,62.2,16.36,21.439999999999998,Sandy Clay Loam,0.09249377445748821,0.10921501706484653,0.17188003869719443,0.14799003913198114,0.17474402730375446,0.2750080619155111,407505.1159999998,3659949.500000003
2009,2009-05-01,2009-p07-5,15.0,63.839999999999996,18.320000000000007,17.839999999999996,Sandy Loam,0.0623295675886252,0.08999613750482804,0.13948339483394837,0.09972730814180032,0.14399382000772487,0.2231734317343174,407505.1159999998,3659976.000000003
2009,2009-05-01,2009-p07-5,45.0,62.03999999999999,15.400000000000006,22.560000000000002,Sandy Clay Loam,0.07094846900672137,0.10050041701417835,0.1684251660804997,0.1135175504107542,0.16080066722268538,0.2694802657287995,407505.1159999998,3659976.000000003
2009,2009-05-01,2009-p07-5,75.0,56.39999999999999,19.040000000000006,24.560000000000002,Sandy Clay Loam,0.07323420074349439,0.10441240716470074,0.18019359642591234,0.11717472118959103,0.1670598514635212,0.2883097542814598,407505.1159999998,3659976.000000003
2009,2009-05-01,2009-p07-5,105.0,52.400000000000006,17.039999999999992,30.560000000000002,Sandy Clay Loam,0.10674931129476564,0.12223472065991743,0.18388278388278376,0.17079889807162504,0.1955755530558679,0.294212454212454,407505.1159999998,3659976.000000003
2009,2009-05-01,2009-p07-5,135.0,55.67999999999999,19.760000000000005,24.560000000000002,Sandy Clay Loam,0.10100659493231506,0.10925644916540252,0.18307856381087798,0.16161055189170412,0.17481031866464403,0.29292570209740476,407505.1159999998,3659976.000000003
2009,2009-05-01,2009-p07-5,165.0,63.67999999999999,15.760000000000005,20.560000000000002,Sandy Clay Loam,0.09590517241379315,0.10470156718906304,0.17276662731208192,0.15344827586206905,0.16752250750250086,0.2764266036993311,407505.1159999998,3659976.000000003
2009,2009-05-01,2009-p07-6,15.0,64.4,15.399999999999991,20.2,Sandy Clay Loam,0.06814971751412428,0.09080675422138844,0.14437869822485191,0.10903954802259885,0.1452908067542215,0.23100591715976307,407505.1159999998,3660002.500000003
2009,2009-05-01,2009-p07-6,45.0,62.03999999999999,15.400000000000006,22.560000000000002,Sandy Clay Loam,0.0713775874375446,0.09776055124892316,0.1603053435114505,0.11420413990007137,0.15641688199827708,0.25648854961832085,407505.1159999998,3660002.500000003
2009,2009-05-01,2009-p07-6,75.0,67.67999999999999,13.760000000000005,18.560000000000002,Sandy Loam,0.06327800829875536,0.07777354174609222,0.13457164518574669,0.10124481327800859,0.12443766679374756,0.21531463229719472,407505.1159999998,3660002.500000003
2009,2009-05-01,2009-p07-6,105.0,68.03999999999999,15.760000000000005,16.2,Sandy Loam,0.06869070208728661,0.07292506043513305,0.12583444592790374,0.10990512333965859,0.11668009669621289,0.201335113484646,407505.1159999998,3660002.500000003
2009,2009-05-01,2009-p07-6,135.0,70.03999999999999,13.400000000000006,16.560000000000002,Sandy Loam,0.0667396061269146,0.0717439293598235,0.1194029850746269,0.10678336980306335,0.11479028697571761,0.19104477611940307,407505.1159999998,3660002.500000003
2009,2009-05-01,2009-p07-6,165.0,68.03999999999999,13.400000000000006,18.560000000000002,Sandy Loam,0.0814896755162242,,0.14632430531129076,0.13038348082595871,,0.23411888849806523,407505.1159999998,3660002.500000003
2009,2009-05-01,2009-p07-7,15.0,63.67999999999999,13.760000000000005,22.560000000000002,Sandy Clay Loam,0.07742639040348946,0.10173978819969733,0.15461624026696336,0.12388222464558314,0.16278366111951573,0.24738598442714138,407505.1159999998,3660029.000000003
2009,2009-05-01,2009-p07-7,45.0,61.67999999999999,15.760000000000005,22.560000000000002,Sandy Clay Loam,0.1255868544600939,0.10086342229199344,0.15426147319706904,0.20093896713615025,0.16138147566718952,0.24681835711531047,407505.1159999998,3660029.000000003
2009,2009-05-01,2009-p07-7,75.0,64.76,19.039999999999992,16.2,Sandy Loam,0.06372934697088925,0.0912124582869853,0.1519800214056365,0.1019669551534228,0.1459399332591765,0.2431680342490184,407505.1159999998,3660029.000000003
2009,2009-05-01,2009-p07-7,105.0,60.760000000000005,17.039999999999992,22.2,Sandy Clay Loam,0.0687940323249066,0.08935018050541534,0.1537216828478966,0.11007045171985058,0.14296028880866454,0.2459546925566346,407505.1159999998,3660029.000000003
2009,2009-05-01,2009-p07-7,135.0,58.4,17.400000000000006,24.2,Sandy Clay Loam,0.10087116001834033,0.10076335877862616,0.1669278996865206,0.16139385602934453,0.16122137404580186,0.267084639498433,407505.1159999998,3660029.000000003
2009,2009-05-01,2009-p07-7,165.0,58.040000000000006,19.75999999999999,22.2,Sandy Clay Loam,0.0858310626702996,0.09070208728652754,0.15120000000000006,0.13732970027247934,0.14512333965844407,0.2419200000000001,407505.1159999998,3660029.000000003
2009,2009-05-01,2009-p08-1,15.0,64.4,17.439999999999998,18.160000000000004,Sandy Loam,0.07737656595431076,0.11234567901234555,0.146459412780656,0.12380250552689723,0.17975308641975288,0.23433506044904961,407490.8919999998,3659870.000000003
2009,2009-05-01,2009-p08-1,45.0,64.03999999999999,17.80000000000001,18.160000000000004,Sandy Loam,0.08767123287671241,0.09277917716204874,0.15647339158061976,0.14027397260273985,0.148446683459278,0.2503574265289916,407490.8919999998,3659870.000000003
2009,2009-05-01,2009-p08-1,75.0,53.67999999999999,22.159999999999997,24.160000000000004,Sandy Clay Loam,0.09249702262802692,0.10287921348314631,0.1822660098522163,0.1479952362048431,0.16460674157303412,0.2916256157635461,407490.8919999998,3659870.000000003
2009,2009-05-01,2009-p08-1,105.0,57.68,20.159999999999997,22.160000000000004,Sandy Clay Loam,0.0825607064017659,0.09685002350728737,0.17730802415875752,0.13209713024282543,0.1549600376116598,0.283692838654012,407490.8919999998,3659870.000000003
2009,2009-05-01,2009-p08-1,135.0,58.4,17.439999999999998,24.160000000000004,Sandy Clay Loam,0.07940729483282688,0.092348284960422,0.16324981017463952,0.12705167173252302,0.14775725593667519,0.26119969627942324,407490.8919999998,3659870.000000003
2009,2009-05-01,2009-p08-1,165.0,60.4,17.799999999999997,21.8,Sandy Clay Loam,0.085286458333333,0.09652076318742978,0.1742685025817558,0.1364583333333328,0.15443322109988766,0.2788296041308093,407490.8919999998,3659870.000000003
2009,2009-05-01,2009-p08-2,15.0,68.03999999999999,15.760000000000005,16.2,Sandy Loam,0.07046476761619173,0.08131868131868127,0.14601272931486298,0.11274362818590677,0.13010989010989002,0.23362036690378077,407490.8919999998,3659896.500000003
2009,2009-05-01,2009-p08-2,45.0,70.03999999999999,13.760000000000005,16.2,Sandy Loam,0.0683701657458565,0.08174486803519024,0.1425877027536779,0.1093922651933704,0.13079178885630438,0.22814032440588466,407490.8919999998,3659896.500000003
2009,2009-05-01,2009-p08-2,75.0,64.4,13.039999999999992,22.560000000000002,Sandy Clay Loam,0.08941536110049661,0.09883720930232548,0.16607912260086186,0.1430645777607946,0.1581395348837208,0.265726596161379,407490.8919999998,3659896.500000003
2009,2009-05-01,2009-p08-2,105.0,66.4,11.399999999999991,22.2,Sandy Clay Loam,0.07780126849894306,0.08249232119350572,0.1572104018912528,0.1244820295983089,0.13198771390960914,0.2515366430260045,407490.8919999998,3659896.500000003
2009,2009-05-01,2009-p08-2,135.0,69.67999999999999,12.120000000000005,18.2,Sandy Loam,0.08175125920185973,0.08877590926867435,0.1533639782699544,0.13080201472297556,0.14204145482987895,0.24538236523192705,407490.8919999998,3659896.500000003
2009,2009-05-01,2009-p08-2,165.0,69.67999999999999,14.120000000000005,16.2,Sandy Loam,0.08923303834808266,0.09479865771812103,0.15927419354838693,0.14277286135693226,0.15167785234899367,0.2548387096774191,407490.8919999998,3659896.500000003
2009,2009-05-01,2009-p08-3,15.0,68.76,15.039999999999992,16.2,Sandy Loam,0.07965638422491211,0.08547008547008547,0.14655760054533062,0.12745021475985938,0.13675213675213677,0.234492160872529,407490.8919999998,3659923.000000003
2009,2009-05-01,2009-p08-3,45.0,70.03999999999999,11.400000000000006,18.560000000000002,Sandy Loam,0.07961783439490445,0.09180327868852438,0.15538160469667317,0.12738853503184713,0.146885245901639,0.24861056751467708,407490.8919999998,3659923.000000003
2009,2009-05-01,2009-p08-3,75.0,75.67999999999999,11.760000000000005,12.560000000000002,Sandy Loam,0.06498194945848365,0.0694006309148267,0.12457912457912453,0.10397111913357385,0.11104100946372274,0.19932659932659924,407490.8919999998,3659923.000000003
2009,2009-05-01,2009-p08-3,105.0,74.03999999999999,11.760000000000005,14.2,Sandy Loam,0.05739843458814757,0.06772100567721012,0.1262491672218521,0.09183749534103612,0.1083536090835362,0.20199866755496335,407490.8919999998,3659923.000000003
2009,2009-05-01,2009-p08-3,135.0,64.03999999999999,19.400000000000006,16.560000000000002,Sandy Loam,0.09702797202797196,0.10008305647840578,0.1925826630920466,0.15524475524475514,0.16013289036544925,0.3081322609472746,407490.8919999998,3659923.000000003
2009,2009-05-01,2009-p08-3,165.0,72.03999999999999,15.400000000000006,12.560000000000002,Sandy Loam,0.1431980906921242,0.08688906128782009,0.13572433192686356,0.22911694510739872,0.13902249806051215,0.2171589310829817,407490.8919999998,3659923.000000003
2009,2009-05-01,2009-p08-4,15.0,68.03999999999999,13.800000000000011,18.160000000000004,Sandy Loam,,0.12117177097203716,0.15908159081590798,,0.19387483355525947,0.25453054530545277,407490.8919999998,3659949.500000003
2009,2009-05-01,2009-p08-4,45.0,66.03999999999999,13.800000000000011,20.160000000000004,Sandy Clay Loam,,0.10888252148997121,0.17709251101321594,,0.17421203438395394,0.28334801762114553,407490.8919999998,3659949.500000003
2009,2009-05-01,2009-p08-4,75.0,70.4,17.439999999999998,12.160000000000002,Sandy Loam,,0.08017041053446942,0.13784665579119096,,0.12827265685515107,0.22055464926590554,407490.8919999998,3659949.500000003
2009,2009-05-01,2009-p08-4,105.0,64.03999999999999,13.800000000000011,22.160000000000004,Sandy Clay Loam,0.07964601769911478,0.09458987783595116,0.16918059518956402,0.12743362831858365,0.15134380453752186,0.2706889523033024,407490.8919999998,3659949.500000003
2009,2009-05-01,2009-p08-4,135.0,63.67999999999999,16.159999999999997,20.160000000000004,Sandy Clay Loam,0.09314516129032269,0.09550789154188587,0.18688118811881196,0.1490322580645163,0.1528126264670174,0.29900990099009916,407490.8919999998,3659949.500000003
2009,2009-05-01,2009-p08-4,165.0,63.67999999999999,14.52000000000001,21.8,Sandy Clay Loam,0.09646856158484043,0.10882140274764997,0.18615664845173044,0.1543496985357447,0.17411424439623996,0.2978506375227687,407490.8919999998,3659949.500000003
2009,2009-05-01,2009-p08-5,15.0,66.03999999999999,15.760000000000005,18.2,Sandy Loam,,0.0955580440462857,0.15602836879432602,,0.15289287047405714,0.24964539007092165,407490.8919999998,3659976.000000003
2009,2009-05-01,2009-p08-5,45.0,67.67999999999999,14.120000000000005,18.2,Sandy Loam,,0.09454822722073977,0.14764359351988182,,0.15127716355318366,0.23622974963181093,407490.8919999998,3659976.000000003
2009,2009-05-01,2009-p08-5,75.0,71.67999999999999,14.120000000000005,14.2,Sandy Loam,,0.08353894959464188,0.14450651769087505,,0.133662319351427,0.2312104283054001,407490.8919999998,3659976.000000003
2009,2009-05-01,2009-p08-5,105.0,59.679999999999986,14.120000000000005,26.200000000000003,Sandy Clay Loam,0.08806029353431175,0.09592424866200072,0.16785714285714304,0.1408964696548988,0.15347879785920115,0.26857142857142885,407490.8919999998,3659976.000000003
2009,2009-05-01,2009-p08-5,135.0,66.4,11.039999999999992,22.560000000000002,Sandy Clay Loam,0.08989523487664791,0.09596713965646005,0.15836909871244628,0.14383237580263666,0.1535474234503361,0.25339055793991405,407490.8919999998,3659976.000000003
2009,2009-05-01,2009-p08-5,165.0,64.4,15.039999999999992,20.560000000000002,Sandy Clay Loam,0.08822495606326881,0.09135456772838638,0.1666046857567868,0.14115992970123012,0.14616730836541822,0.2665674972108589,407490.8919999998,3659976.000000003
2009,2009-05-01,2009-p08-6,15.0,64.4,17.039999999999992,18.560000000000002,Sandy Loam,0.0652920962199313,0.08567262121764468,0.13968510294711317,0.1044673539518901,0.1370761939482315,0.22349616471538108,407490.8919999998,3660002.500000003
2009,2009-05-01,2009-p08-6,45.0,66.03999999999999,15.400000000000006,18.560000000000002,Sandy Loam,0.05822689706987218,0.08042212518195081,0.10831509846827128,0.09316303531179548,0.12867540029112132,0.17330415754923406,407490.8919999998,3660002.500000003
2009,2009-05-01,2009-p08-6,75.0,74.4,11.039999999999992,14.560000000000004,Sandy Loam,0.053506869125090534,0.06903622693096388,0.11564625850340132,0.08561099060014486,0.11045796308954221,0.18503401360544214,407490.8919999998,3660002.500000003
2009,2009-05-01,2009-p08-6,105.0,70.4,13.039999999999992,16.560000000000002,Sandy Loam,0.07967836257309967,0.07439310884886476,0.14962858153519645,0.12748538011695948,0.11902897415818361,0.23940573045631433,407490.8919999998,3660002.500000003
2009,2009-05-01,2009-p08-6,135.0,73.67999999999999,13.760000000000005,12.560000000000002,Sandy Loam,0.09197939661515822,0.09300723389596928,0.1363346104725414,0.14716703458425315,0.14881157423355085,0.21813537675606623,407490.8919999998,3660002.500000003
2009,2009-05-01,2009-p08-6,165.0,64.4,17.39999999999999,18.2,Sandy Loam,0.09882964889466812,0.08680310515172877,0.1693235674278328,0.15812743823146902,0.13888496824276605,0.2709177078845325,407490.8919999998,3660002.500000003
2009,2009-05-01,2009-p08-7,15.0,64.4,13.399999999999991,22.2,Sandy Clay Loam,0.07374100719424449,0.0854237288135597,0.16166788588149233,0.11798561151079119,0.13667796610169552,0.25866861741038777,407490.8919999998,3660029.000000003
2009,2009-05-01,2009-p08-7,45.0,64.03999999999999,15.760000000000005,20.2,Sandy Clay Loam,0.06704851752021546,0.0944350758853286,0.15490408975750994,0.10727762803234474,0.15109612141652576,0.2478465436120159,407490.8919999998,3660029.000000003
2009,2009-05-01,2009-p08-7,75.0,70.03999999999999,13.760000000000005,16.2,Sandy Loam,0.05462962962962972,0.09075770191507045,0.13347547974413657,0.08740740740740756,0.14521232306411272,0.2135607675906185,407490.8919999998,3660029.000000003
2009,2009-05-01,2009-p08-7,105.0,69.67999999999999,10.120000000000005,20.2,Sandy Clay Loam,0.08414943779470468,0.08971250432975421,0.1316062176165804,0.1346391004715275,0.14354000692760674,0.21056994818652863,407490.8919999998,3660029.000000003
2009,2009-05-01,2009-p08-7,135.0,74.4,11.399999999999991,14.2,Sandy Loam,0.06847935548841864,0.08075921101600304,0.12003117692907245,0.10956696878146983,0.12921473762560487,0.19204988308651594,407490.8919999998,3660029.000000003
2009,2009-05-01,2009-p08-7,165.0,66.03999999999999,13.760000000000005,20.2,Sandy Clay Loam,0.07495069033530566,0.09077040427154827,0.15073068893528185,0.11992110453648906,0.14523264683447723,0.24116910229645097,407490.8919999998,3660029.000000003
2009,2009-05-01,2009-p09-1,15.0,68.03999999999999,14.16000000000001,17.8,Sandy Loam,,0.08912792931233166,0.14640994785399083,,0.14260468689973066,0.23425591656638534,407476.66799999983,3659870.000000003
2009,2009-05-01,2009-p09-1,45.0,70.03999999999999,14.16000000000001,15.8,Sandy Loam,,0.08635794743429318,0.14594127806563023,,0.1381727158948691,0.23350604490500837,407476.66799999983,3659870.000000003
2009,2009-05-01,2009-p09-1,75.0,66.76,19.439999999999998,13.8,Sandy Loam,,0.0968132311415893,0.16726980297547261,,0.1549011698265429,0.2676316847607562,407476.66799999983,3659870.000000003
2009,2009-05-01,2009-p09-1,105.0,64.76,17.439999999999998,17.8,Sandy Loam,0.11663619744058491,0.09396212933190409,0.15432098765432103,0.18661791590493587,0.15033940693104655,0.24691358024691368,407476.66799999983,3659870.000000003
2009,2009-05-01,2009-p09-1,135.0,62.4,21.799999999999997,15.8,Sandy Loam,0.13272640153330156,0.10997547015535558,0.1697373578988631,0.2123622424532825,0.17596075224856894,0.27157977263818095,407476.66799999983,3659870.000000003
2009,2009-05-01,2009-p09-1,165.0,66.03999999999999,16.16000000000001,17.8,Sandy Loam,0.08858102434928629,0.1031872509960155,0.163392857142857,0.14172963895885807,0.1650996015936248,0.26142857142857123,407476.66799999983,3659870.000000003
2009,2009-05-01,2009-p09-2,15.0,70.4,15.039999999999992,14.560000000000004,Sandy Loam,0.06798986486486484,0.08513189448441227,0.1323529411764708,0.10878378378378376,0.13621103117505964,0.2117647058823533,407476.66799999983,3659896.500000003
2009,2009-05-01,2009-p09-2,45.0,72.03999999999999,11.400000000000006,16.560000000000002,Sandy Loam,0.06316998468606454,0.08253205128205136,0.1332655137334691,0.10107197549770326,0.1320512820512822,0.21322482197355055,407476.66799999983,3659896.500000003
2009,2009-05-01,2009-p09-2,75.0,67.67999999999999,15.760000000000005,16.560000000000002,Sandy Loam,0.06303618052965303,0.08106088905491231,0.13105854982551388,0.10085788884744484,0.1296974224878597,0.2096936797208222,407476.66799999983,3659896.500000003
2009,2009-05-01,2009-p09-2,105.0,66.03999999999999,15.760000000000005,18.2,Sandy Loam,0.0924603174603174,0.1064227035100825,0.1527666399358458,0.14793650793650784,0.170276325616132,0.24442662389735328,407476.66799999983,3659896.500000003
2009,2009-05-01,2009-p09-2,135.0,74.4,17.39999999999999,8.2,Sandy Loam,0.12504915454187965,0.09920634920634919,0.16882209017825928,0.20007864726700744,0.15873015873015872,0.27011534428521483,407476.66799999983,3659896.500000003
2009,2009-05-01,2009-p09-2,165.0,66.4,15.399999999999991,18.2,Sandy Loam,0.11134995700773877,0.11725663716814153,0.1955538809344385,0.17815993121238205,0.18761061946902646,0.31288620949510165,407476.66799999983,3659896.500000003
2009,2009-05-01,2009-p09-3,15.0,68.4,13.399999999999991,18.2,Sandy Loam,0.06853809697411575,0.08232065856526828,0.13606993538578482,0.1096609551585852,0.13171305370442926,0.21771189661725573,407476.66799999983,3659923.000000003
2009,2009-05-01,2009-p09-3,45.0,70.4,11.399999999999991,18.2,Sandy Loam,0.0789579158316633,0.10036275695284166,0.1689189189189189,0.1263326653306613,0.16058041112454668,0.27027027027027023,407476.66799999983,3659923.000000003
2009,2009-05-01,2009-p09-3,75.0,60.040000000000006,17.75999999999999,22.2,Sandy Clay Loam,0.09087237479806137,0.11093871217998443,0.18627450980392177,0.1453957996768982,0.1775019394879751,0.29803921568627484,407476.66799999983,3659923.000000003
2009,2009-05-01,2009-p09-3,105.0,60.040000000000006,15.759999999999991,24.2,Sandy Clay Loam,0.08989690721649483,0.10382059800664453,0.17303005686433753,0.14383505154639173,0.16611295681063126,0.27684809098294005,407476.66799999983,3659923.000000003
2009,2009-05-01,2009-p09-3,135.0,66.03999999999999,15.760000000000005,18.2,Sandy Loam,0.09217982621836031,0.09552238805970159,0.19430637144148236,0.1474877219493765,0.15283582089552256,0.31089019430637177,407476.66799999983,3659923.000000003
2009,2009-05-01,2009-p09-3,165.0,70.03999999999999,13.760000000000005,16.2,Sandy Loam,0.10586176727908986,0.08702999577524301,0.15838068181818157,0.16937882764654377,0.1392479932403888,0.25340909090909053,407476.66799999983,3659923.000000003
2009,2009-05-01,2009-p09-4,15.0,67.84,16.72,15.439999999999998,Sandy Loam,0.07104454685099852,0.08682406702208688,0.14582500998801431,0.11367127496159764,0.13891850723533902,0.23332001598082291,407476.66799999983,3659949.500000003
2009,2009-05-01,2009-p09-4,45.0,69.84,12.719999999999999,17.439999999999998,Sandy Loam,0.06957866254348656,0.08535132989281453,0.1426050123543947,0.11132586006957851,0.13656212782850327,0.22816801976703155,407476.66799999983,3659949.500000003
2009,2009-05-01,2009-p09-4,75.0,67.84,14.719999999999999,17.439999999999998,Sandy Loam,0.061555075593952784,0.08319738988580717,0.12339011217282919,0.09848812095032446,0.13311582381729148,0.1974241794765267,407476.66799999983,3659949.500000003
2009,2009-05-01,2009-p09-4,105.0,62.4,15.439999999999998,22.160000000000004,Sandy Clay Loam,0.08693790149892938,0.08333333333333352,0.17664294683968185,0.139100642398287,0.13333333333333364,0.28262871494349096,407476.66799999983,3659949.500000003
2009,2009-05-01,2009-p09-4,135.0,62.4,15.439999999999998,22.160000000000004,Sandy Clay Loam,0.09100837277029487,0.0997394864160774,0.15989938914840085,0.14561339643247181,0.15958317826572385,0.25583902263744135,407476.66799999983,3659949.500000003
2009,2009-05-01,2009-p09-4,165.0,66.4,13.439999999999998,20.160000000000004,Sandy Clay Loam,0.0875350140056025,0.08552357113058007,0.14291058735503182,0.140056022408964,0.13683771380892812,0.2286569397680509,407476.66799999983,3659949.500000003
2009,2009-05-01,2009-p09-5,15.0,66.03999999999999,17.400000000000006,16.560000000000002,Sandy Loam,0.07316293929712434,0.08946322067594431,0.19043917605907498,0.11706070287539894,0.1431411530815109,0.30470268169452,407476.66799999983,3659976.000000003
2009,2009-05-01,2009-p09-5,45.0,66.4,15.399999999999991,18.2,Sandy Loam,0.0770110560426996,0.10039456378781232,0.20321469575200926,0.12321768966831936,0.16063130206049972,0.32514351320321483,407476.66799999983,3659976.000000003
2009,2009-05-01,2009-p09-5,75.0,70.4,13.039999999999992,16.560000000000002,Sandy Loam,0.07639419404125286,0.08980493191019498,0.20814648729446936,0.12223071046600459,0.14368789105631197,0.333034379671151,407476.66799999983,3659976.000000003
2009,2009-05-01,2009-p09-5,105.0,72.4,13.039999999999992,14.560000000000004,Sandy Loam,0.0693367786391042,0.06819109840751335,0.13127258129265368,0.11093884582256673,0.10910575745202136,0.2100361300682459,407476.66799999983,3659976.000000003
2009,2009-05-01,2009-p09-5,135.0,58.4,17.039999999999992,24.560000000000002,Sandy Clay Loam,0.09284912017970814,0.09159034138218165,0.17711442786069664,0.14855859228753304,0.14654454621149066,0.28338308457711464,407476.66799999983,3659976.000000003
2009,2009-05-01,2009-p09-5,165.0,72.4,11.399999999999991,16.2,Sandy Loam,0.08284255987436255,0.08096054888507717,0.14923028589381085,0.13254809579898008,0.12953687821612347,0.23876845743009736,407476.66799999983,3659976.000000003
2009,2009-05-01,2009-p09-6,15.0,66.4,15.039999999999992,18.560000000000002,Sandy Loam,0.07421874999999994,0.09224806201550426,0.201358369956053,0.11874999999999991,0.14759689922480682,0.3221733919296848,407476.66799999983,3660002.500000003
2009,2009-05-01,2009-p09-6,45.0,66.4,13.399999999999991,20.2,Sandy Clay Loam,0.08127208480565361,0.10210568136670611,0.22231578947368427,0.13003533568904577,0.1633690901867298,0.35570526315789486,407476.66799999983,3660002.500000003
2009,2009-05-01,2009-p09-6,75.0,74.4,11.399999999999991,14.2,Sandy Loam,0.06471438900939956,0.08169934640522875,0.1931597357170617,0.1035430224150393,0.130718954248366,0.3090555771472987,407476.66799999983,3660002.500000003
2009,2009-05-01,2009-p09-6,105.0,64.4,13.399999999999991,22.2,Sandy Clay Loam,0.08175872093023255,0.08333333333333337,0.15747126436781603,0.13081395348837208,0.1333333333333334,0.25195402298850567,407476.66799999983,3660002.500000003
2009,2009-05-01,2009-p09-6,135.0,59.12,18.680000000000007,22.2,Sandy Clay Loam,0.09772727272727262,0.09649385675756662,0.18000812677773262,0.1563636363636362,0.1543901708121066,0.2880130028443722,407476.66799999983,3660002.500000003
2009,2009-05-01,2009-p09-6,165.0,65.12,12.679999999999993,22.2,Sandy Clay Loam,0.08011869436201793,0.08028919330289189,0.1492537313432836,0.1281899109792287,0.12846270928462702,0.23880597014925375,407476.66799999983,3660002.500000003
2009,2009-05-01,2009-p09-7,15.0,64.4,15.039999999999992,20.560000000000002,Sandy Clay Loam,0.07453614843250153,0.09274193548387101,0.21201413427561833,0.11925783749200246,0.14838709677419362,0.33922261484098937,407476.66799999983,3660029.000000003
2009,2009-05-01,2009-p09-7,45.0,64.03999999999999,15.400000000000006,20.560000000000002,Sandy Clay Loam,0.06317934782608718,0.1004536616979912,0.2172484599589319,0.10108695652173949,0.16072585871678594,0.3475975359342911,407476.66799999983,3660029.000000003
2009,2009-05-01,2009-p09-7,75.0,66.4,17.39999999999999,16.2,Sandy Loam,0.08563194730341696,0.10794207985958729,0.2374388617163185,0.13701111568546714,0.17270732777533968,0.37990217874610965,407476.66799999983,3660029.000000003
2009,2009-05-01,2009-p09-7,105.0,72.4,13.399999999999991,14.2,Sandy Loam,0.06610169491525433,0.040693559801839745,0.13502935420743653,0.10576271186440694,0.0651096956829436,0.21604696673189847,407476.66799999983,3660029.000000003
2009,2009-05-01,2009-p09-7,135.0,72.03999999999999,11.400000000000006,16.560000000000002,Sandy Loam,0.05157813702848331,0.04021352313167244,0.11048997040447209,0.0825250192455733,0.0643416370106759,0.17678395264715535,407476.66799999983,3660029.000000003
2009,2009-05-01,2009-p09-7,165.0,70.03999999999999,13.760000000000005,16.2,Sandy Loam,0.05856918238993691,0.04468242245199413,0.14025695931477541,0.09371069182389906,0.0714918759231906,0.22441113490364067,407476.66799999983,3660029.000000003
2009,2009-05-01,2009-p10-1,15.0,68.03999999999999,13.800000000000011,18.160000000000004,Sandy Loam,0.08140403286034353,0.09269988412514506,0.13819084901292258,0.13024645257654965,0.1483198146002321,0.22110535842067613,407462.44399999984,3659870.000000003
2009,2009-05-01,2009-p10-1,45.0,66.4,15.799999999999997,17.8,Sandy Loam,0.07445200302343155,0.09385113268608386,0.13956262425447338,0.11912320483749049,0.15016181229773418,0.22330019880715743,407462.44399999984,3659870.000000003
2009,2009-05-01,2009-p10-1,75.0,76.03999999999999,12.16000000000001,11.8,Sandy Loam,0.05108467459762074,0.06386175807663422,0.11030679076180587,0.08173547935619319,0.10217881292261476,0.1764908652188894,407462.44399999984,3659870.000000003
2009,2009-05-01,2009-p10-1,105.0,72.03999999999999,14.16000000000001,13.8,Sandy Loam,0.05949579831932759,0.03949730700179565,0.112793338380015,0.09519327731092414,0.06319569120287304,0.180469341408024,407462.44399999984,3659870.000000003
2009,2009-05-01,2009-p10-1,135.0,76.4,7.799999999999997,15.8,Sandy Loam,0.05236220472440938,0.04318541996830441,0.10042553191489356,0.08377952755905502,0.06909667194928706,0.1606808510638297,407462.44399999984,3659870.000000003
2009,2009-05-01,2009-p10-1,165.0,64.4,17.799999999999997,17.8,Sandy Loam,0.05216095380029828,0.0706806282722512,0.16071428571428575,0.08345752608047725,0.11308900523560193,0.25714285714285723,407462.44399999984,3659870.000000003
2009,2009-05-01,2009-p10-2,15.0,71.67999999999999,14.120000000000005,14.2,Sandy Loam,0.07448433919022165,0.08655018285249878,0.15816513761467893,0.11917494270435465,0.13848029256399805,0.2530642201834863,407462.44399999984,3659896.500000003
2009,2009-05-01,2009-p10-2,45.0,73.67999999999999,12.120000000000005,14.2,Sandy Loam,0.06777818050018113,0.08421052631578935,0.1301684532924964,0.1084450888002898,0.13473684210526296,0.20826952526799425,407462.44399999984,3659896.500000003
2009,2009-05-01,2009-p10-2,75.0,69.12,18.679999999999993,12.2,Sandy Loam,0.07891028651949304,0.1001552795031058,0.1464435146443515,0.12625645843118888,0.1602484472049693,0.23430962343096243,407462.44399999984,3659896.500000003
2009,2009-05-01,2009-p10-2,105.0,72.03999999999999,15.760000000000005,12.2,Sandy Loam,0.07547169811320746,0.058297872340425425,0.1485803189420462,0.12075471698113194,0.09327659574468068,0.23772851030727393,407462.44399999984,3659896.500000003
2009,2009-05-01,2009-p10-2,135.0,72.03999999999999,13.760000000000005,14.2,Sandy Loam,0.07404608991310921,0.052062474969963836,0.16391304347826136,0.11847374386097474,0.08329995995194214,0.26226086956521816,407462.44399999984,3659896.500000003
2009,2009-05-01,2009-p10-2,165.0,74.03999999999999,15.400000000000006,10.560000000000002,Sandy Loam,0.07667151162790696,0.063374125874126,0.17375231053604392,0.12267441860465114,0.1013986013986016,0.2780036968576703,407462.44399999984,3659896.500000003
2009,2009-05-01,2009-p10-3,15.0,68.03999999999999,15.400000000000006,16.560000000000002,Sandy Loam,0.0790464240903388,0.0942345924453282,0.1624345022168481,0.12647427854454207,0.15077534791252512,0.259895203546957,407462.44399999984,3659923.000000003
2009,2009-05-01,2009-p10-3,45.0,72.03999999999999,13.400000000000006,14.560000000000004,Sandy Loam,0.07505686125852906,0.09686924493554311,0.15162172723720183,0.1200909780136465,0.15499079189686898,0.24259476357952292,407462.44399999984,3659923.000000003
2009,2009-05-01,2009-p10-3,75.0,68.03999999999999,15.400000000000006,16.560000000000002,Sandy Loam,0.07689039932030596,0.10288534548215642,0.16075230660042533,0.12302463891248955,0.16461655277145026,0.25720369056068054,407462.44399999984,3659923.000000003
2009,2009-05-01,2009-p10-3,105.0,70.03999999999999,11.400000000000006,18.560000000000002,Sandy Loam,0.05817555938037883,0.05484387510008025,0.14182282793867115,0.09308089500860613,0.08775020016012841,0.22691652470187385,407462.44399999984,3659923.000000003
2009,2009-05-01,2009-p10-3,135.0,82.4,10.679999999999993,6.920000000000005,Loamy Sand,0.04062386652158159,0.04122294744074211,0.09590598938589817,0.06499818643453055,0.06595671590518738,0.15344958301743708,407462.44399999984,3659923.000000003
2009,2009-05-01,2009-p10-3,165.0,82.4,9.039999999999992,8.560000000000002,Loamy Sand,0.04063538973032883,0.05542800918333872,0.07811907470610552,0.06501662356852614,0.08868481469334195,0.12499051952976883,407462.44399999984,3659923.000000003
2009,2009-05-01,2009-p10-4,15.0,66.03999999999999,15.439999999999998,18.520000000000003,Sandy Loam,0.07825403067243393,0.10082709728239474,0.15959907478797222,0.1252064490758943,0.1613233556518316,0.25535851966075557,407462.44399999984,3659949.500000003
2009,2009-05-01,2009-p10-4,45.0,66.03999999999999,17.80000000000001,16.160000000000004,Sandy Loam,0.07514662756598228,0.09903560830860485,0.1469519580137263,0.12023460410557166,0.15845697329376776,0.23512313282196207,407462.44399999984,3659949.500000003
2009,2009-05-01,2009-p10-4,75.0,80.4,11.079999999999984,8.520000000000005,Loamy Sand,0.0567125921179108,0.07542213883677291,0.12355356476297134,0.09074014738865728,0.12067542213883667,0.19768570362075416,407462.44399999984,3659949.500000003
2009,2009-05-01,2009-p10-4,105.0,58.040000000000006,17.439999999999998,24.520000000000003,Sandy Clay Loam,0.06966538672517804,0.07985143918291546,0.18373764600179712,0.11146461876028486,0.12776230269266473,0.2939802336028754,407462.44399999984,3659949.500000003
2009,2009-05-01,2009-p10-4,135.0,64.03999999999999,17.439999999999998,18.520000000000003,Sandy Loam,0.08986267438895562,0.06096706377014697,0.1511957843534659,0.143780279022329,0.09754730203223516,0.24191325496554544,407462.44399999984,3659949.500000003
2009,2009-05-01,2009-p10-4,165.0,70.03999999999999,11.439999999999998,18.520000000000003,Sandy Loam,0.06167571761055096,,0.15290269828291062,0.09868114817688155,,0.244644317252657,407462.44399999984,3659949.500000003
2009,2009-05-01,2009-p10-5,15.0,65.84,17.599999999999994,16.560000000000002,Sandy Loam,0.08142493638676852,0.09956017592962824,0.14297554910899277,0.13027989821882965,0.15929628148740518,0.22876087857438843,407462.44399999984,3659976.000000003
2009,2009-05-01,2009-p10-5,45.0,70.2,13.239999999999995,16.560000000000002,Sandy Loam,0.08151986183074265,0.09691470054446467,0.1843251088534107,0.13043177892918825,0.1550635208711435,0.2949201741654571,407462.44399999984,3659976.000000003
2009,2009-05-01,2009-p10-5,75.0,79.84,9.599999999999994,10.560000000000002,Sandy Loam,0.062476477229958756,0.07830882352941157,0.1184731724882967,0.09996236356793402,0.12529411764705853,0.18955707598127472,407462.44399999984,3659976.000000003
2009,2009-05-01,2009-p10-5,105.0,57.68,17.39999999999999,24.920000000000005,Sandy Clay Loam,0.07145661562622695,0.07485673352435517,0.18051797448782378,0.11433058500196312,0.11977077363896826,0.28882875918051804,407462.44399999984,3659976.000000003
2009,2009-05-01,2009-p10-5,135.0,62.03999999999999,17.040000000000006,20.920000000000005,Sandy Clay Loam,0.06384615384615398,0.05900621118012426,0.15169731258840194,0.10215384615384637,0.09440993788819882,0.2427157001414431,407462.44399999984,3659976.000000003
2009,2009-05-01,2009-p10-5,165.0,64.03999999999999,15.040000000000006,20.920000000000005,Sandy Clay Loam,0.06592135697764075,0.06450351837372942,0.16260162601626035,0.1054741711642252,0.10320562939796707,0.26016260162601657,407462.44399999984,3659976.000000003
2009,2009-05-01,2009-p10-6,15.0,65.67999999999999,17.400000000000006,16.920000000000005,Sandy Loam,0.08715953307392973,0.10798122065727721,0.15700380871773173,0.1394552529182876,0.17276995305164355,0.2512060939483708,407462.44399999984,3660002.500000003
2009,2009-05-01,2009-p10-6,45.0,67.67999999999999,15.400000000000006,16.920000000000005,Sandy Loam,0.09096732863549019,0.10766355140186899,0.15086562242374266,0.1455477258167843,0.1722616822429904,0.24138499587798826,407462.44399999984,3660002.500000003
2009,2009-05-01,2009-p10-6,75.0,68.03999999999999,15.400000000000006,16.560000000000002,Sandy Loam,0.0804943219772878,0.09108231707317077,0.13887871015023842,0.12879091516366048,0.14573170731707324,0.22220593624038149,407462.44399999984,3660002.500000003
2009,2009-05-01,2009-p10-6,105.0,70.03999999999999,11.400000000000006,18.560000000000002,Sandy Loam,0.06650544135429257,0.06205607476635502,0.17053481331987919,0.10640870616686811,0.09928971962616803,0.2728557013118067,407462.44399999984,3660002.500000003
2009,2009-05-01,2009-p10-6,135.0,59.679999999999986,15.76000000000002,24.560000000000002,Sandy Clay Loam,0.08998771498771521,0.08174904942965804,0.1847217648995719,0.14398034398034434,0.13079847908745287,0.29555482383931503,407462.44399999984,3660002.500000003
2009,2009-05-01,2009-p10-6,165.0,61.67999999999999,15.760000000000005,22.560000000000002,Sandy Clay Loam,0.08663101604278074,0.07172207695181179,0.16355866355866358,0.1386096256684492,0.11475532312289888,0.2616938616938617,407462.44399999984,3660002.500000003
2009,2009-05-01,2009-p10-7,15.0,64.03999999999999,15.400000000000006,20.560000000000002,Sandy Clay Loam,0.08711360899237261,0.11135646687697166,0.1590623691921305,0.13938177438779617,0.17817034700315468,0.2544997907074088,407462.44399999984,3660029.000000003
2009,2009-05-01,2009-p10-7,45.0,63.67999999999999,17.760000000000005,18.560000000000002,Sandy Loam,0.08233413269384472,0.10064935064935045,0.1364922206506367,0.13173461231015157,0.16103896103896073,0.21838755304101876,407462.44399999984,3660029.000000003
2009,2009-05-01,2009-p10-7,75.0,67.67999999999999,13.760000000000005,18.560000000000002,Sandy Loam,0.08963022508038572,0.10933333333333352,0.15216494845360848,0.14340836012861716,0.17493333333333363,0.24346391752577357,407462.44399999984,3660029.000000003
2009,2009-05-01,2009-p10-7,105.0,69.67999999999999,11.760000000000005,18.560000000000002,Sandy Loam,0.07067424857839164,0.07784946236559119,0.11576354679802955,0.11307879772542662,0.12455913978494591,0.1852216748768473,407462.44399999984,3660029.000000003
2009,2009-05-01,2009-p10-7,135.0,78.76,11.039999999999992,10.2,Sandy Loam,0.06049822064056949,0.06370467167592299,0.10347349177330889,0.0967971530249112,0.10192747468147678,0.16555758683729424,407462.44399999984,3660029.000000003
2009,2009-05-01,2009-p10-7,165.0,76.76,9.039999999999992,14.2,Sandy Loam,0.062345896442409156,0.05863652419639691,0.11046111493461779,0.09975343430785466,0.09381843871423506,0.17673778389538847,407462.44399999984,3660029.000000003
2009,2009-05-01,2009-p11-1,15.0,62.03999999999999,20.16000000000001,17.8,Sandy Loam,0.09069493521790321,0.11758241758241761,0.1679012345679015,0.14511189634864516,0.1881318681318682,0.26864197530864237,407448.2199999999,3659870.000000003
2009,2009-05-01,2009-p11-1,45.0,62.03999999999999,18.16000000000001,19.8,Sandy Loam,0.08055555555555557,0.10220296135789086,0.1664233576642334,0.12888888888888891,0.1635247381726254,0.2662773722627735,407448.2199999999,3659870.000000003
2009,2009-05-01,2009-p11-1,75.0,66.76,15.079999999999984,18.160000000000004,Sandy Loam,0.07880767660269496,0.0926672038678484,0.1502510621861723,0.12609228256431193,0.14826752618855743,0.24040169949787568,407448.2199999999,3659870.000000003
2009,2009-05-01,2009-p11-1,105.0,68.4,15.439999999999998,16.160000000000004,Sandy Loam,0.06286905175408111,0.07222222222222217,0.11329201101928345,0.10059048280652978,0.11555555555555548,0.18126721763085352,407448.2199999999,3659870.000000003
2009,2009-05-01,2009-p11-1,135.0,65.67999999999999,16.159999999999997,18.160000000000004,Sandy Loam,0.07101658255227103,0.08175872093023256,0.12921348314606754,0.11362653208363366,0.1308139534883721,0.20674157303370808,407448.2199999999,3659870.000000003
2009,2009-05-01,2009-p11-1,165.0,64.4,17.439999999999998,18.160000000000004,Sandy Loam,0.07725993118548637,0.08514774494556815,0.13768606224627852,0.12361588989677819,0.13623639191290904,0.22029769959404566,407448.2199999999,3659870.000000003
2009,2009-05-01,2009-p11-2,15.0,64.4,19.39999999999999,16.2,Sandy Loam,0.0805653710247353,0.10097465886939587,0.1486860304287689,0.1289045936395765,0.1615594541910334,0.23789764868603025,407448.2199999999,3659896.500000003
2009,2009-05-01,2009-p11-2,45.0,66.4,15.399999999999991,18.2,Sandy Loam,0.0752875566399441,0.09080759211016023,0.13955071477195374,0.12046009062391057,0.14529214737625637,0.223281143635126,407448.2199999999,3659896.500000003
2009,2009-05-01,2009-p11-2,75.0,72.4,15.399999999999991,12.2,Sandy Loam,0.06173298624023788,0.07987220447284345,0.11310299869621901,0.09877277798438061,0.12779552715654952,0.18096479791395043,407448.2199999999,3659896.500000003
2009,2009-05-01,2009-p11-2,105.0,66.4,17.39999999999999,16.2,Sandy Loam,0.06035944387928114,0.0744325767690255,0.10335018963337582,0.09657511020684983,0.1190921228304408,0.16536030341340133,407448.2199999999,3659896.500000003
2009,2009-05-01,2009-p11-2,135.0,74.4,15.399999999999991,10.2,Sandy Loam,0.059807073954983914,0.08667083854818532,0.11851092896174859,0.09569131832797427,0.13867334167709652,0.18961748633879774,407448.2199999999,3659896.500000003
2009,2009-05-01,2009-p11-2,165.0,66.4,7.3999999999999915,26.200000000000003,Sandy Clay Loam,0.07542213883677318,0.08539167254763588,0.144790812141099,0.12067542213883709,0.13662667607621742,0.23166529942575842,407448.2199999999,3659896.500000003
2009,2009-05-01,2009-p11-3,15.0,62.03999999999999,19.760000000000005,18.2,Sandy Loam,0.08257877580586748,0.1019202363367801,0.16081540203850525,0.13212604128938796,0.16307237813884817,0.2573046432616084,407448.2199999999,3659923.000000003
2009,2009-05-01,2009-p11-3,45.0,52.04,23.760000000000005,24.2,Sandy Clay Loam,0.1000000000000004,0.11680176860722162,0.2016040831206709,0.16000000000000064,0.1868828297715546,0.3225665329930735,407448.2199999999,3659923.000000003
2009,2009-05-01,2009-p11-3,75.0,43.12,37.040000000000006,19.839999999999996,Sandy Loam,0.07256499805975959,0.1035536874283534,0.21848739495798292,0.11610399689561535,0.16568589988536545,0.3495798319327727,407448.2199999999,3659923.000000003
2009,2009-05-01,2009-p11-3,105.0,50.4,27.400000000000006,22.2,Sandy Clay Loam,0.07512953367875654,0.08736349453978137,0.16779864163004407,0.12020725388601046,0.1397815912636502,0.2684778266080705,407448.2199999999,3659923.000000003
2009,2009-05-01,2009-p11-3,135.0,62.03999999999999,17.760000000000005,20.2,Sandy Clay Loam,0.06434641845406731,0.06371753246753248,0.14810648668916396,0.10295426952650771,0.10194805194805197,0.23697037870266235,407448.2199999999,3659923.000000003
2009,2009-05-01,2009-p11-3,165.0,64.03999999999999,15.760000000000005,20.2,Sandy Clay Loam,0.06514773940904256,0.06567957479119198,0.1600537995965031,0.1042363830544681,0.10508731966590718,0.25608607935440497,407448.2199999999,3659923.000000003
2009,2009-05-01,2009-p11-4,15.0,68.56,16.36,15.080000000000002,Sandy Loam,0.08461538461538477,0.10689115113547365,0.15260454878943494,0.13538461538461563,0.17102584181675784,0.2441672780630959,407448.2199999999,3659949.500000003
2009,2009-05-01,2009-p11-4,45.0,68.56,14.36,17.080000000000002,Sandy Loam,0.07797641688855067,0.08968437259430326,0.15194996320824114,0.12476226702168108,0.1434949961508852,0.24311994113318583,407448.2199999999,3659949.500000003
2009,2009-05-01,2009-p11-4,75.0,66.56,16.36,17.080000000000002,Sandy Loam,0.06504360465116303,0.0756013745704469,0.13380544166977248,0.10406976744186086,0.12096219931271504,0.214088706671636,407448.2199999999,3659949.500000003
2009,2009-05-01,2009-p11-4,105.0,70.4,13.799999999999997,15.8,Sandy Loam,0.05218904030153659,0.06092436974789898,0.12439530062197629,0.08350246448245856,0.09747899159663836,0.19903248099516208,407448.2199999999,3659949.500000003
2009,2009-05-01,2009-p11-4,135.0,62.4,15.799999999999997,21.8,Sandy Clay Loam,0.07220759684091743,0.09601238869531539,0.15304990757855824,0.1155321549454679,0.15361982191250464,0.2448798521256932,407448.2199999999,3659949.500000003
2009,2009-05-01,2009-p11-4,165.0,66.4,15.799999999999997,17.8,Sandy Loam,0.06116642958748218,0.06175438596491221,0.14074621352050248,0.09786628733997149,0.09880701754385954,0.22519394163280398,407448.2199999999,3659949.500000003
2009,2009-05-01,2009-p11-5,15.0,66.03999999999999,15.760000000000005,18.2,Sandy Loam,0.08565385971096229,0.10842516885886971,0.17246429879165112,0.13704617553753967,0.17348027017419154,0.2759428780666418,407448.2199999999,3659976.000000003
2009,2009-05-01,2009-p11-5,45.0,67.67999999999999,14.120000000000005,18.2,Sandy Loam,0.08497217068645638,0.10088315217391287,0.17233009708737881,0.1359554730983302,0.1614130434782606,0.2757281553398061,407448.2199999999,3659976.000000003
2009,2009-05-01,2009-p11-5,75.0,72.76,11.399999999999991,15.839999999999998,Sandy Loam,0.0744905130007024,0.10532192035727572,0.16634799235181652,0.11918482080112386,0.16851507257164117,0.26615678776290647,407448.2199999999,3659976.000000003
2009,2009-05-01,2009-p11-5,105.0,58.040000000000006,18.120000000000005,23.839999999999996,Sandy Clay Loam,0.06693343033830443,0.04897620365246293,0.1459517045454545,0.10709348854128709,0.0783619258439407,0.23352272727272722,407448.2199999999,3659976.000000003
2009,2009-05-01,2009-p11-5,135.0,69.67999999999999,14.120000000000005,16.2,Sandy Loam,0.06156274664561967,0.08369723435225607,0.15606936416184944,0.09850039463299148,0.1339155749636097,0.2497109826589591,407448.2199999999,3659976.000000003
2009,2009-05-01,2009-p11-5,165.0,65.67999999999999,16.120000000000005,18.2,Sandy Loam,0.06834532374100741,0.09359024773889085,0.1732851985559567,0.10935251798561185,0.14974439638222536,0.27725631768953074,407448.2199999999,3659976.000000003
2009,2009-05-01,2009-p11-6,15.0,66.4,13.399999999999991,20.2,Sandy Clay Loam,0.08119079837618398,0.10269891342446547,0.18898122499230538,0.12990527740189436,0.16431826147914474,0.3023699599876886,407448.2199999999,3660002.500000003
2009,2009-05-01,2009-p11-6,45.0,68.4,11.399999999999991,20.2,Sandy Clay Loam,0.07702349869451695,0.09633184778882421,0.19533412415974685,0.12323759791122713,0.15413095646211875,0.31253459865559496,407448.2199999999,3660002.500000003
2009,2009-05-01,2009-p11-6,75.0,68.03999999999999,15.760000000000005,16.2,Sandy Loam,0.07379679144385028,0.0908108108108112,0.16801893171061524,0.11807486631016045,0.14529729729729793,0.2688302907369844,407448.2199999999,3660002.500000003
2009,2009-05-01,2009-p11-6,105.0,67.67999999999999,12.120000000000005,20.2,Sandy Clay Loam,0.07868190988567597,0.07853602744948542,0.18302698474775128,0.12589105581708157,0.12565764391917666,0.29284317559640205,407448.2199999999,3660002.500000003
2009,2009-05-01,2009-p11-6,135.0,71.12,16.319999999999993,12.560000000000002,Sandy Loam,0.07682417229186746,0.0847696095673583,0.1640624999999999,0.12291867566698794,0.13563137530777328,0.26249999999999984,407448.2199999999,3660002.500000003
2009,2009-05-01,2009-p11-6,165.0,71.12,12.319999999999993,16.560000000000002,Sandy Loam,0.0683039140445127,0.0922800718132852,0.17356010823347487,0.10928626247122034,0.14764811490125632,0.2776961731735598,407448.2199999999,3660002.500000003
2009,2009-05-01,2009-p11-7,15.0,68.03999999999999,13.040000000000006,18.920000000000005,Sandy Loam,0.08239700374531839,0.10569105691056897,0.1593830334190229,0.13183520599250942,0.16910569105691037,0.2550128534704367,407448.2199999999,3660029.000000003
2009,2009-05-01,2009-p11-7,45.0,66.03999999999999,15.040000000000006,18.920000000000005,Sandy Loam,0.07845188284518831,0.10060060060060058,0.17425044091710754,0.1255230125523013,0.16096096096096094,0.27880070546737207,407448.2199999999,3660029.000000003
2009,2009-05-01,2009-p11-7,75.0,68.4,10.319999999999993,21.28,Sandy Clay Loam,0.10347520499804759,0.1313248358439554,0.2046908315565034,0.16556032799687614,0.21011973735032866,0.3275053304904054,407448.2199999999,3660029.000000003
2009,2009-05-01,2009-p11-7,105.0,68.4,12.679999999999993,18.920000000000005,Sandy Loam,0.09308314937454014,0.10557299843014119,0.16763263486402127,0.14893303899926422,0.1689167974882259,0.26821221578243404,407448.2199999999,3660029.000000003
2009,2009-05-01,2009-p11-7,135.0,81.67999999999999,9.040000000000006,9.280000000000001,Loamy Sand,0.057180414065067436,0.06247933884297523,0.09028044563964663,0.0914886625041079,0.09996694214876037,0.14444871302343462,407448.2199999999,3660029.000000003
2009,2009-05-01,2009-p11-7,165.0,79.67999999999999,9.040000000000006,11.280000000000001,Sandy Loam,0.055262231608588536,0.06338797814207658,0.09279881217520418,0.08841957057374167,0.10142076502732254,0.1484780994803267,407448.2199999999,3660029.000000003
2009,2009-05-01,2009-p12-1,15.0,60.4,16.72,22.880000000000003,Sandy Clay Loam,0.09541824295922638,0.10714285714285672,0.18642160540135028,0.1526691887347622,0.17142857142857076,0.29827456864216045,407433.99599999987,3659870.000000003
2009,2009-05-01,2009-p12-1,45.0,56.39999999999999,16.72,26.880000000000003,Sandy Clay Loam,0.10983800869221655,0.1305601317957164,0.2133924969745865,0.17574081390754648,0.20889621087314625,0.3414279951593384,407433.99599999987,3659870.000000003
2009,2009-05-01,2009-p12-1,75.0,60.040000000000006,21.079999999999984,18.880000000000003,Sandy Loam,0.08339483394833967,0.09749670619235831,0.18876903553299448,0.13343173431734348,0.1559947299077733,0.3020304568527912,407433.99599999987,3659870.000000003
2009,2009-05-01,2009-p12-1,105.0,63.67999999999999,17.439999999999998,18.880000000000003,Sandy Loam,0.07585089141004875,0.09064112011790744,0.14237995824634672,0.121361426256078,0.14502579218865191,0.22780793319415477,407433.99599999987,3659870.000000003
2009,2009-05-01,2009-p12-1,135.0,60.4,16.72,22.880000000000003,Sandy Clay Loam,0.07925407925407922,0.09231448763250898,0.15919360444907882,0.12680652680652676,0.14770318021201437,0.2547097671185261,407433.99599999987,3659870.000000003
2009,2009-05-01,2009-p12-1,165.0,64.4,16.72,18.880000000000003,Sandy Loam,0.07213930348258715,0.09112709832134279,0.1599190283400808,0.11542288557213945,0.14580335731414848,0.2558704453441293,407433.99599999987,3659870.000000003
2009,2009-05-01,2009-p12-2,15.0,63.67999999999999,15.400000000000006,20.920000000000005,Sandy Clay Loam,0.09368191721132892,0.10477299185098964,0.1792510742786987,0.14989106753812628,0.16763678696158343,0.28680171884591793,407433.99599999987,3659896.500000003
2009,2009-05-01,2009-p12-2,45.0,61.67999999999999,15.400000000000006,22.920000000000005,Sandy Clay Loam,0.09546279491833015,0.11385642737896505,0.17531556802244017,0.15274047186932826,0.1821702838063441,0.2805049088359043,407433.99599999987,3659896.500000003
2009,2009-05-01,2009-p12-2,75.0,67.12,16.319999999999993,16.560000000000002,Sandy Loam,0.08812405446293486,0.10141206675224668,0.1959604641168888,0.1409984871406958,0.16225930680359468,0.31353674258702213,407433.99599999987,3659896.500000003
2009,2009-05-01,2009-p12-2,105.0,60.040000000000006,17.39999999999999,22.560000000000002,Sandy Clay Loam,0.07632600258732257,0.09353078721745904,0.16081025217031836,0.12212160413971612,0.14964925954793448,0.25729640347250937,407433.99599999987,3659896.500000003
2009,2009-05-01,2009-p12-2,135.0,61.67999999999999,19.760000000000005,18.560000000000002,Sandy Loam,0.0843724023275149,0.09493670886075964,0.16328011611030493,0.13499584372402385,0.15189873417721544,0.2612481857764879,407433.99599999987,3659896.500000003
2009,2009-05-01,2009-p12-2,165.0,65.67999999999999,17.400000000000006,16.920000000000005,Sandy Loam,0.07643847123057541,0.07945205479452058,0.15551908083709512,0.12230155396892067,0.12712328767123293,0.2488305293393522,407433.99599999987,3659896.500000003
2009,2009-05-01,2009-p12-3,15.0,62.4,19.039999999999992,18.560000000000002,Sandy Loam,0.0851233094669849,0.17613850207000406,0.17613850207000406,0.13619729514717585,0.2818216033120065,0.2818216033120065,407433.99599999987,3659923.000000003
2009,2009-05-01,2009-p12-3,45.0,64.03999999999999,17.400000000000006,18.560000000000002,Sandy Loam,0.08339272986457578,0.17065637065637046,0.17065637065637046,0.13342836778332126,0.27305019305019274,0.27305019305019274,407433.99599999987,3659923.000000003
2009,2009-05-01,2009-p12-3,75.0,77.67999999999999,11.760000000000005,10.560000000000002,Sandy Loam,0.06298449612403109,0.13530722699777142,0.13530722699777142,0.10077519379844975,0.21649156319643428,0.21649156319643428,407433.99599999987,3659923.000000003
2009,2009-05-01,2009-p12-3,105.0,65.67999999999999,15.760000000000005,18.560000000000002,Sandy Loam,0.07630368098159516,0.09239815203695939,0.15540540540540523,0.12208588957055228,0.14783704325913502,0.24864864864864838,407433.99599999987,3659923.000000003
2009,2009-05-01,2009-p12-3,135.0,62.4,17.039999999999992,20.560000000000002,Sandy Clay Loam,0.07989578810247518,0.10000000000000013,0.18570183086312142,0.12783326096396028,0.16000000000000023,0.29712292938099427,407433.99599999987,3659923.000000003
2009,2009-05-01,2009-p12-3,165.0,68.4,17.039999999999992,14.560000000000004,Sandy Loam,0.09090909090909094,0.0872261264985531,0.1752411575562701,0.1454545454545455,0.13956180239768498,0.28038585209003214,407433.99599999987,3659923.000000003
2009,2009-05-01,2009-p12-4,15.0,63.67999999999999,18.159999999999997,18.160000000000004,Sandy Loam,0.09164897381457901,0.10343511450381654,0.16900444748546006,0.14663835810332643,0.16549618320610648,0.2704071159767361,407433.99599999987,3659949.500000003
2009,2009-05-01,2009-p12-4,45.0,61.67999999999999,16.159999999999997,22.160000000000004,Sandy Clay Loam,0.09475273688184212,0.1145755071374905,0.17795717795717825,0.1516043790109474,0.1833208114199848,0.2847314847314852,407433.99599999987,3659949.500000003
2009,2009-05-01,2009-p12-4,75.0,60.4,19.439999999999998,20.160000000000004,Sandy Clay Loam,0.08714043993231818,0.11156870086110059,0.18391752577319592,0.1394247038917091,0.17850992137776095,0.2942680412371135,407433.99599999987,3659949.500000003
2009,2009-05-01,2009-p12-4,105.0,56.04,18.159999999999997,25.8,Sandy Clay Loam,0.09364261168384878,,0.18174634531805617,0.14982817869415807,,0.2907941525088899,407433.99599999987,3659949.500000003
2009,2009-05-01,2009-p12-4,135.0,59.679999999999986,16.52000000000001,23.8,Sandy Clay Loam,0.08479327259985991,0.09349112426035493,0.1495358090185677,0.13566923615977586,0.1495857988165679,0.23925729442970833,407433.99599999987,3659949.500000003
2009,2009-05-01,2009-p12-4,165.0,61.67999999999999,14.52000000000001,23.8,Sandy Clay Loam,0.0794701986754967,0.09043209876543232,0.15197461212976032,0.12715231788079473,0.1446913580246917,0.24315937940761653,407433.99599999987,3659949.500000003
2009,2009-05-01,2009-p12-5,15.0,69.67999999999999,15.400000000000006,14.920000000000005,Sandy Loam,0.08164852255054439,0.10272108843537414,0.1561232765612325,0.13063763608087103,0.16435374149659865,0.24979724249797203,407433.99599999987,3659976.000000003
2009,2009-05-01,2009-p12-5,45.0,65.67999999999999,15.400000000000006,18.920000000000005,Sandy Loam,0.07964601769911517,0.10854913089748147,0.15667524825303383,0.12743362831858426,0.17367860943597035,0.25068039720485413,407433.99599999987,3659976.000000003
2009,2009-05-01,2009-p12-5,75.0,73.67999999999999,11.040000000000006,15.280000000000001,Sandy Loam,0.0763138948884091,0.09509875640087814,0.1527219583485565,0.12210223182145458,0.15215801024140505,0.24435513335769043,407433.99599999987,3659976.000000003
2009,2009-05-01,2009-p12-5,105.0,76.03999999999999,9.040000000000006,14.920000000000005,Sandy Loam,0.07295960428689213,0.0853769300635788,0.12597623089982998,0.11673536685902741,0.13660308810172608,0.20156196943972798,407433.99599999987,3659976.000000003
2009,2009-05-01,2009-p12-5,135.0,78.03999999999999,9.040000000000006,12.920000000000007,Sandy Loam,0.05972434915773363,0.06703910614525128,0.11726046350743691,0.09555895865237381,0.10726256983240207,0.18761674161189906,407433.99599999987,3659976.000000003
2009,2009-05-01,2009-p12-5,165.0,74.03999999999999,13.040000000000006,12.920000000000007,Sandy Loam,0.07085514834205937,0.06543556804496226,0.11195577055977893,0.11336823734729501,0.10469690887193961,0.1791292328956463,407433.99599999987,3659976.000000003
2009,2009-05-01,2009-p12-6,15.0,66.03999999999999,15.040000000000006,18.920000000000005,Sandy Loam,0.0790729379686435,0.10224184782608713,0.14641744548286564,0.1265167007498296,0.1635869565217394,0.23426791277258505,407433.99599999987,3660002.500000003
2009,2009-05-01,2009-p12-6,45.0,63.67999999999999,17.760000000000005,18.560000000000002,Sandy Loam,0.08813077469793901,0.10890052356020959,0.15730741540676735,0.1410092395167024,0.17424083769633536,0.25169186465082777,407433.99599999987,3660002.500000003
2009,2009-05-01,2009-p12-6,75.0,70.4,11.039999999999992,18.560000000000002,Sandy Loam,0.08379501385041557,0.10611050128064364,0.16540540540540538,0.1340720221606649,0.16977680204902984,0.2646486486486486,407433.99599999987,3660002.500000003
2009,2009-05-01,2009-p12-6,105.0,74.03999999999999,11.400000000000006,14.560000000000004,Sandy Loam,0.07101449275362322,0.07711988304093566,0.14450676344440763,0.11362318840579716,0.12339181286549705,0.2312108215110522,407433.99599999987,3660002.500000003
2009,2009-05-01,2009-p12-6,135.0,69.67999999999999,15.760000000000005,14.560000000000004,Sandy Loam,0.06734386756960116,0.08012820512820512,0.14019314019314022,0.10775018811136186,0.1282051282051282,0.22430902430902436,407433.99599999987,3660002.500000003
2009,2009-05-01,2009-p12-6,165.0,73.67999999999999,11.760000000000005,14.560000000000004,Sandy Loam,0.07178695484368969,0.08386611508085764,0.13570590535784116,0.1148591277499035,0.13418578412937224,0.21712944857254587,407433.99599999987,3660002.500000003
2009,2009-05-01,2009-p12-7,15.0,68.03999999999999,13.400000000000006,18.560000000000002,Sandy Loam,0.08582483292296862,0.08787043418332177,0.16066115702479336,0.1373197326767498,0.14059269469331484,0.2570578512396694,407433.99599999987,3660029.000000003
2009,2009-05-01,2009-p12-7,45.0,67.67999999999999,13.760000000000005,18.560000000000002,Sandy Loam,0.07807705421070572,0.1011756323477023,0.1531377899045021,0.12492328673712916,0.1618810117563237,0.24502046384720338,407433.99599999987,3660029.000000003
2009,2009-05-01,2009-p12-7,75.0,79.67999999999999,9.760000000000005,10.560000000000002,Sandy Loam,0.053127101546738345,0.06229929351316628,0.11948790896159317,0.08500336247478135,0.09967886962106605,0.19118065433854908,407433.99599999987,3660029.000000003
2009,2009-05-01,2009-p12-7,105.0,79.67999999999999,9.760000000000005,10.560000000000002,Sandy Loam,0.047424087342204053,0.048039969254419675,0.09221902017291049,0.0758785397475265,0.07686395080707148,0.1475504322766568,407433.99599999987,3660029.000000003
2009,2009-05-01,2009-p12-7,135.0,74.76,15.039999999999992,10.2,Sandy Loam,0.06258278145695378,0.06832087015635614,0.11504161712247338,0.10013245033112605,0.10931339225016984,0.1840665873959574,407433.99599999987,3660029.000000003
2009,2009-05-01,2009-p12-7,165.0,76.76,9.039999999999992,14.2,Sandy Loam,0.07007042253521134,0.07663828211773448,0.1220209723546231,0.11211267605633815,0.12262125138837517,0.19523355576739698,407433.99599999987,3660029.000000003
2009,2009-05-01,2009-p13-1,15.0,58.040000000000006,15.799999999999983,26.160000000000004,Sandy Clay Loam,0.09953455066237024,0.12522555034283672,0.19158699808795404,0.1592552810597924,0.20036088054853876,0.3065391969407265,407405.5479999999,3659870.000000003
2009,2009-05-01,2009-p13-1,45.0,62.03999999999999,13.800000000000011,24.160000000000004,Sandy Clay Loam,0.09507640067911705,0.11695685087055274,0.20725009154156004,0.15212224108658728,0.1871309613928844,0.3316001464664961,407405.5479999999,3659870.000000003
2009,2009-05-01,2009-p13-1,75.0,60.760000000000005,17.079999999999984,22.160000000000004,Sandy Clay Loam,0.10459910459910493,0.12945454545454554,0.22891104294478518,0.1673585673585679,0.20712727272727288,0.3662576687116563,407405.5479999999,3659870.000000003
2009,2009-05-01,2009-p13-1,105.0,60.4,15.799999999999997,23.8,Sandy Clay Loam,0.09376195943360134,0.1158900836320196,0.18638392857142816,0.15001913509376216,0.18542413381123135,0.29821428571428504,407405.5479999999,3659870.000000003
2009,2009-05-01,2009-p13-1,135.0,56.04,19.799999999999997,24.160000000000004,Sandy Clay Loam,0.09402837347410099,0.11010752688172053,0.2045041772611697,0.1504453975585616,0.17617204301075284,0.32720668361787153,407405.5479999999,3659870.000000003
2009,2009-05-01,2009-p13-1,165.0,60.040000000000006,20.159999999999997,19.8,Sandy Loam,0.0923466160657812,0.11092150170648438,0.19013806706114397,0.14775458570524994,0.177474402730375,0.30422090729783036,407405.5479999999,3659870.000000003
2009,2009-05-01,2009-p13-2,15.0,58.4,17.039999999999992,24.560000000000002,Sandy Clay Loam,0.10158013544018042,0.1155635062611808,0.1940879035394786,0.16252821670428869,0.1849016100178893,0.3105406456631658,407405.5479999999,3659896.500000003
2009,2009-05-01,2009-p13-2,45.0,62.4,15.039999999999992,22.560000000000002,Sandy Clay Loam,0.08379888268156446,0.1044039483675019,0.19204827831025897,0.13407821229050315,0.16704631738800305,0.30727724529641437,407405.5479999999,3659896.500000003
2009,2009-05-01,2009-p13-2,75.0,62.4,17.039999999999992,20.560000000000002,Sandy Clay Loam,0.08162556443209427,0.10971786833855822,0.2026500389711612,0.13060090309135083,0.17554858934169315,0.32424006235385794,407405.5479999999,3659896.500000003
2009,2009-05-01,2009-p13-2,105.0,56.39999999999999,19.040000000000006,24.560000000000002,Sandy Clay Loam,0.098731884057971,0.11357813834329682,0.2038917089678511,0.1579710144927536,0.18172502134927493,0.3262267343485618,407405.5479999999,3659896.500000003
2009,2009-05-01,2009-p13-2,135.0,64.4,19.39999999999999,16.2,Sandy Loam,0.09795748228428486,0.11514271891630354,0.21890909090909078,0.15673197165485578,0.18422835026608567,0.35025454545454526,407405.5479999999,3659896.500000003
2009,2009-05-01,2009-p13-2,165.0,66.4,17.39999999999999,16.2,Sandy Loam,0.08845999195818206,0.10395010395010396,0.1725043782837127,0.14153598713309132,0.16632016632016633,0.27600700525394034,407405.5479999999,3659896.500000003
2009,2009-05-01,2009-p13-3,15.0,55.67999999999999,16.120000000000005,28.199999999999996,Sandy Clay Loam,0.10047152702212533,0.12404510731174985,0.20444915254237284,0.16075444323540056,0.19847217169879977,0.32711864406779656,407405.5479999999,3659923.000000003
2009,2009-05-01,2009-p13-3,45.0,57.68,16.120000000000005,26.200000000000003,Sandy Clay Loam,0.09754253308128537,0.126206896551724,0.2107995846313606,0.1560680529300566,0.20193103448275843,0.33727933541017696,407405.5479999999,3659923.000000003
2009,2009-05-01,2009-p13-3,75.0,49.12,24.320000000000007,26.56,Sandy Clay Loam,0.08715773235634393,0.11744534933561916,0.23616496298907333,0.1394523717701503,0.18791255893699066,0.37786394078251734,407405.5479999999,3659923.000000003
2009,2009-05-01,2009-p13-3,105.0,51.12,18.319999999999993,30.560000000000002,Sandy Clay Loam,0.097397476340694,0.11142284569138283,0.1989174560216507,0.15583596214511042,0.17827655310621254,0.3182679296346411,407405.5479999999,3659923.000000003
2009,2009-05-01,2009-p13-3,135.0,54.760000000000005,20.319999999999993,24.920000000000005,Sandy Clay Loam,0.09061371841155255,0.10032715376226818,0.16316199376947035,0.14498194945848408,0.1605234460196291,0.2610591900311526,407405.5479999999,3659923.000000003
2009,2009-05-01,2009-p13-3,165.0,59.679999999999986,15.04000000000002,25.28,Sandy Clay Loam,0.08714918759231904,0.09844755774327912,0.16156716417910438,0.13943870014771048,0.1575160923892466,0.25850746268656705,407405.5479999999,3659923.000000003
2009,2009-05-01,2009-p13-4,15.0,60.040000000000006,17.079999999999984,22.880000000000003,Sandy Clay Loam,0.0940138142747507,0.11505092417955537,0.19439321283659156,0.1504221028396011,0.1840814786872886,0.3110291405385465,407405.5479999999,3659949.500000003
2009,2009-05-01,2009-p13-4,45.0,64.4,14.719999999999999,20.880000000000003,Sandy Clay Loam,0.08451228592702942,0.1044776119402987,0.15539112050739945,0.13521965748324707,0.16716417910447792,0.24862579281183914,407405.5479999999,3659949.500000003
2009,2009-05-01,2009-p13-4,75.0,65.67999999999999,15.439999999999998,18.880000000000003,Sandy Loam,0.0754285714285716,0.0961405926946933,0.15881746304572036,0.12068571428571456,0.15382494831150928,0.2541079408731526,407405.5479999999,3659949.500000003
2009,2009-05-01,2009-p13-4,105.0,65.67999999999999,13.800000000000011,20.520000000000003,Sandy Clay Loam,0.0715807413719645,0.08373590982286631,0.1591766723842196,0.11452918619514321,0.13397745571658612,0.25468267581475135,407405.5479999999,3659949.500000003
2009,2009-05-01,2009-p13-4,135.0,72.4,15.079999999999984,12.520000000000007,Sandy Loam,0.07476979742173116,0.08053435114503812,0.27956989247311853,0.11963167587476986,0.128854961832061,0.44731182795698965,407405.5479999999,3659949.500000003
2009,2009-05-01,2009-p13-4,165.0,62.03999999999999,17.439999999999998,20.520000000000003,Sandy Clay Loam,0.11754684838160159,0.11571428571428553,0.21502491376006128,0.18807495741056257,0.18514285714285686,0.34403986201609804,407405.5479999999,3659949.500000003
2009,2009-05-01,2009-p13-5,15.0,61.67999999999999,15.400000000000006,22.920000000000005,Sandy Clay Loam,0.08367029548989105,0.11160533764658304,0.17162736760726705,0.1338724727838257,0.17856854023453286,0.2746037881716273,407405.5479999999,3659976.000000003
2009,2009-05-01,2009-p13-5,45.0,63.67999999999999,13.400000000000006,22.920000000000005,Sandy Clay Loam,0.10117302052785916,0.11899222229608437,0.17293497363796154,0.16187683284457466,0.190387555673735,0.27669595782073847,407405.5479999999,3659976.000000003
2009,2009-05-01,2009-p13-5,75.0,63.67999999999999,17.400000000000006,18.920000000000005,Sandy Loam,0.0897974780282767,0.11529766390354163,0.18374816983894593,0.14367596484524273,0.1844762622456666,0.2939970717423135,407405.5479999999,3659976.000000003
2009,2009-05-01,2009-p13-5,105.0,74.03999999999999,11.040000000000006,14.920000000000005,Sandy Loam,0.06659142212189628,0.07437433909058863,0.13852631578947364,0.10654627539503406,0.11899894254494181,0.22164210526315783,407405.5479999999,3659976.000000003
2009,2009-05-01,2009-p13-5,135.0,79.67999999999999,9.400000000000006,10.920000000000005,Sandy Loam,0.061138708444784445,0.06880152187698164,0.10436137071651119,0.09782193351165512,0.11008243500317064,0.16697819314641793,407405.5479999999,3659976.000000003
2009,2009-05-01,2009-p13-5,165.0,61.67999999999999,15.760000000000005,22.560000000000002,Sandy Clay Loam,0.0797522260936893,0.09923664122137402,0.17331399564902092,0.1276035617499029,0.15877862595419845,0.27730239303843346,407405.5479999999,3659976.000000003
2009,2009-05-01,2009-p13-6,15.0,60.4,19.039999999999992,20.560000000000002,Sandy Clay Loam,0.08316430020284002,0.10343618513323992,0.1537938074174888,0.13306288032454403,0.1654978962131839,0.2460700918679821,407405.5479999999,3660002.500000003
2009,2009-05-01,2009-p13-6,45.0,68.4,13.039999999999992,18.560000000000002,Sandy Loam,0.06715669896425008,0.08046368905557498,0.12800769971126066,0.10745071834280014,0.12874190248891998,0.20481231953801707,407405.5479999999,3660002.500000003
2009,2009-05-01,2009-p13-6,75.0,77.67999999999999,11.760000000000005,10.560000000000002,Sandy Loam,0.04517271922054877,0.05510003279763833,0.08538899430740048,0.07227635075287803,0.08816005247622133,0.13662239089184078,407405.5479999999,3660002.500000003
2009,2009-05-01,2009-p13-6,105.0,75.67999999999999,13.760000000000005,10.560000000000002,Sandy Loam,0.050871080139372846,0.05231065468549442,0.10741602926504826,0.08139372822299656,0.08369704749679108,0.17186564682407723,407405.5479999999,3660002.500000003
2009,2009-05-01,2009-p13-6,135.0,76.4,13.039999999999992,10.560000000000002,Sandy Loam,0.05119236883942764,0.04829996822370499,0.09318885448916424,0.08190779014308423,0.07727994915792799,0.14910216718266278,407405.5479999999,3660002.500000003
2009,2009-05-01,2009-p13-6,165.0,60.4,19.039999999999992,20.560000000000002,Sandy Clay Loam,0.07640195709446748,0.11441013460015839,0.18803418803418825,0.12224313135114798,0.18305621536025343,0.30085470085470123,407405.5479999999,3660002.500000003
2009,2009-05-01,2009-p13-7,15.0,61.67999999999999,15.760000000000005,22.560000000000002,Sandy Clay Loam,0.08959446714869519,0.10895883777239679,0.16108392924350773,0.1433511474379123,0.17433414043583487,0.25773428678961235,407405.5479999999,3660029.000000003
2009,2009-05-01,2009-p13-7,45.0,66.03999999999999,13.400000000000006,20.560000000000002,Sandy Clay Loam,0.08145131432802621,0.10567296996662937,0.15103152977812387,0.13032210292484195,0.16907675194660698,0.2416504476449982,407405.5479999999,3660029.000000003
2009,2009-05-01,2009-p13-7,75.0,66.4,15.039999999999992,18.560000000000002,Sandy Loam,0.07542310522442962,0.10071428571428546,0.15749235474006107,0.1206769683590874,0.16114285714285675,0.25198776758409774,407405.5479999999,3660029.000000003
2009,2009-05-01,2009-p13-7,105.0,60.4,13.040000000000006,26.56,Sandy Clay Loam,0.09365426695842456,0.10061407652338192,0.18912133891213373,0.1498468271334793,0.16098252243741107,0.302594142259414,407405.5479999999,3660029.000000003
2009,2009-05-01,2009-p13-7,135.0,64.4,15.039999999999992,20.560000000000002,Sandy Clay Loam,0.07346491228070194,0.08347315436241591,0.16818347287950453,0.11754385964912312,0.13355704697986545,0.26909355660720724,407405.5479999999,3660029.000000003
2009,2009-05-01,2009-p13-7,165.0,61.67999999999999,17.760000000000005,20.560000000000002,Sandy Clay Loam,0.09547356409281059,0.08897485493230192,0.18579881656804736,0.15275770254849697,0.1423597678916831,0.2972781065088758,407405.5479999999,3660029.000000003
2009,2009-05-01,2009-p14-1,15.0,54.400000000000006,17.799999999999983,27.800000000000004,Sandy Clay Loam,0.11000433087916842,0.12171945701357455,0.1803074366431237,0.17600692940666948,0.19475113122171928,0.28849189862899793,407391.3239999999,3659870.000000003
2009,2009-05-01,2009-p14-1,45.0,66.4,13.439999999999998,20.160000000000004,Sandy Clay Loam,0.07240995172669895,0.08377558756633817,0.13996175908221783,0.11585592276271833,0.13404094010614107,0.22393881453154854,407391.3239999999,3659870.000000003
2009,2009-05-01,2009-p14-1,75.0,71.67999999999999,13.799999999999997,14.520000000000005,Sandy Loam,0.06114698063045953,0.06897865853658547,0.14627775359164122,0.09783516900873525,0.11036585365853675,0.23404440574662597,407391.3239999999,3659870.000000003
2009,2009-05-01,2009-p14-1,105.0,69.67999999999999,11.800000000000011,18.520000000000003,Sandy Loam,0.07082833133253284,0.08287482806052258,0.16505823627287866,0.11332533013205255,0.13259972489683614,0.26409317803660587,407391.3239999999,3659870.000000003
2009,2009-05-01,2009-p14-1,135.0,63.12,21.08,15.8,Sandy Loam,0.08978805394990358,0.10445912469033891,0.18352365415986915,0.14366088631984572,0.16713459950454226,0.2936378466557907,407391.3239999999,3659870.000000003
2009,2009-05-01,2009-p14-1,165.0,70.4,13.439999999999998,16.160000000000004,Sandy Loam,0.08115183246073304,0.09846827133479223,0.17366841710427589,0.12984293193717286,0.15754923413566757,0.2778694673668414,407391.3239999999,3659870.000000003
2009,2009-05-01,2009-p14-2,15.0,50.4,19.400000000000006,30.2,Sandy Clay Loam,0.11125158027812895,0.13321570357300377,0.20121082621082617,0.17800252844500633,0.21314512571680605,0.3219373219373219,407391.3239999999,3659896.500000003
2009,2009-05-01,2009-p14-2,45.0,66.03999999999999,13.400000000000006,20.560000000000002,Sandy Clay Loam,0.08367854183927076,0.09533898305084758,0.16422167889160563,0.13388566694283321,0.15254237288135614,0.262754686226569,407391.3239999999,3659896.500000003
2009,2009-05-01,2009-p14-2,75.0,62.4,15.039999999999992,22.560000000000002,Sandy Clay Loam,0.09551495016611282,0.10776545166402532,0.1902282739287145,0.1528239202657805,0.17242472266244052,0.3043652382859432,407391.3239999999,3659896.500000003
2009,2009-05-01,2009-p14-2,105.0,64.4,15.039999999999992,20.560000000000002,Sandy Clay Loam,0.09213483146067421,0.10548172757475113,0.1935753024614101,0.14741573033707875,0.16877076411960182,0.3097204839382562,407391.3239999999,3659896.500000003
2009,2009-05-01,2009-p14-2,135.0,62.03999999999999,17.400000000000006,20.560000000000002,Sandy Clay Loam,0.0880476393024242,0.09708333333333324,0.1788936837975678,0.14087622288387872,0.1553333333333332,0.2862298940761085,407391.3239999999,3659896.500000003
2009,2009-05-01,2009-p14-2,165.0,69.67999999999999,13.760000000000005,16.560000000000002,Sandy Loam,0.0780525502318391,0.08327109783420479,0.14152046783625744,0.12488408037094256,0.13323375653472766,0.2264327485380119,407391.3239999999,3659896.500000003
2009,2009-05-01,2009-p14-3,15.0,64.4,13.039999999999992,22.560000000000002,Sandy Clay Loam,0.0820341499628805,0.09168356997971623,0.1462794918330309,0.1312546399406088,0.14669371196754596,0.23404718693284945,407391.3239999999,3659923.000000003
2009,2009-05-01,2009-p14-3,45.0,58.4,17.400000000000006,24.2,Sandy Clay Loam,0.09914463452566084,0.1219963031423289,0.19417122040072857,0.15863141524105737,0.19519408502772626,0.3106739526411657,407391.3239999999,3659923.000000003
2009,2009-05-01,2009-p14-3,75.0,67.67999999999999,15.760000000000005,16.560000000000002,Sandy Loam,0.07601115760111575,0.08493060145406466,0.14039408866995054,0.12161785216178521,0.13588896232650347,0.22463054187192089,407391.3239999999,3659923.000000003
2009,2009-05-01,2009-p14-3,105.0,69.67999999999999,15.760000000000005,14.560000000000004,Sandy Loam,0.05703422053231938,0.06276005547850216,0.10695837131570983,0.09125475285171102,0.10041608876560347,0.17113339410513573,407391.3239999999,3659923.000000003
2009,2009-05-01,2009-p14-3,135.0,72.4,15.399999999999991,12.2,Sandy Loam,0.06380120886501026,0.0719373219373218,0.13468501086169438,0.10208193418401641,0.1150997150997149,0.21549601737871102,407391.3239999999,3659923.000000003
2009,2009-05-01,2009-p14-3,165.0,70.03999999999999,15.760000000000005,14.2,Sandy Loam,0.07255639097744361,0.0869565217391305,0.15912636505460212,0.11609022556390979,0.1391304347826088,0.2546021840873634,407391.3239999999,3659923.000000003
2009,2009-05-01,2009-p14-4,15.0,53.67999999999999,20.52000000000001,25.8,Sandy Clay Loam,0.10845360824742249,0.12195121951219522,0.19047619047619055,0.173525773195876,0.19512195121951237,0.3047619047619049,407391.3239999999,3659949.500000003
2009,2009-05-01,2009-p14-4,45.0,57.68,16.519999999999996,25.8,Sandy Clay Loam,0.10709939148073025,0.12456445993031356,0.1832699619771863,0.17135902636916842,0.1993031358885017,0.2932319391634981,407391.3239999999,3659949.500000003
2009,2009-05-01,2009-p14-4,75.0,70.2,11.639999999999986,18.160000000000004,Sandy Loam,0.09101892871526371,0.0991024682124155,0.16458196181698523,0.14563028594442193,0.15856394913986482,0.26333113890717635,407391.3239999999,3659949.500000003
2009,2009-05-01,2009-p14-4,105.0,72.2,9.639999999999986,18.160000000000004,Sandy Loam,0.06783451360417471,0.0780744336569579,0.11005392912172571,0.10853522176667954,0.12491909385113265,0.17608628659476114,407391.3239999999,3659949.500000003
2009,2009-05-01,2009-p14-4,135.0,64.2,15.639999999999986,20.160000000000004,Sandy Clay Loam,0.08495713172252531,0.0982377202849643,0.18745467730239312,0.1359314107560405,0.1571803524559429,0.29992748368382904,407391.3239999999,3659949.500000003
2009,2009-05-01,2009-p14-4,165.0,52.04,19.799999999999997,28.16,Sandy Clay Loam,0.09954185755935029,0.125055041831792,0.23584577978464727,0.15926697209496046,0.20008806693086723,0.37735324765543565,407391.3239999999,3659949.500000003
2009,2009-05-01,2009-p14-5,15.0,58.4,16.319999999999993,25.28,Sandy Clay Loam,0.09191489361702111,0.11130931145201585,0.18147304479878518,0.14706382978723379,0.17809489832322536,0.2903568716780563,407391.3239999999,3659976.000000003
2009,2009-05-01,2009-p14-5,45.0,62.4,14.319999999999993,23.28,Sandy Clay Loam,0.09054252199413487,0.09858601728201119,0.1465610370903856,0.1448680351906158,0.1577376276512179,0.23449765934461697,407391.3239999999,3659976.000000003
2009,2009-05-01,2009-p14-5,75.0,72.03999999999999,12.680000000000007,15.280000000000001,Sandy Loam,0.06433566433566447,0.09465020576131679,0.13631326191355736,0.10293706293706316,0.15144032921810688,0.21810121906169178,407391.3239999999,3659976.000000003
2009,2009-05-01,2009-p14-5,105.0,73.67999999999999,11.040000000000006,15.280000000000001,Sandy Loam,0.06468210216832039,0.08095781071835814,0.13197229310973407,0.10349136346931263,0.12953249714937304,0.21115566897557453,407391.3239999999,3659976.000000003
2009,2009-05-01,2009-p14-5,135.0,68.4,14.319999999999993,17.28,Sandy Loam,0.07735583684950784,0.09583486914854411,0.1816319562990782,0.12376933895921255,0.15333579063767058,0.2906111300785251,407391.3239999999,3659976.000000003
2009,2009-05-01,2009-p14-5,165.0,60.040000000000006,16.679999999999993,23.28,Sandy Clay Loam,0.09564293304994698,0.1122618061309031,0.20603015075376915,0.15302869287991516,0.17961888980944496,0.32964824120603065,407391.3239999999,3659976.000000003
2009,2009-05-01,2009-p14-6,15.0,60.040000000000006,16.679999999999993,23.28,Sandy Clay Loam,0.09273518580515566,0.10957095709570933,0.1755840241145445,0.14837629728824905,0.17531353135313493,0.2809344385832712,407391.3239999999,3660002.500000003
2009,2009-05-01,2009-p14-6,45.0,60.040000000000006,16.679999999999993,23.28,Sandy Clay Loam,0.09203980099502482,0.11264277274517526,0.1673904461113305,0.1472636815920397,0.18022843639228042,0.26782471377812883,407391.3239999999,3660002.500000003
2009,2009-05-01,2009-p14-6,75.0,72.03999999999999,12.680000000000007,15.280000000000001,Sandy Loam,0.06994818652849744,0.08385370205173931,0.12495041650138856,0.1119170984455959,0.1341659232827829,0.19992066640222173,407391.3239999999,3660002.500000003
2009,2009-05-01,2009-p14-6,105.0,74.03999999999999,12.680000000000007,13.28,Sandy Loam,0.05855539971949516,0.06707946336429293,0.11195652173913057,0.09368863955119226,0.1073271413828687,0.17913043478260893,407391.3239999999,3660002.500000003
2009,2009-05-01,2009-p14-6,135.0,73.67999999999999,11.040000000000006,15.280000000000001,Sandy Loam,0.06873365707881972,0.07992633517495402,0.12500000000000028,0.10997385132611155,0.12788213627992645,0.20000000000000046,407391.3239999999,3660002.500000003
2009,2009-05-01,2009-p14-6,165.0,63.67999999999999,15.040000000000006,21.28,Sandy Clay Loam,0.08508403361344535,0.10019493177387914,0.1509648127128264,0.13613445378151257,0.16031189083820663,0.24154370034052228,407391.3239999999,3660002.500000003
2009,2009-05-01,2009-p14-7,15.0,62.4,17.039999999999992,20.560000000000002,Sandy Clay Loam,0.09593246354566384,0.1152475247524751,0.17356368019284882,0.15349194167306215,0.18439603960396017,0.27770188830855813,407391.3239999999,3660029.000000003
2009,2009-05-01,2009-p14-7,45.0,60.4,17.039999999999992,22.560000000000002,Sandy Clay Loam,0.0919324577861164,0.10435737824972541,0.16001341831600147,0.14709193245778626,0.16697180519956067,0.2560214693056024,407391.3239999999,3660029.000000003
2009,2009-05-01,2009-p14-7,75.0,63.67999999999999,17.400000000000006,18.920000000000005,Sandy Loam,0.07509293680297381,0.08935361216730044,0.14662861220121295,0.1201486988847581,0.14296577946768071,0.23460577952194073,407391.3239999999,3660029.000000003
2009,2009-05-01,2009-p14-7,105.0,70.03999999999999,15.400000000000006,14.560000000000004,Sandy Loam,0.0741273839510616,0.0704383664293744,0.122222222222222,0.11860381432169856,0.11270138628699905,0.1955555555555552,407391.3239999999,3660029.000000003
2009,2009-05-01,2009-p14-7,135.0,78.4,11.039999999999992,10.560000000000002,Sandy Loam,0.04693140794223826,0.04770992366412202,0.09568545581071676,0.07509025270758123,0.07633587786259524,0.15309672929714682,407391.3239999999,3660029.000000003
2009,2009-05-01,2009-p14-7,165.0,69.67999999999999,13.760000000000005,16.560000000000002,Sandy Loam,0.07034589972794413,0.08239549839228316,0.15622292809702604,0.1125534395647106,0.13183279742765305,0.24995668495524168,407391.3239999999,3660029.000000003
2009,2009-05-01,2009-p15-1,15.0,55.67999999999999,20.159999999999997,24.160000000000004,Sandy Clay Loam,0.09633357296908672,0.11038961038961034,0.17163889965129797,0.15413371675053877,0.17662337662337657,0.27462223944207675,407377.1,3659870.000000003
2009,2009-05-01,2009-p15-1,45.0,61.67999999999999,18.159999999999997,20.160000000000004,Sandy Clay Loam,0.08272758740048461,0.09386548410938651,0.1492389146260756,0.13236413984077539,0.15018477457501844,0.23878226340172098,407377.1,3659870.000000003
2009,2009-05-01,2009-p15-1,75.0,70.4,13.439999999999998,16.160000000000004,Sandy Loam,0.07456588355464752,0.08283608283608283,0.14829586656997834,0.11930541368743604,0.13253773253773254,0.23727338651196536,407377.1,3659870.000000003
2009,2009-05-01,2009-p15-1,105.0,70.4,13.439999999999998,16.160000000000004,Sandy Loam,0.06598016781083157,0.07156168468132694,0.13590483056957475,0.10556826849733053,0.1144986954901231,0.2174477289113196,407377.1,3659870.000000003
2009,2009-05-01,2009-p15-1,135.0,70.4,15.439999999999998,14.160000000000004,Sandy Loam,0.0718954248366012,0.08114464915719298,0.1479573058520428,0.11503267973856193,0.12983143865150878,0.2367316893632685,407377.1,3659870.000000003
2009,2009-05-01,2009-p15-1,165.0,64.4,17.439999999999998,18.160000000000004,Sandy Loam,0.09040223018717657,0.10704554301284547,0.18333967287942218,0.14464356829948252,0.17127286882055276,0.2933434766070755,407377.1,3659870.000000003
2009,2009-05-01,2009-p15-2,15.0,48.4,17.039999999999992,34.56,Sandy Clay Loam,0.12775330396475762,0.14218523878437048,0.20560747663551393,0.2044052863436122,0.22749638205499279,0.3289719626168223,407377.1,3659896.500000003
2009,2009-05-01,2009-p15-2,45.0,64.03999999999999,9.400000000000006,26.56,Sandy Clay Loam,0.09787867510234444,0.1209268645908763,0.16136114160263434,0.1566058801637511,0.1934829833454021,0.25817782656421495,407377.1,3659896.500000003
2009,2009-05-01,2009-p15-2,75.0,61.67999999999999,13.760000000000005,24.560000000000002,Sandy Clay Loam,0.10206663854913547,0.12031249999999993,0.1789396170839469,0.16330662167861676,0.1924999999999999,0.28630338733431504,407377.1,3659896.500000003
2009,2009-05-01,2009-p15-2,105.0,71.67999999999999,9.760000000000005,18.560000000000002,Sandy Loam,0.08532423208191126,0.092660926609266,0.15744203440538496,0.13651877133105803,0.1482574825748256,0.25190725504861594,407377.1,3659896.500000003
2009,2009-05-01,2009-p15-2,135.0,75.12,12.319999999999993,12.560000000000002,Sandy Loam,0.0729452054794519,0.08769288671433997,0.13812154696132597,0.11671232876712304,0.14030861874294395,0.22099447513812157,407377.1,3659896.500000003
2009,2009-05-01,2009-p15-2,165.0,62.03999999999999,17.400000000000006,20.560000000000002,Sandy Clay Loam,0.09867394695787836,0.09696036937283554,0.16998191681735997,0.1578783151326054,0.15513659099653687,0.27197106690777595,407377.1,3659896.500000003
2009,2009-05-01,2009-p15-3,15.0,46.04,21.400000000000006,32.56,Sandy Clay Loam,0.12382030955077364,0.13289473684210532,0.220107571369466,0.19811249528123784,0.2126315789473685,0.3521721141911456,407377.1,3659923.000000003
2009,2009-05-01,2009-p15-3,45.0,51.67999999999999,17.760000000000005,30.560000000000002,Sandy Clay Loam,0.12365790447982242,0.14161535675479914,0.2000000000000003,0.1978526471677159,0.22658457080767863,0.3200000000000005,407377.1,3659923.000000003
2009,2009-05-01,2009-p15-3,75.0,60.4,17.039999999999992,22.560000000000002,Sandy Clay Loam,0.10136157337367595,0.11195928753180656,0.16666666666666646,0.16217851739788153,0.17913486005089052,0.26666666666666633,407377.1,3659923.000000003
2009,2009-05-01,2009-p15-3,105.0,64.03999999999999,15.400000000000006,20.560000000000002,Sandy Clay Loam,0.09055577147298866,0.10024057738572574,0.15614739146296977,0.14488923435678186,0.16038492381716118,0.24983582634075163,407377.1,3659923.000000003
2009,2009-05-01,2009-p15-3,135.0,61.67999999999999,17.760000000000005,20.560000000000002,Sandy Clay Loam,0.09452736318407934,0.1104489471593164,0.2187143400532522,0.15124378109452696,0.17671831545490624,0.34994294408520354,407377.1,3659923.000000003
2009,2009-05-01,2009-p15-3,165.0,62.03999999999999,19.400000000000006,18.560000000000002,Sandy Loam,0.10984075132707219,0.10894064613072872,0.195392842451666,0.1757452021233155,0.17430503380916595,0.3126285479226656,407377.1,3659923.000000003
2009,2009-05-01,2009-p15-4,15.0,50.4,23.439999999999998,26.160000000000004,Sandy Clay Loam,0.11750503018108657,0.13247508305647832,0.2094774136403899,0.18800804828973852,0.2119601328903653,0.3351638618246239,407377.1,3659949.500000003
2009,2009-05-01,2009-p15-4,45.0,60.4,15.439999999999998,24.160000000000004,Sandy Clay Loam,0.09511889862327882,0.11268855368234247,0.17566510172144015,0.15219023779724614,0.18030168589174797,0.28106416275430424,407377.1,3659949.500000003
2009,2009-05-01,2009-p15-4,75.0,59.679999999999986,16.16000000000001,24.160000000000004,Sandy Clay Loam,0.09865796155241202,0.10802348336594904,0.18041021347844302,0.15785273848385925,0.17283757338551847,0.28865634156550884,407377.1,3659949.500000003
2009,2009-05-01,2009-p15-4,105.0,69.67999999999999,14.159999999999997,16.160000000000004,Sandy Loam,0.08510638297872358,0.08601398601398631,0.1471097265489789,0.13617021276595773,0.1376223776223781,0.23537556247836622,407377.1,3659949.500000003
2009,2009-05-01,2009-p15-4,135.0,68.4,15.439999999999998,16.160000000000004,Sandy Loam,0.07731397459165136,0.09028044563964692,0.1665302782324062,0.12370235934664219,0.14444871302343507,0.26644844517184996,407377.1,3659949.500000003
2009,2009-05-01,2009-p15-4,165.0,67.67999999999999,14.159999999999997,18.160000000000004,Sandy Loam,0.0840884378397973,0.09673613841918968,0.16210937499999992,0.1345415005436757,0.1547778214707035,0.25937499999999986,407377.1,3659949.500000003
2009,2009-05-01,2009-p15-5,15.0,55.67999999999999,15.760000000000005,28.560000000000002,Sandy Clay Loam,0.10530821917808222,0.1187524990003998,0.17799082951229725,0.16849315068493156,0.1900039984006397,0.2847853272196756,407377.1,3659976.000000003
2009,2009-05-01,2009-p15-5,45.0,59.679999999999986,15.76000000000002,24.560000000000002,Sandy Clay Loam,0.10104399701715142,0.1172413793103451,0.1752620545073375,0.16167039522744228,0.18758620689655217,0.28041928721174003,407377.1,3659976.000000003
2009,2009-05-01,2009-p15-5,75.0,64.56,12.879999999999995,22.560000000000002,Sandy Clay Loam,0.09392076502732254,0.1035737921906021,0.1722807017543857,0.15027322404371607,0.16571806750496337,0.27564912280701714,407377.1,3659976.000000003
2009,2009-05-01,2009-p15-5,105.0,64.2,13.239999999999995,22.560000000000002,Sandy Clay Loam,0.08451273756570982,0.0941248846508767,0.1614128370679833,0.1352203801051357,0.15059981544140275,0.2582605393087733,407377.1,3659976.000000003
2009,2009-05-01,2009-p15-5,135.0,65.84,11.239999999999995,22.920000000000005,Sandy Clay Loam,0.07851384507535906,0.09299516908212571,0.176538020634314,0.1256221521205745,0.14879227053140115,0.28246083301490243,407377.1,3659976.000000003
2009,2009-05-01,2009-p15-5,165.0,57.32000000000001,16.679999999999993,26.0,Sandy Clay Loam,0.09080503624570815,0.10984416571645765,0.18195602729340427,0.14528805799313305,0.17575066514633225,0.2911296436694468,407377.1,3659976.000000003
2009,2009-05-01,2009-p15-6,15.0,58.4,12.319999999999993,29.28,Sandy Clay Loam,0.1008336641524411,0.11364596535699187,0.19202743249035595,0.16133386264390578,0.181833544571187,0.30724389198456953,407377.1,3660002.500000003
2009,2009-05-01,2009-p15-6,45.0,54.400000000000006,16.319999999999993,29.28,Sandy Clay Loam,0.10825982357658394,0.12656187021362358,0.18445922296114847,0.1732157177225343,0.20249899234179775,0.29513475673783757,407377.1,3660002.500000003
2009,2009-05-01,2009-p15-6,75.0,63.67999999999999,14.680000000000007,21.639999999999997,Sandy Clay Loam,0.08590554109334335,0.08352059925093651,0.14004106776180683,0.13744886574934936,0.13363295880149842,0.22406570841889095,407377.1,3660002.500000003
2009,2009-05-01,2009-p15-6,105.0,68.96000000000001,13.039999999999992,18.0,Sandy Loam,0.07125132931584537,0.07371556217423667,0.13243147027411883,0.1140021269053526,0.11794489947877868,0.21189035243859014,407377.1,3660002.500000003
2009,2009-05-01,2009-p15-6,135.0,74.4,10.319999999999993,15.280000000000001,Sandy Loam,0.062197392923649966,0.06962025316455711,0.1264998285910181,0.09951582867783995,0.11139240506329139,0.20239972574562898,407377.1,3660002.500000003
2009,2009-05-01,2009-p15-6,165.0,64.03999999999999,12.680000000000007,23.28,Sandy Clay Loam,0.09070380127963883,0.08698830409356706,0.14069264069264062,0.14512608204742214,0.1391812865497073,0.225108225108225,407377.1,3660002.500000003
2009,2009-05-01,2009-p15-7,15.0,59.679999999999986,15.04000000000002,25.28,Sandy Clay Loam,0.10378510378510394,0.10873712323540637,0.172844036697248,0.16605616605616633,0.1739793971766502,0.2765504587155968,407377.1,3660029.000000003
2009,2009-05-01,2009-p15-7,45.0,54.96,15.759999999999991,29.28,Sandy Clay Loam,0.1021290751829674,0.11317449194113544,0.17546524876566644,0.16340652029274785,0.18107918710581672,0.2807443980250663,407377.1,3660029.000000003
2009,2009-05-01,2009-p15-7,75.0,57.68,15.399999999999991,26.920000000000005,Sandy Clay Loam,0.09672505712109697,0.10890718562874266,0.1784628745115067,0.15476009139375516,0.17425149700598827,0.28554059921841074,407377.1,3660029.000000003
2009,2009-05-01,2009-p15-7,105.0,58.040000000000006,15.039999999999992,26.920000000000005,Sandy Clay Loam,0.09186746987951798,0.10617832038475784,0.18022813688212908,0.14698795180722876,0.16988531261561257,0.28836501901140654,407377.1,3660029.000000003
2009,2009-05-01,2009-p15-7,135.0,55.67999999999999,15.400000000000006,28.920000000000005,Sandy Clay Loam,0.09845788849347575,0.10843864655523834,0.167231638418079,0.15753262158956122,0.17350183448838136,0.2675706214689264,407377.1,3660029.000000003
2009,2009-05-01,2009-p15-7,165.0,58.96,16.11999999999999,24.920000000000005,Sandy Clay Loam,0.0739489489489489,0.09366295264624,0.15632417768735163,0.11831831831831825,0.149860724233984,0.25011868429976264,407377.1,3660029.000000003
2009,2009-05-01,2009-p16-1,15.0,56.39999999999999,21.439999999999998,22.160000000000004,Sandy Clay Loam,0.0887193898032919,0.11803921568627475,0.17229870671672903,0.14195102368526705,0.1888627450980396,0.27567793074676644,407362.87599999993,3659870.000000003
2009,2009-05-01,2009-p16-1,45.0,60.4,17.439999999999998,22.160000000000004,Sandy Clay Loam,0.11261980830670897,0.11215656755739573,0.16448326055312965,0.18019169329073437,0.17945050809183316,0.26317321688500744,407362.87599999993,3659870.000000003
2009,2009-05-01,2009-p16-1,75.0,63.67999999999999,18.159999999999997,18.160000000000004,Sandy Loam,0.07563587684069605,0.10062479447550157,0.15032430370087774,0.12101740294511368,0.16099967116080252,0.24051888592140439,407362.87599999993,3659870.000000003
2009,2009-05-01,2009-p16-1,105.0,72.96000000000001,10.159999999999997,16.880000000000003,Sandy Loam,0.05130260521042088,0.07700892857142858,0.12270389419544463,0.08208416833667342,0.12321428571428572,0.1963262307127114,407362.87599999993,3659870.000000003
2009,2009-05-01,2009-p16-1,135.0,76.4,9.439999999999998,14.160000000000004,Sandy Loam,0.058376649340263646,0.0831736297431967,0.14662646061062948,0.09340263894442184,0.13307780758911472,0.23460233697700716,407362.87599999993,3659870.000000003
2009,2009-05-01,2009-p16-1,165.0,64.03999999999999,19.80000000000001,16.160000000000004,Sandy Loam,0.0770743216673218,0.09532640949554899,0.18001800180017993,0.12331891466771489,0.1525222551928784,0.2880288028802879,407362.87599999993,3659870.000000003
2009,2009-05-01,2009-p16-2,15.0,45.67999999999999,21.760000000000005,32.56,Sandy Clay Loam,0.10916095890410978,0.14046822742474918,0.22459677419354843,0.17465753424657565,0.2247491638795987,0.3593548387096775,407362.87599999993,3659896.500000003
2009,2009-05-01,2009-p16-2,45.0,59.679999999999986,13.76000000000002,26.56,Sandy Clay Loam,0.09368346344925482,0.12614770459081823,0.17096432356057945,0.14989354151880774,0.20183632734530918,0.2735429176969271,407362.87599999993,3659896.500000003
2009,2009-05-01,2009-p16-2,75.0,68.4,15.039999999999992,16.560000000000002,Sandy Loam,0.07009142359599445,0.08360000000000013,0.13231756214915816,0.11214627775359112,0.1337600000000002,0.21170809943865307,407362.87599999993,3659896.500000003
2009,2009-05-01,2009-p16-2,105.0,66.4,15.039999999999992,18.560000000000002,Sandy Loam,0.06126482213438723,0.08594030924128013,0.15614493836384014,0.09802371541501957,0.1375044947860482,0.24983190138214423,407362.87599999993,3659896.500000003
2009,2009-05-01,2009-p16-2,135.0,72.03999999999999,15.400000000000006,12.560000000000002,Sandy Loam,0.05712019040063457,0.07419354838709678,0.15787682885335153,0.09139230464101532,0.11870967741935486,0.25260292616536245,407362.87599999993,3659896.500000003
2009,2009-05-01,2009-p16-2,165.0,60.040000000000006,15.399999999999991,24.560000000000002,Sandy Clay Loam,0.0767590618336889,0.09844559585492223,0.1752873563218389,0.12281449893390224,0.15751295336787557,0.2804597701149422,407362.87599999993,3659896.500000003
2009,2009-05-01,2009-p16-3,15.0,44.4,19.400000000000006,36.2,Clay Loam,0.1293233082706766,0.1620041753653446,0.21757498943810755,0.20691729323308256,0.2592066805845514,0.3481199831009721,407362.87599999993,3659923.000000003
2009,2009-05-01,2009-p16-3,45.0,52.04,13.759999999999991,34.2,Sandy Clay Loam,0.11969111969111976,0.1389396709323582,0.20092915214866428,0.1915057915057916,0.22230347349177315,0.3214866434378629,407362.87599999993,3659923.000000003
2009,2009-05-01,2009-p16-3,75.0,59.679999999999986,12.120000000000019,28.199999999999996,Sandy Clay Loam,0.1016381236038718,0.11655277145026575,0.16736084816357452,0.16262099776619487,0.18648443432042522,0.26777735706171923,407362.87599999993,3659923.000000003
2009,2009-05-01,2009-p16-3,105.0,64.96000000000001,10.47999999999999,24.560000000000002,Sandy Clay Loam,0.09604005461993623,0.12101616628175538,0.1829035339063991,0.15366408739189796,0.19362586605080861,0.2926456542502386,407362.87599999993,3659923.000000003
2009,2009-05-01,2009-p16-3,135.0,75.12,12.679999999999993,12.2,Sandy Loam,0.08810209962947715,0.10114192495921684,0.1598579040852576,0.14096335940716345,0.16182707993474696,0.2557726465364122,407362.87599999993,3659923.000000003
2009,2009-05-01,2009-p16-3,165.0,66.4,17.39999999999999,16.2,Sandy Loam,0.08648881239242677,0.08969839404622011,0.1434528773978314,0.13838209982788283,0.14351743047395218,0.22952460383653028,407362.87599999993,3659923.000000003
2009,2009-05-01,2009-p16-4,15.0,48.04,19.799999999999997,32.160000000000004,Sandy Clay Loam,0.10841780520052892,0.12854442344045364,0.21022179363548735,0.17346848832084627,0.20567107750472582,0.33635486981677976,407362.87599999993,3659949.500000003
2009,2009-05-01,2009-p16-4,45.0,60.040000000000006,15.799999999999983,24.160000000000004,Sandy Clay Loam,0.07953118459606556,0.09792418772563183,0.15894326548289311,0.1272498953537049,0.15667870036101095,0.254309224772629,407362.87599999993,3659949.500000003
2009,2009-05-01,2009-p16-4,75.0,72.4,15.439999999999998,12.160000000000002,Sandy Loam,0.05287009063444076,0.06963249516440995,0.09985207100591728,0.08459214501510522,0.11141199226305593,0.15976331360946766,407362.87599999993,3659949.500000003
2009,2009-05-01,2009-p16-4,105.0,74.4,13.439999999999998,12.160000000000002,Sandy Loam,0.04749340369393132,0.05590551181102369,0.09295199182839609,0.07598944591029011,0.08944881889763791,0.14872318692543374,407362.87599999993,3659949.500000003
2009,2009-05-01,2009-p16-4,135.0,74.03999999999999,13.800000000000011,12.160000000000002,Sandy Loam,0.048928571428571335,0.05493741307371343,0.08684110731892272,0.07828571428571414,0.0878998609179415,0.13894577171027636,407362.87599999993,3659949.500000003
2009,2009-05-01,2009-p16-4,165.0,71.67999999999999,12.159999999999997,16.160000000000004,Sandy Loam,0.053558052434456646,0.06582024724356829,0.11661911554921524,0.08569288389513063,0.10531239558970927,0.1865905848787444,407362.87599999993,3659949.500000003
2009,2009-05-01,2009-p16-5,15.0,54.400000000000006,17.039999999999992,28.560000000000002,Sandy Clay Loam,0.1035252119589469,0.13893805309734514,0.19227353463587915,0.16564033913431506,0.22230088495575223,0.3076376554174067,407362.87599999993,3659976.000000003
2009,2009-05-01,2009-p16-5,45.0,60.4,15.039999999999992,24.560000000000002,Sandy Clay Loam,0.09963345551482833,0.10806697108066984,0.1713665943600871,0.15941352882372534,0.17290715372907176,0.27418655097613936,407362.87599999993,3659976.000000003
2009,2009-05-01,2009-p16-5,75.0,74.03999999999999,13.400000000000006,12.560000000000002,Sandy Loam,0.05581066760861881,0.06821282401091405,0.1222375690607737,0.0892970681737901,0.10914051841746249,0.19558011049723792,407362.87599999993,3659976.000000003
2009,2009-05-01,2009-p16-5,105.0,73.67999999999999,11.760000000000005,14.560000000000004,Sandy Loam,0.054043234587670484,0.06659505907626206,0.12564102564102592,0.08646917534027278,0.1065520945220193,0.20102564102564147,407362.87599999993,3659976.000000003
2009,2009-05-01,2009-p16-5,135.0,70.4,15.399999999999991,14.2,Sandy Loam,0.08753501400560225,0.08354522339266245,0.151870873074101,0.14005602240896362,0.13367235742825992,0.2429933969185616,407362.87599999993,3659976.000000003
2009,2009-05-01,2009-p16-5,165.0,68.03999999999999,13.760000000000005,18.2,Sandy Loam,0.08911671924290213,0.09415226186097785,0.15953589557650494,0.1425867507886434,0.15064361897756456,0.25525743292240793,407362.87599999993,3659976.000000003
2009,2009-05-01,2009-p16-6,15.0,53.67999999999999,16.120000000000005,30.2,Sandy Clay Loam,0.14037168841439293,0.1294910179640716,0.19743782969103216,0.2245947014630287,0.20718562874251456,0.31590052750565145,407362.87599999993,3660002.500000003
2009,2009-05-01,2009-p16-6,45.0,55.67999999999999,12.120000000000005,32.2,Sandy Clay Loam,0.11496062992125991,0.1344440139480821,0.1906096706377015,0.18393700787401587,0.21511042231693134,0.30497547302032246,407362.87599999993,3660002.500000003
2009,2009-05-01,2009-p16-6,75.0,72.03999999999999,12.680000000000007,15.280000000000001,Sandy Loam,0.07027608461814273,0.0748425342719527,0.1093749999999996,0.11244173538902838,0.11974805483512432,0.17499999999999938,407362.87599999993,3660002.500000003
2009,2009-05-01,2009-p16-6,105.0,72.03999999999999,14.680000000000007,13.28,Sandy Loam,0.06069364161849683,0.06876886950687679,0.10990990990991033,0.09710982658959494,0.11003019121100287,0.17585585585585653,407362.87599999993,3660002.500000003
2009,2009-05-01,2009-p16-6,135.0,74.03999999999999,14.680000000000007,11.280000000000001,Sandy Loam,0.06501662356852624,0.06752655538694997,0.11448366875618604,0.10402659770964198,0.10804248861911997,0.18317387000989768,407362.87599999993,3660002.500000003
2009,2009-05-01,2009-p16-6,165.0,71.32,15.400000000000006,13.28,Sandy Loam,0.05946902654867255,0.06680805938494169,0.11364500190041787,0.09515044247787609,0.10689289501590671,0.1818320030406686,407362.87599999993,3660002.500000003
2009,2009-05-01,2009-p16-7,15.0,58.040000000000006,16.679999999999993,25.28,Sandy Clay Loam,0.10310077519379862,0.11921296296296253,0.16262135922330082,0.1649612403100778,0.19074074074074007,0.2601941747572813,407362.87599999993,3660029.000000003
2009,2009-05-01,2009-p16-7,45.0,54.04,16.680000000000007,29.28,Sandy Clay Loam,0.12504751045229948,0.1437809052871815,0.19472315124489015,0.20007601672367917,0.23004944845949038,0.31155704199182427,407362.87599999993,3660029.000000003
2009,2009-05-01,2009-p16-7,75.0,61.67999999999999,15.040000000000006,23.28,Sandy Clay Loam,0.09117975437290615,0.10446601941747564,0.15552216378662664,0.14588760699664985,0.16714563106796104,0.24883546205860263,407362.87599999993,3660029.000000003
2009,2009-05-01,2009-p16-7,105.0,81.32,9.400000000000006,9.280000000000001,Loamy Sand,0.04901622367966843,0.04327406910432762,0.07068676716917921,0.07842595788746949,0.06923851056692419,0.11309882747068674,407362.87599999993,3660029.000000003
2009,2009-05-01,2009-p16-7,135.0,82.03999999999999,7.040000000000006,10.920000000000005,Loamy Sand,0.05508938343670186,0.04410751206064762,0.07544533705902887,0.08814301349872299,0.0705720192970362,0.1207125392944462,407362.87599999993,3660029.000000003
2009,2009-05-01,2009-p16-7,165.0,76.03999999999999,13.040000000000006,10.920000000000005,Sandy Loam,0.04885381435550533,0.055731922398589005,0.08558400561206639,0.07816610296880853,0.08917107583774242,0.13693440897930623,407362.87599999993,3660029.000000003
2010,2010-12-01,2010-s73,15.24,52.56000000000001,22.719999999999985,24.720000000000006,Sandy Clay Loam,,,,,,,407595.262,3659994.129086648
2010,2010-12-01,2010-s73,45.0,52.56000000000001,22.719999999999985,24.720000000000006,Sandy Clay Loam,,,,,,,407595.262,3659994.129086648
2010,2010-12-01,2010-s73,75.0,54.559999999999995,20.72,24.720000000000006,Sandy Clay Loam,,,,,,,407595.262,3659994.129086648
2010,2010-12-01,2010-s73,105.0,40.56,24.72,34.720000000000006,Clay Loam,,,,,,,407595.262,3659994.129086648
2010,2010-12-01,2010-s73,150.0,54.559999999999995,24.72,20.720000000000006,Sandy Clay Loam,0.0862510674637064,0.11917098445595845,0.15166516651665188,0.13800170794193023,0.19067357512953353,0.24266426642664302,407595.262,3659994.129086648
2010,2010-12-01,2010-s73,210.0,66.56,18.72,14.720000000000006,Sandy Loam,0.15935114503816775,0.10109392682006817,0.12760055478502103,0.2549618320610684,0.16175028291210908,0.20416088765603366,407595.262,3659994.129086648
2010,2010-12-01,2010-s94,15.24,58.56,18.72,22.720000000000006,Sandy Clay Loam,,,,,,,407591.632,3659976.121
2010,2010-12-01,2010-s94,45.0,56.56,18.72,24.720000000000006,Sandy Clay Loam,,,,,,,407591.632,3659976.121
2010,2010-12-01,2010-s94,75.0,58.56,20.72,20.720000000000006,Sandy Clay Loam,,,,,,,407591.632,3659976.121
2010,2010-12-01,2010-s94,105.0,58.56,20.72,20.720000000000006,Sandy Clay Loam,,,,,,,407591.632,3659976.121
2010,2010-12-01,2010-s94,150.0,54.559999999999995,18.72,26.720000000000006,Sandy Clay Loam,0.08577154308617238,0.11728617827499098,0.16162086632510475,0.1372344689378758,0.18765788523998558,0.25859338612016763,407591.632,3659976.121
2010,2010-12-01,2010-s94,210.0,58.56,18.72,22.720000000000006,Sandy Clay Loam,0.08118219229330347,0.12424242424242413,0.15691672401927068,0.12989150766928556,0.19878787878787862,0.2510667584308331,407591.632,3659976.121
2010,2010-12-01,2010-s104,15.24,60.08,19.19999999999999,20.720000000000006,Sandy Clay Loam,,,,,,,407590.717,3659932.776
2010,2010-12-01,2010-s104,45.0,60.08,19.19999999999999,20.720000000000006,Sandy Clay Loam,,,,,,,407590.717,3659932.776
2010,2010-12-01,2010-s104,75.0,74.56,12.0,13.439999999999996,Sandy Loam,,,,,,,407590.717,3659932.776
2010,2010-12-01,2010-s104,105.0,54.559999999999995,20.0,25.439999999999998,Sandy Clay Loam,,,,,,,407590.717,3659932.776
2010,2010-12-01,2010-s104,150.0,66.56,12.0,21.439999999999998,Sandy Clay Loam,0.07469209376241538,0.10724925521350577,0.1389603705609883,0.11950735001986462,0.17159880834160923,0.22233659289758131,407590.717,3659932.776
2010,2010-12-01,2010-s104,210.0,58.56,20.0,21.439999999999998,Sandy Clay Loam,0.07908847184986577,0.12110591900311526,0.14719334719334712,0.12654155495978522,0.19376947040498443,0.2355093555093554,407590.717,3659932.776
2010,2010-12-01,2010-s138,15.24,66.56,16.0,17.439999999999998,Sandy Loam,,,,,,,407587.536,3659913.081
2010,2010-12-01,2010-s138,45.0,70.56,14.0,15.439999999999998,Sandy Loam,,,,,,,407587.536,3659913.081
2010,2010-12-01,2010-s138,75.0,74.56,12.0,13.439999999999996,Sandy Loam,,,,,,,407587.536,3659913.081
2010,2010-12-01,2010-s138,105.0,56.56,20.0,23.439999999999998,Sandy Clay Loam,,,,,,,407587.536,3659913.081
2010,2010-12-01,2010-s138,150.0,66.56,18.0,15.439999999999998,Sandy Loam,,0.10452814219212861,0.1874724305249228,,0.16724502750740577,0.2999558888398765,407587.536,3659913.081
2010,2010-12-01,2010-s138,210.0,76.56,12.0,11.439999999999998,Sandy Loam,,0.13029827315541603,0.16132075471698085,,0.20847723704866566,0.2581132075471694,407587.536,3659913.081
2010,2010-12-01,2010-s162,15.24,56.56,16.0,27.439999999999998,Sandy Clay Loam,,,,,,,407589.179,3660002.492
2010,2010-12-01,2010-s162,45.0,50.56,18.0,31.439999999999994,Sandy Clay Loam,,,,,,,407589.179,3660002.492
2010,2010-12-01,2010-s162,75.0,59.28,17.28,23.439999999999998,Sandy Clay Loam,,,,,,,407589.179,3660002.492
2010,2010-12-01,2010-s162,105.0,55.279999999999994,21.28,23.439999999999998,Sandy Clay Loam,,,,,,,407589.179,3660002.492
2010,2010-12-01,2010-s162,150.0,67.28,13.280000000000001,19.439999999999998,Sandy Loam,0.07681708577333808,0.09815078236130886,0.15467328370554156,0.12290733723734093,0.1570412517780942,0.24747725392886652,407589.179,3660002.492
2010,2010-12-01,2010-s162,210.0,55.279999999999994,19.28,25.439999999999998,Sandy Clay Loam,0.11714770797962668,0.12531599855543515,0.17498932991890745,0.18743633276740268,0.20050559768869625,0.2799829278702519,407589.179,3660002.492
2010,2010-12-01,2010-s187,15.24,58.56,20.0,21.439999999999998,Sandy Clay Loam,,,,,,,407585.126,3659957.883
2010,2010-12-01,2010-s187,45.0,58.56,20.0,21.439999999999998,Sandy Clay Loam,,,,,,,407585.126,3659957.883
2010,2010-12-01,2010-s187,75.0,64.56,14.0,21.439999999999998,Sandy Clay Loam,,,,,,,407585.126,3659957.883
2010,2010-12-01,2010-s187,105.0,58.56,18.0,23.439999999999998,Sandy Clay Loam,,,,,,,407585.126,3659957.883
2010,2010-12-01,2010-s187,150.0,70.56,16.0,13.439999999999996,Sandy Loam,0.06317829457364323,0.07470465601111853,0.13749999999999984,0.10108527131782917,0.11952744961778966,0.21999999999999975,407585.126,3659957.883
2010,2010-12-01,2010-s187,210.0,56.56,22.0,21.439999999999998,Sandy Clay Loam,0.08284023668639043,0.155920281359906,0.15895061728395052,0.1325443786982247,0.2494724501758496,0.2543209876543208,407585.126,3659957.883
2010,2010-12-01,2010-s219,15.24,66.56,16.0,17.439999999999998,Sandy Loam,,,,,,,407580.751,3659878.106
2010,2010-12-01,2010-s219,45.0,68.56,16.0,15.439999999999998,Sandy Loam,,,,,,,407580.751,3659878.106
2010,2010-12-01,2010-s219,75.0,76.56,12.0,11.439999999999998,Sandy Loam,,,,,,,407580.751,3659878.106
2010,2010-12-01,2010-s219,105.0,66.56,18.0,15.439999999999998,Sandy Loam,,,,,,,407580.751,3659878.106
2010,2010-12-01,2010-s219,150.0,66.56,16.0,17.439999999999998,Sandy Loam,0.08692277842452442,,0.1803852889667253,0.13907644547923909,,0.28861646234676047,407580.751,3659878.106
2010,2010-12-01,2010-s219,210.0,68.56,12.0,19.439999999999998,Sandy Loam,0.08035714285714272,,0.1638719512195124,0.12857142857142836,,0.26219512195121986,407580.751,3659878.106
2010,2010-12-01,2010-s237,15.24,64.56,14.0,21.439999999999998,Sandy Clay Loam,,,,,,,407581.86400000006,3659940.329
2010,2010-12-01,2010-s237,45.0,66.56,12.0,21.439999999999998,Sandy Clay Loam,,,,,,,407581.86400000006,3659940.329
2010,2010-12-01,2010-s237,75.0,66.56,18.0,15.439999999999998,Sandy Loam,,,,,,,407581.86400000006,3659940.329
2010,2010-12-01,2010-s237,105.0,54.559999999999995,20.0,25.439999999999998,Sandy Clay Loam,,,,,,,407581.86400000006,3659940.329
2010,2010-12-01,2010-s237,150.0,58.56,18.0,23.439999999999998,Sandy Clay Loam,0.0826709062003179,0.11180351906158346,0.17393042782886853,0.13227344992050866,0.17888563049853357,0.27828868452618966,407581.86400000006,3659940.329
2010,2010-12-01,2010-s237,210.0,56.56,22.0,21.439999999999998,Sandy Clay Loam,0.1039301310043666,0.12704598597038155,0.19963947724200126,0.16628820960698656,0.2032735775526105,0.319423163587202,407581.86400000006,3659940.329
2010,2010-12-01,2010-s365,15.24,68.56,18.0,13.439999999999996,Sandy Loam,,,,,,,407566.38300000003,3659889.139
2010,2010-12-01,2010-s365,45.0,76.56,12.0,11.439999999999998,Sandy Loam,,,,,,,407566.38300000003,3659889.139
2010,2010-12-01,2010-s365,75.0,66.56,16.0,17.439999999999998,Sandy Loam,,,,,,,407566.38300000003,3659889.139
2010,2010-12-01,2010-s365,105.0,56.56,20.0,23.439999999999998,Sandy Clay Loam,,,,,,,407566.38300000003,3659889.139
2010,2010-12-01,2010-s365,150.0,67.28,21.28,11.439999999999998,Sandy Loam,0.08628841607565002,0.09472656249999989,0.18432304038004765,0.13806146572104003,0.15156249999999982,0.29491686460807626,407566.38300000003,3659889.139
2010,2010-12-01,2010-s365,210.0,65.28,21.28,13.439999999999996,Sandy Loam,0.06927835051546391,0.1085356880058868,0.16837606837606825,0.11084536082474226,0.17365710080941887,0.2694017094017092,407566.38300000003,3659889.139
2010,2010-12-01,2010-s374,15.24,65.28,13.280000000000001,21.439999999999998,Sandy Clay Loam,,,,,,,407567.096,3659923.226
2010,2010-12-01,2010-s374,45.0,69.28,11.280000000000001,19.439999999999998,Sandy Loam,,,,,,,407567.096,3659923.226
2010,2010-12-01,2010-s374,75.0,79.28,9.280000000000001,11.439999999999998,Sandy Loam,,,,,,,407567.096,3659923.226
2010,2010-12-01,2010-s374,105.0,35.28,29.28,35.44,Clay Loam,,,,,,,407567.096,3659923.226
2010,2010-12-01,2010-s374,150.0,55.279999999999994,21.28,23.439999999999998,Sandy Clay Loam,0.0676838810641629,0.09078544712682791,0.17586821015138004,0.10829420970266064,0.14525671540292467,0.28138913624220807,407567.096,3659923.226
2010,2010-12-01,2010-s374,210.0,65.28,17.28,17.439999999999998,Sandy Loam,0.08314505196565763,0.1162454873646209,0.18514150943396226,0.13303208314505222,0.18599277978339346,0.2962264150943396,407567.096,3659923.226
2010,2010-12-01,2010-s399,15.24,56.56,18.0,25.439999999999998,Sandy Clay Loam,,,,,,,407568.667,3660017.152
2010,2010-12-01,2010-s399,45.0,70.56,2.0,27.439999999999998,Sandy Clay Loam,,,,,,,407568.667,3660017.152
2010,2010-12-01,2010-s399,75.0,48.56,28.0,23.439999999999998,Sandy Clay Loam,,,,,,,407568.667,3660017.152
2010,2010-12-01,2010-s399,105.0,50.56,26.0,23.439999999999998,Sandy Clay Loam,,,,,,,407568.667,3660017.152
2010,2010-12-01,2010-s399,150.0,54.559999999999995,24.0,21.439999999999998,Sandy Clay Loam,0.07191919191919197,0.1030150753768846,0.17644859813084135,0.11507070707070716,0.16482412060301538,0.2823177570093462,407568.667,3660017.152
2010,2010-12-01,2010-s399,210.0,58.56,20.0,21.439999999999998,Sandy Clay Loam,0.08698884758364299,0.11263999999999989,0.19054510371442374,0.13918215613382878,0.18022399999999983,0.304872165943078,407568.667,3660017.152
2010,2010-12-01,2010-s408,15.24,56.56,20.0,23.439999999999998,Sandy Clay Loam,,,,,,,407565.026,3660001.1480000005
2010,2010-12-01,2010-s408,45.0,54.559999999999995,18.0,27.439999999999998,Sandy Clay Loam,,,,,,,407565.026,3660001.1480000005
2010,2010-12-01,2010-s408,75.0,70.56,18.72,10.720000000000004,Sandy Loam,,,,,,,407565.026,3660001.1480000005
2010,2010-12-01,2010-s408,105.0,36.56,30.72,32.720000000000006,Clay Loam,,,,,,,407565.026,3660001.1480000005
2010,2010-12-01,2010-s408,150.0,38.56,38.71999999999999,22.720000000000006,Clay Loam,0.08416921064108154,0.11605281445448215,0.19584954604409863,0.13467073702573049,0.18568450312717144,0.3133592736705578,407565.026,3660001.1480000005
2010,2010-12-01,2010-s408,210.0,52.56000000000001,24.719999999999985,22.720000000000006,Sandy Clay Loam,0.1008516360376513,0.14705882352941196,0.1531664212076582,0.16136261766024207,0.23529411764705915,0.2450662739322531,407565.026,3660001.1480000005
2010,2010-12-01,2010-s481,15.24,58.56,18.0,23.439999999999998,Sandy Clay Loam,,,,,,,407562.212,3659985.49
2010,2010-12-01,2010-s481,45.0,60.56,18.0,21.439999999999998,Sandy Clay Loam,,,,,,,407562.212,3659985.49
2010,2010-12-01,2010-s481,75.0,74.56,12.0,13.439999999999996,Sandy Loam,,,,,,,407562.212,3659985.49
2010,2010-12-01,2010-s481,105.0,58.56,18.0,23.439999999999998,Sandy Clay Loam,,,,,,,407562.212,3659985.49
2010,2010-12-01,2010-s481,150.0,54.559999999999995,24.0,21.439999999999998,Sandy Clay Loam,0.08730158730158723,0.09864672364672376,0.181262729124236,0.13968253968253957,0.15783475783475803,0.2900203665987776,407562.212,3659985.49
2010,2010-12-01,2010-s481,210.0,70.56,18.0,11.439999999999998,Sandy Loam,0.0838709677419358,0.09580193756727672,0.11148086522462529,0.13419354838709727,0.15328310010764276,0.17836938435940047,407562.212,3659985.49
2010,2010-12-01,2010-s517,15.24,68.56,10.0,21.439999999999998,Sandy Clay Loam,,,,,,,407557.689,3659946.071
2010,2010-12-01,2010-s517,45.0,60.56,18.0,21.439999999999998,Sandy Clay Loam,,,,,,,407557.689,3659946.071
2010,2010-12-01,2010-s517,75.0,76.56,12.0,11.439999999999998,Sandy Loam,,,,,,,407557.689,3659946.071
2010,2010-12-01,2010-s517,105.0,32.56,24.0,43.44,Clay Loam,,,,,,,407557.689,3659946.071
2010,2010-12-01,2010-s517,150.0,40.56,24.0,35.44,Clay Loam,0.1153516295025728,0.16220971147079516,0.24573677306515074,0.1845626072041165,0.25953553835327225,0.3931788369042412,407557.689,3659946.071
2010,2010-12-01,2010-s517,210.0,66.56,16.0,17.439999999999998,Sandy Loam,0.07797641688855066,0.11531331108639224,0.1763875823142051,0.12476226702168106,0.1845012977382276,0.28222013170272814,407557.689,3659946.071
2010,2010-12-01,2010-s557,15.24,64.56,16.0,19.439999999999998,Sandy Loam,,,,,,,407554.593,3659900.53
2010,2010-12-01,2010-s557,45.0,54.559999999999995,24.0,21.439999999999998,Sandy Clay Loam,,,,,,,407554.593,3659900.53
2010,2010-12-01,2010-s557,75.0,34.56,50.0,15.439999999999998,Loam,,,,,,,407554.593,3659900.53
2010,2010-12-01,2010-s557,105.0,46.56,32.0,21.439999999999998,Loam,,,,,,,407554.593,3659900.53
2010,2010-12-01,2010-s557,150.0,58.56,20.0,21.439999999999998,Sandy Clay Loam,0.08056206088992969,0.10006973500697366,0.13423913043478294,0.1288992974238875,0.16011157601115789,0.21478260869565272,407554.593,3659900.53
2010,2010-12-01,2010-s557,210.0,58.56,26.0,15.439999999999998,Sandy Loam,0.1046337817638263,0.11395694135115102,0.14381720430107567,0.1674140508221221,0.18233110616184164,0.2301075268817211,407554.593,3659900.53
2010,2010-12-01,2010-s575,15.24,58.56,18.0,23.439999999999998,Sandy Clay Loam,,,,,,,407555.747,3659966.539
2010,2010-12-01,2010-s575,45.0,64.56,12.0,23.439999999999998,Sandy Clay Loam,,,,,,,407555.747,3659966.539
2010,2010-12-01,2010-s575,75.0,74.56,19.200000000000003,6.24,Sandy Loam,,,,,,,407555.747,3659966.539
2010,2010-12-01,2010-s575,105.0,46.56,25.28,28.16,Sandy Clay Loam,,,,,,,407555.747,3659966.539
2010,2010-12-01,2010-s575,150.0,32.56,39.28,28.16,Clay Loam,0.10052219321148836,0.15304145679969017,0.22708803611738154,0.1608355091383814,0.24486633087950427,0.3633408577878105,407555.747,3659966.539
2010,2010-12-01,2010-s575,210.0,58.56,19.28,22.160000000000004,Sandy Clay Loam,0.14492119089316996,0.13288447909284193,0.12975646879756458,0.23187390542907194,0.2126151665485471,0.20761035007610334,407555.747,3659966.539
2010,2010-12-01,2010-s692,15.24,66.56,17.28,16.160000000000004,Sandy Loam,,,,,,,407537.39499999996,3659872.2280000006
2010,2010-12-01,2010-s692,45.0,60.56,21.28,18.160000000000004,Sandy Clay Loam,,,,,,,407537.39499999996,3659872.2280000006
2010,2010-12-01,2010-s692,75.0,54.559999999999995,21.28,24.160000000000004,Sandy Clay Loam,,,,,,,407537.39499999996,3659872.2280000006
2010,2010-12-01,2010-s692,105.0,56.56,19.28,24.160000000000004,Sandy Clay Loam,,,,,,,407537.39499999996,3659872.2280000006
2010,2010-12-01,2010-s692,150.0,67.84,16.0,16.160000000000004,Sandy Loam,0.0976295701084776,0.08835672997522712,0.13428684942391747,0.15620731217356418,0.14137076796036338,0.21485895907826796,407537.39499999996,3659872.2280000006
2010,2010-12-01,2010-s692,210.0,65.84,22.0,12.160000000000002,Sandy Loam,0.08394543546694617,0.09246435845213834,0.1709929954676558,0.13431269674711388,0.14794297352342134,0.2735887927482493,407537.39499999996,3659872.2280000006
2010,2010-12-01,2010-s699,15.24,61.27999999999999,20.560000000000002,18.160000000000004,Sandy Loam,,,,,,,407538.017,3659898.622
2010,2010-12-01,2010-s699,45.0,59.28,18.560000000000002,22.160000000000004,Sandy Clay Loam,,,,,,,407538.017,3659898.622
2010,2010-12-01,2010-s699,75.0,65.28,12.560000000000002,22.160000000000004,Sandy Clay Loam,,,,,,,407538.017,3659898.622
2010,2010-12-01,2010-s699,105.0,31.28,34.56,34.160000000000004,Clay Loam,,,,,,,407538.017,3659898.622
2010,2010-12-01,2010-s699,150.0,64.56,20.0,15.439999999999998,Sandy Loam,0.07822902796271666,0.08479755538579063,0.15134633240482814,0.12516644474034666,0.13567608861726502,0.24215413184772505,407538.017,3659898.622
2010,2010-12-01,2010-s699,210.0,66.56,20.0,13.439999999999996,Sandy Loam,0.07807246918191992,0.08964451313755768,0.15425330812854435,0.12491595069107186,0.1434312210200923,0.24680529300567097,407538.017,3659898.622
2010,2010-12-01,2010-s723,15.24,58.56,20.0,21.439999999999998,Sandy Clay Loam,,,,,,,407539.663,3659985.187
2010,2010-12-01,2010-s723,45.0,58.56,20.0,21.439999999999998,Sandy Clay Loam,,,,,,,407539.663,3659985.187
2010,2010-12-01,2010-s723,75.0,65.84,18.0,16.160000000000004,Sandy Loam,,,,,,,407539.663,3659985.187
2010,2010-12-01,2010-s723,105.0,59.839999999999996,18.0,22.160000000000004,Sandy Clay Loam,,,,,,,407539.663,3659985.187
2010,2010-12-01,2010-s723,150.0,59.839999999999996,18.0,22.160000000000004,Sandy Clay Loam,0.06687349189934497,0.0826221877424361,0.18570219966159054,0.10699758703895196,0.13219550038789776,0.29712351945854487,407539.663,3659985.187
2010,2010-12-01,2010-s723,210.0,59.839999999999996,18.0,22.160000000000004,Sandy Clay Loam,0.09682875264270642,0.08117787504974158,0.15488670950287448,0.15492600422833028,0.12988460007958655,0.24781873520459918,407539.663,3659985.187
2010,2010-12-01,2010-s729,15.24,57.83999999999999,20.720000000000013,21.439999999999998,Sandy Clay Loam,,,,,,,407540.238,3660006.38
2010,2010-12-01,2010-s729,45.0,59.839999999999996,18.72,21.439999999999998,Sandy Clay Loam,,,,,,,407540.238,3660006.38
2010,2010-12-01,2010-s729,75.0,67.84,18.0,14.160000000000004,Sandy Loam,,,,,,,407540.238,3660006.38
2010,2010-12-01,2010-s729,105.0,65.84,20.0,14.160000000000004,Sandy Loam,,,,,,,407540.238,3660006.38
2010,2010-12-01,2010-s729,150.0,75.84,10.0,14.160000000000004,Sandy Loam,0.0424803014731073,0.08642419877565713,0.1278884462151395,0.06796848235697169,0.1382787180410514,0.20462151394422323,407540.238,3660006.38
2010,2010-12-01,2010-s729,210.0,65.84,20.0,14.160000000000004,Sandy Loam,0.11627906976744203,0.10359168241965983,0.18346957311534962,0.18604651162790725,0.16574669187145574,0.2935513169845594,407540.238,3660006.38
2010,2010-12-01,2010-s840,15.24,58.56,19.28,22.160000000000004,Sandy Clay Loam,,,,,,,407530.93400000007,3660016.827
2010,2010-12-01,2010-s840,45.0,58.56,19.28,22.160000000000004,Sandy Clay Loam,,,,,,,407530.93400000007,3660016.827
2010,2010-12-01,2010-s840,75.0,62.56,17.28,20.160000000000004,Sandy Clay Loam,,,,,,,407530.93400000007,3660016.827
2010,2010-12-01,2010-s840,105.0,64.56,13.280000000000001,22.160000000000004,Sandy Clay Loam,,,,,,,407530.93400000007,3660016.827
2010,2010-12-01,2010-s840,150.0,73.84,12.0,14.160000000000004,Sandy Loam,0.07137285491419677,0.08201498751040825,0.13293818797629128,0.11419656786271484,0.13122398001665322,0.21270110076206605,407530.93400000007,3660016.827
2010,2010-12-01,2010-s840,210.0,65.84,18.0,16.160000000000004,Sandy Loam,0.08641494745036976,0.10053097345132755,0.1472972972972971,0.13826391592059162,0.1608495575221241,0.23567567567567538,407530.93400000007,3660016.827
2010,2010-12-01,2010-s859,15.24,67.84,20.0,12.160000000000002,Sandy Loam,,,,,,,407529.604,3659948.99
2010,2010-12-01,2010-s859,45.0,67.84,14.0,18.160000000000004,Sandy Loam,,,,,,,407529.604,3659948.99
2010,2010-12-01,2010-s859,75.0,67.84,16.0,16.160000000000004,Sandy Loam,,,,,,,407529.604,3659948.99
2010,2010-12-01,2010-s859,105.0,63.839999999999996,16.0,20.160000000000004,Sandy Clay Loam,,,,,,,407529.604,3659948.99
2010,2010-12-01,2010-s859,150.0,55.84,22.0,22.160000000000004,Sandy Clay Loam,0.0881437953681299,0.10123119015047909,0.18410381184103838,0.14103007258900785,0.16196990424076654,0.29456609894566144,407529.604,3659948.99
2010,2010-12-01,2010-s859,210.0,53.839999999999996,24.0,22.160000000000004,Sandy Clay Loam,0.0728196443691786,0.09335288367546411,0.18986820428336076,0.11651143099068575,0.1493646138807426,0.3037891268533772,407529.604,3659948.99
2010,2010-12-01,2010-s900,15.24,59.839999999999996,22.0,18.160000000000004,Sandy Loam,,,,,,,407526.3410000001,3659907.292
2010,2010-12-01,2010-s900,45.0,47.839999999999996,28.0,24.160000000000004,Sandy Clay Loam,,,,,,,407526.3410000001,3659907.292
2010,2010-12-01,2010-s900,75.0,33.84,39.99999999999999,26.160000000000004,Clay Loam,,,,,,,407526.3410000001,3659907.292
2010,2010-12-01,2010-s900,105.0,45.839999999999996,28.0,26.160000000000004,Sandy Clay Loam,,,,,,,407526.3410000001,3659907.292
2010,2010-12-01,2010-s900,150.0,57.83999999999999,26.0,16.160000000000004,Sandy Loam,0.06709677419354818,0.0819012797074955,0.138301683984235,0.10735483870967709,0.1310420475319928,0.22128269437477602,407526.3410000001,3659907.292
2010,2010-12-01,2010-s900,210.0,75.84,14.0,10.160000000000002,Sandy Loam,0.08073959938366732,0.06502500961908417,0.11,0.1291833590138677,0.10404001539053467,0.17600000000000002,407526.3410000001,3659907.292
2010,2010-12-01,2010-s918,15.24,70.56,15.280000000000001,14.160000000000004,Sandy Loam,,,,,,,407527.458,3659969.474
2010,2010-12-01,2010-s918,45.0,66.56,15.280000000000001,18.160000000000004,Sandy Loam,,,,,,,407527.458,3659969.474
2010,2010-12-01,2010-s918,75.0,73.84,14.0,12.160000000000002,Sandy Loam,,,,,,,407527.458,3659969.474
2010,2010-12-01,2010-s918,105.0,65.84,18.0,16.160000000000004,Sandy Loam,,,,,,,407527.458,3659969.474
2010,2010-12-01,2010-s918,150.0,73.84,12.0,14.160000000000004,Sandy Loam,0.10325203252032487,0.08983957219251348,0.12146788990825697,0.16520325203251982,0.14374331550802158,0.19434862385321117,407527.458,3659969.474
2010,2010-12-01,2010-s918,210.0,73.84,14.0,12.160000000000002,Sandy Loam,0.0627705627705628,0.06669083001087336,0.10547988596769078,0.10043290043290048,0.10670532801739739,0.16876781754830528,407527.458,3659969.474
2010,2010-12-01,2010-s1039,15.24,67.84,16.0,16.160000000000004,Sandy Loam,,,,,,,407509.985,3659907.483
2010,2010-12-01,2010-s1039,45.0,53.839999999999996,22.0,24.160000000000004,Sandy Clay Loam,,,,,,,407509.985,3659907.483
2010,2010-12-01,2010-s1039,75.0,51.839999999999996,22.0,26.160000000000004,Sandy Clay Loam,,,,,,,407509.985,3659907.483
2010,2010-12-01,2010-s1039,105.0,49.839999999999996,24.0,26.160000000000004,Sandy Clay Loam,,,,,,,407509.985,3659907.483
2010,2010-12-01,2010-s1039,150.0,63.839999999999996,18.0,18.160000000000004,Sandy Loam,0.08206987475280153,0.09799820734986558,0.16092874299439594,0.13131179960448244,0.15679713175978494,0.2574859887910335,407509.985,3659907.483
2010,2010-12-01,2010-s1039,210.0,67.84,18.0,14.160000000000004,Sandy Loam,0.09354575163398689,0.10668029993183352,0.17317574511819142,0.14967320261437903,0.17068847989093364,0.27708119218910626,407509.985,3659907.483
2010,2010-12-01,2010-s1067,15.24,57.83999999999999,20.0,22.160000000000004,Sandy Clay Loam,,,,,,,407511.575,3660013.0099999993
2010,2010-12-01,2010-s1067,45.0,59.839999999999996,18.0,22.160000000000004,Sandy Clay Loam,,,,,,,407511.575,3660013.0099999993
2010,2010-12-01,2010-s1067,75.0,67.84,18.0,14.160000000000004,Sandy Loam,,,,,,,407511.575,3660013.0099999993
2010,2010-12-01,2010-s1067,105.0,69.84,16.0,14.160000000000004,Sandy Loam,,,,,,,407511.575,3660013.0099999993
2010,2010-12-01,2010-s1067,150.0,65.84,18.0,16.160000000000004,Sandy Loam,0.07554517133956377,0.08811081185071207,0.13491475166790215,0.12087227414330204,0.1409772989611393,0.21586360266864346,407511.575,3660013.0099999993
2010,2010-12-01,2010-s1067,210.0,57.83999999999999,20.0,22.160000000000004,Sandy Clay Loam,0.08253968253968216,0.10102040816326525,0.17597292724196276,0.13206349206349147,0.16163265306122443,0.2815566835871404,407511.575,3660013.0099999993
2010,2010-12-01,2010-s1112,15.24,55.84,22.0,22.160000000000004,Sandy Clay Loam,,,,,,,407506.249,3659866.819
2010,2010-12-01,2010-s1112,45.0,31.840000000000003,41.99999999999999,26.160000000000004,Clay Loam,,,,,,,407506.249,3659866.819
2010,2010-12-01,2010-s1112,75.0,45.839999999999996,32.0,22.160000000000004,Loam,,,,,,,407506.249,3659866.819
2010,2010-12-01,2010-s1112,105.0,53.839999999999996,24.0,22.160000000000004,Sandy Clay Loam,,,,,,,407506.249,3659866.819
2010,2010-12-01,2010-s1112,150.0,63.839999999999996,18.0,18.160000000000004,Sandy Loam,0.06837606837606851,0.10462046204620469,0.1585668676835757,0.10940170940170962,0.1673927392739275,0.2537069882937211,407506.249,3659866.819
2010,2010-12-01,2010-s1112,210.0,53.839999999999996,26.0,20.160000000000004,Sandy Clay Loam,0.08261494252873552,0.09609609609609619,0.17582846003898622,0.13218390804597685,0.1537537537537539,0.281325536062378,407506.249,3659866.819
2010,2010-12-01,2010-s1189,15.24,57.83999999999999,20.0,22.160000000000004,Sandy Clay Loam,,,,,,,407501.578,3659943.18
2010,2010-12-01,2010-s1189,45.0,49.839999999999996,24.0,26.160000000000004,Sandy Clay Loam,,,,,,,407501.578,3659943.18
2010,2010-12-01,2010-s1189,75.0,47.839999999999996,26.0,26.160000000000004,Sandy Clay Loam,,,,,,,407501.578,3659943.18
2010,2010-12-01,2010-s1189,105.0,49.839999999999996,18.0,32.160000000000004,Sandy Clay Loam,,,,,,,407501.578,3659943.18
2010,2010-12-01,2010-s1189,150.0,57.83999999999999,20.0,22.160000000000004,Sandy Clay Loam,0.08346774193548388,0.10464285714285712,0.15608136156081384,0.13354838709677422,0.1674285714285714,0.24973017849730217,407501.578,3659943.18
2010,2010-12-01,2010-s1189,210.0,67.84,18.0,14.160000000000004,Sandy Loam,0.07395264116575598,0.11838790931989922,0.11931818181818159,0.11832422586520958,0.18942065491183877,0.19090909090909056,407501.578,3659943.18
2010,2010-12-01,2010-s1218,15.24,59.839999999999996,18.0,22.160000000000004,Sandy Clay Loam,,,,,,,407499.359,3660006.073
2010,2010-12-01,2010-s1218,45.0,59.839999999999996,18.0,22.160000000000004,Sandy Clay Loam,,,,,,,407499.359,3660006.073
2010,2010-12-01,2010-s1218,75.0,63.839999999999996,18.0,18.160000000000004,Sandy Loam,,,,,,,407499.359,3660006.073
2010,2010-12-01,2010-s1218,105.0,57.83999999999999,18.0,24.160000000000004,Sandy Clay Loam,,,,,,,407499.359,3660006.073
2010,2010-12-01,2010-s1218,150.0,63.839999999999996,18.0,18.160000000000004,Sandy Loam,0.07109004739336482,0.08138316451274882,0.2048417132216014,0.11374407582938371,0.13021306322039813,0.32774674115456226,407499.359,3660006.073
2010,2010-12-01,2010-s1218,210.0,63.839999999999996,20.0,16.160000000000004,Sandy Loam,0.0931574608408906,0.100162206001622,0.16423076923076935,0.14905193734542496,0.1602595296025952,0.262769230769231,407499.359,3660006.073
2010,2010-12-01,2010-s1225,15.24,61.839999999999996,16.0,22.160000000000004,Sandy Clay Loam,,,,,,,407498.747,3659976.486
2010,2010-12-01,2010-s1225,45.0,49.839999999999996,24.0,26.160000000000004,Sandy Clay Loam,,,,,,,407498.747,3659976.486
2010,2010-12-01,2010-s1225,75.0,53.839999999999996,22.0,24.160000000000004,Sandy Clay Loam,,,,,,,407498.747,3659976.486
2010,2010-12-01,2010-s1225,105.0,53.839999999999996,18.0,28.16,Sandy Clay Loam,,,,,,,407498.747,3659976.486
2010,2010-12-01,2010-s1225,150.0,63.839999999999996,16.0,20.160000000000004,Sandy Clay Loam,0.06768121746095335,0.095573440643863,0.1543134872417984,0.10828994793752536,0.1529175050301808,0.24690157958687747,407498.747,3659976.486
2010,2010-12-01,2010-s1225,210.0,61.839999999999996,18.0,20.160000000000004,Sandy Clay Loam,0.07838179519595448,0.09475119291070165,0.16723940435280654,0.12541087231352718,0.15160190865712264,0.2675830469644905,407498.747,3659976.486
2010,2010-12-01,2010-s1239,15.24,67.84,16.0,16.160000000000004,Sandy Loam,,,,,,,407497.748,3659917.612
2010,2010-12-01,2010-s1239,45.0,67.84,16.0,16.160000000000004,Sandy Loam,,,,,,,407497.748,3659917.612
2010,2010-12-01,2010-s1239,75.0,65.84,16.0,18.160000000000004,Sandy Loam,,,,,,,407497.748,3659917.612
2010,2010-12-01,2010-s1239,105.0,59.839999999999996,18.0,22.160000000000004,Sandy Clay Loam,,,,,,,407497.748,3659917.612
2010,2010-12-01,2010-s1239,150.0,71.84,16.0,12.160000000000002,Sandy Loam,0.08948708621316874,0.09540775930324612,0.15102639296187673,0.14317933794107,0.1526524148851938,0.24164222873900276,407497.748,3659917.612
2010,2010-12-01,2010-s1239,210.0,65.84,20.0,14.160000000000004,Sandy Loam,0.1231242785686804,0.098835024426907,0.13623292595255207,0.19699884570988865,0.1581360390830512,0.21797268152408333,407497.748,3659917.612
2010,2010-12-01,2010-s1245,15.24,65.84,18.0,16.160000000000004,Sandy Loam,,,,,,,407497.32100000005,3659892.297
2010,2010-12-01,2010-s1245,45.0,59.839999999999996,20.0,20.160000000000004,Sandy Clay Loam,,,,,,,407497.32100000005,3659892.297
2010,2010-12-01,2010-s1245,75.0,73.84,0.0,26.160000000000004,Sandy Clay Loam,,,,,,,407497.32100000005,3659892.297
2010,2010-12-01,2010-s1245,105.0,53.839999999999996,22.0,24.160000000000004,Sandy Clay Loam,,,,,,,407497.32100000005,3659892.297
2010,2010-12-01,2010-s1245,150.0,57.83999999999999,20.0,22.160000000000004,Sandy Clay Loam,0.07761966364812406,,0.19588100686498866,0.1241914618369985,,0.3134096109839819,407497.32100000005,3659892.297
2010,2010-12-01,2010-s1245,210.0,53.839999999999996,22.0,24.160000000000004,Sandy Clay Loam,0.13353681800839376,,0.20359019264448328,0.21365890881343003,,0.3257443082311733,407497.32100000005,3659892.297
2010,2010-12-01,2010-s1347,15.24,59.839999999999996,18.0,22.160000000000004,Sandy Clay Loam,,,,,,,407481.268,3659891.81
2010,2010-12-01,2010-s1347,45.0,61.839999999999996,20.0,18.160000000000004,Sandy Loam,,,,,,,407481.268,3659891.81
2010,2010-12-01,2010-s1347,75.0,47.839999999999996,24.0,28.16,Sandy Clay Loam,,,,,,,407481.268,3659891.81
2010,2010-12-01,2010-s1347,105.0,45.839999999999996,26.0,28.16,Sandy Clay Loam,,,,,,,407481.268,3659891.81
2010,2010-12-01,2010-s1347,150.0,67.84,20.0,12.160000000000002,Sandy Loam,0.12797946461312806,0.09048543689320382,0.14744110479285114,0.2047671433810049,0.14477669902912613,0.23590576766856183,407481.268,3659891.81
2010,2010-12-01,2010-s1347,210.0,67.84,20.0,12.160000000000002,Sandy Loam,0.0585880640465793,0.08242187499999998,0.13995943204868105,0.09374090247452688,0.13187499999999996,0.2239350912778897,407481.268,3659891.81
2010,2010-12-01,2010-s1370,15.24,63.839999999999996,20.0,16.160000000000004,Sandy Loam,,,,,,,407483.007,3659977.099
2010,2010-12-01,2010-s1370,45.0,63.839999999999996,18.0,18.160000000000004,Sandy Loam,,,,,,,407483.007,3659977.099
2010,2010-12-01,2010-s1370,75.0,53.839999999999996,22.0,24.160000000000004,Sandy Clay Loam,,,,,,,407483.007,3659977.099
2010,2010-12-01,2010-s1370,105.0,53.839999999999996,22.0,24.160000000000004,Sandy Clay Loam,,,,,,,407483.007,3659977.099
2010,2010-12-01,2010-s1370,150.0,67.84,16.0,16.160000000000004,Sandy Loam,0.08960817717206142,0.09004739336492912,0.13541270445036144,0.14337308347529829,0.1440758293838866,0.2166603271205783,407483.007,3659977.099
2010,2010-12-01,2010-s1370,210.0,69.84,16.0,14.160000000000004,Sandy Loam,0.0763327948303716,0.1179084073820918,0.1266110689916602,0.12213247172859457,0.18865345181134688,0.2025777103866563,407483.007,3659977.099
2010,2010-12-01,2010-s1390,15.24,65.84,16.0,18.160000000000004,Sandy Loam,,,,,,,407479.80700000003,3659995.971
2010,2010-12-01,2010-s1390,45.0,65.84,16.0,18.160000000000004,Sandy Loam,,,,,,,407479.80700000003,3659995.971
2010,2010-12-01,2010-s1390,75.0,67.84,16.0,16.160000000000004,Sandy Loam,,,,,,,407479.80700000003,3659995.971
2010,2010-12-01,2010-s1390,105.0,63.839999999999996,20.0,16.160000000000004,Sandy Loam,,,,,,,407479.80700000003,3659995.971
2010,2010-12-01,2010-s1390,150.0,63.839999999999996,18.0,18.160000000000004,Sandy Loam,0.06780982073265762,0.0831994860263408,0.14639725505146794,0.1084957131722522,0.1331191776421453,0.23423560808234872,407479.80700000003,3659995.971
2010,2010-12-01,2010-s1390,210.0,69.84,16.0,14.160000000000004,Sandy Loam,0.07023895727733517,0.07113912651958569,0.10469314079422377,0.11238233164373629,0.11382260243133711,0.16750902527075806,407479.80700000003,3659995.971
2010,2010-12-01,2010-s1403,15.24,67.84,16.0,16.160000000000004,Sandy Loam,,,,,,,407474.77,3659869.892
2010,2010-12-01,2010-s1403,45.0,67.84,16.0,16.160000000000004,Sandy Loam,,,,,,,407474.77,3659869.892
2010,2010-12-01,2010-s1403,75.0,51.839999999999996,22.0,26.160000000000004,Sandy Clay Loam,,,,,,,407474.77,3659869.892
2010,2010-12-01,2010-s1403,105.0,45.839999999999996,26.0,28.16,Sandy Clay Loam,,,,,,,407474.77,3659869.892
2010,2010-12-01,2010-s1403,150.0,73.84,16.0,10.160000000000002,Sandy Loam,0.14832535885167458,0.2941176470588235,0.13090306545153255,0.23732057416267935,0.4705882352941176,0.20944490472245209,407474.77,3659869.892
2010,2010-12-01,2010-s1403,210.0,67.84,20.0,12.160000000000002,Sandy Loam,0.4835579514824797,0.22858391608391565,0.1579338535860275,0.7736927223719676,0.36573426573426504,0.25269416573764397,407474.77,3659869.892
2010,2010-12-01,2010-s1428,15.24,63.839999999999996,18.0,18.160000000000004,Sandy Loam,,,,,,,407476.503,3659960.901
2010,2010-12-01,2010-s1428,45.0,63.839999999999996,16.0,20.160000000000004,Sandy Clay Loam,,,,,,,407476.503,3659960.901
2010,2010-12-01,2010-s1428,75.0,61.839999999999996,18.0,20.160000000000004,Sandy Clay Loam,,,,,,,407476.503,3659960.901
2010,2010-12-01,2010-s1428,105.0,49.839999999999996,22.0,28.16,Sandy Clay Loam,,,,,,,407476.503,3659960.901
2010,2010-12-01,2010-s1428,150.0,65.84,20.0,14.160000000000004,Sandy Loam,0.06864111498257836,0.07528314457028652,0.12022046159145691,0.10982578397212538,0.12045303131245844,0.19235273854633106,407476.503,3659960.901
2010,2010-12-01,2010-s1428,210.0,57.83999999999999,20.0,22.160000000000004,Sandy Clay Loam,0.07137654770575386,0.0853701735742117,0.13494157557482092,0.11420247632920617,0.13659227771873872,0.2159065209197135,407476.503,3659960.901
2010,2010-12-01,2010-s1469,15.24,67.84,16.0,16.160000000000004,Sandy Loam,,,,,,,407472.923,3659933.3349999995
2010,2010-12-01,2010-s1469,45.0,63.839999999999996,18.0,18.160000000000004,Sandy Loam,,,,,,,407472.923,3659933.3349999995
2010,2010-12-01,2010-s1469,75.0,57.83999999999999,18.0,24.160000000000004,Sandy Clay Loam,,,,,,,407472.923,3659933.3349999995
2010,2010-12-01,2010-s1469,105.0,53.839999999999996,20.0,26.160000000000004,Sandy Clay Loam,,,,,,,407472.923,3659933.3349999995
2010,2010-12-01,2010-s1469,150.0,55.84,24.0,20.160000000000004,Sandy Clay Loam,0.08303103587263153,0.09632294164668251,0.14105793450881593,0.13284965739621044,0.154116706634692,0.2256926952141055,407472.923,3659933.3349999995
2010,2010-12-01,2010-s1469,210.0,73.84,16.0,10.160000000000002,Sandy Loam,0.14818920916481884,0.09316558993539595,0.12182922472311526,0.23710273466371015,0.14906494389663352,0.19492675955698444,407472.923,3659933.3349999995
2010,2010-12-01,2010-s1496,15.24,67.84,16.0,16.160000000000004,Sandy Loam,,,,,,,407469.377,3659897.971
2010,2010-12-01,2010-s1496,45.0,69.84,16.0,14.160000000000004,Sandy Loam,,,,,,,407469.377,3659897.971
2010,2010-12-01,2010-s1496,75.0,67.84,16.0,16.160000000000004,Sandy Loam,,,,,,,407469.377,3659897.971
2010,2010-12-01,2010-s1496,105.0,57.83999999999999,20.0,22.160000000000004,Sandy Clay Loam,,,,,,,407469.377,3659897.971
2010,2010-12-01,2010-s1496,150.0,57.83999999999999,24.0,18.160000000000004,Sandy Loam,0.07469621157969991,0.08591205211726413,0.12856639661852784,0.11951393852751986,0.13745928338762262,0.20570623458964454,407469.377,3659897.971
2010,2010-12-01,2010-s1496,210.0,57.83999999999999,28.0,14.160000000000004,Sandy Loam,0.0766495456341366,0.08766778523489917,0.15587219343696024,0.12263927301461858,0.14026845637583868,0.2493955094991364,407469.377,3659897.971
2010,2010-12-01,2010-s1522,15.24,65.84,14.0,20.160000000000004,Sandy Clay Loam,,,,,,,407471.152,3660007.178
2010,2010-12-01,2010-s1522,45.0,59.839999999999996,22.0,18.160000000000004,Sandy Loam,,,,,,,407471.152,3660007.178
2010,2010-12-01,2010-s1522,75.0,57.83999999999999,22.0,20.160000000000004,Sandy Clay Loam,,,,,,,407471.152,3660007.178
2010,2010-12-01,2010-s1522,105.0,65.84,16.0,18.160000000000004,Sandy Loam,,,,,,,407471.152,3660007.178
2010,2010-12-01,2010-s1522,150.0,57.83999999999999,24.0,18.160000000000004,Sandy Loam,0.1025451862781262,0.12514307516215192,0.149198931909212,0.16407229804500192,0.20022892025944308,0.23871829105473918,407471.152,3660007.178
2010,2010-12-01,2010-s1522,210.0,53.839999999999996,26.0,20.160000000000004,Sandy Clay Loam,0.10487380330722354,0.10697911360162986,0.15836371000405008,0.16779808529155768,0.1711665817626078,0.2533819360064801,407471.152,3660007.178
2010,2010-12-01,2010-s1616,15.24,65.84,14.0,20.160000000000004,Sandy Clay Loam,,,,,,,407452.948,3659895.594
2010,2010-12-01,2010-s1616,45.0,59.839999999999996,22.0,18.160000000000004,Sandy Loam,,,,,,,407452.948,3659895.594
2010,2010-12-01,2010-s1616,75.0,73.84,14.0,12.160000000000002,Sandy Loam,,,,,,,407452.948,3659895.594
2010,2010-12-01,2010-s1616,105.0,69.84,16.0,14.160000000000004,Sandy Loam,,,,,,,407452.948,3659895.594
2010,2010-12-01,2010-s1616,150.0,67.84,18.0,14.160000000000004,Sandy Loam,0.0717893217893216,0.0826648064178583,0.132183908045977,0.11486291486291456,0.1322636902685733,0.2114942528735632,407452.948,3659895.594
2010,2010-12-01,2010-s1616,210.0,59.839999999999996,28.0,12.160000000000002,Sandy Loam,0.0721889554224884,0.07500000000000007,0.1380216891225764,0.11550232867598145,0.1200000000000001,0.22083470259612226,407452.948,3659895.594
2010,2010-12-01,2010-s1638,15.24,65.84,16.0,18.160000000000004,Sandy Loam,,,,,,,407454.352,3659973.5649999995
2010,2010-12-01,2010-s1638,45.0,61.839999999999996,18.0,20.160000000000004,Sandy Clay Loam,,,,,,,407454.352,3659973.5649999995
2010,2010-12-01,2010-s1638,75.0,67.84,18.0,14.160000000000004,Sandy Loam,,,,,,,407454.352,3659973.5649999995
2010,2010-12-01,2010-s1638,105.0,55.84,20.0,24.160000000000004,Sandy Clay Loam,,,,,,,407454.352,3659973.5649999995
2010,2010-12-01,2010-s1638,150.0,63.839999999999996,18.0,18.160000000000004,Sandy Loam,0.121760592348828,0.11119375232428393,0.1137945149406468,0.1948169477581248,0.1779100037188543,0.18207122390503488,407454.352,3659973.5649999995
2010,2010-12-01,2010-s1638,210.0,71.84,16.0,12.160000000000002,Sandy Loam,0.09429000751314819,0.10363761153054207,0.14537941397445547,0.1508640120210371,0.16582017844886732,0.23260706235912876,407454.352,3659973.5649999995
2010,2010-12-01,2010-s1649,15.24,61.839999999999996,20.0,18.160000000000004,Sandy Loam,,,,,,,407454.705,3660013.0079999994
2010,2010-12-01,2010-s1649,45.0,61.839999999999996,18.0,20.160000000000004,Sandy Clay Loam,,,,,,,407454.705,3660013.0079999994
2010,2010-12-01,2010-s1649,75.0,65.84,16.0,18.160000000000004,Sandy Loam,,,,,,,407454.705,3660013.0079999994
2010,2010-12-01,2010-s1649,105.0,65.84,16.0,18.160000000000004,Sandy Loam,,,,,,,407454.705,3660013.0079999994
2010,2010-12-01,2010-s1649,150.0,67.84,17.28,14.88,Sandy Loam,0.08178585539312526,0.08866396761133653,0.13850063532401538,0.1308573686290004,0.14186234817813845,0.22160101651842462,407454.705,3660013.0079999994
2010,2010-12-01,2010-s1649,210.0,67.84,17.28,14.88,Sandy Loam,0.06833114323258863,0.0782573618394513,0.14299966744263412,0.1093298291721418,0.12521177894312208,0.2287994679082146,407454.705,3660013.0079999994
2010,2010-12-01,2010-s1719,15.24,59.839999999999996,17.28,22.880000000000003,Sandy Clay Loam,,,,,,,407447.318,3659927.162
2010,2010-12-01,2010-s1719,45.0,55.84,19.28,24.880000000000003,Sandy Clay Loam,,,,,,,407447.318,3659927.162
2010,2010-12-01,2010-s1719,75.0,45.839999999999996,35.28,18.880000000000003,Loam,,,,,,,407447.318,3659927.162
2010,2010-12-01,2010-s1719,105.0,49.839999999999996,27.28,22.880000000000003,Sandy Clay Loam,,,,,,,407447.318,3659927.162
2010,2010-12-01,2010-s1719,150.0,57.83999999999999,21.28,20.880000000000003,Sandy Clay Loam,0.14409790761942354,0.09250627465041279,0.10708469055374603,0.23055665219107768,0.14801003944066046,0.17133550488599367,407447.318,3659927.162
2010,2010-12-01,2010-s1719,210.0,73.84,11.280000000000001,14.88,Sandy Loam,0.1283808150018032,0.1558139534883719,0.10277980980248728,0.20540930400288515,0.24930232558139506,0.16444769568397966,407447.318,3659927.162
2010,2010-12-01,2010-s1762,15.24,63.839999999999996,14.0,22.160000000000004,Sandy Clay Loam,,,,,,,407444.9170000001,3659979.347
2010,2010-12-01,2010-s1762,45.0,65.84,16.0,18.160000000000004,Sandy Loam,,,,,,,407444.9170000001,3659979.347
2010,2010-12-01,2010-s1762,75.0,69.84,18.0,12.160000000000002,Sandy Loam,,,,,,,407444.9170000001,3659979.347
2010,2010-12-01,2010-s1762,105.0,69.84,18.0,12.160000000000002,Sandy Loam,,,,,,,407444.9170000001,3659979.347
2010,2010-12-01,2010-s1762,150.0,75.84,12.0,12.160000000000002,Sandy Loam,0.057176656151419675,0.06450351837372942,0.09329446064139951,0.09148264984227149,0.10320562939796707,0.14927113702623923,407444.9170000001,3659979.347
2010,2010-12-01,2010-s1762,210.0,63.839999999999996,16.0,20.160000000000004,Sandy Clay Loam,0.08807896735003769,0.09825436408977549,0.14550700741962055,0.1409263477600603,0.1572069825436408,0.2328112118713929,407444.9170000001,3659979.347
2010,2010-12-01,2010-s1768,15.24,53.839999999999996,22.0,24.160000000000004,Sandy Clay Loam,,,,,,,407444.536,3659955.31
2010,2010-12-01,2010-s1768,45.0,53.839999999999996,22.0,24.160000000000004,Sandy Clay Loam,,,,,,,407444.536,3659955.31
2010,2010-12-01,2010-s1768,75.0,57.83999999999999,20.0,22.160000000000004,Sandy Clay Loam,,,,,,,407444.536,3659955.31
2010,2010-12-01,2010-s1768,105.0,57.83999999999999,20.0,22.160000000000004,Sandy Clay Loam,,,,,,,407444.536,3659955.31
2010,2010-12-01,2010-s1768,150.0,63.839999999999996,14.0,22.160000000000004,Sandy Clay Loam,0.07479102507699088,0.09054190508246386,0.14794816414686823,0.11966564012318542,0.14486704813194218,0.23671706263498918,407444.536,3659955.31
2010,2010-12-01,2010-s1768,210.0,67.84,18.0,14.160000000000004,Sandy Loam,0.07371112057946332,0.07638376383763838,0.12518518518518557,0.11793779292714131,0.12221402214022142,0.20029629629629692,407444.536,3659955.31
2010,2010-12-01,2010-s1789,15.24,57.83999999999999,20.0,22.160000000000004,Sandy Clay Loam,,,,,,,407443.015,3659871.129
2010,2010-12-01,2010-s1789,45.0,53.839999999999996,20.0,26.160000000000004,Sandy Clay Loam,,,,,,,407443.015,3659871.129
2010,2010-12-01,2010-s1789,75.0,55.84,24.0,20.160000000000004,Sandy Clay Loam,,,,,,,407443.015,3659871.129
2010,2010-12-01,2010-s1789,105.0,55.84,22.0,22.160000000000004,Sandy Clay Loam,,,,,,,407443.015,3659871.129
2010,2010-12-01,2010-s1789,150.0,61.839999999999996,20.0,18.160000000000004,Sandy Loam,0.09341970678486172,0.07802197802197784,0.14239586696803372,0.14947153085577877,0.12483516483516455,0.22783338714885396,407443.015,3659871.129
2010,2010-12-01,2010-s1789,210.0,63.839999999999996,20.0,16.160000000000004,Sandy Loam,0.12738044858231082,0.08675473045340949,0.15364325750082414,0.20380871773169731,0.1388075687254552,0.24582921200131863,407443.015,3659871.129
2010,2010-12-01,2010-s1799,15.24,55.84,22.0,22.160000000000004,Sandy Clay Loam,,,,,,,407440.519,3659890.2700000005
2010,2010-12-01,2010-s1799,45.0,57.83999999999999,22.0,20.160000000000004,Sandy Clay Loam,,,,,,,407440.519,3659890.2700000005
2010,2010-12-01,2010-s1799,75.0,37.839999999999996,34.0,28.16,Clay Loam,,,,,,,407440.519,3659890.2700000005
2010,2010-12-01,2010-s1799,105.0,49.839999999999996,24.0,26.160000000000004,Sandy Clay Loam,,,,,,,407440.519,3659890.2700000005
2010,2010-12-01,2010-s1799,150.0,67.84,18.0,14.160000000000004,Sandy Loam,0.09178031699225929,0.09562744400995371,0.11500547645125979,0.14684850718761486,0.15300391041592595,0.18400876232201568,407440.519,3659890.2700000005
2010,2010-12-01,2010-s1799,210.0,73.84,12.0,14.160000000000004,Sandy Loam,0.16653786707882545,0.09354838709677445,0.20084865629420073,0.2664605873261207,0.1496774193548391,0.3213578500707212,407440.519,3659890.2700000005
2010,2010-12-01,2010-s1932,15.24,53.839999999999996,20.0,26.160000000000004,Sandy Clay Loam,,,,,,,407424.848,3659891.262
2010,2010-12-01,2010-s1932,45.0,53.839999999999996,20.0,26.160000000000004,Sandy Clay Loam,,,,,,,407424.848,3659891.262
2010,2010-12-01,2010-s1932,75.0,57.83999999999999,22.0,20.160000000000004,Sandy Clay Loam,,,,,,,407424.848,3659891.262
2010,2010-12-01,2010-s1932,105.0,65.84,14.0,20.160000000000004,Sandy Clay Loam,,,,,,,407424.848,3659891.262
2010,2010-12-01,2010-s1932,150.0,65.84,14.0,20.160000000000004,Sandy Clay Loam,0.07938820101966497,0.10644614079728607,0.1315231226134918,0.12702112163146395,0.17031382527565772,0.2104369961815869,407424.848,3659891.262
2010,2010-12-01,2010-s1932,210.0,63.839999999999996,16.0,20.160000000000004,Sandy Clay Loam,0.14605504587155949,0.1306009030913511,0.07806191117092869,0.23368807339449518,0.20896144494616178,0.1248990578734859,407424.848,3659891.262
2010,2010-12-01,2010-s1938,15.24,57.83999999999999,20.0,22.160000000000004,Sandy Clay Loam,,,,,,,407425.265,3659915.037
2010,2010-12-01,2010-s1938,45.0,57.83999999999999,20.0,22.160000000000004,Sandy Clay Loam,,,,,,,407425.265,3659915.037
2010,2010-12-01,2010-s1938,75.0,69.84,18.0,12.160000000000002,Sandy Loam,,,,,,,407425.265,3659915.037
2010,2010-12-01,2010-s1938,105.0,67.84,20.0,12.160000000000002,Sandy Loam,,,,,,,407425.265,3659915.037
2010,2010-12-01,2010-s1938,150.0,67.84,16.0,16.160000000000004,Sandy Loam,,,,,,,407425.265,3659915.037
2010,2010-12-01,2010-s1938,210.0,71.84,16.0,12.160000000000002,Sandy Loam,,,,,,,407425.265,3659915.037
2010,2010-12-01,2010-s1960,15.24,63.839999999999996,16.0,20.160000000000004,Sandy Clay Loam,,,,,,,407427.25,3660003.505
2010,2010-12-01,2010-s1960,45.0,63.839999999999996,16.0,20.160000000000004,Sandy Clay Loam,,,,,,,407427.25,3660003.505
2010,2010-12-01,2010-s1960,75.0,71.84,16.0,12.160000000000002,Sandy Loam,,,,,,,407427.25,3660003.505
2010,2010-12-01,2010-s1960,105.0,69.84,16.0,14.160000000000004,Sandy Loam,,,,,,,407427.25,3660003.505
2010,2010-12-01,2010-s1960,150.0,73.84,12.0,14.160000000000004,Sandy Loam,0.06726618705035989,0.07708119218910586,0.11326609775019401,0.10762589928057582,0.12332990750256939,0.18122575640031044,407427.25,3660003.505
2010,2010-12-01,2010-s1960,210.0,69.84,14.0,16.160000000000004,Sandy Loam,0.0673863264638532,0.07971241012816496,0.109565807327001,0.10781812234216513,0.12753985620506395,0.1753052917232016,407427.25,3660003.505
2010,2010-12-01,2010-s1965,15.24,59.839999999999996,20.0,20.160000000000004,Sandy Clay Loam,,,,,,,407427.401,3660023.7369999997
2010,2010-12-01,2010-s1965,45.0,65.84,16.0,18.160000000000004,Sandy Loam,,,,,,,407427.401,3660023.7369999997
2010,2010-12-01,2010-s1965,75.0,65.84,18.0,16.160000000000004,Sandy Loam,,,,,,,407427.401,3660023.7369999997
2010,2010-12-01,2010-s1965,105.0,57.83999999999999,20.0,22.160000000000004,Sandy Clay Loam,,,,,,,407427.401,3660023.7369999997
2010,2010-12-01,2010-s1965,150.0,73.84,14.0,12.160000000000002,Sandy Loam,0.08683570684265371,0.09292035398230097,0.11800793937206824,0.13893713094824595,0.14867256637168155,0.1888127029953092,407427.401,3660023.7369999997
2010,2010-12-01,2010-s1965,210.0,71.84,16.0,12.160000000000002,Sandy Loam,0.0981457800511508,0.08166904422253946,0.09932600212841423,0.15703324808184127,0.13067047075606314,0.1589216034054628,407427.401,3660023.7369999997
2010,2010-12-01,2010-s2009,15.24,53.839999999999996,24.0,22.160000000000004,Sandy Clay Loam,,,,,,,407418.593,3659870.596
2010,2010-12-01,2010-s2009,45.0,53.839999999999996,22.0,24.160000000000004,Sandy Clay Loam,,,,,,,407418.593,3659870.596
2010,2010-12-01,2010-s2009,75.0,67.84,16.0,16.160000000000004,Sandy Loam,,,,,,,407418.593,3659870.596
2010,2010-12-01,2010-s2009,105.0,71.84,14.0,14.160000000000004,Sandy Loam,,,,,,,407418.593,3659870.596
2010,2010-12-01,2010-s2009,150.0,72.56,16.0,11.439999999999998,Sandy Loam,0.053100263852242716,0.0683475091130012,0.10818619582664542,0.08496042216358834,0.10935601458080194,0.1730979133226327,407418.593,3659870.596
2010,2010-12-01,2010-s2009,210.0,74.56,14.0,11.439999999999998,Sandy Loam,0.08819714656290552,0.07324621733149916,0.09717013296965545,0.14111543450064884,0.11719394773039866,0.15547221275144874,407418.593,3659870.596
2010,2010-12-01,2010-s2027,15.24,62.56,16.0,21.439999999999998,Sandy Clay Loam,,,,,,,407419.672,3659940.466
2010,2010-12-01,2010-s2027,45.0,60.56,16.0,23.439999999999998,Sandy Clay Loam,,,,,,,407419.672,3659940.466
2010,2010-12-01,2010-s2027,75.0,76.56,10.0,13.439999999999996,Sandy Loam,,,,,,,407419.672,3659940.466
2010,2010-12-01,2010-s2027,105.0,76.56,14.0,9.439999999999998,Sandy Loam,,,,,,,407419.672,3659940.466
2010,2010-12-01,2010-s2027,150.0,62.56,20.0,17.439999999999998,Sandy Loam,0.020351845463953203,0.08365310821181887,0.1555215896064193,0.032562952742325124,0.1338449731389102,0.2488345433702709,407419.672,3659940.466
2010,2010-12-01,2010-s2027,210.0,70.56,14.0,15.439999999999998,Sandy Loam,0.15011701771982597,0.07147315855181022,0.1222047244094488,0.24018722835172157,0.11435705368289635,0.1955275590551181,407419.672,3659940.466
2010,2010-12-01,2010-s2036,15.24,64.56,14.0,21.439999999999998,Sandy Clay Loam,,,,,,,407420.402,3659975.767
2010,2010-12-01,2010-s2036,45.0,64.56,16.0,19.439999999999998,Sandy Loam,,,,,,,407420.402,3659975.767
2010,2010-12-01,2010-s2036,75.0,66.56,18.0,15.439999999999998,Sandy Loam,,,,,,,407420.402,3659975.767
2010,2010-12-01,2010-s2036,105.0,68.56,16.0,15.439999999999998,Sandy Loam,,,,,,,407420.402,3659975.767
2010,2010-12-01,2010-s2036,150.0,74.56,10.0,15.439999999999998,Sandy Loam,0.07174132704614333,0.0801005747126433,0.12242605765630862,0.11478612327382934,0.1281609195402293,0.1958816922500938,407420.402,3659975.767
2010,2010-12-01,2010-s2036,210.0,72.56,16.0,11.439999999999998,Sandy Loam,0.06918238993710701,0.08671586715867137,0.12375000000000029,0.11069182389937123,0.13874538745387419,0.19800000000000048,407420.402,3659975.767
2010,2010-12-01,2010-s2044,15.24,58.56,20.0,21.439999999999998,Sandy Clay Loam,,,,,,,407420.784,3660007.19
2010,2010-12-01,2010-s2044,45.0,64.56,14.0,21.439999999999998,Sandy Clay Loam,,,,,,,407420.784,3660007.19
2010,2010-12-01,2010-s2044,75.0,74.56,12.0,13.439999999999996,Sandy Loam,,,,,,,407420.784,3660007.19
2010,2010-12-01,2010-s2044,105.0,78.56,12.0,9.439999999999998,Sandy Loam,,,,,,,407420.784,3660007.19
2010,2010-12-01,2010-s2044,150.0,72.56,10.0,17.439999999999998,Sandy Loam,0.06128938999710912,0.08970499698976532,0.10590564170240838,0.09806302399537459,0.14352799518362452,0.16944902672385342,407420.784,3660007.19
2010,2010-12-01,2010-s2044,210.0,70.56,14.0,15.439999999999998,Sandy Loam,0.07613469985358705,0.11388573590616687,0.10922242314647362,0.12181551976573929,0.18221717744986698,0.1747558770343578,407420.784,3660007.19
2010,2010-12-01,2010-s2134,15.24,56.56,18.0,25.439999999999998,Sandy Clay Loam,,,,,,,407404.363,3659885.912
2010,2010-12-01,2010-s2134,45.0,66.56,14.0,19.439999999999998,Sandy Loam,,,,,,,407404.363,3659885.912
2010,2010-12-01,2010-s2134,75.0,76.56,12.0,11.439999999999998,Sandy Loam,,,,,,,407404.363,3659885.912
2010,2010-12-01,2010-s2134,105.0,72.56,12.0,15.439999999999998,Sandy Loam,,,,,,,407404.363,3659885.912
2010,2010-12-01,2010-s2134,150.0,74.56,6.0,19.439999999999998,Sandy Loam,0.08391866913123884,0.08020415603354003,0.1307014181678803,0.13426987060998216,0.12832664965366405,0.2091222690686085,407404.363,3659885.912
2010,2010-12-01,2010-s2134,210.0,76.56,14.0,9.439999999999998,Sandy Loam,0.08276111311890155,0.07994486560992395,0.108767303889255,0.13241778099024248,0.12791178497587832,0.174027686222808,407404.363,3659885.912
2010,2010-12-01,2010-s2147,15.24,54.559999999999995,16.0,29.439999999999998,Sandy Clay Loam,,,,,,,407404.995,3659932.623
2010,2010-12-01,2010-s2147,45.0,52.56000000000001,20.0,27.439999999999998,Sandy Clay Loam,,,,,,,407404.995,3659932.623
2010,2010-12-01,2010-s2147,75.0,50.56,30.0,19.439999999999998,Sandy Clay Loam,,,,,,,407404.995,3659932.623
2010,2010-12-01,2010-s2147,105.0,56.56,16.0,27.439999999999998,Sandy Clay Loam,,,,,,,407404.995,3659932.623
2010,2010-12-01,2010-s2147,150.0,60.56,14.0,25.439999999999998,Sandy Clay Loam,0.08889657557938405,0.11315240083507312,0.14247311827956993,0.14223452092701447,0.181043841336117,0.2279569892473119,407404.995,3659932.623
2010,2010-12-01,2010-s2147,210.0,80.56,8.0,11.439999999999998,Sandy Loam,0.08228043143297387,0.05068815038603575,0.07913669064748208,0.1316486902927582,0.08110104061765722,0.12661870503597134,407404.995,3659932.623
2010,2010-12-01,2010-s2154,15.24,58.56,18.0,23.439999999999998,Sandy Clay Loam,,,,,,,407405.475,3659957.5620000004
2010,2010-12-01,2010-s2154,45.0,64.56,18.0,17.439999999999998,Sandy Loam,,,,,,,407405.475,3659957.5620000004
2010,2010-12-01,2010-s2154,75.0,64.56,18.0,17.439999999999998,Sandy Loam,,,,,,,407405.475,3659957.5620000004
2010,2010-12-01,2010-s2154,105.0,64.56,16.0,19.439999999999998,Sandy Loam,,,,,,,407405.475,3659957.5620000004
2010,2010-12-01,2010-s2154,150.0,82.56,10.0,7.439999999999998,Loamy Sand,0.10689541405476773,0.06649522409992634,0.0863687570409317,0.17103266248762838,0.10639235855988215,0.13819001126549074,407405.475,3659957.5620000004
2010,2010-12-01,2010-s2154,210.0,76.56,14.0,9.439999999999998,Sandy Loam,0.08100289296046274,0.06922525107604016,0.11977935382190724,0.1296046287367404,0.11076040172166426,0.1916469661150516,407405.475,3659957.5620000004
2010,2010-12-01,2010-s2170,15.24,56.56,21.28,22.160000000000004,Sandy Clay Loam,,,,,,,407406.49799999996,3660019.408
2010,2010-12-01,2010-s2170,45.0,58.56,19.28,22.160000000000004,Sandy Clay Loam,,,,,,,407406.49799999996,3660019.408
2010,2010-12-01,2010-s2170,75.0,52.56000000000001,23.279999999999987,24.160000000000004,Sandy Clay Loam,,,,,,,407406.49799999996,3660019.408
2010,2010-12-01,2010-s2170,105.0,56.56,19.28,24.160000000000004,Sandy Clay Loam,,,,,,,407406.49799999996,3660019.408
2010,2010-12-01,2010-s2170,150.0,58.56,19.28,22.160000000000004,Sandy Clay Loam,0.08219657222805156,0.08810572687224638,0.12318840579710155,0.1315145155648825,0.14096916299559423,0.1971014492753625,407406.49799999996,3660019.408
2010,2010-12-01,2010-s2170,210.0,68.56,15.280000000000001,16.160000000000004,Sandy Loam,0.0787234042553191,0.09114498864742095,0.1596558317399618,0.12595744680851056,0.1458319818358735,0.2554493307839389,407406.49799999996,3660019.408
2010,2010-12-01,2010-s2295,15.24,48.56,25.28,26.160000000000004,Sandy Clay Loam,,,,,,,407395.509,3659911.9329999997
2010,2010-12-01,2010-s2295,45.0,58.56,19.28,22.160000000000004,Sandy Clay Loam,,,,,,,407395.509,3659911.9329999997
2010,2010-12-01,2010-s2295,75.0,70.56,15.280000000000001,14.160000000000004,Sandy Loam,,,,,,,407395.509,3659911.9329999997
2010,2010-12-01,2010-s2295,105.0,68.56,15.280000000000001,16.160000000000004,Sandy Loam,,,,,,,407395.509,3659911.9329999997
2010,2010-12-01,2010-s2295,150.0,74.56,11.280000000000001,14.160000000000004,Sandy Loam,0.06132577100319051,0.08306320907617523,0.11718750000000006,0.09812123360510483,0.13290113452188038,0.1875000000000001,407395.509,3659911.9329999997
2010,2010-12-01,2010-s2295,210.0,72.56,15.280000000000001,12.160000000000002,Sandy Loam,0.07494795281054811,0.07742946708463946,0.11376404494382003,0.11991672449687699,0.12388714733542315,0.18202247191011206,407395.509,3659911.9329999997
2010,2010-12-01,2010-s2312,15.24,48.56,23.28,28.16,Sandy Clay Loam,,,,,,,407392.001,3659875.238
2010,2010-12-01,2010-s2312,45.0,54.559999999999995,19.28,26.160000000000004,Sandy Clay Loam,,,,,,,407392.001,3659875.238
2010,2010-12-01,2010-s2312,75.0,56.56,21.28,22.160000000000004,Sandy Clay Loam,,,,,,,407392.001,3659875.238
2010,2010-12-01,2010-s2312,105.0,48.56,27.28,24.160000000000004,Sandy Clay Loam,,,,,,,407392.001,3659875.238
2010,2010-12-01,2010-s2312,150.0,54.559999999999995,21.28,24.160000000000004,Sandy Clay Loam,0.08451308451308445,0.1138763197586731,0.18673883626522333,0.13522093522093512,0.18220211161387698,0.2987821380243573,407392.001,3659875.238
2010,2010-12-01,2010-s2312,210.0,68.56,19.28,12.160000000000002,Sandy Loam,0.0632130743139068,0.10295689348058427,0.08427932576539397,0.10114091890225088,0.16473102956893484,0.13484692122463035,407392.001,3659875.238
2010,2010-12-01,2010-s2330,15.24,52.56000000000001,20.0,27.439999999999998,Sandy Clay Loam,,,,,,,407393.176,3659944.7200000007
2010,2010-12-01,2010-s2330,45.0,56.56,20.0,23.439999999999998,Sandy Clay Loam,,,,,,,407393.176,3659944.7200000007
2010,2010-12-01,2010-s2330,75.0,70.56,14.0,15.439999999999998,Sandy Loam,,,,,,,407393.176,3659944.7200000007
2010,2010-12-01,2010-s2330,105.0,76.56,14.0,9.439999999999998,Sandy Loam,,,,,,,407393.176,3659944.7200000007
2010,2010-12-01,2010-s2330,150.0,68.56,16.0,15.439999999999998,Sandy Loam,0.09231411862990814,0.10101010101010101,0.16512345679012352,0.14770258980785303,0.16161616161616163,0.26419753086419767,407393.176,3659944.7200000007
2010,2010-12-01,2010-s2330,210.0,80.56,8.0,11.439999999999998,Sandy Loam,0.08422764227642263,0.08604069975008938,0.0882450882450882,0.13476422764227622,0.13766511960014302,0.14119214119214113,407393.176,3659944.7200000007
2010,2010-12-01,2010-s2341,15.24,53.839999999999996,20.0,26.160000000000004,Sandy Clay Loam,,,,,,,407393.939,3659987.788
2010,2010-12-01,2010-s2341,45.0,57.83999999999999,20.0,22.160000000000004,Sandy Clay Loam,,,,,,,407393.939,3659987.788
2010,2010-12-01,2010-s2341,75.0,77.84,10.0,12.160000000000002,Sandy Loam,,,,,,,407393.939,3659987.788
2010,2010-12-01,2010-s2341,105.0,73.84,14.0,12.160000000000002,Sandy Loam,,,,,,,407393.939,3659987.788
2010,2010-12-01,2010-s2341,150.0,67.84,16.0,16.160000000000004,Sandy Loam,0.06720741599072981,0.07715133531157232,0.09411764705882347,0.1075318655851677,0.12344213649851572,0.15058823529411758,407393.939,3659987.788
2010,2010-12-01,2010-s2341,210.0,63.839999999999996,16.0,20.160000000000004,Sandy Clay Loam,0.17167872097449585,0.13046728971962654,0.12273800157356429,0.2746859535591934,0.20874766355140248,0.19638080251770287,407393.939,3659987.788
2010,2010-12-01,2010-s2439,15.24,39.839999999999996,28.0,32.160000000000004,Clay Loam,,,,,,,407376.145,3659883.898
2010,2010-12-01,2010-s2439,45.0,37.839999999999996,28.0,34.160000000000004,Clay Loam,,,,,,,407376.145,3659883.898
2010,2010-12-01,2010-s2439,75.0,73.84,12.0,14.160000000000004,Sandy Loam,,,,,,,407376.145,3659883.898
2010,2010-12-01,2010-s2439,105.0,71.84,14.0,14.160000000000004,Sandy Loam,,,,,,,407376.145,3659883.898
2010,2010-12-01,2010-s2439,150.0,67.84,18.0,14.160000000000004,Sandy Loam,,,,,,,407376.145,3659883.898
2010,2010-12-01,2010-s2439,210.0,71.84,16.0,12.160000000000002,Sandy Loam,,,,,,,407376.145,3659883.898
2010,2010-12-01,2010-s2445,15.24,37.839999999999996,28.0,34.160000000000004,Clay Loam,,,,,,,407376.535,3659905.032
2010,2010-12-01,2010-s2445,45.0,53.839999999999996,20.0,26.160000000000004,Sandy Clay Loam,,,,,,,407376.535,3659905.032
2010,2010-12-01,2010-s2445,75.0,73.84,12.0,14.160000000000004,Sandy Loam,,,,,,,407376.535,3659905.032
2010,2010-12-01,2010-s2445,105.0,67.84,16.0,16.160000000000004,Sandy Loam,,,,,,,407376.535,3659905.032
2010,2010-12-01,2010-s2445,150.0,73.84,12.0,14.160000000000004,Sandy Loam,,,,,,,407376.535,3659905.032
2010,2010-12-01,2010-s2445,210.0,73.84,12.0,14.160000000000004,Sandy Loam,,,,,,,407376.535,3659905.032
2010,2010-12-01,2010-s2454,15.24,43.839999999999996,20.0,36.160000000000004,Loam,,,,,,,407377.347,3659938.217
2010,2010-12-01,2010-s2454,45.0,41.839999999999996,20.0,38.160000000000004,Clay Loam,,,,,,,407377.347,3659938.217
2010,2010-12-01,2010-s2454,75.0,63.839999999999996,16.0,20.160000000000004,Sandy Clay Loam,,,,,,,407377.347,3659938.217
2010,2010-12-01,2010-s2454,105.0,63.839999999999996,18.0,18.160000000000004,Sandy Loam,,,,,,,407377.347,3659938.217
2010,2010-12-01,2010-s2454,150.0,57.83999999999999,18.0,24.160000000000004,Sandy Clay Loam,,,,,,,407377.347,3659938.217
2010,2010-12-01,2010-s2454,210.0,67.84,20.0,12.160000000000002,Sandy Loam,,,,,,,407377.347,3659938.217
2010,2010-12-01,2010-s2467,15.24,52.56000000000001,24.0,23.439999999999998,Sandy Clay Loam,,,,,,,407378.04,3659988.359
2010,2010-12-01,2010-s2467,45.0,54.559999999999995,20.0,25.439999999999998,Sandy Clay Loam,,,,,,,407378.04,3659988.359
2010,2010-12-01,2010-s2467,75.0,72.56,14.0,13.439999999999996,Sandy Loam,,,,,,,407378.04,3659988.359
2010,2010-12-01,2010-s2467,105.0,76.56,12.0,11.439999999999998,Sandy Loam,,,,,,,407378.04,3659988.359
2010,2010-12-01,2010-s2467,150.0,74.56,12.0,13.439999999999996,Sandy Loam,,,,,,,407378.04,3659988.359
2010,2010-12-01,2010-s2467,210.0,66.56,22.0,11.439999999999998,Sandy Loam,,,,,,,407378.04,3659988.359
2010,2010-12-01,2010-s2481,15.24,54.559999999999995,20.0,25.439999999999998,Sandy Clay Loam,,,,,,,407375.069,3660021.921
2010,2010-12-01,2010-s2481,45.0,56.56,18.0,25.439999999999998,Sandy Clay Loam,,,,,,,407375.069,3660021.921
2010,2010-12-01,2010-s2481,75.0,66.56,18.0,15.439999999999998,Sandy Loam,,,,,,,407375.069,3660021.921
2010,2010-12-01,2010-s2481,105.0,50.56,24.0,25.439999999999998,Sandy Clay Loam,,,,,,,407375.069,3660021.921
2010,2010-12-01,2010-s2481,150.0,54.559999999999995,18.0,27.439999999999998,Sandy Clay Loam,,,,,,,407375.069,3660021.921
2010,2010-12-01,2010-s2481,210.0,72.56,12.0,15.439999999999998,Sandy Loam,,,,,,,407375.069,3660021.921
2010,2010-12-01,2010-s2615,15.24,38.56,28.0,33.44,Clay Loam,,,,,,,407364.526,3659922.511
2010,2010-12-01,2010-s2615,45.0,44.56,24.0,31.439999999999994,Loam,,,,,,,407364.526,3659922.511
2010,2010-12-01,2010-s2615,75.0,58.56,16.0,25.439999999999998,Sandy Clay Loam,,,,,,,407364.526,3659922.511
2010,2010-12-01,2010-s2615,105.0,56.56,18.0,25.439999999999998,Sandy Clay Loam,,,,,,,407364.526,3659922.511
2010,2010-12-01,2010-s2615,150.0,72.56,16.0,11.439999999999998,Sandy Loam,,,,,,,407364.526,3659922.511
2010,2010-12-01,2010-s2615,210.0,64.56,24.0,11.439999999999998,Sandy Loam,,,,,,,407364.526,3659922.511
2010,2010-12-01,2010-s2627,15.24,44.56,24.0,31.439999999999994,Loam,,,,,,,407365.225,3659965.055
2010,2010-12-01,2010-s2627,45.0,38.56,26.0,35.44,Clay Loam,,,,,,,407365.225,3659965.055
2010,2010-12-01,2010-s2627,75.0,56.56,22.0,21.439999999999998,Sandy Clay Loam,,,,,,,407365.225,3659965.055
2010,2010-12-01,2010-s2627,105.0,42.56,30.0,27.439999999999998,Clay Loam,,,,,,,407365.225,3659965.055
2010,2010-12-01,2010-s2627,150.0,58.56,18.0,23.439999999999998,Sandy Clay Loam,,,,,,,407365.225,3659965.055
2010,2010-12-01,2010-s2627,210.0,70.56,14.0,15.439999999999998,Sandy Loam,,,,,,,407365.225,3659965.055
2010,2010-12-01,2010-s2639,15.24,50.56,22.0,27.439999999999998,Sandy Clay Loam,,,,,,,407365.844,3660007.223
2010,2010-12-01,2010-s2639,45.0,40.56,26.0,33.44,Clay Loam,,,,,,,407365.844,3660007.223
2010,2010-12-01,2010-s2639,75.0,58.56,20.0,21.439999999999998,Sandy Clay Loam,,,,,,,407365.844,3660007.223
2010,2010-12-01,2010-s2639,105.0,56.56,20.0,23.439999999999998,Sandy Clay Loam,,,,,,,407365.844,3660007.223
2010,2010-12-01,2010-s2639,150.0,58.56,22.0,19.439999999999998,Sandy Loam,,,,,,,407365.844,3660007.223
2010,2010-12-01,2010-s2639,210.0,64.56,20.0,15.439999999999998,Sandy Loam,,,,,,,407365.844,3660007.223
2010,2010-12-01,2010-s2752,15.24,34.56,31.28,34.160000000000004,Clay Loam,,,,,,,407348.42399999994,3659929.8410000005
2010,2010-12-01,2010-s2752,45.0,38.56,27.28,34.160000000000004,Clay Loam,,,,,,,407348.42399999994,3659929.8410000005
2010,2010-12-01,2010-s2752,75.0,66.56,13.280000000000001,20.160000000000004,Sandy Clay Loam,,,,,,,407348.42399999994,3659929.8410000005
2010,2010-12-01,2010-s2752,105.0,64.56,13.280000000000001,22.160000000000004,Sandy Clay Loam,,,,,,,407348.42399999994,3659929.8410000005
2010,2010-12-01,2010-s2752,150.0,58.56,26.0,15.439999999999998,Sandy Loam,,,,,,,407348.42399999994,3659929.8410000005
2010,2010-12-01,2010-s2752,210.0,58.56,28.0,13.439999999999996,Sandy Loam,,,,,,,407348.42399999994,3659929.8410000005
2010,2010-12-01,2010-s2808,15.24,50.56,22.0,27.439999999999998,Sandy Clay Loam,,,,,,,407344.395,3659899.332
2010,2010-12-01,2010-s2808,45.0,54.559999999999995,22.0,23.439999999999998,Sandy Clay Loam,,,,,,,407344.395,3659899.332
2010,2010-12-01,2010-s2808,75.0,62.56,15.280000000000001,22.160000000000004,Sandy Clay Loam,,,,,,,407344.395,3659899.332
2010,2010-12-01,2010-s2808,105.0,66.56,21.28,12.160000000000002,Sandy Loam,,,,,,,407344.395,3659899.332
2010,2010-12-01,2010-s2808,150.0,66.56,19.28,14.160000000000004,Sandy Loam,,,,,,,407344.395,3659899.332
2010,2010-12-01,2010-s2808,210.0,66.56,19.28,14.160000000000004,Sandy Loam,,,,,,,407344.395,3659899.332
2010,2010-12-01,2010-s2813,15.24,58.56,19.28,22.160000000000004,Sandy Clay Loam,,,,,,,407344.049,3659875.919
2010,2010-12-01,2010-s2813,45.0,58.56,19.28,22.160000000000004,Sandy Clay Loam,,,,,,,407344.049,3659875.919
2010,2010-12-01,2010-s2813,75.0,64.56,21.28,14.160000000000004,Sandy Loam,,,,,,,407344.049,3659875.919
2010,2010-12-01,2010-s2813,105.0,76.56,11.280000000000001,12.160000000000002,Sandy Loam,,,,,,,407344.049,3659875.919
2010,2010-12-01,2010-s2813,150.0,78.56,9.280000000000001,12.160000000000002,Sandy Loam,,,,,,,407344.049,3659875.919
2010,2010-12-01,2010-s2813,210.0,74.56,13.280000000000001,12.160000000000002,Sandy Loam,,,,,,,407344.049,3659875.919
2010,2010-12-01,2010-s2837,15.24,42.56,21.28,36.160000000000004,Clay Loam,,,,,,,407342.516,3659943.797
2010,2010-12-01,2010-s2837,45.0,42.56,21.28,36.160000000000004,Clay Loam,,,,,,,407342.516,3659943.797
2010,2010-12-01,2010-s2837,75.0,64.56,13.280000000000001,22.160000000000004,Sandy Clay Loam,,,,,,,407342.516,3659943.797
2010,2010-12-01,2010-s2837,105.0,66.56,13.280000000000001,20.160000000000004,Sandy Clay Loam,,,,,,,407342.516,3659943.797
2010,2010-12-01,2010-s2837,150.0,58.56,19.28,22.160000000000004,Sandy Clay Loam,,,,,,,407342.516,3659943.797
2010,2010-12-01,2010-s2837,210.0,58.56,19.28,22.160000000000004,Sandy Clay Loam,,,,,,,407342.516,3659943.797
2010,2010-12-01,2010-s2841,15.24,46.56,27.28,26.160000000000004,Sandy Clay Loam,,,,,,,407342.798,3659959.917
2010,2010-12-01,2010-s2841,45.0,34.56,23.28,42.160000000000004,Clay Loam,,,,,,,407342.798,3659959.917
2010,2010-12-01,2010-s2841,75.0,58.56,15.280000000000001,26.160000000000004,Sandy Clay Loam,,,,,,,407342.798,3659959.917
2010,2010-12-01,2010-s2841,105.0,54.559999999999995,21.28,24.160000000000004,Sandy Clay Loam,,,,,,,407342.798,3659959.917
2010,2010-12-01,2010-s2841,150.0,54.559999999999995,23.28,22.160000000000004,Sandy Clay Loam,,,,,,,407342.798,3659959.917
2010,2010-12-01,2010-s2841,210.0,58.56,19.28,22.160000000000004,Sandy Clay Loam,,,,,,,407342.798,3659959.917
2010,2010-12-01,2010-s2857,15.24,46.56,21.28,32.160000000000004,Sandy Clay Loam,,,,,,,407343.803,3660021.838
2010,2010-12-01,2010-s2857,45.0,46.56,19.28,34.160000000000004,Sandy Clay Loam,,,,,,,407343.803,3660021.838
2010,2010-12-01,2010-s2857,75.0,55.84,18.0,26.160000000000004,Sandy Clay Loam,,,,,,,407343.803,3660021.838
2010,2010-12-01,2010-s2857,105.0,65.84,18.0,16.160000000000004,Sandy Loam,,,,,,,407343.803,3660021.838
2010,2010-12-01,2010-s2857,150.0,57.83999999999999,20.0,22.160000000000004,Sandy Clay Loam,,,,,,,407343.803,3660021.838
2010,2010-12-01,2010-s2857,210.0,65.84,14.0,20.160000000000004,Sandy Clay Loam,,,,,,,407343.803,3660021.838
2010,2010-12-01,2010-s2870,15.24,37.839999999999996,26.0,36.160000000000004,Clay Loam,,,,,,,407339.738,3659992.038
2010,2010-12-01,2010-s2870,45.0,47.839999999999996,22.0,30.160000000000004,Sandy Clay Loam,,,,,,,407339.738,3659992.038
2010,2010-12-01,2010-s2870,75.0,57.83999999999999,20.0,22.160000000000004,Sandy Clay Loam,,,,,,,407339.738,3659992.038
2010,2010-12-01,2010-s2870,105.0,65.84,16.0,18.160000000000004,Sandy Loam,,,,,,,407339.738,3659992.038
2010,2010-12-01,2010-s2870,150.0,53.839999999999996,22.0,24.160000000000004,Sandy Clay Loam,,,,,,,407339.738,3659992.038
2010,2010-12-01,2010-s2870,210.0,37.839999999999996,42.0,20.160000000000004,Loam,,,,,,,407339.738,3659992.038
2010,2010-12-01,2010-s2888,15.24,49.839999999999996,26.0,24.160000000000004,Sandy Clay Loam,,,,,,,407338.369,3659909.479
2010,2010-12-01,2010-s2888,45.0,63.839999999999996,16.0,20.160000000000004,Sandy Clay Loam,,,,,,,407338.369,3659909.479
2010,2010-12-01,2010-s2888,75.0,67.84,18.0,14.160000000000004,Sandy Loam,,,,,,,407338.369,3659909.479
2010,2010-12-01,2010-s2888,105.0,67.84,16.0,16.160000000000004,Sandy Loam,,,,,,,407338.369,3659909.479
2010,2010-12-01,2010-s2888,150.0,65.84,22.0,12.160000000000002,Sandy Loam,,,,,,,407338.369,3659909.479
2010,2010-12-01,2010-s2888,210.0,69.84,18.0,12.160000000000002,Sandy Loam,,,,,,,407338.369,3659909.479
