Year,SOIL_DATE,Core,Depth,SLSND,SLSLT,SLCLY,SLTX,SLWP1,SLWP2,SLFC1,UTMX,UTMY
2006,2006-11-01,20062007camelinap02,15,63.12,14.0,22.880000000000003,Sandy clay loam,0.07046292503072536,0.1068322981366459,0.13534447615165138,409032.11120000004,3659353.7
2006,2006-11-01,20062007camelinap02,45,58.12837432513497,14.997000599880025,26.87462507498501,Sandy clay loam,0.07253463732681341,0.08966942148760339,0.1362342415616108,409032.11120000004,3659353.7
2006,2006-11-01,20062007camelinap02,75,49.12,19.0,31.880000000000003,Sandy clay loam,0.05523495465787318,0.08036835496023417,0.11532192339038358,409032.11120000004,3659353.7
2006,2006-11-01,20062007camelinap02,105,45.141943222710914,20.991603358656533,33.866453418632545,Clay loam,0.06234718826405874,0.0688110749185667,0.14009860312243205,409032.11120000004,3659353.7
2006,2006-11-01,20062007camelinap02,135,64.12,7.0,28.88,Sandy clay loam,0.06838656838656847,0.07494908350305514,0.15026326447954672,409032.11120000004,3659353.7
2006,2006-11-01,20062007camelinap02,165,70.13194722111155,6.997201119552187,22.870851659336267,Sandy clay loam,0.08034610630407923,0.09424724602203195,0.1667346106807992,409032.11120000004,3659353.7
2006,2006-11-01,20062007camelinap04,15,59.128174365126974,15.99680063987202,24.875024995001002,Sandy clay loam,0.07361963190184037,0.09002036659877835,0.14624183006535937,409056.4836,3659353.276
2006,2006-11-01,20062007camelinap04,45,63.12,12.0,24.880000000000003,Sandy clay loam,0.07951706910907562,0.08136696501220506,0.15800330033003354,409056.4836,3659353.276
2006,2006-11-01,20062007camelinap04,75,64.10564225690275,11.004401760704283,24.889955982392962,Sandy clay loam,0.11139564660691419,0.09514087382605137,0.17421460628314953,409056.4836,3659353.276
2006,2006-11-01,20062007camelinap04,105,58.136745301879245,11.995201919232315,29.868052778888444,Sandy clay loam,0.07990115321252049,0.0919869174161897,0.17716857610474684,409056.4836,3659353.276
2006,2006-11-01,20062007camelinap04,135,57.13714514194322,13.99440223910436,28.868452618952418,Sandy clay loam,0.07745901639344234,0.0928600907965332,0.16359918200408996,409056.4836,3659353.276
2006,2006-11-01,20062007camelinap04,165,64.1343462614954,8.996401439424233,26.869252299080372,Sandy clay loam,0.06219110378912677,0.06955810147299521,0.13682916837361753,409056.4836,3659353.276
2006,2006-11-01,20062007camelinap05,15,62.112422484496896,13.002600520104025,24.88497699539908,Sandy clay loam,0.07913669064748222,0.09,0.1422745808790213,409068.6031,3659353.066
2006,2006-11-01,20062007camelinap05,45,64.12,11.0,24.880000000000003,Sandy clay loam,0.06816292601828763,0.08527789563003843,0.13238560639715702,409068.6031,3659353.066
2006,2006-11-01,20062007camelinap05,75,67.12,12.0,20.880000000000003,Sandy clay loam,0.06497386109036574,0.07416879795396428,0.11608863198458592,409068.6031,3659353.066
2006,2006-11-01,20062007camelinap05,105,71.11422284456891,10.002000400080021,18.88377675535107,Sandy loam,0.05038602194230026,0.05926454837558054,0.09616951915240418,409068.6031,3659353.066
2006,2006-11-01,20062007camelinap05,135,59.1118223644729,14.002800560112007,26.885377075415086,Sandy clay loam,0.07346264960792409,0.0884438881935752,0.1440035666518051,409068.6031,3659353.066
2006,2006-11-01,20062007camelinap05,165,63.12,12.0,24.880000000000003,Sandy clay loam,0.09772256728778467,0.10016906170752313,0.1645633518425041,409068.6031,3659353.066
2006,2006-11-01,20062007camelinap06,15,64.4,10.519999999999996,25.080000000000002,Sandy clay loam,0.0707070707070707,0.08421823507872564,0.1281755196304849,409080.8613,3659352.854
2006,2006-11-01,20062007camelinap06,45,58.4,14.519999999999996,27.080000000000005,Sandy clay loam,0.07052588666938459,0.08902844477281137,0.15047021943573666,409080.8613,3659352.854
2006,2006-11-01,20062007camelinap06,75,62.4,13.519999999999996,24.080000000000002,Sandy clay loam,0.06448979591836726,0.08061492313460782,0.1390398550724638,409080.8613,3659352.854
2006,2006-11-01,20062007camelinap06,105,58.4,14.519999999999996,27.080000000000005,Sandy clay loam,0.07663934426229498,0.10053667262969598,0.16884247171453415,409080.8613,3659352.854
2006,2006-11-01,20062007camelinap06,135,60.4,15.519999999999996,24.080000000000002,Sandy clay loam,0.07278742762613692,0.09490550534100257,0.16937838965373395,409080.8613,3659352.854
2006,2006-11-01,20062007camelinap06,165,65.4,11.519999999999996,23.080000000000002,Sandy clay loam,0.06375976964212277,0.0822195220737141,0.1456350848158879,409080.8613,3659352.854
2006,2006-11-01,20062007camelinap07,15,64.41423430627748,9.716113554578172,25.869652139144346,Sandy clay loam,0.0712191034771681,0.08422939068100405,0.14382402707275763,409093.0334,3659352.644
2006,2006-11-01,20062007camelinap07,45,60.4,12.719999999999999,26.880000000000003,Sandy clay loam,0.08177667081776667,0.09673313534153588,0.15400080418174503,409093.0334,3659352.644
2006,2006-11-01,20062007camelinap07,75,59.40811837632474,13.717256548690258,26.87462507498501,Sandy clay loam,0.08179202630497336,0.10267857142857131,0.17345132743362807,409093.0334,3659352.644
2006,2006-11-01,20062007camelinap07,105,50.42974215470718,16.709974015590632,32.86028382970218,Sandy clay loam,0.09925558312655113,0.11978917105893623,0.2071428571428572,409093.0334,3659352.644
2006,2006-11-01,20062007camelinap07,135,56.39127825565113,15.72314462892578,27.88557711542309,Sandy clay loam,0.08765432098765473,0.10987047789191638,0.18788627935723126,409093.0334,3659352.644
2006,2006-11-01,20062007camelinap07,165,48.42063174730108,12.71491403438624,38.86445421831268,Sandy clay ,0.0918964076858815,0.11316051844466614,0.1965226554267648,409093.0334,3659352.644
2006,2006-11-01,20062007camelinap08,15,60.38415366146458,14.725890356142457,24.889955982392962,Sandy clay loam,0.07591733445803449,0.09305932531989108,0.15433403805496854,409105.2385,3659352.43
2006,2006-11-01,20062007camelinap08,45,58.38335334133653,13.725490196078425,27.891156462585037,Sandy clay loam,0.09360635185959057,0.11238008222932849,0.18429561200923794,409105.2385,3659352.43
2006,2006-11-01,20062007camelinap08,75,58.39167833566713,14.722944588917784,26.885377075415086,Sandy clay loam,0.07898144151920579,0.10172143974960854,0.1705494505494503,409105.2385,3659352.43
2006,2006-11-01,20062007camelinap08,105,57.3829531812725,14.725890356142457,27.891156462585037,Sandy clay loam,0.08144416456759015,0.10120913569189421,0.17691962281095633,409105.2385,3659352.43
2006,2006-11-01,20062007camelinap08,135,54.42734359384369,16.709974015590646,28.862682390565663,Sandy clay loam,0.08036454018226998,0.09769268532155141,0.16147308781869696,409105.2385,3659352.43
2006,2006-11-01,20062007camelinap08,165,59.41623350659736,14.7141143542583,25.869652139144346,Sandy clay loam,0.08343711083437133,0.10830152671755738,0.17602830605926567,409105.2385,3659352.43
2006,2006-11-01,20062007camelinap11,15,62.48750249950009,14.357128574285156,23.155368926214763,Sandy clay loam,0.10490247759620465,0.07596513075965125,0.14518257809062968,409019.5947,3659326.872
2006,2006-11-01,20062007camelinap11,45,60.839999999999996,14.0,25.160000000000004,Sandy clay loam,0.07971360381861585,0.09420289855072433,0.1859107961650688,409019.5947,3659326.872
2006,2006-11-01,20062007camelinap11,75,52.48950209958008,13.357328534293146,34.153169366126775,Sandy clay loam,0.10107627515208222,0.11387559808612453,0.2046035805626599,409019.5947,3659326.872
2006,2006-11-01,20062007camelinap11,105,52.400000000000006,14.439999999999998,33.160000000000004,Sandy clay loam,0.10926016658500717,0.1413373860182371,0.20463137996219272,409019.5947,3659326.872
2006,2006-11-01,20062007camelinap11,135,52.544000000000004,16.295999999999992,31.160000000000004,Sandy clay loam,0.09305835010060372,0.10661268556005417,0.17876344086021514,409019.5947,3659326.872
2006,2006-11-01,20062007camelinap11,165,63.4,11.439999999999998,25.160000000000004,Sandy clay loam,0.07540016849199659,0.08647561588738054,0.15179760319573876,409019.5947,3659326.872
2006,2006-11-01,20062007camelinap12,15,63.6872625474905,13.437312537492502,22.875424915017,Sandy clay loam,0.069986072423398,0.08470740381506595,0.11899313501144165,409031.76519999997,3659326.667
2006,2006-11-01,20062007camelinap12,45,61.695321871251494,13.434626149540179,24.87005197920832,Sandy clay loam,0.0782339271882266,0.08525506638714178,0.1257142857142861,409031.76519999997,3659326.667
2006,2006-11-01,20062007camelinap12,75,67.67999999999999,11.439999999999998,20.880000000000003,Sandy clay loam,0.05608086077600257,0.0630236794171222,0.09629883481836882,409031.76519999997,3659326.667
2006,2006-11-01,20062007camelinap12,105,65.67999999999999,12.439999999999998,21.880000000000003,Sandy clay loam,0.05067698259187629,0.06464427591188178,0.09619912546249582,409031.76519999997,3659326.667
2006,2006-11-01,20062007camelinap12,135,59.679999999999986,13.440000000000012,26.880000000000003,Sandy clay loam,0.07729112992270917,0.09695290858725772,0.16520700636942703,409031.76519999997,3659326.667
2006,2006-11-01,20062007camelinap12,165,67.67999999999999,6.439999999999998,25.880000000000003,Sandy clay loam,0.0603915035401911,0.07793718495540927,0.12694569353165003,409031.76519999997,3659326.667
2006,2006-11-01,20062007camelinap13,15,65.98400000000001,11.855999999999995,22.160000000000004,Sandy clay loam,0.06410256410256411,0.07204968944099358,0.12250598563447729,409043.9611,3659326.462
2006,2006-11-01,20062007camelinap13,45,63.983999999999995,12.855999999999995,23.160000000000004,Sandy clay loam,0.07068062827225088,0.07783340919435598,0.13566433566433553,409043.9611,3659326.462
2006,2006-11-01,20062007camelinap13,75,70.20595880823835,11.637672465506895,18.156368726254755,Sandy clay loam,0.05700325732898988,0.0588235294117648,0.11749149981110688,409043.9611,3659326.462
2006,2006-11-01,20062007camelinap13,105,72.84,12.0,15.160000000000002,Sandy loam,0.042827442827442865,0.04867075664621668,0.09936678032148072,409043.9611,3659326.462
2006,2006-11-01,20062007camelinap13,135,72.84,12.0,15.160000000000002,Sandy loam,0.04743255004351625,0.04549248747913204,0.08915365653245635,409043.9611,3659326.462
2006,2006-11-01,20062007camelinap13,165,72.84,12.0,15.160000000000002,Sandy loam,0.07521826729348491,0.047815333882935025,0.0943040362127499,409043.9611,3659326.462
2006,2006-11-01,20062007camelinap14,15,67.84,10.0,22.160000000000004,Sandy clay loam,0.06598143236074253,0.0858772224085878,0.11379018612521204,409056.1175,3659326.257
2006,2006-11-01,20062007camelinap14,45,67.85285885645742,9.996001599360255,22.151139544182328,Sandy clay loam,0.06794924273434348,0.08598351001177848,0.12428774928774962,409056.1175,3659326.257
2006,2006-11-01,20062007camelinap14,75,55.48,14.36,30.160000000000004,Sandy clay loam,0.08988311164852897,0.05225706026239703,0.15663124754033864,409056.1175,3659326.257
2006,2006-11-01,20062007camelinap14,105,61.67999999999999,12.800000000000011,25.520000000000003,Sandy clay loam,0.07966386554621865,0.09915534337128179,0.14835355285961874,409056.1175,3659326.257
2006,2006-11-01,20062007camelinap14,135,55.697720911635344,15.793682526989215,28.508596561375448,Sandy clay loam,0.08872458410351168,0.10154440154440192,0.17273075450019174,409056.1175,3659326.257
2006,2006-11-01,20062007camelinap14,165,49.69006198760247,24.795040991801642,25.514897020595882,Sandy clay loam,0.07165991902833992,0.1480686695278965,0.14703389830508465,409056.1175,3659326.257
2006,2006-11-01,20062007camelinap15,15,67.84,10.0,22.160000000000004,Sandy clay loam,0.06757390896292845,0.07361963190184068,0.12416502946954798,409068.3077,3659326.0520000006
2006,2006-11-01,20062007camelinap15,45,66.84663067386522,12.997400519896019,20.155968806238754,Sandy clay loam,0.056752278376139366,0.07019655034095468,0.11676875957120998,409068.3077,3659326.0520000006
2006,2006-11-01,20062007camelinap15,75,63.839999999999996,14.0,22.160000000000004,Sandy clay loam,0.06457094307561581,0.06898066783831316,0.12840000000000032,409068.3077,3659326.0520000006
2006,2006-11-01,20062007camelinap15,105,59.40811837632474,13.717256548690258,26.87462507498501,Sandy clay loam,0.07585877862595436,0.08695652173913017,0.16421343146274153,409068.3077,3659326.0520000006
2006,2006-11-01,20062007camelinap15,135,62.4,11.719999999999999,25.880000000000003,Sandy clay loam,0.07095864661654126,0.08199643493761091,0.13522476050110543,409068.3077,3659326.0520000006
2006,2006-11-01,20062007camelinap15,165,66.4,9.719999999999999,23.880000000000003,Sandy clay loam,0.06923392052437517,0.07489160425699669,0.12143693869582192,409068.3077,3659326.0520000006
2006,2006-11-01,20062007camelinap16,15,63.263999999999996,15.296000000000006,21.439999999999998,Sandy clay loam,0.06539413220219138,0.078556263269639,0.11902154070828788,409080.526,3659325.846
2006,2006-11-01,20062007camelinap16,45,63.839999999999996,12.719999999999999,23.439999999999998,Sandy clay loam,0.06733067729083655,0.07955418908531901,0.10992907801418408,409080.526,3659325.846
2006,2006-11-01,20062007camelinap16,75,69.13234706117552,11.075569772091171,19.792083166733306,Sandy clay loam,0.04933333333333298,0.055459272097053515,0.09055752497582993,409080.526,3659325.846
2006,2006-11-01,20062007camelinap16,105,66.40671865626874,12.797440511897634,20.795840831833633,Sandy clay loam,0.05874630784378098,0.06780845858091566,0.10428370786516847,409080.526,3659325.846
2006,2006-11-01,20062007camelinap16,135,64.4,14.439999999999998,21.160000000000004,Sandy clay loam,0.06116539992761484,0.07169303264894009,0.12019397298233453,409080.526,3659325.846
2006,2006-11-01,20062007camelinap16,165,62.191561687662464,13.65326934613077,24.155168966206762,Sandy clay loam,0.06644379440033447,0.0764502497118707,0.12264150943396226,409080.526,3659325.846
2006,2006-11-01,20062007camelinap17,15,64.56,12.0,23.439999999999998,Sandy clay loam,0.0664419836302357,0.07085201793721964,0.12634515743324037,409092.7056,3659325.641
2006,2006-11-01,20062007camelinap17,45,68.56628674265147,10.997800439912027,20.43591281743651,Sandy clay loam,0.05697081982399278,0.05625000000000005,0.11282467532467506,409092.7056,3659325.641
2006,2006-11-01,20062007camelinap17,75,65.56,11.0,23.439999999999998,Sandy clay loam,0.06414922656960857,0.07085201793721965,0.11672683513838762,409092.7056,3659325.641
2006,2006-11-01,20062007camelinap17,105,64.264,12.296000000000006,23.439999999999998,Sandy clay loam,0.06726457399103138,0.07337883959044363,0.13146394756008736,409092.7056,3659325.641
2006,2006-11-01,20062007camelinap17,135,60.12,13.439999999999998,26.439999999999998,Sandy clay loam,0.0790678318768209,0.0910910910910911,0.16951219512195098,409092.7056,3659325.641
2006,2006-11-01,20062007camelinap17,165,72.12,8.439999999999998,19.439999999999998,Sandy loam,0.06524575902566335,0.07153214113098098,0.1186003683241252,409092.7056,3659325.641
2006,2006-11-01,20062007camelinap18,15,65.84683063387321,10.357928414317144,23.79524095180964,Sandy clay loam,0.07099236641221371,0.08202123764188922,0.16125198098256707,409104.8835,3659325.436
2006,2006-11-01,20062007camelinap18,45,61.84763047390521,12.997400519896019,25.154969006198762,Sandy clay loam,0.07998454404945878,0.09401709401709411,0.17421007685738674,409104.8835,3659325.436
2006,2006-11-01,20062007camelinap18,75,54.8490301939612,14.997000599880039,30.15396920615877,Sandy clay loam,0.09035159443990161,0.11053089643167971,0.21250610649731322,409104.8835,3659325.436
2006,2006-11-01,20062007camelinap18,105,52.47999999999999,14.360000000000014,33.160000000000004,Sandy clay loam,0.09177903436276638,0.11692155895411965,0.2208275220827522,409104.8835,3659325.436
2006,2006-11-01,20062007camelinap18,135,50.47999999999999,16.360000000000014,33.160000000000004,Sandy clay loam,0.08626760563380285,0.1107142857142859,0.20016207455429516,409104.8835,3659325.436
2006,2006-11-01,20062007camelinap18,165,65.48690261947611,8.358328334333123,26.15476904619077,Sandy clay loam,0.06245090337784745,0.07473948975925253,0.13932399010717242,409104.8835,3659325.436
2006,2006-11-01,20062007camelinap21,15,65.83316663332666,10.642128425685144,23.5247049409882,Sandy clay loam,0.06874999999999964,0.08120362737015689,0.12641815235008122,409019.3841,3659308.3460000004
2006,2006-11-01,20062007camelinap21,45,59.839999999999996,13.64,26.520000000000003,Sandy clay loam,0.07670221493027031,0.08485586682907006,0.13273615635179176,409019.3841,3659308.3460000004
2006,2006-11-01,20062007camelinap21,75,64.83296659331866,10.642128425685144,24.5249049809962,Sandy clay loam,0.07740066225165551,0.08971732896353946,0.14420319541171636,409019.3841,3659308.3460000004
2006,2006-11-01,20062007camelinap21,105,54.84,16.64,28.52,Sandy clay loam,0.09251644736842105,0.10941370767960387,0.17844017966516962,409019.3841,3659308.3460000004
2006,2006-11-01,20062007camelinap21,135,57.83156631326265,14.642928585717144,27.525505101020205,Sandy clay loam,0.07389162561576372,0.09020408163265278,0.14864864864864907,409019.3841,3659308.3460000004
2006,2006-11-01,20062007camelinap21,165,58.83999999999999,15.640000000000015,25.520000000000003,Sandy clay loam,0.07460788469690507,0.0904645476772616,0.15660685154975545,409019.3841,3659308.3460000004
2006,2006-11-01,20062007camelinap22,15,63.1421147311613,12.352588446931847,24.505296821906857,Sandy clay loam,0.0622090562843842,0.08161616161616146,0.12820512820512844,409031.5546,3659308.141
2006,2006-11-01,20062007camelinap22,45,62.12,13.36,24.520000000000003,Sandy clay loam,0.0660954712362303,0.08166598611678236,0.1266447368421058,409031.5546,3659308.141
2006,2006-11-01,20062007camelinap22,75,59.1118223644729,14.362872574514896,26.525305061012205,Sandy clay loam,0.07619047619047631,0.096548890714873,0.1479192418623817,409031.5546,3659308.141
2006,2006-11-01,20062007camelinap22,105,45.13097380523895,18.35632873425314,36.5126974605079,clay loam,0.09588477366255135,0.12260692464358475,0.19772634997969976,409031.5546,3659308.141
2006,2006-11-01,20062007camelinap22,135,61.12,12.36,26.520000000000003,Sandy clay loam,0.07539353769676886,0.10139002452984451,0.1578519121236776,409031.5546,3659308.141
2006,2006-11-01,20062007camelinap22,165,72.12557488502298,5.358928214357135,22.51549690061988,Sandy clay loam,0.06360279031596212,0.07598039215686271,0.11593027969193345,409031.5546,3659308.141
2006,2006-11-01,20062007camelinap23,15,65.84683063387321,13.07738452309539,21.075784843031396,Sandy clay loam,0.06582220351306929,0.0685023505708529,0.12815405046480746,409043.7505,3659307.935
2006,2006-11-01,20062007camelinap23,45,62.70345930813838,16.220755848830223,21.075784843031396,Sandy clay loam,0.053819900236282504,0.05361155698234356,0.09330695680844041,409043.7505,3659307.935
2006,2006-11-01,20062007camelinap23,75,70.84,12.719999999999999,16.439999999999998,Sandy loam,0.04664179104477594,0.044275774826059294,0.09491347666491846,409043.7505,3659307.935
2006,2006-11-01,20062007camelinap23,105,72.976,12.584000000000003,14.439999999999998,Sandy loam,0.04486748069095938,0.04739052189562082,0.07333962858042174,409043.7505,3659307.935
2006,2006-11-01,20062007camelinap23,135,69.12617476504698,11.43771245750851,19.43611277744451,Sandy loam,0.04841925377385357,0.05264868378290534,0.09593437945791719,409043.7505,3659307.935
2006,2006-11-01,20062007camelinap23,165,67.98240351929614,8.58228354329134,23.435312937412515,Sandy clay loam,0.06250217021424347,0.06477876106194684,0.10699111626110452,409043.7505,3659307.935
2006,2006-11-01,20062007camelinap24,15,63.12,14.0,22.880000000000003,Sandy loam,0.07513270722743991,0.0810366104483757,0.14507989907485294,409055.9069,3659307.731
2006,2006-11-01,20062007camelinap24,45,61.12777444511097,14.997000599880025,23.875224955009003,Sandy clay loam,0.08224222585924736,0.08503401360544219,0.14365591397849412,409055.9069,3659307.731
2006,2006-11-01,20062007camelinap24,75,42.10842168433687,20.00400080016003,37.887577515503104,Clay loam,0.13523573200992536,0.12334437086092734,0.20148944973107175,409055.9069,3659307.731
2006,2006-11-01,20062007camelinap24,105,49.150509694183484,18.988606835898466,31.86088346991805,Sandy clay loam,0.11689909762100119,0.11451942740286286,0.2007404360345541,409055.9069,3659307.731
2006,2006-11-01,20062007camelinap24,135,58.12837432513497,14.997000599880025,26.87462507498501,Sandy clay loam,0.08466257668711627,0.09673469387755058,0.16109045848822828,409055.9069,3659307.731
2006,2006-11-01,20062007camelinap24,165,65.13394642143142,15.99360255897642,18.872451019592166,Sandy loam,0.056343737332792895,0.09026622296173052,0.11882010801827995,409055.9069,3659307.731
2006,2006-11-01,20062007camelinap25,15,66.4,10.719999999999999,22.880000000000003,Sandy clay loam,0.06629252893721477,0.07700312174817894,0.11398963730569937,409068.0971,3659307.525
2006,2006-11-01,20062007camelinap25,45,65.12697460507897,13.997200559888029,20.875824835032997,Sandy clay loam,0.06106294760648341,0.07120308663626801,0.10458911419423683,409068.0971,3659307.525
2006,2006-11-01,20062007camelinap25,75,65.4,13.719999999999999,20.880000000000003,Sandy clay loam,0.05890753302391971,0.06599552572706975,0.0945091514143096,409068.0971,3659307.525
2006,2006-11-01,20062007camelinap25,105,61.96,16.439999999999998,21.6,Sandy clay loam,0.05929304446978289,0.07280785058562826,0.11284310403253127,409068.0971,3659307.525
2006,2006-11-01,20062007camelinap25,135,63.96000000000001,16.799999999999997,19.24,Sandy loam,0.05731958762886603,0.07199177236887193,0.10790114862513031,409068.0971,3659307.525
2006,2006-11-01,20062007camelinap25,165,66.97321071571372,12.794882047181119,20.231907237105155,Sandy clay loam,0.06045694200351491,0.07115044247787629,0.11114982578397203,409068.0971,3659307.525
2006,2006-11-01,20062007camelinap26,15,66.98400000000001,12.215999999999994,20.8,Sandy clay loam,0.0618762475049902,0.07511380880121356,0.1260223048327138,409080.3154,3659307.32
2006,2006-11-01,20062007camelinap26,45,70.19403880776156,10.002000400080007,19.80396079215843,Sandy clay loam,0.05762446099568792,0.0665909950813466,0.1150322361723787,409080.3154,3659307.32
2006,2006-11-01,20062007camelinap26,75,71.42171565686863,10.997800439912012,17.58048390321936,Sandy clay loam,0.050614067733531797,0.05818463925523662,0.11640211640211642,409080.3154,3659307.32
2006,2006-11-01,20062007camelinap26,105,68.76,11.079999999999984,20.160000000000004,Sandy clay loam,0.05914567360350484,0.07240788346186793,0.13453265545561224,409080.3154,3659307.32
2006,2006-11-01,20062007camelinap26,135,64.976,14.864000000000004,20.160000000000004,Sandy clay loam,0.06160229811682069,0.07324429125377006,0.14837953924248357,409080.3154,3659307.32
2006,2006-11-01,20062007camelinap26,165,61.98360327934412,13.861227754449118,24.155168966206762,Sandy clay loam,0.07115235885537523,0.09276789095039767,0.16081986598344497,409080.3154,3659307.32
2006,2006-11-01,20062007camelinap27,15,64.84703059388121,13.357328534293146,21.795640871825636,Sandy clay loam,0.06926229508196713,0.08329581269698308,0.1486915146708961,409092.495,3659307.115
2006,2006-11-01,20062007camelinap27,45,63.84723055388921,13.357328534293146,22.79544091181764,Sandy clay loam,0.06679104477611937,0.0790166812993853,0.13571718813490433,409092.495,3659307.115
2006,2006-11-01,20062007camelinap27,75,69.84,12.36,17.8,Sandy loam,0.05160591844099602,0.06120943952802346,0.11811023622047212,409092.495,3659307.115
2006,2006-11-01,20062007camelinap27,105,54.400000000000006,14.439999999999998,31.160000000000004,Sandy clay loam,0.09031198686371113,0.10913043478260892,0.1848428835489834,409092.495,3659307.115
2006,2006-11-01,20062007camelinap27,135,56.39999999999999,13.439999999999998,30.160000000000004,Sandy clay loam,0.08935824532900094,0.10872261264985514,0.1862657091561938,409092.495,3659307.115
2006,2006-11-01,20062007camelinap27,165,76.4,5.439999999999998,18.160000000000004,Sandy loam,0.056262558606831874,0.06465028355387499,0.1293143120110444,409092.495,3659307.115
2006,2006-11-01,20062007camelinap28,15,65.11302260452089,13.362672534506913,21.524304860972197,Sandy clay loam,0.07534807534807549,0.07909129154396277,0.13750514615067946,409104.6729,3659306.909
2006,2006-11-01,20062007camelinap28,45,58.103241296518604,13.36534613845538,28.531412565026017,Sandy clay loam,0.1024370095002064,0.10165975103734454,0.1660501438553229,409104.6729,3659306.909
2006,2006-11-01,20062007camelinap28,75,55.111022204440886,17.363472694538913,27.525505101020205,Sandy clay loam,0.10301302931596097,0.11065064235391638,0.1885480572597137,409104.6729,3659306.909
2006,2006-11-01,20062007camelinap28,105,49.10982196439288,20.364072814562917,30.526105221044208,Sandy clay loam,0.1154801324503314,0.11781609195402322,0.21841453344343484,409104.6729,3659306.909
2006,2006-11-01,20062007camelinap28,135,63.12,12.36,24.520000000000003,Sandy clay loam,0.0837438423645317,0.15865384615384595,0.1428041237113399,409104.6729,3659306.909
2006,2006-11-01,20062007camelinap28,165,69.12,8.359999999999985,22.520000000000003,Sandy clay loam,0.08811475409836028,0.09075907590759087,0.14632107023411375,409104.6729,3659306.909
2006,2006-11-01,20062007camelinap31,15,65.4813807447702,11.999520019199238,22.51909923603056,Sandy clay loam,0.07328990228013017,0.07593891869583175,0.13545150501672282,409019.011,3659281.398
2006,2006-11-01,20062007camelinap31,45,65.4938024790084,9.996001599360255,24.51019592163135,Sandy clay loam,0.07169344870210113,0.07842323651452315,0.13243132431324334,409019.011,3659281.398
2006,2006-11-01,20062007camelinap31,75,65.4938024790084,10.995601759296278,23.510595761695324,Sandy clay loam,0.07836734693877558,0.08367514356029498,0.15079689415610945,409019.011,3659281.398
2006,2006-11-01,20062007camelinap31,105,53.49860055977609,15.99360255897642,30.5077968812475,Sandy clay loam,0.10297766749379661,0.11441553077240854,0.19028006589785793,409019.011,3659281.398
2006,2006-11-01,20062007camelinap31,135,65.4730946189238,11.002200440088004,23.5247049409882,Sandy clay loam,0.07755437012720562,0.08542094455852207,0.14326765188834134,409019.011,3659281.398
2006,2006-11-01,20062007camelinap31,165,60.49580167932827,14.994002399040383,24.51019592163135,Sandy clay loam,0.06839719818706207,0.0750515463917523,0.11685012701100721,409019.011,3659281.398
2006,2006-11-01,20062007camelinap32,15,63.1126225245049,12.002400480096014,24.88497699539908,Sandy clay loam,0.06847068470684715,0.07886178861788669,0.15929565929565925,409031.18969999993,3659281.186
2006,2006-11-01,20062007camelinap32,45,65.11302260452089,11.002200440088032,23.88477695539108,Sandy clay loam,0.06639511201629308,0.07183673469387776,0.15604575163398662,409031.18969999993,3659281.186
2006,2006-11-01,20062007camelinap32,75,57.12857428514296,13.997200559888029,28.874225154969007,Sandy clay loam,0.08740254411161247,0.0985160758450124,0.19901112484548814,409031.18969999993,3659281.186
2006,2006-11-01,20062007camelinap32,105,41.143542582966816,19.99200319872051,38.86445421831268,Clay loam,0.10817506193228756,0.12899262899262925,0.23475736209041875,409031.18969999993,3659281.186
2006,2006-11-01,20062007camelinap32,135,53.12,3.0,43.88,Sandy clay ,0.10024752475247554,0.10097719869706856,0.18785890073831005,409031.18969999993,3659281.186
2006,2006-11-01,20062007camelinap32,165,67.10684273709482,9.003601440576233,23.889555822328937,Sandy clay loam,0.06731173748422356,0.08261758691206529,0.1484985602632661,409031.18969999993,3659281.186
2006,2006-11-01,20062007camelinap33,15,68.84,11.36,19.8,Sandy clay loam,0.0640698944302875,0.078287197231834,0.13320825515947515,409043.383,3659280.946
2006,2006-11-01,20062007camelinap33,45,65.84,12.0,22.160000000000004,Sandy clay loam,0.061472200469851225,0.07253886010362691,0.13015184381778774,409043.383,3659280.946
2006,2006-11-01,20062007camelinap33,75,63.839999999999996,13.0,23.160000000000004,Sandy clay loam,0.06367472190256987,0.08014354066985607,0.15446339017051183,409043.383,3659280.946
2006,2006-11-01,20062007camelinap33,105,51.40971805638872,17.4365126974605,31.153769246150777,Sandy clay loam,0.08429276315789462,0.10349462365591408,0.18869644484958983,409043.383,3659280.946
2006,2006-11-01,20062007camelinap33,135,53.40931813637272,16.43671265746852,30.15396920615877,Sandy clay loam,0.07492236024844719,0.09480519480519535,0.17723718505647257,409043.383,3659280.946
2006,2006-11-01,20062007camelinap33,165,65.4138344662135,8.436625349860066,26.149540183926433,Sandy clay loam,0.06861989205859681,0.08467216673903616,0.15719618415595216,409043.383,3659280.946
2006,2006-11-01,20062007camelinap34,15,71.12,8.0,20.880000000000003,Sandy clay loam,0.06854345165238707,0.08566721581548592,0.1298648095043016,409055.5915,3659280.75
2006,2006-11-01,20062007camelinap34,45,69.14468425259791,11.990407673860915,18.86490807354117,Sandy loam,0.06084767100293728,0.08444259567387694,0.1114781172584642,409055.5915,3659280.75
2006,2006-11-01,20062007camelinap34,75,69.14468425259791,12.989608313349322,17.865707434052762,Sandy loam,0.057438016528925655,0.06650346797225662,0.15906127770534603,409055.5915,3659280.75
2006,2006-11-01,20062007camelinap34,105,61.12,17.0,21.880000000000003,Sandy clay loam,0.0708180708180709,0.08812729498164062,0.13314332247556987,409055.5915,3659280.75
2006,2006-11-01,20062007camelinap34,135,54.11082216443288,15.003000600120032,30.886177235447093,Sandy clay loam,0.09584533113944872,0.11663244353182707,0.17211774325429238,409055.5915,3659280.75
2006,2006-11-01,20062007camelinap34,165,61.12,13.0,25.880000000000003,Sandy clay loam,0.08081632653061241,0.09562729873314217,0.14076484947111506,409055.5915,3659280.75
2006,2006-11-01,20062007camelinap35,15,66.12,13.0,20.880000000000003,Sandy clay loam,0.07049180327868848,0.08142389525368228,0.13716632443531845,409067.7495999999,3659280.536
2006,2006-11-01,20062007camelinap35,45,66.1403158105137,13.991605036977802,19.868079152508496,Sandy clay loam,0.06715806715806717,0.07682926829268293,0.13116776315789463,409067.7495999999,3659280.536
2006,2006-11-01,20062007camelinap35,75,63.1126225245049,13.002600520104025,23.88477695539108,Sandy clay loam,0.08158220024721866,0.0952965235173823,0.1582174979558465,409067.7495999999,3659280.536
2006,2006-11-01,20062007camelinap35,105,61.13554578168733,11.9952019192323,26.869252299080372,Sandy clay loam,0.08518518518518521,0.10361842105263146,0.16898527004910024,409067.7495999999,3659280.536
2006,2006-11-01,20062007camelinap35,135,45.10902180436087,20.004000800160043,34.88697739547909,Sandy clay ,0.10693641618497124,0.12169966996699683,0.18973305954825415,409067.7495999999,3659280.536
2006,2006-11-01,20062007camelinap35,165,62.112422484496896,13.002600520104025,24.88497699539908,Sandy loam,0.07673267326732673,0.08445532435740546,0.1430914309143095,409067.7495999999,3659280.536
2006,2006-11-01,20062007camelinap36,15,64.12717456508697,13.997200559888029,21.875624875025,Sandy clay loam,0.0703414232826001,0.06603384234420116,0.14728682170542634,409079.94630000007,3659280.316
2006,2006-11-01,20062007camelinap36,45,62.12,14.0,23.880000000000003,Sandy clay loam,0.06946826758147533,0.07752255947497953,0.14848236259228897,409079.94630000007,3659280.316
2006,2006-11-01,20062007camelinap36,75,69.10764305722287,13.005202080832348,17.887154861944783,Sandy loam,0.05720164609053499,0.0741195741195742,0.12690564482900754,409079.94630000007,3659280.316
2006,2006-11-01,20062007camelinap36,105,69.13851688986608,12.992204677193683,17.869278432940238,Sandy loam,0.05412054120541235,0.06352459016393491,0.13399095766543384,409079.94630000007,3659280.316
2006,2006-11-01,20062007camelinap36,135,69.14468425259791,11.990407673860915,18.86490807354117,Sandy loam,0.1605738084220268,0.11549100968188117,0.14000000000000032,409079.94630000007,3659280.316
2006,2006-11-01,20062007camelinap36,165,67.12,12.0,20.880000000000003,Sandy clay loam,0.07136963696369594,0.08084932625561471,0.16694078947368424,409079.94630000007,3659280.316
2006,2006-11-01,20062007camelinap37,15,65.12,12.0,22.880000000000003,Sandy clay loam,0.07049180327868848,0.08142389525368228,0.12484599589322411,409092.1471,3659280.0950000007
2006,2006-11-01,20062007camelinap37,45,65.13394642143142,9.996001599360255,24.87005197920832,Sandy clay loam,0.06715806715806717,0.07682926829268293,0.11883223684210527,409092.1471,3659280.0950000007
2006,2006-11-01,20062007camelinap37,75,68.12,13.0,18.880000000000003,Sandy clay loam,0.08158220024721866,0.0952965235173823,0.170482420278005,409092.1471,3659280.0950000007
2006,2006-11-01,20062007camelinap37,105,67.12,14.0,18.880000000000003,Sandy loam,0.08497536945812807,0.10361842105263146,0.16898527004910024,409092.1471,3659280.0950000007
2006,2006-11-01,20062007camelinap37,135,65.12,12.0,22.880000000000003,Sandy clay loam,0.10693641618497124,0.12169966996699683,0.19794661190965057,409092.1471,3659280.0950000007
2006,2006-11-01,20062007camelinap37,165,60.12797440511897,14.997000599880025,24.875024995001002,Sandy clay loam,0.07673267326732673,0.08853529171766633,0.1430914309143095,409092.1471,3659280.0950000007
2006,2006-11-01,20062007camelinap38,15,66.93322670931627,13.3546581367453,19.712115153938427,Sandy clay loam,0.06609972941631236,0.08190618019359654,0.15363030515608544,409104.3304,3659279.877
2006,2006-11-01,20062007camelinap38,45,64.92701459708059,12.357528494301135,22.715456908618282,Sandy clay loam,0.06932849364791276,0.0835390946502058,0.16294736842105256,409104.3304,3659279.877
2006,2006-11-01,20062007camelinap38,75,60.7118576284743,11.573685262947407,27.714457108578287,Sandy clay loam,0.08695652173913025,0.10346420323325614,0.20029839612085007,409104.3304,3659279.877
2006,2006-11-01,20062007camelinap38,105,53.12,16.439999999999998,30.44,Sandy clay loam,0.09128978224455642,0.11065989847715774,0.21301775147928986,409104.3304,3659279.877
2006,2006-11-01,20062007camelinap38,135,70.12,7.439999999999998,22.439999999999998,Sandy clay loam,0.07511556240369811,0.08797127468581692,0.17674600078033556,409104.3304,3659279.877
2006,2006-11-01,20062007camelinap38,165,71.12,6.439999999999998,22.439999999999998,Sandy clay loam,0.07224185316058121,0.09137291280148485,0.1735571019238639,409104.3304,3659279.877
2006,2006-11-01,20062007camelinap41,15,65.66686662667468,10.817836432713449,23.515296940611883,Sandy clay loam,0.06681432262827593,0.08342686120463914,0.15277239240015503,409018.7681,3659262.879
2006,2006-11-01,20062007camelinap41,45,65.61712342468495,9.857971594318855,24.5249049809962,Sandy clay loam,0.06907894736842105,0.08566019876952177,0.15975855130784675,409018.7681,3659262.879
2006,2006-11-01,20062007camelinap41,75,58.66826634673066,11.817636472705445,29.51409718056389,Sandy clay loam,0.1045777426992899,0.12472454825914489,0.20796130952380965,409018.7681,3659262.879
2006,2006-11-01,20062007camelinap41,105,44.6489297859572,17.823564712942584,37.52750550110022,Sandy clay ,0.10976103685702718,0.1354691075514878,0.2216681776971895,409018.7681,3659262.879
2006,2006-11-01,20062007camelinap41,135,73.66,7.819999999999993,18.520000000000003,Sandy clay ,0.0917894736842105,0.11417513304305754,0.21613049388309905,409018.7681,3659262.879
2006,2006-11-01,20062007camelinap41,165,46.6493298659732,18.82376475295058,34.52690538107622,Sandy clay loam,0.09278350515463901,0.11130359462970983,0.21292929292929305,409018.7681,3659262.879
2006,2006-11-01,20062007camelinap42,15,65.13394642143142,11.995201919232315,22.870851659336267,Sandy clay loam,0.0708985985160758,0.07881773399014785,0.1461318051575931,409030.9443,3659262.665
2006,2006-11-01,20062007camelinap42,45,67.10684273709482,9.003601440576233,23.889555822328937,Sandy clay loam,0.0789256198347106,0.0816326530612245,0.15330867242087975,409030.9443,3659262.665
2006,2006-11-01,20062007camelinap42,75,55.15587529976019,15.987210231814544,28.856914468425266,Sandy clay loam,0.11156685808039374,0.12427983539094631,0.21487603305785138,409030.9443,3659262.665
2006,2006-11-01,20062007camelinap42,105,48.12,15.0,36.88,Sandy clay loam,0.10938140106513729,0.12684729064039424,0.20891824938067727,409030.9443,3659262.665
2006,2006-11-01,20062007camelinap42,135,59.12,13.0,27.880000000000006,Sandy clay loam,0.07857142857142875,0.09090909090909104,0.1771475544595151,409030.9443,3659262.665
2006,2006-11-01,20062007camelinap42,165,63.12,11.0,25.880000000000003,Sandy clay loam,0.07625362619146306,0.10004133939644486,0.18977505112474438,409030.9443,3659262.665
2006,2006-11-01,20062007camelinap43,15,67.12657468506298,9.998000399920016,22.875424915017,Sandy clay loam,0.07224025974025979,0.07426948051948074,0.14262494920763877,409043.1345,3659262.448
2006,2006-11-01,20062007camelinap43,45,68.10724289715886,9.003601440576233,22.88915566226491,Sandy clay loam,0.06932337069323379,0.06991869918699184,0.13257421716144735,409043.1345,3659262.448
2006,2006-11-01,20062007camelinap43,75,59.1118223644729,13.00260052010401,27.88557711542309,Sandy clay loam,0.10289794204115928,0.10101832993890039,0.19787841697266395,409043.1345,3659262.448
2006,2006-11-01,20062007camelinap43,105,47.13057388522295,19.996000799840033,32.873425314937016,Sandy clay loam,0.11387163561076573,0.13807358412567192,0.21649484536082475,409043.1345,3659262.448
2006,2006-11-01,20062007camelinap43,135,62.127574485102976,10.997800439912012,26.87462507498501,Sandy clay,0.07917525773195884,0.09124386252045814,0.16987310683585716,409043.1345,3659262.448
2006,2006-11-01,20062007camelinap43,165,56.1463122126724,14.991005396761935,28.862682390565663,Sandy clay loam,0.07796471070988914,0.09595753368721935,0.18459657701711432,409043.1345,3659262.448
2006,2006-11-01,20062007camelinap44,15,68.12637472505499,7.99840031993601,23.875224955009003,Sandy clay loam,0.06474519632414358,0.07774578362813661,0.15188335358444716,409055.2321,3659262.231
2006,2006-11-01,20062007camelinap44,45,62.12,11.0,26.880000000000003,Sandy clay loam,0.08147229114971045,0.09371146732429103,0.18526058631921866,409055.2321,3659262.231
2006,2006-11-01,20062007camelinap44,75,56.11122224444889,15.003000600120032,28.885777155431086,Sandy clay loam,0.09983566146261329,0.11234112341123453,0.2120098039215685,409055.2321,3659262.231
2006,2006-11-01,20062007camelinap44,105,49.12,18.0,32.88,Sandy clay loam,0.09681528662420388,0.11624072547403103,0.20368852459016384,409055.2321,3659262.231
2006,2006-11-01,20062007camelinap44,135,47.13057388522295,17.996400719856027,34.87302539492102,Sandy clay loam,0.10470538363713434,0.12360479536998736,0.2089490968801315,409055.2321,3659262.231
2006,2006-11-01,20062007camelinap44,165,63.1126225245049,11.002200440088018,25.885177035407082,Sandy clay loam,0.07830820770519221,0.07806080525883344,0.14529914529914564,409055.2321,3659262.231
2006,2006-11-01,20062007camelinap45,15,66.48670265946811,13.357328534293146,20.155968806238754,Sandy clay loam,0.06610576923076918,0.07712082262210784,0.14236410698878363,409067.5148,3659262.008
2006,2006-11-01,20062007camelinap45,45,62.48750249950009,15.356928614277152,22.15556888622276,Sandy clay loam,0.07159533073929916,0.07645525629887047,0.1581272084805653,409067.5148,3659262.008
2006,2006-11-01,20062007camelinap45,75,51.48970205958808,16.356728654269148,32.153569286142776,Sandy clay loam,0.09986973512809398,0.11994002998500744,0.23013415892672862,409067.5148,3659262.008
2006,2006-11-01,20062007camelinap45,105,52.760000000000005,16.079999999999984,31.160000000000004,Sandy clay loam,0.09090909090909104,0.11644154634373544,0.2334979793444096,409067.5148,3659262.008
2006,2006-11-01,20062007camelinap45,135,58.544,14.295999999999992,27.160000000000007,Sandy clay loam,0.07655502392344504,0.09216789268714823,0.17687366167023533,409067.5148,3659262.008
2006,2006-11-01,20062007camelinap45,165,78.54829034193162,3.2953409318136266,18.156368726254755,Sandy loam,0.064673157162726,0.07306985294117631,0.13643067846607626,409067.5148,3659262.008
2006,2006-11-01,20062007camelinap46,15,67.84,13.0,19.160000000000004,Sandy loam,0.054882664647994066,0.06021840873634967,0.11341757972485715,409079.712,3659261.7950000004
2006,2006-11-01,20062007camelinap46,45,67.84643071385722,13.997200559888029,18.156368726254755,Sandy loam,0.05453257790368294,0.057522123893805246,0.11842540522659602,409079.712,3659261.7950000004
2006,2006-11-01,20062007camelinap46,75,70.828331332533,12.004801920768315,17.166866746698684,Sandy loam,0.059055118110235914,0.06046931407942255,0.11493161094224959,409079.712,3659261.7950000004
2006,2006-11-01,20062007camelinap46,105,65.85365853658536,11.995201919232315,22.151139544182328,Sandy clay loam,0.07163531114327078,0.07464490782713806,0.12647322351643814,409079.712,3659261.7950000004
2006,2006-11-01,20062007camelinap46,135,62.83256651330266,13.00260052010401,24.164832966593323,Sandy clay loam,0.07746478873239396,0.08109942314217826,0.13006238764936018,409079.712,3659261.7950000004
2006,2006-11-01,20062007camelinap46,165,71.84563087382523,6.998600279944014,21.155768846230757,Sandy clay loam,0.07908351810790837,0.08290322580645162,0.1392179133538863,409079.712,3659261.7950000004
2006,2006-11-01,20062007camelinap47,15,64.10564225690275,13.005202080832333,22.88915566226491,Sandy clay loam,0.07529507529507565,0.0772357723577232,0.17524048515265567,409091.8936,3659261.577
2006,2006-11-01,20062007camelinap47,45,65.12697460507897,7.9984003199360245,26.87462507498501,Sandy clay loam,0.0868678629690047,0.09098327213382311,0.19067271976888175,409091.8936,3659261.577
2006,2006-11-01,20062007camelinap47,75,49.150509694183484,17.989206476114333,32.86028382970218,Sandy clay loam,0.10868670234664471,0.13105998356614618,0.16570008285004134,409091.8936,3659261.577
2006,2006-11-01,20062007camelinap47,105,59.12,13.0,27.880000000000006,Sandy clay loam,0.0930424042815976,0.10878489326765212,0.18574958813838507,409091.8936,3659261.577
2006,2006-11-01,20062007camelinap47,135,58.12837432513497,13.997200559888029,27.874425114977008,Sandy clay loam,0.09563066776586947,0.11302211302211329,0.2171592775041054,409091.8936,3659261.577
2006,2006-11-01,20062007camelinap47,165,61.12,16.0,22.880000000000003,Sandy clay loam,0.08346972176759376,0.07936507936507949,0.1452468380252959,409091.8936,3659261.577
2006,2006-11-01,20062007camelinap48,15,65.11302260452089,11.362272454490906,23.5247049409882,Sandy clay loam,0.0688767299645961,0.08055451479955061,0.14869029275808934,409104.0964,3659261.36
2006,2006-11-01,20062007camelinap48,45,67.12657468506298,8.358328334333137,24.515096980603886,Sandy clay loam,0.06856730422230264,0.08120903131828074,0.14834140887066702,409104.0964,3659261.36
2006,2006-11-01,20062007camelinap48,75,61.13554578168733,11.35545781687324,27.50899640143943,Sandy clay loam,0.08695652173913059,0.09999999999999977,0.18219633943427602,409104.0964,3659261.36
2006,2006-11-01,20062007camelinap48,105,49.13017396520695,14.357128574285156,36.5126974605079,Sandy clay loam,0.09830508474576238,0.11581811115429418,0.20408981555733777,409104.0964,3659261.36
2006,2006-11-01,20062007camelinap48,135,65.11302260452089,7.361472294458906,27.525505101020205,Sandy clay loam,0.07975895072669267,0.09825493171471883,0.18189070602313503,409104.0964,3659261.36
2006,2006-11-01,20062007camelinap48,165,76.11522304460891,7.361472294458906,16.52330466093219,Sandy clay loam,0.0582456140350876,0.11031042128603157,0.11303145523677878,409104.0964,3659261.36
2007,2007-05-01,2007cottonp02,15,64.4,18.159999999999997,17.439999999999998,Sandy loam,,,,409032.5042,3659352.669
2007,2007-05-01,2007cottonp02,45,62.03999999999999,20.52000000000001,17.439999999999998,Sandy loam,,,,409032.5042,3659352.669
2007,2007-05-01,2007cottonp02,75,67.04659068186362,19.516096780643878,13.437312537492499,Sandy loam,,,,409032.5042,3659352.669
2007,2007-05-01,2007cottonp02,105,60.68786242751448,22.87542491501702,16.436712657468505,Sandy loam,,,,409032.5042,3659352.669
2007,2007-05-01,2007cottonp02,135,59.679999999999986,21.880000000000024,18.439999999999998,Sandy loam,,,,409032.5042,3659352.669
2007,2007-05-01,2007cottonp02,165,55.68886222755448,25.87482503499301,18.43631273745251,Sandy loam,,,,409032.5042,3659352.669
2007,2007-05-01,2007cottonp02,195,59.68806238752249,22.875424915016993,17.436512697460508,Sandy clay loam,,,,409032.5042,3659352.669
2007,2007-05-01,2007cottonp02,225,73.67999999999999,13.88000000000001,12.439999999999998,Sandy loam,,,,409032.5042,3659352.669
2007,2007-05-01,2007cottonp02,255,82.67999999999999,8.88000000000001,8.439999999999998,Sandy loam,,,,409032.5042,3659352.669
2007,2007-05-01,2007cottonp04,15,60.696000000000005,19.14399999999999,20.160000000000004,Sandy clay loam,,,,409056.8505,3659352.254
2007,2007-05-01,2007cottonp04,45,60.696000000000005,20.14399999999999,19.160000000000004,Sandy loam,,,,409056.8505,3659352.254
2007,2007-05-01,2007cottonp04,75,64.696,18.144000000000005,17.160000000000004,Sandy loam,,,,409056.8505,3659352.254
2007,2007-05-01,2007cottonp04,105,60.98380323935213,17.860427914417116,21.155768846230757,Sandy clay loam,,,,409056.8505,3659352.254
2007,2007-05-01,2007cottonp04,135,63.407318536292735,20.435912817436517,16.15676864627075,Sandy loam,,,,409056.8505,3659352.254
2007,2007-05-01,2007cottonp04,165,63.4,21.439999999999998,15.160000000000002,Sandy loam,,,,409056.8505,3659352.254
2007,2007-05-01,2007cottonp04,195,66.03999999999999,18.80000000000001,15.160000000000002,Sandy clay loam,,,,409056.8505,3659352.254
2007,2007-05-01,2007cottonp04,225,72.04559088182364,12.797440511897605,15.156968606278747,Sandy loam,,,,409056.8505,3659352.254
2007,2007-05-01,2007cottonp04,255,76.04479104179165,11.79764047190561,12.157568486302742,Sandy loam,,,,409056.8505,3659352.254
2007,2007-05-01,2007cottonp04,285,84.03999999999999,4.800000000000011,11.160000000000002,Sandy loam,,,,409056.8505,3659352.254
2007,2007-05-01,2007cottonp05,15,62.423515296940614,11.997600479904008,25.578884223155374,Sandy clay loam,,,,409069.0305,3659352.046
2007,2007-05-01,2007cottonp05,45,63.56728654269146,13.997200559888029,22.435512897420516,Sandy clay loam,,,,409069.0305,3659352.046
2007,2007-05-01,2007cottonp05,75,64.56708658268346,13.997200559888029,21.435712857428513,Sandy clay loam,,,,409069.0305,3659352.046
2007,2007-05-01,2007cottonp05,105,54.84,14.0,31.160000000000004,Sandy clay loam,,,,409069.0305,3659352.046
2007,2007-05-01,2007cottonp05,135,57.48,16.36,26.160000000000004,Sandy clay loam,,,,409069.0305,3659352.046
2007,2007-05-01,2007cottonp05,165,61.480000000000004,13.359999999999985,25.160000000000004,Sandy clay loam,,,,409069.0305,3659352.046
2007,2007-05-01,2007cottonp05,195,76.12477504499098,5.718856228754262,18.156368726254755,Sandy clay loam,,,,409069.0305,3659352.046
2007,2007-05-01,2007cottonp05,225,77.12,5.719999999999999,17.160000000000004,Sandy loam,,,,409069.0305,3659352.046
2007,2007-05-01,2007cottonp05,255,79.12,5.719999999999999,15.160000000000002,Sandy loam,,,,409069.0305,3659352.046
2007,2007-05-01,2007cottonp05,285,83.12,4.719999999999999,12.160000000000002,Sandy loam,,,,409069.0305,3659352.046
2007,2007-05-01,2007cottonp06,15,66.12,12.719999999999999,21.160000000000004,Sandy clay loam,,,,409081.2981,3659351.837
2007,2007-05-01,2007cottonp06,45,61.12777444511097,16.716656668666275,22.15556888622276,Sandy clay loam,,,,409081.2981,3659351.837
2007,2007-05-01,2007cottonp06,75,66.12677464507098,14.717056588682254,19.156168766246758,Sandy loam,,,,409081.2981,3659351.837
2007,2007-05-01,2007cottonp06,105,63.824000000000005,16.01599999999999,20.160000000000004,Sandy clay loam,,,,409081.2981,3659351.837
2007,2007-05-01,2007cottonp06,135,62.104000000000006,17.73599999999999,20.160000000000004,Sandy clay loam,,,,409081.2981,3659351.837
2007,2007-05-01,2007cottonp06,165,61.104,17.159999999999997,21.736,Sandy clay loam,,,,409081.2981,3659351.837
2007,2007-05-01,2007cottonp06,195,63.327334533093385,15.940811837632467,20.73185362927415,Sandy clay loam,,,,409081.2981,3659351.837
2007,2007-05-01,2007cottonp06,225,73.104,9.159999999999997,17.736,Sandy loam,,,,409081.2981,3659351.837
2007,2007-05-01,2007cottonp07,15,58.83999999999999,17.576000000000008,23.584000000000003,Sandy clay loam,,,,409093.4236,3659351.63
2007,2007-05-01,2007cottonp07,45,59.839999999999996,15.575999999999993,24.584000000000003,Sandy clay loam,,,,409093.4236,3659351.63
2007,2007-05-01,2007cottonp07,75,55.84883023395321,18.57228554289142,25.578884223155374,Sandy clay loam,,,,409093.4236,3659351.63
2007,2007-05-01,2007cottonp07,105,54.26514697060588,15.580883823235354,30.15396920615877,Sandy clay loam,,,,409093.4236,3659351.63
2007,2007-05-01,2007cottonp07,135,46.67999999999999,22.159999999999997,31.160000000000004,Sandy clay loam,,,,409093.4236,3659351.63
2007,2007-05-01,2007cottonp07,165,67.68646270745849,13.15736852629476,19.156168766246758,Sandy loam,,,,409093.4236,3659351.63
2007,2007-05-01,2007cottonp07,195,66.67999999999999,14.159999999999997,19.160000000000004,Sandy clay loam,,,,409093.4236,3659351.63
2007,2007-05-01,2007cottonp07,225,74.6850629874025,7.158568286342742,18.156368726254755,Sandy loam,,,,409093.4236,3659351.63
2007,2007-05-01,2007cottonp08,225,53.689262147570474,26.73065386922616,19.580083983203362,Sandy clay loam,,,,409105.6432,3659351.422
2007,2007-05-01,2007cottonp08,255,66.76,16.65599999999999,16.584000000000003,Sandy loam,,,,409105.6432,3659351.422
2007,2007-05-01,2007cottonp08,285,64.12717456508697,18.292341531693666,17.58048390321936,Sandy loam,,,,409105.6432,3659351.422
2007,2007-05-01,2007cottonp10,15,61.4,16.439999999999998,22.160000000000004,Sandy clay loam,,,,409009.3499,3659311.581
2007,2007-05-01,2007cottonp10,45,63.407318536292735,14.437112577484498,22.15556888622276,Sandy clay loam,,,,409009.3499,3659311.581
2007,2007-05-01,2007cottonp10,75,67.4,13.439999999999998,19.160000000000004,Sandy loam,,,,409009.3499,3659311.581
2007,2007-05-01,2007cottonp10,105,68.67999999999999,12.159999999999997,19.160000000000004,Sandy loam,,,,409009.3499,3659311.581
2007,2007-05-01,2007cottonp10,135,67.67999999999999,14.159999999999997,18.160000000000004,Sandy loam,,,,409009.3499,3659311.581
2007,2007-05-01,2007cottonp10,165,66.824,17.01599999999999,16.160000000000004,Sandy loam,,,,409009.3499,3659311.581
2007,2007-05-01,2007cottonp10,195,67.536,15.304000000000002,17.160000000000004,Sandy loam,,,,409009.3499,3659311.581
2007,2007-05-01,2007cottonp10,225,66.96000000000001,12.879999999999995,20.160000000000004,Sandy clay loam,,,,409009.3499,3659311.581
2007,2007-05-01,2007cottonp10,255,72.60547890421917,9.238152369526077,18.156368726254755,Sandy loam,,,,409009.3499,3659311.581
2007,2007-05-01,2007cottonp10,285,69.6,11.240000000000009,19.160000000000004,Sandy loam,,,,409009.3499,3659311.581
2007,2007-05-01,2007cottonp11,15,60.84783043391321,15.57288542291542,23.57928414317137,Sandy clay loam,,,,409019.9648,3659325.851
2007,2007-05-01,2007cottonp11,45,59.984,16.431999999999988,23.584000000000003,Sandy clay loam,,,,409019.9648,3659325.851
2007,2007-05-01,2007cottonp11,75,57.984,17.431999999999988,24.584000000000003,Sandy clay loam,,,,409019.9648,3659325.851
2007,2007-05-01,2007cottonp11,105,33.98400000000001,26.431999999999988,39.584,Clay loam,,,,409019.9648,3659325.851
2007,2007-05-01,2007cottonp11,135,44.2,24.215999999999994,31.584,Sandy clay loam,,,,409019.9648,3659325.851
2007,2007-05-01,2007cottonp11,165,62.2,14.215999999999994,23.584000000000003,Sandy clay loam,,,,409019.9648,3659325.851
2007,2007-05-01,2007cottonp11,195,69.20615876824635,11.21375724855028,19.580083983203362,Sandy clay loam,,,,409019.9648,3659325.851
2007,2007-05-01,2007cottonp11,225,76.20475904819037,6.214757048590272,17.58048390321936,Sandy loam,,,,409019.9648,3659325.851
2007,2007-05-01,2007cottonp11,255,70.20595880823835,13.2133573285343,16.580683863227357,Sandy loam,,,,409019.9648,3659325.851
2007,2007-05-01,2007cottonp11,285,56.208758248350335,17.212557488502284,26.578684263147373,Sandy clay loam,,,,409019.9648,3659325.851
2007,2007-05-01,2007cottonp12,15,63.839999999999996,12.0,24.160000000000004,Sandy clay loam,,,,409032.1599000001,3659325.642
2007,2007-05-01,2007cottonp12,45,68.84,8.0,23.160000000000004,Sandy clay loam,,,,409032.1599000001,3659325.642
2007,2007-05-01,2007cottonp12,75,66.84663067386522,14.997000599880025,18.156368726254755,Sandy loam,,,,409032.1599000001,3659325.642
2007,2007-05-01,2007cottonp12,105,67.84643071385722,14.997000599880039,17.15656868626275,Sandy loam,,,,409032.1599000001,3659325.642
2007,2007-05-01,2007cottonp12,135,65.84683063387321,12.997400519896033,21.155768846230757,Sandy clay loam,,,,409032.1599000001,3659325.642
2007,2007-05-01,2007cottonp12,165,65.84,12.0,22.160000000000004,Sandy clay loam,,,,409032.1599000001,3659325.642
2007,2007-05-01,2007cottonp12,195,63.84723055388921,11.997600479904023,24.155168966206762,Sandy clay loam,,,,409032.1599000001,3659325.642
2007,2007-05-01,2007cottonp12,225,75.84,7.0,17.160000000000004,Sandy loam,,,,409032.1599000001,3659325.642
2007,2007-05-01,2007cottonp12,255,77.84443111377723,6.998600279944014,15.156968606278747,Sandy loam,,,,409032.1599000001,3659325.642
2007,2007-05-01,2007cottonp12,285,66.84,12.0,21.160000000000004,Sandy clay loam,,,,409032.1599000001,3659325.642
2007,2007-05-01,2007cottonp13,15,66.12677464507098,14.293141371725653,19.580083983203362,Sandy clay loam,,,,409044.3515,3659325.435
2007,2007-05-01,2007cottonp13,45,65.98280343931214,15.580883823235354,18.43631273745251,Sandy loam,,,,409044.3515,3659325.435
2007,2007-05-01,2007cottonp13,75,74.76,12.799999999999997,12.439999999999998,Sandy loam,,,,409044.3515,3659325.435
2007,2007-05-01,2007cottonp13,105,76.40471905618875,12.15756848630275,11.437712457508496,Sandy loam,,,,409044.3515,3659325.435
2007,2007-05-01,2007cottonp13,135,75.4,13.159999999999997,11.439999999999998,Sandy loam,,,,409044.3515,3659325.435
2007,2007-05-01,2007cottonp13,165,72.40551889622074,16.156768646270763,11.437712457508496,Sandy loam,,,,409044.3515,3659325.435
2007,2007-05-01,2007cottonp13,195,74.4,14.159999999999997,11.439999999999998,Sandy clay loam,,,,409044.3515,3659325.435
2007,2007-05-01,2007cottonp13,225,71.67999999999999,13.88000000000001,14.439999999999998,Sandy loam,,,,409044.3515,3659325.435
2007,2007-05-01,2007cottonp13,255,81.68366326734652,6.878624275144986,11.437712457508496,Sandy loam,,,,409044.3515,3659325.435
2007,2007-05-01,2007cottonp13,285,75.67999999999999,10.88000000000001,13.439999999999996,Sandy loam,,,,409044.3515,3659325.435
2007,2007-05-01,2007cottonp15,15,61.84763047390521,15.99680063987202,22.15556888622276,Sandy clay loam,,,,409068.7247,3659325.019
2007,2007-05-01,2007cottonp15,45,64.84,14.0,21.160000000000004,Sandy clay loam,,,,409068.7247,3659325.019
2007,2007-05-01,2007cottonp15,75,68.84,13.0,18.160000000000004,Sandy loam,,,,409068.7247,3659325.019
2007,2007-05-01,2007cottonp15,105,68.76624675064987,13.077384523095375,18.156368726254755,Sandy loam,,,,409068.7247,3659325.019
2007,2007-05-01,2007cottonp15,135,63.4,13.439999999999998,23.160000000000004,Sandy clay loam,,,,409068.7247,3659325.019
2007,2007-05-01,2007cottonp15,165,66.4,11.439999999999998,22.160000000000004,Sandy clay loam,,,,409068.7247,3659325.019
2007,2007-05-01,2007cottonp15,195,65.03999999999999,13.800000000000011,21.160000000000004,Sandy clay loam,,,,409068.7247,3659325.019
2007,2007-05-01,2007cottonp15,225,70.03999999999999,10.800000000000011,19.160000000000004,Sandy loam,,,,409068.7247,3659325.019
2007,2007-05-01,2007cottonp15,255,70.03999999999999,9.800000000000011,20.160000000000004,Sandy clay loam,,,,409068.7247,3659325.019
2007,2007-05-01,2007cottonp15,285,73.03999999999999,8.800000000000011,18.160000000000004,Sandy loam,,,,409068.7247,3659325.019
2007,2007-05-01,2007cottonp16,15,64.84703059388121,13.357328534293146,21.795640871825636,Sandy clay loam,,,,409080.9156,3659324.81
2007,2007-05-01,2007cottonp16,45,65.696,15.504000000000005,18.8,Sandy loam,,,,409080.9156,3659324.81
2007,2007-05-01,2007cottonp16,75,67.70245950809839,16.500699860027993,15.796840631873627,Sandy loam,,,,409080.9156,3659324.81
2007,2007-05-01,2007cottonp16,105,64.70305938812238,18.500299940011985,16.796640671865628,Sandy loam,,,,409080.9156,3659324.81
2007,2007-05-01,2007cottonp16,135,63.839999999999996,19.36,16.8,Sandy loam,,,,409080.9156,3659324.81
2007,2007-05-01,2007cottonp16,165,46.57068586282743,20.635872825434916,32.79344131173765,Sandy clay loam,,,,409080.9156,3659324.81
2007,2007-05-01,2007cottonp16,195,54.559999999999995,20.855999999999995,24.584000000000003,Sandy clay loam,,,,409080.9156,3659324.81
2007,2007-05-01,2007cottonp16,225,73.56,7.8559999999999945,18.584000000000003,Sandy loam,,,,409080.9156,3659324.81
2007,2007-05-01,2007cottonp16,255,65.40691861627673,13.797240551889644,20.795840831833633,Sandy clay loam,,,,409080.9156,3659324.81
2007,2007-05-01,2007cottonp16,285,67.40651869626075,14.797040591881625,17.79644071185763,Sandy loam,,,,409080.9156,3659324.81
2007,2007-05-01,2007cottonp17,15,63.839999999999996,13.144000000000005,23.016,Sandy clay loam,,,,409093.0847,3659324.604
2007,2007-05-01,2007cottonp17,45,64.84,11.144000000000005,24.016,Sandy clay loam,,,,409093.0847,3659324.604
2007,2007-05-01,2007cottonp17,75,66.84,13.144000000000005,20.016,Sandy clay loam,,,,409093.0847,3659324.604
2007,2007-05-01,2007cottonp17,105,71.76,11.079999999999984,17.160000000000004,Sandy loam,,,,409093.0847,3659324.604
2007,2007-05-01,2007cottonp17,135,58.408318336332734,16.07678464307139,25.514897020595882,Sandy clay loam,,,,409093.0847,3659324.604
2007,2007-05-01,2007cottonp17,165,67.40651869626075,13.077384523095375,19.516096780643874,Sandy loam,,,,409093.0847,3659324.604
2007,2007-05-01,2007cottonp17,195,76.4,6.079999999999984,17.520000000000003,Sandy loam,,,,409093.0847,3659324.604
2007,2007-05-01,2007cottonp17,225,71.40571885622875,8.078384323135381,20.515896820635877,Sandy clay loam,,,,409093.0847,3659324.604
2007,2007-05-01,2007cottonp17,255,68.256,11.22399999999999,20.520000000000003,Sandy clay loam,,,,409093.0847,3659324.604
2007,2007-05-01,2007cottonp18,165,57.68846230753848,22.515496900619894,19.796040791841634,Sandy clay loam,,,,409105.2747,3659324.395
2007,2007-05-01,2007cottonp18,195,68.6862627474505,15.51689662067588,15.796840631873627,Sandy loam,,,,409105.2747,3659324.395
2007,2007-05-01,2007cottonp18,225,67.67999999999999,16.52000000000001,15.8,Sandy loam,,,,409105.2747,3659324.395
2007,2007-05-01,2007cottonp18,255,55.67999999999999,23.52000000000001,20.8,Sandy clay loam,,,,409105.2747,3659324.395
2007,2007-05-01,2007cottonp18,285,62.67999999999999,20.52000000000001,16.8,Sandy loam,,,,409105.2747,3659324.395
2007,2007-05-01,2007cottonp21,15,62.70345930813838,13.50129974005199,23.79524095180964,Sandy clay loam,,,,409019.7247,3659307.3600000003
2007,2007-05-01,2007cottonp21,45,65.7028594281144,11.861627674465097,22.435512897420516,Sandy clay loam,,,,409019.7247,3659307.3600000003
2007,2007-05-01,2007cottonp21,75,50.696000000000005,16.864000000000004,32.44,Sandy clay loam,,,,409019.7247,3659307.3600000003
2007,2007-05-01,2007cottonp21,105,52.400000000000006,16.159999999999997,31.439999999999994,Sandy clay loam,,,,409019.7247,3659307.3600000003
2007,2007-05-01,2007cottonp21,135,56.40871825634872,16.156768646270763,27.434513097380524,Sandy clay loam,,,,409019.7247,3659307.3600000003
2007,2007-05-01,2007cottonp21,165,60.40791841631673,12.79744051189762,26.794641071785648,Sandy clay loam,,,,409019.7247,3659307.3600000003
2007,2007-05-01,2007cottonp21,195,56.68866226754648,14.51709658068387,28.79424115176965,Sandy clay loam,,,,409019.7247,3659307.3600000003
2007,2007-05-01,2007cottonp21,225,73.67999999999999,7.52000000000001,18.8,Sandy loam,,,,409019.7247,3659307.3600000003
2007,2007-05-01,2007cottonp21,255,72.68546290741851,10.517896420715857,16.796640671865628,Sandy loam,,,,409019.7247,3659307.3600000003
2007,2007-05-01,2007cottonp22,15,63.839999999999996,14.144000000000005,22.016,Sandy clay loam,,,,409031.9101,3659307.152
2007,2007-05-01,2007cottonp22,45,62.2,14.0,23.8,Sandy clay loam,,,,409031.9101,3659307.152
2007,2007-05-01,2007cottonp22,75,48.416,18.784000000000006,32.8,Sandy clay loam,,,,409031.9101,3659307.152
2007,2007-05-01,2007cottonp22,105,42.411517696460706,22.79544091181765,34.79304139172165,Sandy clay loam,,,,409031.9101,3659307.152
2007,2007-05-01,2007cottonp22,135,49.4,20.584000000000003,30.016,Sandy clay loam,,,,409031.9101,3659307.152
2007,2007-05-01,2007cottonp22,165,53.400000000000006,17.584000000000003,29.016,Sandy clay loam,,,,409031.9101,3659307.152
2007,2007-05-01,2007cottonp22,195,69.40611877624474,10.437912417516515,20.155968806238754,Sandy clay loam,,,,409031.9101,3659307.152
2007,2007-05-01,2007cottonp22,225,76.40471905618875,7.438512297540498,16.15676864627075,Sandy loam,,,,409031.9101,3659307.152
2007,2007-05-01,2007cottonp22,255,73.2613477304539,9.726054789042195,17.0125974805039,Sandy loam,,,,409031.9101,3659307.152
2007,2007-05-01,2007cottonp22,285,68.26234753049391,11.725654869026187,20.0119976004799,Sandy clay loam,,,,409031.9101,3659307.152
2007,2007-05-01,2007cottonp23,15,65.40691861627673,13.437312537492517,21.155768846230757,Sandy clay loam,,,,409044.1219,3659306.944
2007,2007-05-01,2007cottonp23,45,68.40631873625273,12.437512497500506,19.156168766246758,Sandy loam,,,,409044.1219,3659306.944
2007,2007-05-01,2007cottonp23,75,73.4,12.439999999999998,14.160000000000004,Sandy loam,,,,409044.1219,3659306.944
2007,2007-05-01,2007cottonp23,105,76.256,9.584000000000003,14.160000000000004,Sandy loam,,,,409044.1219,3659306.944
2007,2007-05-01,2007cottonp23,135,74.4,11.439999999999998,14.160000000000004,Sandy loam,,,,409044.1219,3659306.944
2007,2007-05-01,2007cottonp23,165,71.976,3.8640000000000043,24.160000000000004,Sandy clay loam,,,,409044.1219,3659306.944
2007,2007-05-01,2007cottonp23,195,77.12,7.719999999999999,15.160000000000002,Sandy loam,,,,409044.1219,3659306.944
2007,2007-05-01,2007cottonp23,225,81.53969206158769,5.302939412117567,13.157368526294743,Sandy loam,,,,409044.1219,3659306.944
2007,2007-05-01,2007cottonp23,255,82.32,5.52000000000001,12.160000000000002,Sandy loam,,,,409044.1219,3659306.944
2007,2007-05-01,2007cottonp23,285,75.3249350129974,9.518096380723847,15.156968606278747,Sandy loam,,,,409044.1219,3659306.944
2007,2007-05-01,2007cottonp24,15,63.12,14.719999999999999,22.160000000000004,Sandy clay loam,,,,409056.28369999997,3659306.737
2007,2007-05-01,2007cottonp24,45,61.12777444511097,14.717056588682269,24.155168966206762,Sandy clay loam,,,,409056.28369999997,3659306.737
2007,2007-05-01,2007cottonp24,75,44.12,20.72,35.160000000000004,Clay loam,,,,409056.28369999997,3659306.737
2007,2007-05-01,2007cottonp24,105,36.4,23.439999999999998,40.160000000000004,Clay,,,,409056.28369999997,3659306.737
2007,2007-05-01,2007cottonp24,135,52.40951809638072,19.292141571685676,28.29834033193361,Sandy clay loam,,,,409056.28369999997,3659306.737
2007,2007-05-01,2007cottonp24,165,48.4,25.08,26.520000000000003,Sandy clay loam,,,,409056.28369999997,3659306.737
2007,2007-05-01,2007cottonp24,195,77.4,10.079999999999984,12.520000000000007,Sandy loam,,,,409056.28369999997,3659306.737
2007,2007-05-01,2007cottonp24,225,78.40863654538184,11.435425829668134,10.155937624950022,Sandy loam,,,,409056.28369999997,3659306.737
2007,2007-05-01,2007cottonp24,255,77.54049190161967,9.942011597680462,12.517496500699865,Sandy loam,,,,409056.28369999997,3659306.737
2007,2007-05-01,2007cottonp24,285,79.536,5.943999999999988,14.520000000000005,Sandy loam,,,,409056.28369999997,3659306.737
2007,2007-05-01,2007cottonp25,15,63.263999999999996,16.575999999999993,20.160000000000004,Sandy clay loam,,,,409068.4911,3659306.529
2007,2007-05-01,2007cottonp25,45,67.47999999999999,13.360000000000014,19.160000000000004,Sandy loam,,,,409068.4911,3659306.529
2007,2007-05-01,2007cottonp25,75,70.47999999999999,11.360000000000014,18.160000000000004,Sandy loam,,,,409068.4911,3659306.529
2007,2007-05-01,2007cottonp25,105,67.47999999999999,12.360000000000014,20.160000000000004,Sandy clay loam,,,,409068.4911,3659306.529
2007,2007-05-01,2007cottonp25,135,68.544,13.295999999999992,18.160000000000004,Sandy loam,,,,409068.4911,3659306.529
2007,2007-05-01,2007cottonp25,165,70.40591881623675,13.437312537492502,16.15676864627075,Sandy loam,,,,409068.4911,3659306.529
2007,2007-05-01,2007cottonp25,195,74.40511897620475,6.438712257548502,19.156168766246758,Sandy loam,,,,409068.4911,3659306.529
2007,2007-05-01,2007cottonp25,225,76.4,6.439999999999998,17.160000000000004,Sandy loam,,,,409068.4911,3659306.529
2007,2007-05-01,2007cottonp25,255,79.4,4.439999999999998,16.160000000000004,Sandy loam,,,,409068.4911,3659306.529
2007,2007-05-01,2007cottonp25,285,78.40431913617275,4.43911217756451,17.15656868626275,Sandy loam,,,,409068.4911,3659306.529
2007,2007-05-01,2007cottonp26,15,66.84663067386522,18.71625674865028,14.437112577484502,Sandy loam,,,,409080.70379999996,3659306.32
2007,2007-05-01,2007cottonp26,45,71.84563087382523,14.717056588682269,13.437312537492499,Sandy loam,,,,409080.70379999996,3659306.32
2007,2007-05-01,2007cottonp26,75,63.839999999999996,18.72,17.439999999999998,Sandy loam,,,,409080.70379999996,3659306.32
2007,2007-05-01,2007cottonp26,105,60.040000000000006,20.519999999999996,19.439999999999998,Sandy loam,,,,409080.70379999996,3659306.32
2007,2007-05-01,2007cottonp26,135,59.832033593281345,23.731253749250158,16.436712657468505,Sandy loam,,,,409080.70379999996,3659306.32
2007,2007-05-01,2007cottonp26,165,55.824,25.736000000000004,18.439999999999998,Sandy loam,,,,409080.70379999996,3659306.32
2007,2007-05-01,2007cottonp26,195,76.03999999999999,8.52000000000001,15.439999999999998,Sandy clay loam,,,,409080.70379999996,3659306.32
2007,2007-05-01,2007cottonp26,225,75.03999999999999,9.52000000000001,15.439999999999998,Sandy loam,,,,409080.70379999996,3659306.32
2007,2007-05-01,2007cottonp26,255,79.40411917616476,9.158168366326748,11.437712457508496,Sandy loam,,,,409080.70379999996,3659306.32
2007,2007-05-01,2007cottonp26,285,62.67999999999999,25.88000000000001,11.439999999999998,Sandy loam,,,,409080.70379999996,3659306.32
2007,2007-05-01,2007cottonp27,15,64.256,13.584000000000003,22.160000000000004,Sandy clay loam,,,,409092.8648,3659306.113
2007,2007-05-01,2007cottonp27,45,56.40871825634872,16.43671265746852,27.154569086182768,Sandy clay loam,,,,409092.8648,3659306.113
2007,2007-05-01,2007cottonp27,75,44.256,20.584000000000003,35.160000000000004,Sandy clay loam,,,,409092.8648,3659306.113
2007,2007-05-01,2007cottonp27,105,32.67999999999999,27.01600000000002,40.303999999999995,Clay,,,,409092.8648,3659306.113
2007,2007-05-01,2007cottonp27,135,50.67999999999999,11.01600000000002,38.303999999999995,Sandy clay loam,,,,409092.8648,3659306.113
2007,2007-05-01,2007cottonp27,165,71.6856628674265,8.014397120575893,20.2999400119976,Sandy clay loam,,,,409092.8648,3659306.113
2007,2007-05-01,2007cottonp27,195,76.67999999999999,7.0160000000000196,16.303999999999995,Sandy loam,,,,409092.8648,3659306.113
2007,2007-05-01,2007cottonp27,225,70.67999999999999,8.01600000000002,21.303999999999995,Sandy clay loam,,,,409092.8648,3659306.113
2007,2007-05-01,2007cottonp27,255,54.32,18.376000000000005,27.303999999999995,Sandy clay loam,,,,409092.8648,3659306.113
2007,2007-05-01,2007cottonp27,285,57.96,13.736000000000004,28.303999999999995,Sandy clay loam,,,,409092.8648,3659306.113
2007,2007-05-01,2007cottonp28,15,59.839999999999996,20.144000000000005,20.016,Sandy clay loam,,,,409105.0615,3659305.905
2007,2007-05-01,2007cottonp28,45,54.84,21.144000000000005,24.016,Sandy clay loam,,,,409105.0615,3659305.905
2007,2007-05-01,2007cottonp28,75,47.85042991401719,28.35432913417317,23.79524095180964,Sandy clay loam,,,,409105.0615,3659305.905
2007,2007-05-01,2007cottonp28,105,52.760000000000005,25.439999999999998,21.8,Sandy clay loam,,,,409105.0615,3659305.905
2007,2007-05-01,2007cottonp28,135,43.4113177364527,32.793441311737666,23.79524095180964,Sandy clay loam,,,,409105.0615,3659305.905
2007,2007-05-01,2007cottonp28,165,72.4,11.799999999999997,15.8,Sandy loam,,,,409105.0615,3659305.905
2007,2007-05-01,2007cottonp28,195,72.4,9.799999999999997,17.8,Sandy loam,,,,409105.0615,3659305.905
2007,2007-05-01,2007cottonp28,225,60.4,19.799999999999997,19.8,Sandy clay loam,,,,409105.0615,3659305.905
2007,2007-05-01,2007cottonp28,255,63.407318536292735,19.796040791841634,16.796640671865628,Sandy loam,,,,409105.0615,3659305.905
2007,2007-05-01,2007cottonp28,285,58.4,22.799999999999997,18.8,Sandy loam,,,,409105.0615,3659305.905
2007,2007-05-01,2007cottonp31,15,60.99180163967206,16.57268546290743,22.435512897420516,Sandy clay loam,,,,409019.3783,3659280.369
2007,2007-05-01,2007cottonp31,45,61.991601679664065,15.57288542291542,22.435512897420516,Sandy clay loam,,,,409019.3783,3659280.369
2007,2007-05-01,2007cottonp31,75,63.20735852829434,12.357528494301135,24.43511297740452,Sandy clay loam,,,,409019.3783,3659280.369
2007,2007-05-01,2007cottonp31,105,45.839999999999996,17.72,36.44,Clay loam,,,,409019.3783,3659280.369
2007,2007-05-01,2007cottonp31,135,48.696000000000005,23.864000000000004,27.439999999999998,Sandy clay loam,,,,409019.3783,3659280.369
2007,2007-05-01,2007cottonp31,165,57.70445910817836,13.861227754449118,28.434313137372524,Sandy clay loam,,,,409019.3783,3659280.369
2007,2007-05-01,2007cottonp31,195,77.7004599080184,4.863027394521083,17.436512697460508,Sandy clay loam,,,,409019.3783,3659280.369
2007,2007-05-01,2007cottonp31,225,77.696,5.864000000000004,16.439999999999998,Sandy loam,,,,409019.3783,3659280.369
2007,2007-05-01,2007cottonp31,255,71.696,9.864000000000004,18.439999999999998,Sandy loam,,,,409019.3783,3659280.369
2007,2007-05-01,2007cottonp31,285,72.696,9.864000000000004,17.439999999999998,Sandy loam,,,,409019.3783,3659280.369
2007,2007-05-01,2007cottonp32,15,63.839999999999996,14.36,21.8,Sandy clay loam,,,,409031.584,3659280.161
2007,2007-05-01,2007cottonp32,45,53.849230153969195,16.356728654269148,29.79404119176165,Sandy clay loam,,,,409031.584,3659280.161
2007,2007-05-01,2007cottonp32,75,42.760000000000005,19.439999999999998,37.8,Sandy clay loam,,,,409031.584,3659280.161
2007,2007-05-01,2007cottonp32,105,42.77144571085783,22.07558488302338,35.152969406118785,Sandy clay loam,,,,409031.584,3659280.161
2007,2007-05-01,2007cottonp32,135,56.39999999999999,14.439999999999998,29.160000000000004,Sandy clay loam,,,,409031.584,3659280.161
2007,2007-05-01,2007cottonp32,165,71.40571885622875,8.438312337532494,20.155968806238754,Sandy clay loam,,,,409031.584,3659280.161
2007,2007-05-01,2007cottonp32,195,72.40551889622074,5.438912217556492,22.15556888622276,Sandy clay loam,,,,409031.584,3659280.161
2007,2007-05-01,2007cottonp32,225,75.26094781043791,6.582683463307333,18.156368726254755,Sandy loam,,,,409031.584,3659280.161
2007,2007-05-01,2007cottonp32,255,68.03999999999999,11.800000000000011,20.160000000000004,Sandy loam,,,,409031.584,3659280.161
2007,2007-05-01,2007cottonp32,285,54.04919016196761,25.794841031793638,20.155968806238754,Sandy loam,,,,409031.584,3659280.161
2007,2007-05-01,2007cottonp33,15,68.20635872825434,13.781243751249761,18.0123975204959,Sandy loam,,,,409043.76529999997,3659279.954
2007,2007-05-01,2007cottonp33,45,67.2,18.0,14.800000000000002,Sandy loam,,,,409043.76529999997,3659279.954
2007,2007-05-01,2007cottonp33,75,58.20000000000001,22.999999999999986,18.8,Sandy loam,,,,409043.76529999997,3659279.954
2007,2007-05-01,2007cottonp33,105,50.4,28.01599999999999,21.584000000000003,Sandy clay loam,,,,409043.76529999997,3659279.954
2007,2007-05-01,2007cottonp33,135,50.689862027594465,27.874425114977015,21.435712857428513,Sandy clay loam,,,,409043.76529999997,3659279.954
2007,2007-05-01,2007cottonp33,165,66.6866626674665,15.732853429314133,17.58048390321936,Sandy loam,,,,409043.76529999997,3659279.954
2007,2007-05-01,2007cottonp33,195,83.32,5.096000000000004,11.584000000000003,Sandy loam,,,,409043.76529999997,3659279.954
2007,2007-05-01,2007cottonp33,225,75.96000000000001,11.455999999999989,12.584000000000003,Sandy loam,,,,409043.76529999997,3659279.954
2007,2007-05-01,2007cottonp33,255,76.96460707858428,11.453709258148365,11.58168366326735,Sandy loam,,,,409043.76529999997,3659279.954
2007,2007-05-01,2007cottonp33,285,28.974205158968214,46.446710657868415,24.57908418316337,Sandy clay loam,,,,409043.76529999997,3659279.954
2007,2007-05-01,2007cottonp34,15,65.84,14.36,19.8,Sandy clay loam,,,,409055.9621,3659279.746
2007,2007-05-01,2007cottonp34,45,67.84,15.36,16.8,Sandy loam,,,,409055.9621,3659279.746
2007,2007-05-01,2007cottonp34,75,68.84,15.36,15.8,Sandy loam,,,,409055.9621,3659279.746
2007,2007-05-01,2007cottonp34,105,61.12777444511097,16.07678464307139,22.79544091181764,Sandy clay loam,,,,409055.9621,3659279.746
2007,2007-05-01,2007cottonp34,135,63.76724655068987,14.437112577484498,21.795640871825636,Sandy clay loam,,,,409055.9621,3659279.746
2007,2007-05-01,2007cottonp34,165,60.544,15.656000000000006,23.8,Sandy clay loam,,,,409055.9621,3659279.746
2007,2007-05-01,2007cottonp34,195,56.55268946210757,20.651869626074784,22.79544091181764,Sandy clay loam,,,,409055.9621,3659279.746
2007,2007-05-01,2007cottonp34,225,63.55128974205159,16.652669466106772,19.796040791841634,Sandy clay loam,,,,409055.9621,3659279.746
2007,2007-05-01,2007cottonp34,255,70.4,13.799999999999997,15.8,Sandy loam,,,,409055.9621,3659279.746
2007,2007-05-01,2007cottonp34,285,71.4,10.799999999999997,17.8,Sandy loam,,,,409055.9621,3659279.746
2007,2007-05-01,2007cottonp35,15,63.47999999999999,16.936000000000007,19.584000000000003,Sandy clay loam,,,,409068.1449,3659279.538
2007,2007-05-01,2007cottonp35,45,57.48,17.72,24.8,Sandy clay loam,,,,409068.1449,3659279.538
2007,2007-05-01,2007cottonp35,75,53.48,17.504000000000005,29.016,Sandy clay loam,,,,409068.1449,3659279.538
2007,2007-05-01,2007cottonp35,105,50.12997400519895,16.716656668666275,33.15336932613478,Sandy clay loam,,,,409068.1449,3659279.538
2007,2007-05-01,2007cottonp35,135,54.976,12.864000000000004,32.160000000000004,Sandy clay loam,,,,409068.1449,3659279.538
2007,2007-05-01,2007cottonp35,165,57.97599999999999,11.864000000000004,30.160000000000004,Sandy clay loam,,,,409068.1449,3659279.538
2007,2007-05-01,2007cottonp35,195,70.544,7.295999999999992,22.160000000000004,Sandy clay loam,,,,409068.1449,3659279.538
2007,2007-05-01,2007cottonp35,225,76.5486902619476,5.294941011797647,18.156368726254755,Sandy loam,,,,409068.1449,3659279.538
2007,2007-05-01,2007cottonp35,255,78.54829034193162,6.294741051789629,15.156968606278747,Sandy loam,,,,409068.1449,3659279.538
2007,2007-05-01,2007cottonp35,285,74.76504699060187,7.078584283143371,18.156368726254755,Sandy loam,,,,409068.1449,3659279.538
2007,2007-05-01,2007cottonp36,15,65.47999999999999,14.360000000000014,20.160000000000004,Sandy clay loam,,,,409080.3625,3659279.33
2007,2007-05-01,2007cottonp36,45,72.47999999999999,11.360000000000014,16.160000000000004,Sandy loam,,,,409080.3625,3659279.33
2007,2007-05-01,2007cottonp36,75,71.264,11.575999999999993,17.160000000000004,Sandy loam,,,,409080.3625,3659279.33
2007,2007-05-01,2007cottonp36,105,72.4,11.439999999999998,16.160000000000004,Sandy loam,,,,409080.3625,3659279.33
2007,2007-05-01,2007cottonp36,135,65.4,14.439999999999998,20.160000000000004,Sandy clay loam,,,,409080.3625,3659279.33
2007,2007-05-01,2007cottonp36,165,67.4,13.439999999999998,19.160000000000004,Sandy loam,,,,409080.3625,3659279.33
2007,2007-05-01,2007cottonp36,195,66.26274745050989,11.581683663267341,22.15556888622276,Sandy clay loam,,,,409080.3625,3659279.33
2007,2007-05-01,2007cottonp36,225,72.03999999999999,6.800000000000011,21.160000000000004,Sandy clay loam,,,,409080.3625,3659279.33
2007,2007-05-01,2007cottonp36,255,76.03999999999999,6.800000000000011,17.160000000000004,Sandy loam,,,,409080.3625,3659279.33
2007,2007-05-01,2007cottonp36,285,72.82943411317736,9.014197160567889,18.156368726254755,Sandy loam,,,,409080.3625,3659279.33
2007,2007-05-01,2007cottonp37,15,60.984,15.855999999999995,23.160000000000004,Sandy clay loam,,,,409092.5458,3659279.122
2007,2007-05-01,2007cottonp37,45,53.984,17.855999999999995,28.16,Sandy clay loam,,,,409092.5458,3659279.122
2007,2007-05-01,2007cottonp37,75,39.839999999999996,20.0,40.160000000000004,Clay,,,,409092.5458,3659279.122
2007,2007-05-01,2007cottonp37,105,40.13197360527894,19.716056788642277,40.151969606078794,Clay,,,,409092.5458,3659279.122
2007,2007-05-01,2007cottonp37,135,62.760000000000005,14.936000000000007,22.303999999999995,Sandy clay loam,,,,409092.5458,3659279.122
2007,2007-05-01,2007cottonp37,165,60.12797440511897,12.573485302939417,27.29854029194161,Sandy clay loam,,,,409092.5458,3659279.122
2007,2007-05-01,2007cottonp37,195,72.76,8.936000000000007,18.303999999999995,Sandy clay loam,,,,409092.5458,3659279.122
2007,2007-05-01,2007cottonp37,225,75.40491901619674,7.294541091781667,17.30053989202159,Sandy loam,,,,409092.5458,3659279.122
2007,2007-05-01,2007cottonp37,255,60.40791841631673,12.293541291741661,27.29854029194161,Sandy loam,,,,409092.5458,3659279.122
2007,2007-05-01,2007cottonp37,285,63.4,13.296000000000006,23.303999999999995,Sandy loam,,,,409092.5458,3659279.122
2007,2007-05-01,2007cottonp38,15,64.84,13.0,22.160000000000004,Sandy clay loam,,,,409104.7139,3659278.9140000003
2007,2007-05-01,2007cottonp38,45,54.8490301939612,14.997000599880039,30.15396920615877,Sandy clay loam,,,,409104.7139,3659278.9140000003
2007,2007-05-01,2007cottonp38,75,50.839999999999996,12.0,37.160000000000004,Sandy clay loam,,,,409104.7139,3659278.9140000003
2007,2007-05-01,2007cottonp38,105,61.976,7.864000000000004,30.160000000000004,Sandy clay loam,,,,409104.7139,3659278.9140000003
2007,2007-05-01,2007cottonp38,135,72.5494901019796,5.93481303739253,21.515696860627877,Sandy clay loam,,,,409104.7139,3659278.9140000003
2007,2007-05-01,2007cottonp38,165,64.4,8.079999999999984,27.520000000000007,Sandy clay loam,,,,409104.7139,3659278.9140000003
2007,2007-05-01,2007cottonp38,195,77.4,4.079999999999984,18.520000000000003,Sandy loam,,,,409104.7139,3659278.9140000003
2007,2007-05-01,2007cottonp38,225,60.40791841631673,11.07778444311137,28.51429714057189,Sandy clay loam,,,,409104.7139,3659278.9140000003
2007,2007-05-01,2007cottonp38,255,58.4,11.079999999999998,30.520000000000003,Sandy clay loam,,,,409104.7139,3659278.9140000003
2007,2007-05-01,2007cottonp38,285,63.407318536292735,11.077784443111383,25.514897020595882,Sandy clay loam,,,,409104.7139,3659278.9140000003
2007,2007-05-01,2007cottonp41,15,62.839999999999996,12.36,24.8,Sandy clay loam,,,,409019.15679999994,3659261.838
2007,2007-05-01,2007cottonp41,45,53.839999999999996,17.36,28.800000000000004,Sandy clay loam,,,,409019.15679999994,3659261.838
2007,2007-05-01,2007cottonp41,75,34.85302939412118,23.355328934213162,41.791641671665666,Clay,,,,409019.15679999994,3659261.838
2007,2007-05-01,2007cottonp41,105,44.4,20.439999999999998,35.160000000000004,Sandy clay loam,,,,409019.15679999994,3659261.838
2007,2007-05-01,2007cottonp41,135,62.4,15.439999999999998,22.160000000000004,Sandy clay loam,,,,409019.15679999994,3659261.838
2007,2007-05-01,2007cottonp41,165,65.4,14.439999999999998,20.160000000000004,Sandy clay loam,,,,409019.15679999994,3659261.838
2007,2007-05-01,2007cottonp41,195,69.4,9.439999999999998,21.160000000000004,Sandy clay loam,,,,409019.15679999994,3659261.838
2007,2007-05-01,2007cottonp41,225,79.4,3.4399999999999977,17.160000000000004,Sandy loam,,,,409019.15679999994,3659261.838
2007,2007-05-01,2007cottonp41,255,78.256,4.584000000000003,17.160000000000004,Sandy loam,,,,409019.15679999994,3659261.838
2007,2007-05-01,2007cottonp42,15,65.85365853658536,11.995201919232315,22.151139544182328,Sandy clay loam,,,,409031.32109999994,3659261.63
2007,2007-05-01,2007cottonp42,45,64.84,9.0,26.160000000000004,Sandy clay loam,,,,409031.32109999994,3659261.63
2007,2007-05-01,2007cottonp42,75,59.84803039392121,16.99660067986403,23.155368926214763,Sandy clay loam,,,,409031.32109999994,3659261.63
2007,2007-05-01,2007cottonp42,105,60.12,15.719999999999999,24.160000000000004,Sandy clay loam,,,,409031.32109999994,3659261.63
2007,2007-05-01,2007cottonp42,135,45.12,18.72,36.160000000000004,Clay loam,,,,409031.32109999994,3659261.63
2007,2007-05-01,2007cottonp42,165,60.976,10.504000000000005,28.52,Sandy clay loam,,,,409031.32109999994,3659261.63
2007,2007-05-01,2007cottonp42,195,72.98140371925615,6.502699460107976,20.515896820635877,Sandy clay loam,,,,409031.32109999994,3659261.63
2007,2007-05-01,2007cottonp42,225,68.976,7.1440000000000055,23.880000000000003,Sandy clay loam,,,,409031.32109999994,3659261.63
2007,2007-05-01,2007cottonp42,255,72.04559088182364,9.078184363127363,18.87622475504899,Sandy loam,,,,409031.32109999994,3659261.63
2007,2007-05-01,2007cottonp42,285,58.040000000000006,15.079999999999984,26.880000000000003,Sandy clay loam,,,,409031.32109999994,3659261.63
2007,2007-05-01,2007cottonp43,15,65.12,14.719999999999999,20.160000000000004,Sandy clay loam,,,,409043.5642,3659261.422
2007,2007-05-01,2007cottonp43,45,65.12,14.719999999999999,20.160000000000004,Sandy clay loam,,,,409043.5642,3659261.422
2007,2007-05-01,2007cottonp43,75,59.128174365126974,15.716856628674265,25.154969006198762,Sandy clay loam,,,,409043.5642,3659261.422
2007,2007-05-01,2007cottonp43,105,43.67999999999999,28.16000000000001,28.16,Sandy clay loam,,,,409043.5642,3659261.422
2007,2007-05-01,2007cottonp43,135,61.32773445310937,16.51669666066786,22.15556888622276,Sandy clay loam,,,,409043.5642,3659261.422
2007,2007-05-01,2007cottonp43,165,53.32,23.519999999999996,23.160000000000004,Sandy clay loam,,,,409043.5642,3659261.422
2007,2007-05-01,2007cottonp43,195,52.959999999999994,26.879999999999995,20.160000000000004,Sandy clay loam,,,,409043.5642,3659261.422
2007,2007-05-01,2007cottonp43,225,66.96000000000001,16.879999999999995,16.160000000000004,Sandy loam,,,,409043.5642,3659261.422
2007,2007-05-01,2007cottonp43,255,68.6,15.240000000000009,16.160000000000004,Sandy loam,,,,409043.5642,3659261.422
2007,2007-05-01,2007cottonp43,285,38.25234953009397,35.592881423715255,26.15476904619077,Sandy clay loam,,,,409043.5642,3659261.422
2007,2007-05-01,2007cottonp44,15,65.2,13.0,21.8,Sandy clay loam,,,,409055.7687,3659261.214
2007,2007-05-01,2007cottonp44,45,55.84,18.14399999999999,26.016000000000002,Sandy clay loam,,,,409055.7687,3659261.214
2007,2007-05-01,2007cottonp44,75,45.850829834033185,19.140171965606896,35.008998200359926,Sandy clay loam,,,,409055.7687,3659261.214
2007,2007-05-01,2007cottonp44,105,48.839999999999996,18.144000000000005,33.016,Sandy clay loam,,,,409055.7687,3659261.214
2007,2007-05-01,2007cottonp44,135,61.12,14.719999999999999,24.160000000000004,Sandy clay loam,,,,409055.7687,3659261.214
2007,2007-05-01,2007cottonp44,165,67.12,13.719999999999999,19.160000000000004,Sandy loam,,,,409055.7687,3659261.214
2007,2007-05-01,2007cottonp44,195,52.12,20.72,27.160000000000007,Sandy clay loam,,,,409055.7687,3659261.214
2007,2007-05-01,2007cottonp44,225,59.128174365126974,18.716256748650267,22.15556888622276,Sandy clay loam,,,,409055.7687,3659261.214
2007,2007-05-01,2007cottonp44,255,65.12697460507897,14.717056588682283,20.155968806238754,Sandy clay loam,,,,409055.7687,3659261.214
2007,2007-05-01,2007cottonp44,285,64.12,15.719999999999999,20.160000000000004,Sandy clay loam,,,,409055.7687,3659261.214
2007,2007-05-01,2007cottonp45,15,65.84,15.719999999999999,18.439999999999998,Sandy loam,,,,409067.9334,3659261.0059999996
2007,2007-05-01,2007cottonp45,45,62.847430513897216,15.716856628674265,21.435712857428513,Sandy clay loam,,,,409067.9334,3659261.0059999996
2007,2007-05-01,2007cottonp45,75,50.209958008398324,17.356528694261144,32.43351329734053,Sandy clay loam,,,,409067.9334,3659261.0059999996
2007,2007-05-01,2007cottonp45,105,56.2,15.36,28.439999999999998,Sandy clay loam,,,,409067.9334,3659261.0059999996
2007,2007-05-01,2007cottonp45,135,56.208758248350335,16.356728654269148,27.434513097380524,Sandy clay loam,,,,409067.9334,3659261.0059999996
2007,2007-05-01,2007cottonp45,165,67.2,10.36,22.439999999999998,Sandy clay loam,,,,409067.9334,3659261.0059999996
2007,2007-05-01,2007cottonp45,195,68.2,10.36,21.439999999999998,Sandy clay loam,,,,409067.9334,3659261.0059999996
2007,2007-05-01,2007cottonp45,225,70.20595880823835,6.358728254349131,23.435312937412515,Sandy clay loam,,,,409067.9334,3659261.0059999996
2007,2007-05-01,2007cottonp45,255,80.20395920815837,2.359528094381119,17.436512697460508,Sandy loam,,,,409067.9334,3659261.0059999996
2007,2007-05-01,2007cottonp45,285,81.20375924815038,3.359328134373115,15.436912617476503,Sandy loam,,,,409067.9334,3659261.0059999996
2007,2007-05-01,2007cottonp46,15,64.84,14.0,21.160000000000004,Sandy clay loam,,,,409080.1054,3659260.799
2007,2007-05-01,2007cottonp46,45,59.839999999999996,16.0,24.160000000000004,Sandy clay loam,,,,409080.1054,3659260.799
2007,2007-05-01,2007cottonp46,75,49.839999999999996,18.0,32.160000000000004,Sandy clay loam,,,,409080.1054,3659260.799
2007,2007-05-01,2007cottonp46,105,52.273545290941804,12.573485302939417,35.152969406118785,Sandy clay,,,,409080.1054,3659260.799
2007,2007-05-01,2007cottonp46,135,56.12877424515097,11.717656468706252,32.153569286142776,Sandy clay loam,,,,409080.1054,3659260.799
2007,2007-05-01,2007cottonp46,165,62.13514594162335,11.715313874450217,26.149540183926433,Sandy clay loam,,,,409080.1054,3659260.799
2007,2007-05-01,2007cottonp46,195,72.12,7.575999999999993,20.303999999999995,Sandy clay loam,,,,409080.1054,3659260.799
2007,2007-05-01,2007cottonp46,225,78.11562312462492,-1.4242848569713829,23.308661732346465,Sandy loam,,,,409080.1054,3659260.799
2007,2007-05-01,2007cottonp46,255,78.04439112177565,3.799240151969599,18.156368726254755,Sandy loam,,,,409080.1054,3659260.799
2007,2007-05-01,2007cottonp46,285,72.03999999999999,1.8000000000000114,26.160000000000004,Sandy loam,,,,409080.1054,3659260.799
2007,2007-05-01,2007cottonp47,15,65.47999999999999,16.360000000000014,18.160000000000004,Sandy loam,,,,409092.2744,3659260.591
2007,2007-05-01,2007cottonp47,45,58.48,21.36,20.160000000000004,Sandy clay loam,,,,409092.2744,3659260.591
2007,2007-05-01,2007cottonp47,75,45.48,26.36,28.16,Sandy clay loam,,,,409092.2744,3659260.591
2007,2007-05-01,2007cottonp47,105,56.40871825634872,18.43631273745251,25.154969006198762,Sandy clay loam,,,,409092.2744,3659260.591
2007,2007-05-01,2007cottonp47,135,52.256,22.584000000000003,25.160000000000004,Sandy clay loam,,,,409092.2744,3659260.591
2007,2007-05-01,2007cottonp47,165,54.26514697060588,21.579684063187358,24.155168966206762,Sandy clay loam,,,,409092.2744,3659260.591
2007,2007-05-01,2007cottonp47,195,78.40431913617275,5.438912217556506,16.15676864627075,Sandy loam,,,,409092.2744,3659260.591
2007,2007-05-01,2007cottonp47,225,76.544,7.295999999999992,16.160000000000004,Sandy loam,,,,409092.2744,3659260.591
2007,2007-05-01,2007cottonp47,255,51.553689262147564,27.29054189162167,21.155768846230757,Sandy clay loam,,,,409092.2744,3659260.591
2007,2007-05-01,2007cottonp47,285,60.544,20.295999999999992,19.160000000000004,Sandy loam,,,,409092.2744,3659260.591
2007,2007-05-01,2007cottonp48,15,64.84703059388121,10.997800439912027,24.155168966206762,Sandy clay loam,,,,409104.504,3659260.382
2007,2007-05-01,2007cottonp48,45,60.839999999999996,14.0,25.160000000000004,Sandy clay loam,,,,409104.504,3659260.382
2007,2007-05-01,2007cottonp48,75,53.839999999999996,14.0,32.160000000000004,Sandy clay loam,,,,409104.504,3659260.382
2007,2007-05-01,2007cottonp48,105,51.849630073985196,9.998000399920016,38.15236952609479,Sandy clay,,,,409104.504,3659260.382
2007,2007-05-01,2007cottonp48,135,61.839999999999996,7.0,31.160000000000004,Sandy clay loam,,,,409104.504,3659260.382
2007,2007-05-01,2007cottonp48,165,65.84,9.0,25.160000000000004,Sandy clay loam,,,,409104.504,3659260.382
2007,2007-05-01,2007cottonp48,195,71.84563087382523,5.998800239952004,22.15556888622276,Sandy clay loam,,,,409104.504,3659260.382
2007,2007-05-01,2007cottonp48,225,70.84583083383322,4.999000199960022,24.155168966206762,Sandy clay loam,,,,409104.504,3659260.382
2007,2007-05-01,2007cottonp48,255,49.8500299940012,15.99680063987202,34.153169366126775,Sandy clay loam,,,,409104.504,3659260.382
2007,2007-05-01,2007cottonp48,285,67.84643071385722,7.9984003199360245,24.155168966206762,Sandy clay loam,,,,409104.504,3659260.382
2008,2008-12-01,20082009wheatp02,15,68.4,12.719999999999999,18.880000000000003,Sandy Loam,0.0647058823529414,0.0802139037433155,0.11901736552308324,409032.350919762,3659352.703
2008,2008-12-01,20082009wheatp02,45,64.4,14.719999999999999,20.880000000000003,Sandy Loam,0.05978260869565185,0.07436643124221018,0.11219719507012331,409032.350919762,3659352.703
2008,2008-12-01,20082009wheatp02,75,70.4,14.719999999999999,14.88,Sandy Loam,0.041916167664670836,0.053717654765804014,0.10178018575851375,409032.350919762,3659352.703
2008,2008-12-01,20082009wheatp02,105,64.4,18.72,16.880000000000003,Sandy Loam,0.05056179775280891,0.07714596160811284,0.12007168458781393,409032.350919762,3659352.703
2008,2008-12-01,20082009wheatp02,135,64.4,18.72,16.880000000000003,Sandy Loam,0.05960502692998192,0.07158351409978324,0.1353919239904989,409032.350919762,3659352.703
2008,2008-12-01,20082009wheatp02,165,62.4,24.72,12.879999999999999,Sandy Loam,0.0704607046070458,0.0894137494727965,0.17799847211611933,409032.350919762,3659352.703
2008,2008-12-01,20082009wheatp04,15,62.4,16.72,20.880000000000003,Sandy Clay Loam,0.0687645687645686,0.08952057700466662,0.14924212980956097,409056.883421225,3659352.34023328
2008,2008-12-01,20082009wheatp04,45,64.4,12.719999999999999,22.880000000000003,Sandy Clay Loam,0.0646825396825398,0.07986373959121876,0.13690036900369007,409056.883421225,3659352.34023328
2008,2008-12-01,20082009wheatp04,75,68.4,16.72,14.88,Sandy Loam,0.07666098807495728,0.09441707717569804,0.15927240461401934,409056.883421225,3659352.34023328
2008,2008-12-01,20082009wheatp04,105,62.4,16.72,20.880000000000003,Sandy Clay Loam,0.07986688851913484,0.09626556016597514,0.17903930131004375,409056.883421225,3659352.34023328
2008,2008-12-01,20082009wheatp04,135,62.4,14.719999999999999,22.880000000000003,Sandy Clay Loam,0.08450184501845015,0.09217123023524881,0.17920184190329982,409056.883421225,3659352.34023328
2008,2008-12-01,20082009wheatp04,165,62.4,16.72,20.880000000000003,Sandy Clay Loam,0.07828089025326167,0.07695312499999996,0.1477949940405247,409056.883421225,3659352.34023328
2008,2008-12-01,20082009wheatp05,15,64.4,16.72,18.880000000000003,Sandy Loam,0.07288273615635175,0.08074534161490675,0.13416202314616385,409069.020203117,3659352.29854374
2008,2008-12-01,20082009wheatp05,45,74.4,10.719999999999999,14.88,Sandy Loam,0.052036199095022447,0.05587013967534935,0.10066588327457893,409069.020203117,3659352.29854374
2008,2008-12-01,20082009wheatp05,75,66.4,16.72,16.880000000000003,Sandy Loam,0.06207875133025895,0.06533232628398779,0.11416837782340866,409069.020203117,3659352.29854374
2008,2008-12-01,20082009wheatp05,105,64.4,14.719999999999999,20.880000000000003,Sandy Clay Loam,0.07736389684813756,0.08835489833641405,0.1588932806324112,409069.020203117,3659352.29854374
2008,2008-12-01,20082009wheatp05,135,64.4,16.72,18.880000000000003,Sandy Loam,0.07298969072164932,0.12045646661031284,0.15435458786936232,409069.020203117,3659352.29854374
2008,2008-12-01,20082009wheatp05,165,72.4,10.719999999999999,16.880000000000003,Sandy Loam,0.08367271380970004,0.08493904836806906,0.1320261437908497,409069.020203117,3659352.29854374
2008,2008-12-01,20082009wheatp06,15,66.4,14.719999999999999,18.880000000000003,Sandy Loam,0.07351178585697177,0.07757166947723393,0.13270715480129466,409081.258208692,3659352.28208804
2008,2008-12-01,20082009wheatp06,45,64.4,16.72,18.880000000000003,Sandy Loam,0.07089419308870688,0.07555739058629254,0.1545101424255502,409081.258208692,3659352.28208804
2008,2008-12-01,20082009wheatp06,75,66.4,14.719999999999999,18.880000000000003,Sandy Loam,0.05379155771385871,0.0578053559764863,0.1313841598815691,409081.258208692,3659352.28208804
2008,2008-12-01,20082009wheatp06,105,64.4,14.719999999999999,20.880000000000003,Sandy Clay Loam,0.06935123042505617,0.08402291534054757,0.15905511811023648,409081.258208692,3659352.28208804
2008,2008-12-01,20082009wheatp06,135,64.4,16.72,18.880000000000003,Sandy Loam,0.06309523809523794,0.06537102473498212,0.1340549542048293,409081.258208692,3659352.28208804
2008,2008-12-01,20082009wheatp06,165,70.4,12.719999999999999,16.880000000000003,Sandy Loam,0.05762711864406786,0.06323644933228592,0.11947431302270012,409081.258208692,3659352.28208804
2008,2008-12-01,20082009wheatp07,15,64.4,18.72,16.880000000000003,Sandy Loam,0.07148437500000021,0.08347386172006763,0.14356435643564341,409093.313417232,3659352.07042858
2008,2008-12-01,20082009wheatp07,45,64.4,14.719999999999999,20.880000000000003,Sandy Clay Loam,0.07227191413237938,0.0800153139356816,0.1384555382215287,409093.313417232,3659352.07042858
2008,2008-12-01,20082009wheatp07,75,62.4,16.72,20.880000000000003,Sandy Clay Loam,0.07170749023784154,0.08158682634730509,0.13616855247756518,409093.313417232,3659352.07042858
2008,2008-12-01,20082009wheatp07,105,48.4,20.72,30.880000000000003,Sandy Clay Loam,0.10258679647584168,0.10639938319198171,0.1963835155592933,409093.313417232,3659352.07042858
2008,2008-12-01,20082009wheatp07,135,52.400000000000006,16.0,31.6,Sandy Clay Loam,0.09838223577094965,0.11544782251437971,0.23295213892418468,409093.313417232,3659352.07042858
2008,2008-12-01,20082009wheatp07,165,68.4,14.0,17.6,Sandy Loam,0.07490774907749083,0.09005810200129089,0.13694721825962897,409093.313417232,3659352.07042858
2008,2008-12-01,20082009wheatp08,15,64.4,14.0,21.6,Sandy Clay Loam,0.07609130957148542,0.07601626016260182,0.13461538461538455,409105.2157,3659351.94143064
2008,2008-12-01,20082009wheatp08,45,64.4,12.0,23.6,Sandy Clay Loam,0.079732914375491,0.08652604390873861,0.14632071458953658,409105.2157,3659351.94143064
2008,2008-12-01,20082009wheatp08,75,62.4,20.0,17.6,Sandy Loam,0.09325044404973333,0.09494451294697914,0.1851689337428696,409105.2157,3659351.94143064
2008,2008-12-01,20082009wheatp08,105,64.4,16.0,19.6,Sandy Loam,0.07862504938759363,0.08103372755146712,0.14362176628010698,409105.2157,3659351.94143064
2008,2008-12-01,20082009wheatp08,135,62.4,16.0,21.6,Sandy Clay Loam,0.07637588918008262,0.08995893990294873,0.17833607907743024,409105.2157,3659351.94143064
2008,2008-12-01,20082009wheatp08,165,58.4,16.0,25.6,Sandy Clay Loam,0.09180327868852471,0.10576923076923105,0.1755472945064026,409105.2157,3659351.94143064
2008,2008-12-01,20082009wheatp10,15,66.4,16.0,17.6,Sandy Loam,0.06381352693924347,0.07363520947947531,0.13381995133819968,409009.808677289,3659326.04778084
2008,2008-12-01,20082009wheatp10,45,64.4,18.0,17.6,Sandy Loam,0.054228289723170266,0.06302816901408421,0.12288993923024984,409009.808677289,3659326.04778084
2008,2008-12-01,20082009wheatp10,75,74.4,14.0,11.6,Sandy Loam,0.05151613955004933,0.04986244841815666,0.10265486725663711,409009.808677289,3659326.04778084
2008,2008-12-01,20082009wheatp10,105,70.4,16.0,13.600000000000001,Sandy Loam,0.05808177302254473,0.06618759455370651,0.14053195712584324,409009.808677289,3659326.04778084
2008,2008-12-01,20082009wheatp10,135,72.4,16.0,11.6,Sandy Loam,0.05939393939393934,0.06827820186598808,0.1422663358147228,409009.808677289,3659326.04778084
2008,2008-12-01,20082009wheatp10,165,72.4,14.0,13.600000000000001,Sandy Loam,0.059991725279271664,0.0635382059800665,0.14117132867132884,409009.808677289,3659326.04778084
2008,2008-12-01,20082009wheatp11,15,60.4,20.0,19.6,Sandy Loam,0.06301251618472166,0.076172607879925,0.11570247933884346,409023.025373775,3659325.90235883
2008,2008-12-01,20082009wheatp11,45,60.4,16.0,23.6,Sandy Clay Loam,0.06865912762520204,0.08959999999999978,0.11174551386623172,409023.025373775,3659325.90235883
2008,2008-12-01,20082009wheatp11,75,47.839999999999996,28.0,24.160000000000004,Sandy Clay Loam,0.07335092348284965,0.08388625592417043,0.16939364773820956,409023.025373775,3659325.90235883
2008,2008-12-01,20082009wheatp11,105,49.839999999999996,22.0,28.16,Sandy Clay Loam,0.0876595744680852,0.10508083140877586,0.161493695441319,409023.025373775,3659325.90235883
2008,2008-12-01,20082009wheatp11,135,47.839999999999996,24.0,28.16,Sandy Clay Loam,0.08285946385052799,0.10291184682887904,0.1768045417680454,409023.025373775,3659325.90235883
2008,2008-12-01,20082009wheatp11,165,53.839999999999996,20.0,26.160000000000004,Sandy Clay Loam,0.07462121212121209,0.09215536938309221,0.17604006163328198,409023.025373775,3659325.90235883
2008,2008-12-01,20082009wheatp12,15,57.83999999999999,26.0,16.160000000000004,Sandy Loam,0.06795335745878558,0.07844548398704597,0.12405880243814961,409031.395096809,3659325.76124418
2008,2008-12-01,20082009wheatp12,45,69.84,16.0,14.160000000000004,Sandy Loam,0.04740007074637437,0.05874363327674037,0.08904569892473115,409031.395096809,3659325.76124418
2008,2008-12-01,20082009wheatp12,75,69.84,20.0,10.160000000000002,Sandy Loam,0.06549019607843144,0.0521704500199119,0.09131326949384386,409031.395096809,3659325.76124418
2008,2008-12-01,20082009wheatp12,105,65.84,22.0,12.160000000000002,Sandy Loam,0.04642039882314499,0.05894308943089438,0.1033411033411035,409031.395096809,3659325.76124418
2008,2008-12-01,20082009wheatp12,135,63.839999999999996,20.0,16.160000000000004,Sandy Loam,0.08278388278388273,0.09101208459214544,0.14563894523326587,409031.395096809,3659325.76124418
2008,2008-12-01,20082009wheatp12,165,53.839999999999996,22.0,24.160000000000004,Sandy Clay Loam,0.06468401486988827,0.07630522088353425,0.12436249509611623,409031.395096809,3659325.76124418
2008,2008-12-01,20082009wheatp13,15,57.83999999999999,20.0,22.160000000000004,Sandy Clay Loam,0.05858361142009634,0.061090909090909064,0.09644322845417212,409044.423649993,3659325.6363744205
2008,2008-12-01,20082009wheatp13,45,65.84,16.0,18.160000000000004,Sandy Loam,0.05581867388362673,0.052305574673090015,0.12825017568517225,409044.423649993,3659325.6363744205
2008,2008-12-01,20082009wheatp13,75,73.84,16.0,10.160000000000002,Sandy Loam,0.07843137254901951,0.048762190547636794,0.08275382475660648,409044.423649993,3659325.6363744205
2008,2008-12-01,20082009wheatp13,105,69.84,16.0,14.160000000000004,Sandy Loam,0.04842105263157904,0.055479452054794424,0.09020531807472207,409044.423649993,3659325.6363744205
2008,2008-12-01,20082009wheatp13,135,67.84,18.0,14.160000000000004,Sandy Loam,0.05298536971134822,0.09899140829286537,0.08853650479022145,409044.423649993,3659325.6363744205
2008,2008-12-01,20082009wheatp13,165,71.84,14.0,14.160000000000004,Sandy Loam,0.05219677055951937,0.05508173418621221,0.08037456106125643,409044.423649993,3659325.6363744205
2008,2008-12-01,20082009wheatp14,15,69.12,8.719999999999999,22.160000000000004,Sandy Clay Loam,0.0771046420141621,0.07621247113163987,0.12439999999999994,409056.6305,3659325.49822398
2008,2008-12-01,20082009wheatp14,45,59.12,16.72,24.160000000000004,Sandy Clay Loam,0.08946726311508757,0.09500875656742563,0.14941533131225618,409056.6305,3659325.49822398
2008,2008-12-01,20082009wheatp14,75,63.12,14.719999999999999,22.160000000000004,Sandy Clay Loam,0.09218203033838962,0.0916496945010183,0.15387968613775072,409056.6305,3659325.49822398
2008,2008-12-01,20082009wheatp14,105,51.12,18.72,30.160000000000004,Sandy Clay Loam,0.12420246703530421,0.10491946016543303,0.18023976849937987,409056.6305,3659325.49822398
2008,2008-12-01,20082009wheatp14,135,55.120000000000005,20.72,24.160000000000004,Sandy Clay Loam,0.09386733416770966,0.09398496240601505,0.15641334941696822,409056.6305,3659325.49822398
2008,2008-12-01,20082009wheatp14,165,53.12,22.72,24.160000000000004,Sandy Clay Loam,0.08137347130762014,0.08890770533446238,0.14387285654537843,409056.6305,3659325.49822398
2008,2008-12-01,20082009wheatp15,15,61.12,18.72,20.160000000000004,Sandy Clay Loam,0.0631491483174077,0.0780335544284042,0.13213703099510613,409068.812731649,3659325.34065512
2008,2008-12-01,20082009wheatp15,45,59.12,18.72,22.160000000000004,Sandy Clay Loam,0.08061561011359455,0.06526548672566412,0.12025569316819806,409068.812731649,3659325.34065512
2008,2008-12-01,20082009wheatp15,75,67.12,14.719999999999999,18.160000000000004,Sandy Loam,0.08241758241758218,0.0773578240904276,0.11945525291828768,409068.812731649,3659325.34065512
2008,2008-12-01,20082009wheatp15,105,53.12,32.72,14.160000000000004,Sandy Loam,0.08263069139966277,0.09352517985611546,0.1555371215263376,409068.812731649,3659325.34065512
2008,2008-12-01,20082009wheatp15,135,65.12,12.719999999999999,22.160000000000004,Sandy Clay Loam,0.08786078098471987,0.12584459459459446,0.1500437445319335,409068.812731649,3659325.34065512
2008,2008-12-01,20082009wheatp15,165,69.12,8.719999999999999,22.160000000000004,Sandy Clay Loam,0.07676848874598056,0.07718844329452347,0.13485113835376558,409068.812731649,3659325.34065512
2008,2008-12-01,20082009wheatp16,15,71.12,12.719999999999999,16.160000000000004,Sandy Loam,0.06593835349200146,0.07327905255366383,0.11731843575418989,409080.678732915,3659325.19221628
2008,2008-12-01,20082009wheatp16,45,71.12,14.719999999999999,14.160000000000004,Sandy Loam,0.052056789224608914,0.05962643678160934,0.09393737508327794,409080.678732915,3659325.19221628
2008,2008-12-01,20082009wheatp16,75,67.12,18.72,14.160000000000004,Sandy Loam,0.05839710028191716,0.0739332488381918,0.1197153620761825,409080.678732915,3659325.19221628
2008,2008-12-01,20082009wheatp16,105,63.12,14.719999999999999,22.160000000000004,Sandy Clay Loam,0.06367187499999982,0.0755007704160247,0.12431243124312431,409080.678732915,3659325.19221628
2008,2008-12-01,20082009wheatp16,135,73.28,18.560000000000002,8.160000000000002,Sandy Loam,0.06633020908435484,0.07973026576755278,0.14320486815415828,409080.678732915,3659325.19221628
2008,2008-12-01,20082009wheatp16,165,59.28,20.560000000000002,20.160000000000004,Sandy Clay Loam,0.08006672226855721,0.09466721785861924,0.15567390413764837,409080.678732915,3659325.19221628
2008,2008-12-01,20082009wheatp17,15,69.84,16.0,14.160000000000004,Sandy Loam,0.0650112866817158,0.07840122982321288,0.13897058823529387,409092.884064711,3659324.99985072
2008,2008-12-01,20082009wheatp17,45,71.84,14.0,14.160000000000004,Sandy Loam,0.05285234899328851,0.06437613019891453,0.10763454317897395,409092.884064711,3659324.99985072
2008,2008-12-01,20082009wheatp17,75,57.83999999999999,28.0,14.160000000000004,Sandy Loam,0.07775628626692449,0.09649122807017552,0.16232464929859738,409092.884064711,3659324.99985072
2008,2008-12-01,20082009wheatp17,105,55.84,22.0,22.160000000000004,Sandy Clay Loam,0.0770207363520948,0.08920187793427214,0.16503992901508424,409092.884064711,3659324.99985072
2008,2008-12-01,20082009wheatp17,135,49.839999999999996,26.0,24.160000000000004,Loam,0.09005321326238272,0.10034453057708863,0.1696850393700788,409092.884064711,3659324.99985072
2008,2008-12-01,20082009wheatp17,165,67.84,10.0,22.160000000000004,Sandy Clay Loam,0.06828465651995051,0.07987443320544119,0.12482219061166423,409092.884064711,3659324.99985072
2008,2008-12-01,20082009wheatp18,15,67.84,16.0,16.160000000000004,Sandy Loam,0.07468051118210882,0.08790801186943638,0.1409452112086995,409105.133466636,3659324.89115889
2008,2008-12-01,20082009wheatp18,45,57.83999999999999,20.0,22.160000000000004,Sandy Clay Loam,0.0943900267141587,0.10878470641784219,0.18289473684210533,409105.133466636,3659324.89115889
2008,2008-12-01,20082009wheatp18,75,51.839999999999996,24.0,24.160000000000004,Sandy Clay Loam,0.09192921881743614,0.11299652911685305,0.1869885433715224,409105.133466636,3659324.89115889
2008,2008-12-01,20082009wheatp18,105,49.839999999999996,22.0,28.16,Sandy Clay Loam,0.09156337465013992,0.10678391959798987,0.1784114052953158,409105.133466636,3659324.89115889
2008,2008-12-01,20082009wheatp18,135,63.839999999999996,22.0,14.160000000000004,Sandy Loam,0.08725099601593617,0.10550284629981002,0.17098232634607494,409105.133466636,3659324.89115889
2008,2008-12-01,20082009wheatp18,165,65.84,12.0,22.160000000000004,Sandy Clay Loam,0.08017653549098933,0.09681008902077151,0.1370728083209509,409105.133466636,3659324.89115889
2008,2008-12-01,20082009wheatp21,15,57.83999999999999,22.0,20.160000000000004,Sandy Clay Loam,0.08404040404040397,0.08314350797266533,0.17232142857142854,409022.797710054,3659307.14825896
2008,2008-12-01,20082009wheatp21,45,57.83999999999999,18.0,24.160000000000004,Sandy Clay Loam,0.08824709185719998,0.08648036253776431,0.1353271028037385,409022.797710054,3659307.14825896
2008,2008-12-01,20082009wheatp21,75,58.56,19.28,22.160000000000004,Sandy Clay Loam,0.11574870912220298,0.1281455671699575,0.19772727272727245,409022.797710054,3659307.14825896
2008,2008-12-01,20082009wheatp21,105,54.559999999999995,19.28,26.160000000000004,Sandy Clay Loam,0.10443764345830134,0.11090909090909148,0.18889809444904732,409022.797710054,3659307.14825896
2008,2008-12-01,20082009wheatp21,135,53.839999999999996,22.0,24.160000000000004,Sandy Clay Loam,0.10114942528735633,0.10151347360649687,0.18142968142968122,409022.797710054,3659307.14825896
2008,2008-12-01,20082009wheatp21,165,63.839999999999996,10.0,26.160000000000004,Sandy Clay Loam,0.09098532494758887,0.09484978540772504,0.1643422540520163,409022.797710054,3659307.14825896
2008,2008-12-01,20082009wheatp22,15,57.83999999999999,20.0,22.160000000000004,Sandy Clay Loam,0.07665982203969865,0.08157423971377463,0.1210459721636436,409031.68564934505,3659307.18332176
2008,2008-12-01,20082009wheatp22,45,57.83999999999999,20.0,22.160000000000004,Sandy Clay Loam,0.07720453713867541,0.08233936129280493,0.13601340033500847,409031.68564934505,3659307.18332176
2008,2008-12-01,20082009wheatp22,75,49.839999999999996,20.0,30.160000000000004,Sandy Clay Loam,0.10917192721871509,0.12168674698795154,0.19424151267726703,409031.68564934505,3659307.18332176
2008,2008-12-01,20082009wheatp22,105,39.839999999999996,22.0,38.160000000000004,Clay Loam,0.13338473400154174,0.117180984153461,0.2361219702892885,409031.68564934505,3659307.18332176
2008,2008-12-01,20082009wheatp22,135,53.839999999999996,22.0,24.160000000000004,Sandy Clay Loam,0.08865660085172306,0.09470651782499136,0.16908563134978216,409031.68564934505,3659307.18332176
2008,2008-12-01,20082009wheatp22,165,77.84,6.0,16.160000000000004,Sandy Loam,0.06366047745358094,0.07510521204273218,0.13061889250814349,409031.68564934505,3659307.18332176
2008,2008-12-01,20082009wheatp23,15,61.839999999999996,18.0,20.160000000000004,Sandy Clay Loam,0.07066309444072336,0.07471889735219422,0.1290090090090087,409043.946361793,3659306.98381429
2008,2008-12-01,20082009wheatp23,45,71.84,12.0,16.160000000000004,Sandy Loam,0.05081081081081067,0.056578506863073245,0.09351535836177506,409043.946361793,3659306.98381429
2008,2008-12-01,20082009wheatp23,75,75.84,12.0,12.160000000000002,Sandy Loam,0.04858167590479291,0.049765258215962206,0.09412861136999094,409043.946361793,3659306.98381429
2008,2008-12-01,20082009wheatp23,105,69.84,16.0,14.160000000000004,Sandy Loam,0.06245933636955066,0.05138483965014564,0.11111111111111115,409043.946361793,3659306.98381429
2008,2008-12-01,20082009wheatp23,135,69.84,14.0,16.160000000000004,Sandy Loam,0.06083279115159417,0.0682539682539682,0.1191799861014596,409043.946361793,3659306.98381429
2008,2008-12-01,20082009wheatp23,165,65.84,14.0,20.160000000000004,Sandy Clay Loam,0.057065217391304254,0.06624605678233442,0.12629482071713152,409043.946361793,3659306.98381429
2008,2008-12-01,20082009wheatp24,15,67.28,16.560000000000002,16.160000000000004,Sandy Loam,0.06976744186046499,0.08169556840077061,0.13679619349722424,409056.172448164,3659306.87755874
2008,2008-12-01,20082009wheatp24,45,59.28,16.560000000000002,24.160000000000004,Sandy Clay Loam,0.09675967596759669,0.1102150537634409,0.19747899159663848,409056.172448164,3659306.87755874
2008,2008-12-01,20082009wheatp24,75,37.839999999999996,26.0,36.160000000000004,Clay Loam,0.10815047021943595,0.11980033277870229,0.217014572666404,409056.172448164,3659306.87755874
2008,2008-12-01,20082009wheatp24,105,45.839999999999996,20.0,34.160000000000004,Clay Loam,0.10535557506584717,0.12212643678160941,0.20760697305863748,409056.172448164,3659306.87755874
2008,2008-12-01,20082009wheatp24,135,53.839999999999996,22.0,24.160000000000004,Sandy Clay Loam,0.09001233045622677,0.10018214936247738,0.1979211779991338,409056.172448164,3659306.87755874
2008,2008-12-01,20082009wheatp24,165,73.84,10.0,16.160000000000004,Sandy Loam,0.060942889996166975,0.0609974883387153,0.11896497317765878,409056.172448164,3659306.87755874
2008,2008-12-01,20082009wheatp25,15,65.84,12.0,22.160000000000004,Sandy Clay Loam,0.06840264282938195,0.07859189521080616,0.13576291549859834,409068.52507268393,3659306.84936817
2008,2008-12-01,20082009wheatp25,45,67.84,10.0,22.160000000000004,Sandy Clay Loam,0.10517733387688537,0.07057111676973436,0.11846207135434714,409068.52507268393,3659306.84936817
2008,2008-12-01,20082009wheatp25,75,67.84,18.0,14.160000000000004,Sandy Loam,0.05930470347648274,0.0765069551777436,0.13763521074226026,409068.52507268393,3659306.84936817
2008,2008-12-01,20082009wheatp25,105,67.84,16.0,16.160000000000004,Sandy Loam,0.06739457831325299,0.09523809523809518,0.1437883435582822,409068.52507268393,3659306.84936817
2008,2008-12-01,20082009wheatp25,135,77.84,10.0,12.160000000000002,Sandy Loam,0.05485232067510546,0.07794914547728209,0.12941659819227572,409068.52507268393,3659306.84936817
2008,2008-12-01,20082009wheatp25,165,71.84,12.0,16.160000000000004,Sandy Loam,0.07897984368572611,0.08641975308641946,0.13283108643933392,409068.52507268393,3659306.84936817
2008,2008-12-01,20082009wheatp26,15,73.84,11.280000000000001,14.88,Sandy Loam,0.06818181818181838,0.07486631016042784,0.14274838218500188,409080.863782801,3659306.703
2008,2008-12-01,20082009wheatp26,45,81.84,7.280000000000001,10.88,Loamy Sand,0.04078135709389986,0.04745254745254723,0.09144981412639411,409080.863782801,3659306.703
2008,2008-12-01,20082009wheatp26,75,67.84,17.28,14.88,Sandy Loam,0.06781566129636576,0.08015267175572521,0.14505928853754946,409080.863782801,3659306.703
2008,2008-12-01,20082009wheatp26,105,63.839999999999996,17.28,18.880000000000003,Sandy Loam,0.057977528089887605,0.08713692946058128,0.15157639450282936,409080.863782801,3659306.703
2008,2008-12-01,20082009wheatp26,135,58.56,29.28,12.160000000000002,Sandy Loam,0.08396268325188809,0.09019947961838709,0.1518254674977737,409080.863782801,3659306.703
2008,2008-12-01,20082009wheatp26,165,68.56,11.280000000000001,20.160000000000004,Sandy Clay Loam,0.059736229635376524,0.07628178407669854,0.22594880847308016,409080.863782801,3659306.703
2008,2008-12-01,20082009wheatp27,15,65.84,12.0,22.160000000000004,Sandy Clay Loam,0.06755663430420689,0.07716535433070898,0.11894614490507555,409092.894966025,3659306.458
2008,2008-12-01,20082009wheatp27,45,57.83999999999999,18.0,24.160000000000004,Sandy Clay Loam,0.11375661375661367,0.10493046776232626,0.17220421393841168,409092.894966025,3659306.458
2008,2008-12-01,20082009wheatp27,75,57.83999999999999,20.0,22.160000000000004,Sandy Clay Loam,0.13768115942028972,0.10029390154298325,0.1579361953525009,409092.894966025,3659306.458
2008,2008-12-01,20082009wheatp27,105,51.839999999999996,20.0,28.16,Sandy Clay Loam,0.11896207584830297,0.12053571428571423,0.16816479400749043,409092.894966025,3659306.458
2008,2008-12-01,20082009wheatp27,135,67.84,10.0,22.160000000000004,Sandy Clay Loam,0.08234392952891634,0.08822305451518954,0.2185141040921732,409092.894966025,3659306.458
2008,2008-12-01,20082009wheatp27,165,75.84,8.0,16.160000000000004,Sandy Loam,0.06445931666079625,0.07442813246841924,0.111457521434139,409092.894966025,3659306.458
2008,2008-12-01,20082009wheatp28,15,59.839999999999996,18.0,22.160000000000004,Sandy Clay Loam,0.07292077256602293,0.08229048160788782,0.16239316239316237,409105.246823331,3659306.33983932
2008,2008-12-01,20082009wheatp28,45,59.839999999999996,16.0,24.160000000000004,Sandy Clay Loam,0.09005376344086011,0.10171619924654665,0.15394242803504402,409105.246823331,3659306.33983932
2008,2008-12-01,20082009wheatp28,75,61.839999999999996,16.0,22.160000000000004,Sandy Clay Loam,0.07313432835820899,0.09188741721854299,0.14642717688402965,409105.246823331,3659306.33983932
2008,2008-12-01,20082009wheatp28,105,57.83999999999999,16.0,26.160000000000004,Sandy Clay Loam,0.0802159660624758,0.062185371631625526,0.15908045977011498,409105.246823331,3659306.33983932
2008,2008-12-01,20082009wheatp28,135,59.12,18.72,22.160000000000004,Sandy Clay Loam,0.08469342743714167,0.10620155038759699,0.1639198218262806,409105.246823331,3659306.33983932
2008,2008-12-01,20082009wheatp28,165,75.12,4.719999999999999,20.160000000000004,Sandy Clay Loam,0.08208955223880614,0.0928571428571429,0.13812375249501002,409105.246823331,3659306.33983932
2008,2008-12-01,20082009wheatp31,15,59.839999999999996,18.0,22.160000000000004,Sandy Clay Loam,0.0884766321798075,0.08490133088572746,0.14441913439635543,409022.481186432,3659280.17346546
2008,2008-12-01,20082009wheatp31,45,55.84,20.0,24.160000000000004,Sandy Clay Loam,0.07069036792062838,0.08294342832837102,0.14314845024469813,409022.481186432,3659280.17346546
2008,2008-12-01,20082009wheatp31,75,45.839999999999996,24.0,30.160000000000004,Sandy Clay Loam,0.11244444444444451,0.13031709203402958,0.20065654493229385,409022.481186432,3659280.17346546
2008,2008-12-01,20082009wheatp31,105,35.84,22.0,42.160000000000004,Clay,0.09654850746268659,0.11168384879725092,0.17454545454545475,409022.481186432,3659280.17346546
2008,2008-12-01,20082009wheatp31,135,47.839999999999996,28.0,24.160000000000004,Loam,0.09342421812349629,0.09906237260497351,0.15465072842734404,409022.481186432,3659280.17346546
2008,2008-12-01,20082009wheatp31,165,55.84,22.0,22.160000000000004,Sandy Clay Loam,0.07941834451901549,0.09296148738379818,0.14890939597315422,409022.481186432,3659280.17346546
2008,2008-12-01,20082009wheatp32,15,59.839999999999996,18.0,22.160000000000004,Sandy Clay Loam,0.073902027027027,0.08493047726418633,0.13866120218579217,409031.26733056793,3659280.14790518
2008,2008-12-01,20082009wheatp32,45,55.84,20.0,24.160000000000004,Sandy Clay Loam,0.07505422993492393,0.09035159443990193,0.14329535495179682,409031.26733056793,3659280.14790518
2008,2008-12-01,20082009wheatp32,75,45.839999999999996,24.0,30.160000000000004,Sandy Clay Loam,0.11014607185155906,0.22179548727796436,0.20697167755991253,409031.26733056793,3659280.14790518
2008,2008-12-01,20082009wheatp32,105,35.84,22.0,42.160000000000004,Clay,0.1101660591332523,0.11686211079660332,0.1986842105263155,409031.26733056793,3659280.14790518
2008,2008-12-01,20082009wheatp32,135,47.839999999999996,28.0,24.160000000000004,Loam,0.07882200086617584,0.09923986486486523,0.15951903807615217,409031.26733056793,3659280.14790518
2008,2008-12-01,20082009wheatp32,165,55.84,22.0,22.160000000000004,Sandy Clay Loam,0.07817710263060391,0.09382329945269735,0.15401953418482378,409031.26733056793,3659280.14790518
2008,2008-12-01,20082009wheatp33,15,63.839999999999996,20.0,16.160000000000004,Sandy Loam,0.07312091503267969,0.08679101636848119,0.12489862124898617,409043.6348,3659279.7450856203
2008,2008-12-01,20082009wheatp33,45,63.839999999999996,22.0,14.160000000000004,Sandy Loam,0.0702060775410408,0.06664022213407407,0.11464245175936441,409043.6348,3659279.7450856203
2008,2008-12-01,20082009wheatp33,75,65.84,14.0,20.160000000000004,Sandy Clay Loam,0.08269394714407491,0.16613798572561478,0.1635025184037195,409043.6348,3659279.7450856203
2008,2008-12-01,20082009wheatp33,105,49.839999999999996,22.0,28.16,Sandy Clay Loam,0.09707903780068722,0.04415897230028078,0.19957356076759059,409043.6348,3659279.7450856203
2008,2008-12-01,20082009wheatp33,135,63.839999999999996,14.0,22.160000000000004,Sandy Clay Loam,0.08072174738841419,0.09150594993844909,0.1608139153265504,409043.6348,3659279.7450856203
2008,2008-12-01,20082009wheatp33,165,73.84,8.0,18.160000000000004,Sandy Loam,0.07678760126805187,0.08154350200218427,0.1275736778360922,409043.6348,3659279.7450856203
2008,2008-12-01,20082009wheatp34,15,69.28,14.560000000000002,16.160000000000004,Sandy Loam,0.07439733998337517,0.07179487179487179,0.12724989535370446,409056.081363497,3659279.69479063
2008,2008-12-01,20082009wheatp34,45,72.56,11.280000000000001,16.160000000000004,Sandy Loam,0.06488549618320594,0.05809294871794883,0.11187371310912826,409056.081363497,3659279.69479063
2008,2008-12-01,20082009wheatp34,75,73.84,12.0,14.160000000000004,Sandy Loam,0.056890459363957584,0.0570878768441309,0.11158342189160436,409056.081363497,3659279.69479063
2008,2008-12-01,20082009wheatp34,105,67.84,12.0,20.160000000000004,Sandy Clay Loam,0.06686368673808653,0.06699403717993675,0.12426035502958568,409056.081363497,3659279.69479063
2008,2008-12-01,20082009wheatp34,135,73.84,12.0,14.160000000000004,Sandy Loam,0.07481481481481467,0.06705059646236097,0.12877583465818737,409056.081363497,3659279.69479063
2008,2008-12-01,20082009wheatp34,165,71.84,8.0,20.160000000000004,Sandy Clay Loam,0.07348242811501599,0.07352366053969478,0.12795698924731183,409056.081363497,3659279.69479063
2008,2008-12-01,20082009wheatp35,15,71.84,8.0,20.160000000000004,Sandy Clay Loam,0.10709939148073025,0.07906237584425883,0.13032581453634076,409068.215642972,3659279.4105799794
2008,2008-12-01,20082009wheatp35,45,63.839999999999996,12.0,24.160000000000004,Sandy Clay Loam,0.09400656814449886,0.12460496613995478,0.1785575048732943,409068.215642972,3659279.4105799794
2008,2008-12-01,20082009wheatp35,75,69.84,16.0,14.160000000000004,Sandy Loam,0.12794985250737487,0.09447799827437468,0.1648106904231627,409068.215642972,3659279.4105799794
2008,2008-12-01,20082009wheatp35,105,49.839999999999996,18.0,32.160000000000004,Sandy Clay Loam,0.10301394511920856,0.1152959262106072,0.17919340054995397,409068.215642972,3659279.4105799794
2008,2008-12-01,20082009wheatp35,135,65.84,12.0,22.160000000000004,Sandy Clay Loam,0.07317965605561655,0.08792903972232939,0.14664926022628358,409068.215642972,3659279.4105799794
2008,2008-12-01,20082009wheatp35,165,67.84,10.0,22.160000000000004,Sandy Clay Loam,0.05753424657534243,0.087577160493827,0.13649635036496358,409068.215642972,3659279.4105799794
2008,2008-12-01,20082009wheatp36,15,65.84,18.0,16.160000000000004,Sandy Loam,0.05742644452321862,0.0833667334669338,0.14944794952681412,409080.254606465,3659279.29361793
2008,2008-12-01,20082009wheatp36,45,65.84,20.0,14.160000000000004,Sandy Loam,0.04898648648648634,0.06633906633906654,0.11525974025974041,409080.254606465,3659279.29361793
2008,2008-12-01,20082009wheatp36,75,71.84,16.0,12.160000000000002,Sandy Loam,0.05761843790012778,0.059594251901944055,0.10620052770448546,409080.254606465,3659279.29361793
2008,2008-12-01,20082009wheatp36,105,67.84,16.0,16.160000000000004,Sandy Loam,0.05638665132336015,0.062220414802765404,0.11872970046914468,409080.254606465,3659279.29361793
2008,2008-12-01,20082009wheatp36,135,67.84,18.0,14.160000000000004,Sandy Loam,0.06820809248554925,0.085409252669039,0.1503726435773783,409080.254606465,3659279.29361793
2008,2008-12-01,20082009wheatp36,165,65.84,16.0,18.160000000000004,Sandy Loam,0.0724749421742481,0.09684947491248576,0.14326765188834162,409080.254606465,3659279.29361793
2008,2008-12-01,20082009wheatp37,15,60.56,18.0,21.439999999999998,Sandy Clay Loam,0.08120552532440342,0.08907216494845346,0.12235510579576837,409092.680278389,3659278.964
2008,2008-12-01,20082009wheatp37,45,58.56,18.0,23.439999999999998,Sandy Clay Loam,0.08806818181818189,0.1006479481641468,0.14186369958275358,409092.680278389,3659278.964
2008,2008-12-01,20082009wheatp37,75,52.56000000000001,24.559999999999988,22.880000000000003,Sandy Clay Loam,0.09638009049773738,0.12118491921005364,0.1887014515496274,409092.680278389,3659278.964
2008,2008-12-01,20082009wheatp37,105,48.56,24.560000000000002,26.880000000000003,Sandy Clay Loam,0.1108011159824632,0.12520391517128876,0.18732222673709875,409092.680278389,3659278.964
2008,2008-12-01,20082009wheatp37,135,66.56,16.560000000000002,16.880000000000003,Sandy Loam,0.08939785740672339,0.10633307271305702,0.1394756008739985,409092.680278389,3659278.964
2008,2008-12-01,20082009wheatp37,165,66.56,14.560000000000002,18.880000000000003,Sandy Loam,0.07903780068728507,0.08727810650887573,0.12074607329842924,409092.680278389,3659278.964
2008,2008-12-01,20082009wheatp38,15,63.839999999999996,20.0,16.160000000000004,Sandy Loam,0.06467013888888898,0.08213944603629413,0.12390603408567506,409104.415157683,3659278.82724744
2008,2008-12-01,20082009wheatp38,45,65.84,20.0,14.160000000000004,Sandy Loam,0.0687940323249066,0.08148804251550028,0.12173913043478259,409104.415157683,3659278.82724744
2008,2008-12-01,20082009wheatp38,75,63.839999999999996,20.0,16.160000000000004,Sandy Loam,0.0854640980735556,0.09769441187964048,0.1474182104848244,409104.415157683,3659278.82724744
2008,2008-12-01,20082009wheatp38,105,57.83999999999999,20.0,22.160000000000004,Sandy Clay Loam,0.09325797335486487,0.10618651892890106,0.15513872606486906,409104.415157683,3659278.82724744
2008,2008-12-01,20082009wheatp38,135,77.84,12.0,10.160000000000002,Sandy Loam,0.08084210526315766,0.10699111626110479,0.1268308921438083,409104.415157683,3659278.82724744
2008,2008-12-01,20082009wheatp38,165,67.84,18.0,14.160000000000004,Sandy Loam,0.08766035430665868,0.09198706431908049,0.12181663837011872,409104.415157683,3659278.82724744
2008,2008-12-01,20082009wheatp41,15,63.839999999999996,16.0,20.160000000000004,Sandy Clay Loam,0.07372708757637454,0.08896940418679554,0.12733042443474815,409022.238629539,3659261.53693162
2008,2008-12-01,20082009wheatp41,45,57.83999999999999,20.0,22.160000000000004,Sandy Clay Loam,0.0633373934226548,0.07960784313725494,0.12569474134245426,409022.238629539,3659261.53693162
2008,2008-12-01,20082009wheatp41,75,57.83999999999999,24.0,18.160000000000004,Sandy Loam,0.07302867383512557,0.09711499390491643,0.14509190457567464,409022.238629539,3659261.53693162
2008,2008-12-01,20082009wheatp41,105,55.84,20.0,24.160000000000004,Sandy Clay Loam,0.06511820821236003,0.08734939759036146,0.12861010830324882,409022.238629539,3659261.53693162
2008,2008-12-01,20082009wheatp41,135,71.84,12.0,16.160000000000004,Sandy Loam,0.055618615209988606,0.07364048338368592,0.10573678290213753,409022.238629539,3659261.53693162
2008,2008-12-01,20082009wheatp41,165,67.84,14.0,18.160000000000004,Sandy Loam,0.04784313725490191,0.05362776025236591,0.09823986901350822,409022.238629539,3659261.53693162
2008,2008-12-01,20082009wheatp42,15,71.84,11.280000000000001,16.880000000000003,Sandy Loam,0.05863309352517995,0.0692410119840214,0.11976301311891654,409031.100384068,3659261.32417592
2008,2008-12-01,20082009wheatp42,45,67.84,15.280000000000001,16.880000000000003,Sandy Loam,0.06209850107066394,0.07976827094474181,0.1169007702763932,409031.100384068,3659261.32417592
2008,2008-12-01,20082009wheatp42,75,65.84,19.28,14.88,Sandy Loam,0.0720180045011248,0.10587805768528655,0.13992206872121865,409031.100384068,3659261.32417592
2008,2008-12-01,20082009wheatp42,105,55.84,15.280000000000001,28.88,Sandy Clay Loam,0.07016060862214724,0.09365079365079393,0.14010343206394005,409031.100384068,3659261.32417592
2008,2008-12-01,20082009wheatp42,135,67.84,12.0,20.160000000000004,Sandy Clay Loam,0.0677260688611429,0.0937129300118626,0.12952898550724634,409031.100384068,3659261.32417592
2008,2008-12-01,20082009wheatp42,165,73.84,10.0,16.160000000000004,Sandy Loam,0.0627027027027025,0.0782672005824538,0.1236319416295094,409031.100384068,3659261.32417592
2008,2008-12-01,20082009wheatp43,15,67.84,14.0,18.160000000000004,Sandy Loam,0.07085755813953498,0.0736222128733698,0.10891870560378866,409043.826002556,3659260.972
2008,2008-12-01,20082009wheatp43,45,67.84,12.0,20.160000000000004,Sandy Clay Loam,0.06951871657754022,0.08269662921348296,0.13029989658738345,409043.826002556,3659260.972
2008,2008-12-01,20082009wheatp43,75,65.84,13.280000000000001,20.880000000000003,Sandy Clay Loam,0.08639863130881109,0.0987341772151897,0.16305329719963896,409043.826002556,3659260.972
2008,2008-12-01,20082009wheatp43,105,73.84,11.280000000000001,14.88,Sandy Loam,0.062455389007851546,0.0765162200282088,0.12346625766871158,409043.826002556,3659260.972
2008,2008-12-01,20082009wheatp43,135,73.84,7.280000000000001,18.880000000000003,Sandy Loam,0.07291206363234637,0.09056444818871096,0.13094736842105262,409043.826002556,3659260.972
2008,2008-12-01,20082009wheatp43,165,69.84,11.280000000000001,18.880000000000003,Sandy Loam,0.06241815800960246,0.06978653530377651,0.1298855112514804,409043.826002556,3659260.972
2008,2008-12-01,20082009wheatp44,15,73.84,12.0,14.160000000000004,Sandy Loam,0.06277213352685039,0.07399186089530152,0.12189781021897796,409055.905483931,3659260.75857152
2008,2008-12-01,20082009wheatp44,45,65.84,18.0,16.160000000000004,Sandy Loam,0.08363148479427568,0.09683340982101879,0.15764331210191054,409055.905483931,3659260.75857152
2008,2008-12-01,20082009wheatp44,75,57.83999999999999,22.0,20.160000000000004,Sandy Clay  Loam,0.08015873015873028,0.09654300168634061,0.16072160721607193,409055.905483931,3659260.75857152
2008,2008-12-01,20082009wheatp44,105,59.839999999999996,16.0,24.160000000000004,Sandy Clay  Loam,0.06666666666666671,0.08047808764940281,0.1351129363449695,409055.905483931,3659260.75857152
2008,2008-12-01,20082009wheatp44,135,71.12,14.719999999999999,14.160000000000004,Sandy Loam,0.06655844155844158,0.07176175098672408,0.1173594132029341,409055.905483931,3659260.75857152
2008,2008-12-01,20082009wheatp44,165,67.12,14.719999999999999,18.160000000000004,Sandy Loam,0.07129996398991734,0.07318867230599466,0.12236746550472058,409055.905483931,3659260.75857152
2008,2008-12-01,20082009wheatp45,15,71.12,14.719999999999999,14.160000000000004,Sandy Loam,0.07216103304215718,0.08080808080808088,0.12500000000000017,409067.86320153205,3659260.48362972
2008,2008-12-01,20082009wheatp45,45,61.12,16.72,22.160000000000004,Sandy  Clay Loam,0.0930626057529612,0.09701492537313419,0.16505747126436798,409067.86320153205,3659260.48362972
2008,2008-12-01,20082009wheatp45,75,67.12,16.72,16.160000000000004,Sandy Loam,0.09383561643835597,0.09234828496042216,0.16513339466421326,409067.86320153205,3659260.48362972
2008,2008-12-01,20082009wheatp45,105,57.11999999999999,20.72,22.160000000000004,Sandy Clay Loam,0.08381391772395232,0.09198691741618967,0.16124260355029604,409067.86320153205,3659260.48362972
2008,2008-12-01,20082009wheatp45,135,69.12,16.72,14.160000000000004,Sandy Loam,0.06985161056822267,0.07429048414023377,0.14534883720930233,409067.86320153205,3659260.48362972
2008,2008-12-01,20082009wheatp45,165,79.12,6.719999999999999,14.160000000000004,Sandy Loam,0.06513647642679883,0.1150885296381833,0.10341074020319282,409067.86320153205,3659260.48362972
2008,2008-12-01,20082009wheatp46,15,75.12,12.719999999999999,12.160000000000002,Sandy Loam,0.06596971881759188,0.07174490699734298,0.112327656123277,409080.206200852,3659260.13587441
2008,2008-12-01,20082009wheatp46,45,75.12,12.719999999999999,12.160000000000002,Sandy Loam,0.07129094412331441,0.055443140428976315,0.11928283937065488,409080.206200852,3659260.13587441
2008,2008-12-01,20082009wheatp46,75,65.12,20.72,14.160000000000004,Sandy Loam,0.08081194944465749,0.08703635695923632,0.14861563517915335,409080.206200852,3659260.13587441
2008,2008-12-01,20082009wheatp46,105,61.12,16.72,22.160000000000004,Sandy Clay Loam,0.08685258964143394,0.08920748705694923,0.1622230567029666,409080.206200852,3659260.13587441
2008,2008-12-01,20082009wheatp46,135,70.56,15.280000000000001,14.160000000000004,Sandy Loam,0.07651186100902126,0.07687074829931966,0.13212533031332577,409080.206200852,3659260.13587441
2008,2008-12-01,20082009wheatp46,165,72.56,13.280000000000001,14.160000000000004,Sandy Loam,0.08690702087286496,0.08569454042847259,0.1512481644640237,409080.206200852,3659260.13587441
2008,2008-12-01,20082009wheatp47,15,64.56,15.280000000000001,20.160000000000004,Sandy Clay Loam,0.0727272727272729,0.08349146110056938,0.1352380952380951,409092.640172514,3659259.97850446
2008,2008-12-01,20082009wheatp47,45,48.56,21.28,30.160000000000004,Sandy Clay Loam,0.08616404308202147,0.10070160957490705,0.19332519332519332,409092.640172514,3659259.97850446
2008,2008-12-01,20082009wheatp47,75,55.84,24.0,20.160000000000004,Sandy Clay Loam,0.08346333853354133,0.10260586319218254,0.1868131868131869,409092.640172514,3659259.97850446
2008,2008-12-01,20082009wheatp47,105,51.839999999999996,20.0,28.16,Sandy Clay Loam,0.07367990176013116,0.08566788469346323,0.1665404996214988,409092.640172514,3659259.97850446
2008,2008-12-01,20082009wheatp47,135,55.84,20.0,24.160000000000004,Sandy Clay Loam,0.07950459448661586,0.0964644260148407,0.17301038062283738,409092.640172514,3659259.97850446
2008,2008-12-01,20082009wheatp47,165,71.84,6.0,22.160000000000004,Sandy Clay Loam,0.056299212598425165,0.07531545741324906,0.12090483619344779,409092.640172514,3659259.97850446
2008,2008-12-01,20082009wheatp48,15,63.839999999999996,20.0,16.160000000000004,Sandy Loam,0.06590370955011847,0.07617260787992498,0.12945590994371464,409104.602761061,3659259.76822418
2008,2008-12-01,20082009wheatp48,45,61.839999999999996,22.0,16.160000000000004,Sandy Loam,0.08007812499999989,0.08829101932550204,0.14506172839506165,409104.602761061,3659259.76822418
2008,2008-12-01,20082009wheatp48,75,47.839999999999996,22.0,30.160000000000004,Sandy Clay Loam,0.07890685142417234,0.09525676205409615,0.16525749423520414,409104.602761061,3659259.76822418
2008,2008-12-01,20082009wheatp48,105,49.839999999999996,18.0,32.160000000000004,Sandy Clay Loam,0.08057259713701427,0.09597652975691498,0.18829516539440194,409104.602761061,3659259.76822418
2008,2008-12-01,20082009wheatp48,135,65.84,20.0,14.160000000000004,Sandy Loam,0.06568593910366068,0.08055235903337174,0.14242990654205617,409104.602761061,3659259.76822418
2008,2008-12-01,20082009wheatp48,165,67.84,10.0,22.160000000000004,Sandy Clay Loam,0.062239089184060736,0.07572540693559804,0.13072378138847854,409104.602761061,3659259.76822418
