{
    "type": "FeatureCollection",
    "features": [
        {
            "type": "Feature",
            "geometry": {
                "type": "Point",
                "coordinates": [
                    33.07964887,
                    -111.97819066
                ]
            },
            "properties": {
                "pa_label": "p01-1-S1",
                "PSDATE": "06/01/2021",
                "PHTD": {
                    "1": 0.14
                },
                "MSNODE": {
                    "1": 7
                },
                "FRBNUM": {
                    "1": 0
                },
                "ABCNUM": 0,
                "SQRNUM": 0,
                "FLRNUM": 0,
                "GBNUM": 0,
                "MBNUM": 0,
                "LWAD": 72.2,
                "SWAD": 24.6,
                "MBWAD": 0.0,
                "PWAD": 0.0,
                "LAID": 0.08
            },
            "_id": "67eeba338ac547ce9c2d1b4d",
            "paid": "67eeba338ac547ce9c2d1b4d"
        },
        {
            "type": "Feature",
            "geometry": {
                "type": "Point",
                "coordinates": [
                    33.07965896,
                    -111.97819059
                ]
            },
            "properties": {
                "pa_label": "p01-1-S2",
                "PSDATE": "06/14/2021",
                "PHTD": {
                    "1": 0.22
                },
                "MSNODE": {
                    "1": 12
                },
                "PFNODE": {
                    "1": 9
                },
                "FRBNUM": {
                    "1": 3
                },
                "ABCNUM": 0,
                "SQRNUM": 3,
                "FLRNUM": 0,
                "GBNUM": 0,
                "MBNUM": 0,
                "LWAD": 246.4,
                "SWAD": 98.6,
                "MBWAD": 0.0,
                "PWAD": 1.8,
                "LAID": 0.278
            },
            "_id": "67eeba338ac547ce9c2d1b4e",
            "paid": "67eeba338ac547ce9c2d1b4e"
        },
        {
            "type": "Feature",
            "geometry": {
                "type": "Point",
                "coordinates": [
                    33.07966905,
                    -111.97819052
                ]
            },
            "properties": {
                "pa_label": "p01-1-S3",
                "PSDATE": "06/28/2021",
                "PHTD": {
                    "1": 0.45
                },
                "MSNODE": {
                    "1": 17
                },
                "PFNODE": {
                    "1": 7
                },
                "FRBNUM": {
                    "1": 10
                },
                "ABCNUM": 2,
                "SQRNUM": 20,
                "FLRNUM": 1,
                "GBNUM": 0,
                "MBNUM": 0,
                "LWAD": 846.6,
                "SWAD": 620.4,
                "MBWAD": 0.0,
                "PWAD": 103.0,
                "LAID": 1.387
            },
            "_id": "67eeba338ac547ce9c2d1b4f",
            "paid": "67eeba338ac547ce9c2d1b4f"
        },
        {
            "type": "Feature",
            "geometry": {
                "type": "Point",
                "coordinates": [
                    33.07967914,
                    -111.97819045
                ]
            },
            "properties": {
                "pa_label": "p01-1-S4",
                "PSDATE": "07/12/2021",
                "PHTD": {
                    "1": 0.62
                },
                "MSNODE": {
                    "1": 19
                },
                "PFNODE": {
                    "1": 7
                },
                "FRBNUM": {
                    "1": 12
                },
                "ABCNUM": 5,
                "SQRNUM": 6,
                "FLRNUM": 0,
                "GBNUM": 4,
                "MBNUM": 0,
                "LWAD": 691.7,
                "SWAD": 591.4,
                "MBWAD": 0.0,
                "PWAD": 236.7,
                "LAID": 1.226
            },
            "_id": "67eeba338ac547ce9c2d1b50",
            "paid": "67eeba338ac547ce9c2d1b50"
        },
        {
            "type": "Feature",
            "geometry": {
                "type": "Point",
                "coordinates": [
                    33.07968922,
                    -111.97819038
                ]
            },
            "properties": {
                "pa_label": "p01-1-S5",
                "PSDATE": "07/27/2021",
                "PHTD": {
                    "1": 0.97
                },
                "MSNODE": {
                    "1": 29
                },
                "PFNODE": {
                    "1": 10
                },
                "FRBNUM": {
                    "1": 19
                },
                "ABCNUM": 60,
                "SQRNUM": 23,
                "FLRNUM": 0,
                "GBNUM": 13,
                "MBNUM": 0,
                "LWAD": 3513.0,
                "SWAD": 3925.7,
                "MBWAD": 0.0,
                "PWAD": 1673.8,
                "LAID": 6.647
            },
            "_id": "67eeba338ac547ce9c2d1b51",
            "paid": "67eeba338ac547ce9c2d1b51"
        },
        {
            "type": "Feature",
            "geometry": {
                "type": "Point",
                "coordinates": [
                    33.07969931,
                    -111.97819031
                ]
            },
            "properties": {
                "pa_label": "p01-1-S6",
                "PSDATE": "08/19/2021",
                "PHTD": {
                    "1": 1.18
                },
                "MSNODE": {
                    "1": 27
                },
                "PFNODE": {
                    "1": 8
                },
                "FRBNUM": {
                    "1": 19
                },
                "ABCNUM": 33,
                "SQRNUM": 13,
                "FLRNUM": 1,
                "GBNUM": 0,
                "MBNUM": 0,
                "LWAD": 1628.9,
                "SWAD": 2471.0,
                "MBWAD": 0.0,
                "PWAD": 87.1,
                "LAID": 3.417
            },
            "_id": "67eeba338ac547ce9c2d1b52",
            "paid": "67eeba338ac547ce9c2d1b52"
        },
        {
            "type": "Feature",
            "geometry": {
                "type": "Point",
                "coordinates": [
                    33.0797094,
                    -111.97819024
                ]
            },
            "properties": {
                "pa_label": "p01-1-S7",
                "PSDATE": "08/19/2021",
                "PHTD": {
                    "1": 1.73
                },
                "MSNODE": {
                    "1": 39
                },
                "PFNODE": {
                    "1": 9
                },
                "FRBNUM": {
                    "1": 30
                },
                "ABCNUM": 83,
                "SQRNUM": 28,
                "FLRNUM": 0,
                "GBNUM": 21,
                "MBNUM": 3,
                "LWAD": 3951.2,
                "SWAD": 5449.8,
                "MBWAD": 0.0,
                "PWAD": 842.2,
                "LAID": 7.861
            },
            "_id": "67eeba338ac547ce9c2d1b53",
            "paid": "67eeba338ac547ce9c2d1b53"
        },
        {
            "type": "Feature",
            "geometry": {
                "type": "Point",
                "coordinates": [
                    33.07928811,
                    -111.97819318
                ]
            },
            "properties": {
                "pa_label": "p01-2-S1",
                "PSDATE": "06/01/2021",
                "PHTD": {
                    "1": 0.12
                },
                "MSNODE": {
                    "1": 8
                },
                "FRBNUM": {
                    "1": 0
                },
                "ABCNUM": 0,
                "SQRNUM": 0,
                "FLRNUM": 0,
                "GBNUM": 0,
                "MBNUM": 0,
                "LWAD": 58.1,
                "SWAD": 20.2,
                "MBWAD": 0.0,
                "PWAD": 0.0,
                "LAID": 0.071
            },
            "_id": "67eeba338ac547ce9c2d1b54",
            "paid": "67eeba338ac547ce9c2d1b54"
        },
        {
            "type": "Feature",
            "geometry": {
                "type": "Point",
                "coordinates": [
                    33.07929819,
                    -111.97819311
                ]
            },
            "properties": {
                "pa_label": "p01-2-S2",
                "PSDATE": "06/14/2021",
                "PHTD": {
                    "1": 0.24
                },
                "MSNODE": {
                    "1": 14
                },
                "PFNODE": {
                    "1": 9
                },
                "FRBNUM": {
                    "1": 5
                },
                "ABCNUM": 0,
                "SQRNUM": 7,
                "FLRNUM": 0,
                "GBNUM": 0,
                "MBNUM": 0,
                "LWAD": 411.8,
                "SWAD": 195.4,
                "MBWAD": 0.0,
                "PWAD": 11.4,
                "LAID": 0.463
            },
            "_id": "67eeba338ac547ce9c2d1b55",
            "paid": "67eeba338ac547ce9c2d1b55"
        },
        {
            "type": "Feature",
            "geometry": {
                "type": "Point",
                "coordinates": [
                    33.07930828,
                    -111.97819303
                ]
            },
            "properties": {
                "pa_label": "p01-2-S3",
                "PSDATE": "06/28/2021",
                "PHTD": {
                    "1": 0.37
                },
                "MSNODE": {
                    "1": 19
                },
                "PFNODE": {
                    "1": 6
                },
                "FRBNUM": {
                    "1": 13
                },
                "ABCNUM": 3,
                "SQRNUM": 26,
                "FLRNUM": 1,
                "GBNUM": 4,
                "MBNUM": 0,
                "LWAD": 1068.3,
                "SWAD": 731.3,
                "MBWAD": 0.0,
                "PWAD": 371.4,
                "LAID": 1.238
            },
            "_id": "67eeba338ac547ce9c2d1b56",
            "paid": "67eeba338ac547ce9c2d1b56"
        },
        {
            "type": "Feature",
            "geometry": {
                "type": "Point",
                "coordinates": [
                    33.07931837,
                    -111.97819296
                ]
            },
            "properties": {
                "pa_label": "p01-2-S4",
                "PSDATE": "07/12/2021",
                "PHTD": {
                    "1": 0.41
                },
                "MSNODE": {
                    "1": 21
                },
                "PFNODE": {
                    "1": 7
                },
                "FRBNUM": {
                    "1": 14
                },
                "ABCNUM": 11,
                "SQRNUM": 18,
                "FLRNUM": 1,
                "GBNUM": 9,
                "MBNUM": 0,
                "LWAD": 1423.8,
                "SWAD": 1014.6,
                "MBWAD": 0.0,
                "PWAD": 915.2,
                "LAID": 1.671
            },
            "_id": "67eeba338ac547ce9c2d1b57",
            "paid": "67eeba338ac547ce9c2d1b57"
        },
        {
            "type": "Feature",
            "geometry": {
                "type": "Point",
                "coordinates": [
                    33.07932846,
                    -111.97819289
                ]
            },
            "properties": {
                "pa_label": "p01-2-S5",
                "PSDATE": "07/27/2021",
                "PHTD": {
                    "1": 0.66
                },
                "MSNODE": {
                    "1": 23
                },
                "PFNODE": {
                    "1": 7
                },
                "FRBNUM": {
                    "1": 16
                },
                "ABCNUM": 18,
                "SQRNUM": 3,
                "FLRNUM": 1,
                "GBNUM": 4,
                "MBNUM": 0,
                "LWAD": 1029.6,
                "SWAD": 807.0,
                "MBWAD": 0.0,
                "PWAD": 518.3,
                "LAID": 1.821
            },
            "_id": "67eeba338ac547ce9c2d1b58",
            "paid": "67eeba338ac547ce9c2d1b58"
        },
        {
            "type": "Feature",
            "geometry": {
                "type": "Point",
                "coordinates": [
                    33.07933855,
                    -111.97819282
                ]
            },
            "properties": {
                "pa_label": "p01-2-S6",
                "PSDATE": "08/19/2021",
                "PHTD": {
                    "1": 1.21
                },
                "MSNODE": {
                    "1": 33
                },
                "PFNODE": {
                    "1": 8
                },
                "FRBNUM": {
                    "1": 25
                },
                "ABCNUM": 64,
                "SQRNUM": 26,
                "FLRNUM": 0,
                "GBNUM": 4,
                "MBNUM": 3,
                "LWAD": 2764.1,
                "SWAD": 3466.3,
                "MBWAD": 713.7,
                "PWAD": 1462.6,
                "LAID": 5.081
            },
            "_id": "67eeba338ac547ce9c2d1b59",
            "paid": "67eeba338ac547ce9c2d1b59"
        },
        {
            "type": "Feature",
            "geometry": {
                "type": "Point",
                "coordinates": [
                    33.07934863,
                    -111.97819275
                ]
            },
            "properties": {
                "pa_label": "p01-2-S7",
                "PSDATE": "09/08/2021",
                "PHTD": {
                    "1": 1.4
                },
                "MSNODE": {
                    "1": 38
                },
                "PFNODE": {
                    "1": 6
                },
                "FRBNUM": {
                    "1": 32
                },
                "ABCNUM": 74,
                "SQRNUM": 46,
                "FLRNUM": 0,
                "GBNUM": 21,
                "MBNUM": 3,
                "LWAD": 3579.8,
                "SWAD": 7178.2,
                "MBWAD": 135.5,
                "PWAD": 1319.1,
                "LAID": 6.791
            },
            "_id": "67eeba338ac547ce9c2d1b5a",
            "paid": "67eeba338ac547ce9c2d1b5a"
        },
        {
            "type": "Feature",
            "geometry": {
                "type": "Point",
                "coordinates": [
                    33.07892734,
                    -111.97819569
                ]
            },
            "properties": {
                "pa_label": "p01-3-S1",
                "PSDATE": "06/01/2021",
                "PHTD": {
                    "1": 0.12
                },
                "MSNODE": {
                    "1": 8
                },
                "FRBNUM": {
                    "1": 0
                },
                "ABCNUM": 0,
                "SQRNUM": 0,
                "FLRNUM": 0,
                "GBNUM": 0,
                "MBNUM": 0,
                "LWAD": 67.8,
                "SWAD": 26.4,
                "MBWAD": 0.0,
                "PWAD": 0.0,
                "LAID": 0.085
            },
            "_id": "67eeba338ac547ce9c2d1b5b",
            "paid": "67eeba338ac547ce9c2d1b5b"
        },
        {
            "type": "Feature",
            "geometry": {
                "type": "Point",
                "coordinates": [
                    33.07893743,
                    -111.97819562
                ]
            },
            "properties": {
                "pa_label": "p01-3-S2",
                "PSDATE": "06/14/2021",
                "PHTD": {
                    "1": 0.23
                },
                "MSNODE": {
                    "1": 11
                },
                "PFNODE": {
                    "1": 8
                },
                "FRBNUM": {
                    "1": 3
                },
                "ABCNUM": 0,
                "SQRNUM": 3,
                "FLRNUM": 0,
                "GBNUM": 0,
                "MBNUM": 0,
                "LWAD": 191.8,
                "SWAD": 88.9,
                "MBWAD": 0.0,
                "PWAD": 2.6,
                "LAID": 0.237
            },
            "_id": "67eeba338ac547ce9c2d1b5c",
            "paid": "67eeba338ac547ce9c2d1b5c"
        },
        {
            "type": "Feature",
            "geometry": {
                "type": "Point",
                "coordinates": [
                    33.07894751,
                    -111.97819555
                ]
            },
            "properties": {
                "pa_label": "p01-3-S3",
                "PSDATE": "06/28/2021",
                "PHTD": {
                    "1": 0.42
                },
                "MSNODE": {
                    "1": 17
                },
                "PFNODE": {
                    "1": 7
                },
                "FRBNUM": {
                    "1": 10
                },
                "ABCNUM": 1,
                "SQRNUM": 20,
                "FLRNUM": 0,
                "GBNUM": 0,
                "MBNUM": 0,
                "LWAD": 867.7,
                "SWAD": 557.9,
                "MBWAD": 0.0,
                "PWAD": 88.9,
                "LAID": 1.249
            },
            "_id": "67eeba338ac547ce9c2d1b5d",
            "paid": "67eeba338ac547ce9c2d1b5d"
        },
        {
            "type": "Feature",
            "geometry": {
                "type": "Point",
                "coordinates": [
                    33.0789576,
                    -111.97819548
                ]
            },
            "properties": {
                "pa_label": "p01-3-S4",
                "PSDATE": "07/12/2021",
                "PHTD": {
                    "1": 0.58
                },
                "MSNODE": {
                    "1": 22
                },
                "PFNODE": {
                    "1": 8
                },
                "FRBNUM": {
                    "1": 14
                },
                "ABCNUM": 9,
                "SQRNUM": 20,
                "FLRNUM": 0,
                "GBNUM": 8,
                "MBNUM": 0,
                "LWAD": 1411.5,
                "SWAD": 1205.6,
                "MBWAD": 0.0,
                "PWAD": 648.6,
                "LAID": 2.208
            },
            "_id": "67eeba338ac547ce9c2d1b5e",
            "paid": "67eeba338ac547ce9c2d1b5e"
        },
        {
            "type": "Feature",
            "geometry": {
                "type": "Point",
                "coordinates": [
                    33.07896769,
                    -111.97819541
                ]
            },
            "properties": {
                "pa_label": "p01-3-S5",
                "PSDATE": "07/27/2021",
                "PHTD": {
                    "1": 0.86
                },
                "MSNODE": {
                    "1": 27
                },
                "PFNODE": {
                    "1": 7
                },
                "FRBNUM": {
                    "1": 20
                },
                "ABCNUM": 57,
                "SQRNUM": 25,
                "FLRNUM": 0,
                "GBNUM": 13,
                "MBNUM": 0,
                "LWAD": 3070.3,
                "SWAD": 3013.1,
                "MBWAD": 0.0,
                "PWAD": 2146.3,
                "LAID": 5.335
            },
            "_id": "67eeba338ac547ce9c2d1b5f",
            "paid": "67eeba338ac547ce9c2d1b5f"
        },
        {
            "type": "Feature",
            "geometry": {
                "type": "Point",
                "coordinates": [
                    33.07897778,
                    -111.97819534
                ]
            },
            "properties": {
                "pa_label": "p01-3-S6",
                "PSDATE": "08/19/2021",
                "PHTD": {
                    "1": 1.12
                },
                "MSNODE": {
                    "1": 29
                },
                "PFNODE": {
                    "1": 5
                },
                "FRBNUM": {
                    "1": 24
                },
                "ABCNUM": 53,
                "SQRNUM": 23,
                "FLRNUM": 1,
                "GBNUM": 7,
                "MBNUM": 0,
                "LWAD": 2629.4,
                "SWAD": 3300.0,
                "MBWAD": 0.0,
                "PWAD": 1388.6,
                "LAID": 4.587
            },
            "_id": "67eeba338ac547ce9c2d1b60",
            "paid": "67eeba338ac547ce9c2d1b60"
        },
        {
            "type": "Feature",
            "geometry": {
                "type": "Point",
                "coordinates": [
                    33.07898787,
                    -111.97819527
                ]
            },
            "properties": {
                "pa_label": "p01-3-S7",
                "PSDATE": "09/08/2021",
                "PHTD": {
                    "1": 1.44
                },
                "MSNODE": {
                    "1": 37
                },
                "PFNODE": {
                    "1": 8
                },
                "FRBNUM": {
                    "1": 29
                },
                "ABCNUM": 78,
                "SQRNUM": 30,
                "FLRNUM": 1,
                "GBNUM": 15,
                "MBNUM": 5,
                "LWAD": 3568.4,
                "SWAD": 6110.7,
                "MBWAD": 533.3,
                "PWAD": 1831.3,
                "LAID": 6.718
            },
            "_id": "67eeba338ac547ce9c2d1b61",
            "paid": "67eeba338ac547ce9c2d1b61"
        },
        {
            "type": "Feature",
            "geometry": {
                "type": "Point",
                "coordinates": [
                    33.07856657,
                    -111.97819821
                ]
            },
            "properties": {
                "pa_label": "p01-4-S1",
                "PSDATE": "06/01/2021",
                "PHTD": {
                    "1": 0.14
                },
                "MSNODE": {
                    "1": 7
                },
                "FRBNUM": {
                    "1": 0
                },
                "ABCNUM": 0,
                "SQRNUM": 0,
                "FLRNUM": 0,
                "GBNUM": 0,
                "MBNUM": 0,
                "LWAD": 52.8,
                "SWAD": 20.2,
                "MBWAD": 0.0,
                "PWAD": 0.0,
                "LAID": 0.067
            },
            "_id": "67eeba338ac547ce9c2d1b62",
            "paid": "67eeba338ac547ce9c2d1b62"
        },
        {
            "type": "Feature",
            "geometry": {
                "type": "Point",
                "coordinates": [
                    33.07857666,
                    -111.97819814
                ]
            },
            "properties": {
                "pa_label": "p01-4-S2",
                "PSDATE": "06/14/2021",
                "PHTD": {
                    "1": 0.28
                },
                "MSNODE": {
                    "1": 13
                },
                "PFNODE": {
                    "1": 8
                },
                "FRBNUM": {
                    "1": 5
                },
                "ABCNUM": 0,
                "SQRNUM": 7,
                "FLRNUM": 0,
                "GBNUM": 0,
                "MBNUM": 0,
                "LWAD": 438.2,
                "SWAD": 208.6,
                "MBWAD": 0.0,
                "PWAD": 13.2,
                "LAID": 0.524
            },
            "_id": "67eeba338ac547ce9c2d1b63",
            "paid": "67eeba338ac547ce9c2d1b63"
        },
        {
            "type": "Feature",
            "geometry": {
                "type": "Point",
                "coordinates": [
                    33.07858675,
                    -111.97819807
                ]
            },
            "properties": {
                "pa_label": "p01-4-S3",
                "PSDATE": "06/28/2021",
                "PHTD": {
                    "1": 0.43
                },
                "MSNODE": {
                    "1": 15
                },
                "PFNODE": {
                    "1": 6
                },
                "FRBNUM": {
                    "1": 9
                },
                "ABCNUM": 1,
                "SQRNUM": 15,
                "FLRNUM": 0,
                "GBNUM": 0,
                "MBNUM": 0,
                "LWAD": 609.0,
                "SWAD": 410.1,
                "MBWAD": 0.0,
                "PWAD": 89.8,
                "LAID": 0.891
            },
            "_id": "67eeba338ac547ce9c2d1b64",
            "paid": "67eeba338ac547ce9c2d1b64"
        },
        {
            "type": "Feature",
            "geometry": {
                "type": "Point",
                "coordinates": [
                    33.07859684,
                    -111.978198
                ]
            },
            "properties": {
                "pa_label": "p01-4-S4",
                "PSDATE": "07/12/2021",
                "PHTD": {
                    "1": 0.74
                },
                "MSNODE": {
                    "1": 23
                },
                "PFNODE": {
                    "1": 8
                },
                "FRBNUM": {
                    "1": 15
                },
                "ABCNUM": 13,
                "SQRNUM": 18,
                "FLRNUM": 1,
                "GBNUM": 6,
                "MBNUM": 0,
                "LWAD": 1370.2,
                "SWAD": 1348.2,
                "MBWAD": 0.0,
                "PWAD": 563.2,
                "LAID": 2.34
            },
            "_id": "67eeba338ac547ce9c2d1b65",
            "paid": "67eeba338ac547ce9c2d1b65"
        },
        {
            "type": "Feature",
            "geometry": {
                "type": "Point",
                "coordinates": [
                    33.07860692,
                    -111.97819793
                ]
            },
            "properties": {
                "pa_label": "p01-4-S5",
                "PSDATE": "07/27/2021",
                "PHTD": {
                    "1": 1.03
                },
                "MSNODE": {
                    "1": 25
                },
                "PFNODE": {
                    "1": 6
                },
                "FRBNUM": {
                    "1": 19
                },
                "ABCNUM": 25,
                "SQRNUM": 18,
                "FLRNUM": 1,
                "GBNUM": 14,
                "MBNUM": 0,
                "LWAD": 2451.7,
                "SWAD": 2866.2,
                "MBWAD": 0.0,
                "PWAD": 1772.3,
                "LAID": 4.877
            },
            "_id": "67eeba338ac547ce9c2d1b66",
            "paid": "67eeba338ac547ce9c2d1b66"
        },
        {
            "type": "Feature",
            "geometry": {
                "type": "Point",
                "coordinates": [
                    33.07861701,
                    -111.97819786
                ]
            },
            "properties": {
                "pa_label": "p01-4-S6",
                "PSDATE": "08/19/2021",
                "PHTD": {
                    "1": 1.31
                },
                "MSNODE": {
                    "1": 33
                },
                "PFNODE": {
                    "1": 6
                },
                "FRBNUM": {
                    "1": 27
                },
                "ABCNUM": 65,
                "SQRNUM": 26,
                "FLRNUM": 0,
                "GBNUM": 9,
                "MBNUM": 1,
                "LWAD": 3272.7,
                "SWAD": 4437.8,
                "MBWAD": 417.1,
                "PWAD": 2773.8,
                "LAID": 6.171
            },
            "_id": "67eeba338ac547ce9c2d1b67",
            "paid": "67eeba338ac547ce9c2d1b67"
        },
        {
            "type": "Feature",
            "geometry": {
                "type": "Point",
                "coordinates": [
                    33.0786271,
                    -111.97819779
                ]
            },
            "properties": {
                "pa_label": "p01-4-S7",
                "PSDATE": "09/08/2021",
                "PHTD": {
                    "1": 1.38
                },
                "MSNODE": {
                    "1": 37
                },
                "PFNODE": {
                    "1": 7
                },
                "FRBNUM": {
                    "1": 30
                },
                "ABCNUM": 59,
                "SQRNUM": 20,
                "FLRNUM": 0,
                "GBNUM": 9,
                "MBNUM": 8,
                "LWAD": 2108.5,
                "SWAD": 4011.9,
                "MBWAD": 2666.4,
                "PWAD": 3211.1,
                "LAID": 4.013
            },
            "_id": "67eeba338ac547ce9c2d1b68",
            "paid": "67eeba338ac547ce9c2d1b68"
        },
        {
            "type": "Feature",
            "geometry": {
                "type": "Point",
                "coordinates": [
                    33.07964812,
                    -111.97803827
                ]
            },
            "properties": {
                "pa_label": "p02-1-S1",
                "PSDATE": "06/01/2021",
                "PHTD": {
                    "1": 0.21
                },
                "MSNODE": {
                    "1": 7
                },
                "FRBNUM": {
                    "1": 0
                },
                "ABCNUM": 0,
                "SQRNUM": 0,
                "FLRNUM": 0,
                "GBNUM": 0,
                "MBNUM": 0,
                "LWAD": 63.4,
                "SWAD": 36.1,
                "MBWAD": 0.0,
                "PWAD": 0.0,
                "LAID": 0.074
            },
            "_id": "67eeba338ac547ce9c2d1b69",
            "paid": "67eeba338ac547ce9c2d1b69"
        },
        {
            "type": "Feature",
            "geometry": {
                "type": "Point",
                "coordinates": [
                    33.07965821,
                    -111.9780382
                ]
            },
            "properties": {
                "pa_label": "p02-1-S2",
                "PSDATE": "06/14/2021",
                "PHTD": {
                    "1": 0.43
                },
                "MSNODE": {
                    "1": 13
                },
                "PFNODE": {
                    "1": 6
                },
                "FRBNUM": {
                    "1": 7
                },
                "ABCNUM": 1,
                "SQRNUM": 11,
                "FLRNUM": 0,
                "GBNUM": 0,
                "MBNUM": 0,
                "LWAD": 440.0,
                "SWAD": 350.2,
                "MBWAD": 0.0,
                "PWAD": 28.2,
                "LAID": 0.572
            },
            "_id": "67eeba338ac547ce9c2d1b6a",
            "paid": "67eeba338ac547ce9c2d1b6a"
        },
        {
            "type": "Feature",
            "geometry": {
                "type": "Point",
                "coordinates": [
                    33.0796683,
                    -111.97803813
                ]
            },
            "properties": {
                "pa_label": "p02-1-S3",
                "PSDATE": "06/28/2021",
                "PHTD": {
                    "1": 0.73
                },
                "MSNODE": {
                    "1": 19
                },
                "PFNODE": {
                    "1": 6
                },
                "FRBNUM": {
                    "1": 13
                },
                "ABCNUM": 2,
                "SQRNUM": 32,
                "FLRNUM": 0,
                "GBNUM": 2,
                "MBNUM": 0,
                "LWAD": 1064.8,
                "SWAD": 1201.2,
                "MBWAD": 0.0,
                "PWAD": 254.3,
                "LAID": 1.693
            },
            "_id": "67eeba338ac547ce9c2d1b6b",
            "paid": "67eeba338ac547ce9c2d1b6b"
        },
        {
            "type": "Feature",
            "geometry": {
                "type": "Point",
                "coordinates": [
                    33.07967838,
                    -111.97803806
                ]
            },
            "properties": {
                "pa_label": "p02-1-S4",
                "PSDATE": "07/12/2021",
                "PHTD": {
                    "1": 0.97
                },
                "MSNODE": {
                    "1": 26
                },
                "PFNODE": {
                    "1": 6
                },
                "FRBNUM": {
                    "1": 20
                },
                "ABCNUM": 19,
                "SQRNUM": 25,
                "FLRNUM": 0,
                "GBNUM": 10,
                "MBNUM": 0,
                "LWAD": 1675.5,
                "SWAD": 2318.8,
                "MBWAD": 0.0,
                "PWAD": 1202.1,
                "LAID": 2.674
            },
            "_id": "67eeba338ac547ce9c2d1b6c",
            "paid": "67eeba338ac547ce9c2d1b6c"
        },
        {
            "type": "Feature",
            "geometry": {
                "type": "Point",
                "coordinates": [
                    33.07968847,
                    -111.97803799
                ]
            },
            "properties": {
                "pa_label": "p02-1-S5",
                "PSDATE": "07/27/2021",
                "PHTD": {
                    "1": 1.16
                },
                "MSNODE": {
                    "1": 29
                },
                "PFNODE": {
                    "1": 5
                },
                "FRBNUM": {
                    "1": 24
                },
                "ABCNUM": 56,
                "SQRNUM": 20,
                "FLRNUM": 2,
                "GBNUM": 15,
                "MBNUM": 0,
                "LWAD": 2941.8,
                "SWAD": 4714.2,
                "MBWAD": 0.0,
                "PWAD": 2684.9,
                "LAID": 4.939
            },
            "_id": "67eeba338ac547ce9c2d1b6d",
            "paid": "67eeba338ac547ce9c2d1b6d"
        },
        {
            "type": "Feature",
            "geometry": {
                "type": "Point",
                "coordinates": [
                    33.07969856,
                    -111.97803792
                ]
            },
            "properties": {
                "pa_label": "p02-1-S6",
                "PSDATE": "08/19/2021",
                "PHTD": {
                    "1": 1.47
                },
                "MSNODE": {
                    "1": 35
                },
                "PFNODE": {
                    "1": 6
                },
                "FRBNUM": {
                    "1": 29
                },
                "ABCNUM": 81,
                "SQRNUM": 28,
                "FLRNUM": 1,
                "GBNUM": 6,
                "MBNUM": 3,
                "LWAD": 2845.0,
                "SWAD": 5087.3,
                "MBWAD": 704.9,
                "PWAD": 2062.7,
                "LAID": 4.973
            },
            "_id": "67eeba338ac547ce9c2d1b6e",
            "paid": "67eeba338ac547ce9c2d1b6e"
        },
        {
            "type": "Feature",
            "geometry": {
                "type": "Point",
                "coordinates": [
                    33.07970865,
                    -111.97803785
                ]
            },
            "properties": {
                "pa_label": "p02-1-S7",
                "PSDATE": "09/08/2021",
                "PHTD": {
                    "1": 1.87
                },
                "MSNODE": {
                    "1": 40
                },
                "PFNODE": {
                    "1": 7
                },
                "FRBNUM": {
                    "1": 33
                },
                "ABCNUM": 115,
                "SQRNUM": 46,
                "FLRNUM": 0,
                "GBNUM": 28,
                "MBNUM": 8,
                "LWAD": 4987.0,
                "SWAD": 11949.5,
                "MBWAD": 2381.3,
                "PWAD": 4966.7,
                "LAID": 8.789
            },
            "_id": "67eeba338ac547ce9c2d1b6f",
            "paid": "67eeba338ac547ce9c2d1b6f"
        },
        {
            "type": "Feature",
            "geometry": {
                "type": "Point",
                "coordinates": [
                    33.07928735,
                    -111.97804079
                ]
            },
            "properties": {
                "pa_label": "p02-2-S1",
                "PSDATE": "06/01/2021",
                "PHTD": {
                    "1": 0.18
                },
                "MSNODE": {
                    "1": 8
                },
                "PFNODE": {
                    "1": 6
                },
                "FRBNUM": {
                    "1": 2
                },
                "ABCNUM": 0,
                "SQRNUM": 2,
                "FLRNUM": 0,
                "GBNUM": 0,
                "MBNUM": 0,
                "LWAD": 95.0,
                "SWAD": 43.1,
                "MBWAD": 0.0,
                "PWAD": 0.9,
                "LAID": 0.108
            },
            "_id": "67eeba338ac547ce9c2d1b70",
            "paid": "67eeba338ac547ce9c2d1b70"
        },
        {
            "type": "Feature",
            "geometry": {
                "type": "Point",
                "coordinates": [
                    33.07929744,
                    -111.97804072
                ]
            },
            "properties": {
                "pa_label": "p02-2-S2",
                "PSDATE": "06/14/2021",
                "PHTD": {
                    "1": 0.33
                },
                "MSNODE": {
                    "1": 13
                },
                "PFNODE": {
                    "1": 6
                },
                "FRBNUM": {
                    "1": 7
                },
                "ABCNUM": 0,
                "SQRNUM": 8,
                "FLRNUM": 0,
                "GBNUM": 0,
                "MBNUM": 0,
                "LWAD": 341.4,
                "SWAD": 236.7,
                "MBWAD": 0.0,
                "PWAD": 21.1,
                "LAID": 0.421
            },
            "_id": "67eeba338ac547ce9c2d1b71",
            "paid": "67eeba338ac547ce9c2d1b71"
        },
        {
            "type": "Feature",
            "geometry": {
                "type": "Point",
                "coordinates": [
                    33.07930753,
                    -111.97804065
                ]
            },
            "properties": {
                "pa_label": "p02-2-S3",
                "PSDATE": "06/28/2021",
                "PHTD": {
                    "1": 0.56
                },
                "MSNODE": {
                    "1": 18
                },
                "PFNODE": {
                    "1": 5
                },
                "FRBNUM": {
                    "1": 13
                },
                "ABCNUM": 3,
                "SQRNUM": 30,
                "FLRNUM": 1,
                "GBNUM": 6,
                "MBNUM": 0,
                "LWAD": 1082.4,
                "SWAD": 1115.8,
                "MBWAD": 0.0,
                "PWAD": 477.0,
                "LAID": 1.294
            },
            "_id": "67eeba338ac547ce9c2d1b72",
            "paid": "67eeba338ac547ce9c2d1b72"
        },
        {
            "type": "Feature",
            "geometry": {
                "type": "Point",
                "coordinates": [
                    33.07931762,
                    -111.97804058
                ]
            },
            "properties": {
                "pa_label": "p02-2-S4",
                "PSDATE": "07/12/2021",
                "PHTD": {
                    "1": 0.82
                },
                "MSNODE": {
                    "1": 21
                },
                "PFNODE": {
                    "1": 6
                },
                "FRBNUM": {
                    "1": 15
                },
                "ABCNUM": 12,
                "SQRNUM": 15,
                "FLRNUM": 0,
                "GBNUM": 5,
                "MBNUM": 0,
                "LWAD": 928.4,
                "SWAD": 1181.8,
                "MBWAD": 0.0,
                "PWAD": 531.5,
                "LAID": 1.566
            },
            "_id": "67eeba338ac547ce9c2d1b73",
            "paid": "67eeba338ac547ce9c2d1b73"
        },
        {
            "type": "Feature",
            "geometry": {
                "type": "Point",
                "coordinates": [
                    33.0793277,
                    -111.97804051
                ]
            },
            "properties": {
                "pa_label": "p02-2-S5",
                "PSDATE": "07/27/2021",
                "PHTD": {
                    "1": 1.09
                },
                "MSNODE": {
                    "1": 28
                },
                "PFNODE": {
                    "1": 5
                },
                "FRBNUM": {
                    "1": 23
                },
                "ABCNUM": 50,
                "SQRNUM": 21,
                "FLRNUM": 0,
                "GBNUM": 13,
                "MBNUM": 0,
                "LWAD": 2364.6,
                "SWAD": 3617.7,
                "MBWAD": 0.0,
                "PWAD": 1466.1,
                "LAID": 4.043
            },
            "_id": "67eeba338ac547ce9c2d1b74",
            "paid": "67eeba338ac547ce9c2d1b74"
        },
        {
            "type": "Feature",
            "geometry": {
                "type": "Point",
                "coordinates": [
                    33.07933779,
                    -111.97804044
                ]
            },
            "properties": {
                "pa_label": "p02-2-S6",
                "PSDATE": "08/19/2021",
                "PHTD": {
                    "1": 1.58
                },
                "MSNODE": {
                    "1": 36
                },
                "PFNODE": {
                    "1": 6
                },
                "FRBNUM": {
                    "1": 30
                },
                "ABCNUM": 73,
                "SQRNUM": 43,
                "FLRNUM": 0,
                "GBNUM": 13,
                "MBNUM": 4,
                "LWAD": 3667.8,
                "SWAD": 7286.4,
                "MBWAD": 1117.6,
                "PWAD": 2823.0,
                "LAID": 5.884
            },
            "_id": "67eeba338ac547ce9c2d1b75",
            "paid": "67eeba338ac547ce9c2d1b75"
        },
        {
            "type": "Feature",
            "geometry": {
                "type": "Point",
                "coordinates": [
                    33.07934788,
                    -111.97804037
                ]
            },
            "properties": {
                "pa_label": "p02-2-S7",
                "PSDATE": "09/08/2021",
                "PHTD": {
                    "1": 1.68
                },
                "MSNODE": {
                    "1": 37
                },
                "PFNODE": {
                    "1": 6
                },
                "FRBNUM": {
                    "1": 31
                },
                "ABCNUM": 61,
                "SQRNUM": 29,
                "FLRNUM": 1,
                "GBNUM": 12,
                "MBNUM": 2,
                "LWAD": 2483.4,
                "SWAD": 6351.0,
                "MBWAD": 552.6,
                "PWAD": 1716.0,
                "LAID": 4.248
            },
            "_id": "67eeba338ac547ce9c2d1b76",
            "paid": "67eeba338ac547ce9c2d1b76"
        },
        {
            "type": "Feature",
            "geometry": {
                "type": "Point",
                "coordinates": [
                    33.07892659,
                    -111.97804331
                ]
            },
            "properties": {
                "pa_label": "p02-3-S1",
                "PSDATE": "06/01/2021",
                "PHTD": {
                    "1": 0.13
                },
                "MSNODE": {
                    "1": 8
                },
                "FRBNUM": {
                    "1": 0
                },
                "ABCNUM": 0,
                "SQRNUM": 0,
                "FLRNUM": 0,
                "GBNUM": 0,
                "MBNUM": 0,
                "LWAD": 27.3,
                "SWAD": 10.6,
                "MBWAD": 0.0,
                "PWAD": 0.0,
                "LAID": 0.028
            },
            "_id": "67eeba338ac547ce9c2d1b77",
            "paid": "67eeba338ac547ce9c2d1b77"
        },
        {
            "type": "Feature",
            "geometry": {
                "type": "Point",
                "coordinates": [
                    33.07893667,
                    -111.97804324
                ]
            },
            "properties": {
                "pa_label": "p02-3-S2",
                "PSDATE": "06/14/2021",
                "PHTD": {
                    "1": 0.37
                },
                "MSNODE": {
                    "1": 14
                },
                "PFNODE": {
                    "1": 7
                },
                "FRBNUM": {
                    "1": 7
                },
                "ABCNUM": 1,
                "SQRNUM": 10,
                "FLRNUM": 0,
                "GBNUM": 0,
                "MBNUM": 0,
                "LWAD": 349.4,
                "SWAD": 256.1,
                "MBWAD": 0.0,
                "PWAD": 18.5,
                "LAID": 0.424
            },
            "_id": "67eeba338ac547ce9c2d1b78",
            "paid": "67eeba338ac547ce9c2d1b78"
        },
        {
            "type": "Feature",
            "geometry": {
                "type": "Point",
                "coordinates": [
                    33.07894676,
                    -111.97804317
                ]
            },
            "properties": {
                "pa_label": "p02-3-S3",
                "PSDATE": "06/28/2021",
                "PHTD": {
                    "1": 0.58
                },
                "MSNODE": {
                    "1": 18
                },
                "PFNODE": {
                    "1": 5
                },
                "FRBNUM": {
                    "1": 13
                },
                "ABCNUM": 4,
                "SQRNUM": 25,
                "FLRNUM": 0,
                "GBNUM": 5,
                "MBNUM": 0,
                "LWAD": 887.9,
                "SWAD": 934.6,
                "MBWAD": 0.0,
                "PWAD": 335.3,
                "LAID": 1.222
            },
            "_id": "67eeba338ac547ce9c2d1b79",
            "paid": "67eeba338ac547ce9c2d1b79"
        },
        {
            "type": "Feature",
            "geometry": {
                "type": "Point",
                "coordinates": [
                    33.07895685,
                    -111.9780431
                ]
            },
            "properties": {
                "pa_label": "p02-3-S4",
                "PSDATE": "07/12/2021",
                "PHTD": {
                    "1": 0.77
                },
                "MSNODE": {
                    "1": 22
                },
                "PFNODE": {
                    "1": 6
                },
                "FRBNUM": {
                    "1": 17
                },
                "ABCNUM": 30,
                "SQRNUM": 13,
                "FLRNUM": 2,
                "GBNUM": 13,
                "MBNUM": 0,
                "LWAD": 1599.8,
                "SWAD": 1937.8,
                "MBWAD": 0.0,
                "PWAD": 1432.6,
                "LAID": 2.52
            },
            "_id": "67eeba338ac547ce9c2d1b7a",
            "paid": "67eeba338ac547ce9c2d1b7a"
        },
        {
            "type": "Feature",
            "geometry": {
                "type": "Point",
                "coordinates": [
                    33.07896694,
                    -111.97804303
                ]
            },
            "properties": {
                "pa_label": "p02-3-S5",
                "PSDATE": "07/27/2021",
                "PHTD": {
                    "1": 0.96
                },
                "MSNODE": {
                    "1": 26
                },
                "PFNODE": {
                    "1": 8
                },
                "FRBNUM": {
                    "1": 18
                },
                "ABCNUM": 49,
                "SQRNUM": 32,
                "FLRNUM": 2,
                "GBNUM": 16,
                "MBNUM": 0,
                "LWAD": 3212.9,
                "SWAD": 3775.2,
                "MBWAD": 0.0,
                "PWAD": 1782.9,
                "LAID": 5.609
            },
            "_id": "67eeba338ac547ce9c2d1b7b",
            "paid": "67eeba338ac547ce9c2d1b7b"
        },
        {
            "type": "Feature",
            "geometry": {
                "type": "Point",
                "coordinates": [
                    33.07897702,
                    -111.97804296
                ]
            },
            "properties": {
                "pa_label": "p02-3-S6",
                "PSDATE": "08/19/2021",
                "PHTD": {
                    "1": 1.2
                },
                "MSNODE": {
                    "1": 35
                },
                "PFNODE": {
                    "1": 7
                },
                "FRBNUM": {
                    "1": 28
                },
                "ABCNUM": 73,
                "SQRNUM": 39,
                "FLRNUM": 1,
                "GBNUM": 14,
                "MBNUM": 0,
                "LWAD": 3628.2,
                "SWAD": 5492.1,
                "MBWAD": 0.0,
                "PWAD": 2020.5,
                "LAID": 5.307
            },
            "_id": "67eeba338ac547ce9c2d1b7c",
            "paid": "67eeba338ac547ce9c2d1b7c"
        },
        {
            "type": "Feature",
            "geometry": {
                "type": "Point",
                "coordinates": [
                    33.07898711,
                    -111.97804289
                ]
            },
            "properties": {
                "pa_label": "p02-3-S7",
                "PSDATE": "09/08/2021",
                "PHTD": {
                    "1": 1.58
                },
                "MSNODE": {
                    "1": 40
                },
                "PFNODE": {
                    "1": 7
                },
                "FRBNUM": {
                    "1": 33
                },
                "ABCNUM": 78,
                "SQRNUM": 37,
                "FLRNUM": 0,
                "GBNUM": 29,
                "MBNUM": 7,
                "LWAD": 3777.8,
                "SWAD": 8992.7,
                "MBWAD": 1971.2,
                "PWAD": 5172.6,
                "LAID": 6.23
            },
            "_id": "67eeba338ac547ce9c2d1b7d",
            "paid": "67eeba338ac547ce9c2d1b7d"
        },
        {
            "type": "Feature",
            "geometry": {
                "type": "Point",
                "coordinates": [
                    33.07856582,
                    -111.97804583
                ]
            },
            "properties": {
                "pa_label": "p02-4-S1",
                "PSDATE": "06/01/2021",
                "PHTD": {
                    "1": 0.2
                },
                "MSNODE": {
                    "1": 7
                },
                "FRBNUM": {
                    "1": 0
                },
                "ABCNUM": 0,
                "SQRNUM": 0,
                "FLRNUM": 0,
                "GBNUM": 0,
                "MBNUM": 0,
                "LWAD": 61.6,
                "SWAD": 34.3,
                "MBWAD": 0.0,
                "PWAD": 0.0,
                "LAID": 0.08
            },
            "_id": "67eeba338ac547ce9c2d1b7e",
            "paid": "67eeba338ac547ce9c2d1b7e"
        },
        {
            "type": "Feature",
            "geometry": {
                "type": "Point",
                "coordinates": [
                    33.07857591,
                    -111.97804576
                ]
            },
            "properties": {
                "pa_label": "p02-4-S2",
                "PSDATE": "06/14/2021",
                "PHTD": {
                    "1": 0.34
                },
                "MSNODE": {
                    "1": 13
                },
                "PFNODE": {
                    "1": 5
                },
                "FRBNUM": {
                    "1": 7
                },
                "ABCNUM": 1,
                "SQRNUM": 11,
                "FLRNUM": 0,
                "GBNUM": 0,
                "MBNUM": 0,
                "LWAD": 367.8,
                "SWAD": 241.1,
                "MBWAD": 0.0,
                "PWAD": 27.3,
                "LAID": 0.432
            },
            "_id": "67eeba338ac547ce9c2d1b7f",
            "paid": "67eeba338ac547ce9c2d1b7f"
        },
        {
            "type": "Feature",
            "geometry": {
                "type": "Point",
                "coordinates": [
                    33.07858599,
                    -111.97804569
                ]
            },
            "properties": {
                "pa_label": "p02-4-S3",
                "PSDATE": "06/28/2021",
                "PHTD": {
                    "1": 0.48
                },
                "MSNODE": {
                    "1": 16
                },
                "PFNODE": {
                    "1": 5
                },
                "FRBNUM": {
                    "1": 11
                },
                "ABCNUM": 1,
                "SQRNUM": 17,
                "FLRNUM": 1,
                "GBNUM": 2,
                "MBNUM": 0,
                "LWAD": 476.1,
                "SWAD": 425.0,
                "MBWAD": 0.0,
                "PWAD": 192.7,
                "LAID": 0.608
            },
            "_id": "67eeba338ac547ce9c2d1b80",
            "paid": "67eeba338ac547ce9c2d1b80"
        },
        {
            "type": "Feature",
            "geometry": {
                "type": "Point",
                "coordinates": [
                    33.07859608,
                    -111.97804562
                ]
            },
            "properties": {
                "pa_label": "p02-4-S4",
                "PSDATE": "07/12/2021",
                "PHTD": {
                    "1": 0.8
                },
                "MSNODE": {
                    "1": 23
                },
                "PFNODE": {
                    "1": 7
                },
                "FRBNUM": {
                    "1": 16
                },
                "ABCNUM": 16,
                "SQRNUM": 38,
                "FLRNUM": 1,
                "GBNUM": 7,
                "MBNUM": 0,
                "LWAD": 1637.7,
                "SWAD": 2028.4,
                "MBWAD": 0.0,
                "PWAD": 532.4,
                "LAID": 2.776
            },
            "_id": "67eeba338ac547ce9c2d1b81",
            "paid": "67eeba338ac547ce9c2d1b81"
        },
        {
            "type": "Feature",
            "geometry": {
                "type": "Point",
                "coordinates": [
                    33.07860617,
                    -111.97804555
                ]
            },
            "properties": {
                "pa_label": "p02-4-S5",
                "PSDATE": "07/27/2021",
                "PHTD": {
                    "1": 1.16
                },
                "MSNODE": {
                    "1": 28
                },
                "PFNODE": {
                    "1": 6
                },
                "FRBNUM": {
                    "1": 22
                },
                "ABCNUM": 39,
                "SQRNUM": 19,
                "FLRNUM": 2,
                "GBNUM": 8,
                "MBNUM": 0,
                "LWAD": 2004.6,
                "SWAD": 4732.6,
                "MBWAD": 0.0,
                "PWAD": 1192.4,
                "LAID": 3.713
            },
            "_id": "67eeba338ac547ce9c2d1b82",
            "paid": "67eeba338ac547ce9c2d1b82"
        },
        {
            "type": "Feature",
            "geometry": {
                "type": "Point",
                "coordinates": [
                    33.07861626,
                    -111.97804548
                ]
            },
            "properties": {
                "pa_label": "p02-4-S6",
                "PSDATE": "08/19/2021",
                "PHTD": {
                    "1": 1.52
                },
                "MSNODE": {
                    "1": 36
                },
                "PFNODE": {
                    "1": 7
                },
                "FRBNUM": {
                    "1": 29
                },
                "ABCNUM": 68,
                "SQRNUM": 33,
                "FLRNUM": 0,
                "GBNUM": 7,
                "MBNUM": 3,
                "LWAD": 2552.9,
                "SWAD": 4612.1,
                "MBWAD": 652.1,
                "PWAD": 2112.0,
                "LAID": 4.915
            },
            "_id": "67eeba338ac547ce9c2d1b83",
            "paid": "67eeba338ac547ce9c2d1b83"
        },
        {
            "type": "Feature",
            "geometry": {
                "type": "Point",
                "coordinates": [
                    33.07862634,
                    -111.97804541
                ]
            },
            "properties": {
                "pa_label": "p02-4-S7",
                "PSDATE": "09/08/2021",
                "PHTD": {
                    "1": 1.82
                },
                "MSNODE": {
                    "1": 40
                },
                "PFNODE": {
                    "1": 6
                },
                "FRBNUM": {
                    "1": 34
                },
                "ABCNUM": 103,
                "SQRNUM": 28,
                "FLRNUM": 1,
                "GBNUM": 33,
                "MBNUM": 7,
                "LWAD": 4402.6,
                "SWAD": 10548.6,
                "MBWAD": 2026.6,
                "PWAD": 6651.9,
                "LAID": 8.477
            },
            "_id": "67eeba338ac547ce9c2d1b84",
            "paid": "67eeba338ac547ce9c2d1b84"
        },
        {
            "type": "Feature",
            "geometry": {
                "type": "Point",
                "coordinates": [
                    33.07964737,
                    -111.97788589
                ]
            },
            "properties": {
                "pa_label": "p03-1-S1",
                "PSDATE": "06/01/2021",
                "PHTD": {
                    "1": 0.2
                },
                "MSNODE": {
                    "1": 9
                },
                "FRBNUM": {
                    "1": 0
                },
                "ABCNUM": 0,
                "SQRNUM": 0,
                "FLRNUM": 0,
                "GBNUM": 0,
                "MBNUM": 0,
                "LWAD": 82.7,
                "SWAD": 47.5,
                "MBWAD": 0.0,
                "PWAD": 0.0,
                "LAID": 0.092
            },
            "_id": "67eeba338ac547ce9c2d1b85",
            "paid": "67eeba338ac547ce9c2d1b85"
        },
        {
            "type": "Feature",
            "geometry": {
                "type": "Point",
                "coordinates": [
                    33.07965745,
                    -111.97788582
                ]
            },
            "properties": {
                "pa_label": "p03-1-S2",
                "PSDATE": "06/14/2021",
                "PHTD": {
                    "1": 0.42
                },
                "MSNODE": {
                    "1": 14
                },
                "PFNODE": {
                    "1": 6
                },
                "FRBNUM": {
                    "1": 8
                },
                "ABCNUM": 0,
                "SQRNUM": 13,
                "FLRNUM": 0,
                "GBNUM": 0,
                "MBNUM": 0,
                "LWAD": 367.8,
                "SWAD": 297.4,
                "MBWAD": 0.0,
                "PWAD": 39.6,
                "LAID": 0.28
            },
            "_id": "67eeba338ac547ce9c2d1b86",
            "paid": "67eeba338ac547ce9c2d1b86"
        },
        {
            "type": "Feature",
            "geometry": {
                "type": "Point",
                "coordinates": [
                    33.07966754,
                    -111.97788575
                ]
            },
            "properties": {
                "pa_label": "p03-1-S3",
                "PSDATE": "06/28/2021",
                "PHTD": {
                    "1": 0.67
                },
                "MSNODE": {
                    "1": 20
                },
                "PFNODE": {
                    "1": 5
                },
                "FRBNUM": {
                    "1": 15
                },
                "ABCNUM": 11,
                "SQRNUM": 26,
                "FLRNUM": 0,
                "GBNUM": 5,
                "MBNUM": 0,
                "LWAD": 1092.1,
                "SWAD": 1136.1,
                "MBWAD": 0.0,
                "PWAD": 406.6,
                "LAID": 1.473
            },
            "_id": "67eeba338ac547ce9c2d1b87",
            "paid": "67eeba338ac547ce9c2d1b87"
        },
        {
            "type": "Feature",
            "geometry": {
                "type": "Point",
                "coordinates": [
                    33.07967763,
                    -111.97788568
                ]
            },
            "properties": {
                "pa_label": "p03-1-S4",
                "PSDATE": "07/12/2021",
                "PHTD": {
                    "1": 0.98
                },
                "MSNODE": {
                    "1": 26
                },
                "PFNODE": {
                    "1": 7
                },
                "FRBNUM": {
                    "1": 19
                },
                "ABCNUM": 24,
                "SQRNUM": 30,
                "FLRNUM": 1,
                "GBNUM": 6,
                "MBNUM": 0,
                "LWAD": 1965.9,
                "SWAD": 2681.4,
                "MBWAD": 0.0,
                "PWAD": 499.0,
                "LAID": 3.629
            },
            "_id": "67eeba338ac547ce9c2d1b88",
            "paid": "67eeba338ac547ce9c2d1b88"
        },
        {
            "type": "Feature",
            "geometry": {
                "type": "Point",
                "coordinates": [
                    33.07968772,
                    -111.97788561
                ]
            },
            "properties": {
                "pa_label": "p03-1-S5",
                "PSDATE": "07/27/2021",
                "PHTD": {
                    "1": 1.16
                },
                "MSNODE": {
                    "1": 28
                },
                "PFNODE": {
                    "1": 9
                },
                "FRBNUM": {
                    "1": 19
                },
                "ABCNUM": 42,
                "SQRNUM": 7,
                "FLRNUM": 0,
                "GBNUM": 3,
                "MBNUM": 0,
                "LWAD": 2251.0,
                "SWAD": 3378.3,
                "MBWAD": 0.0,
                "PWAD": 358.2,
                "LAID": 4.214
            },
            "_id": "67eeba338ac547ce9c2d1b89",
            "paid": "67eeba338ac547ce9c2d1b89"
        },
        {
            "type": "Feature",
            "geometry": {
                "type": "Point",
                "coordinates": [
                    33.0796978,
                    -111.97788554
                ]
            },
            "properties": {
                "pa_label": "p03-1-S6",
                "PSDATE": "08/19/2021",
                "PHTD": {
                    "1": 1.37
                },
                "MSNODE": {
                    "1": 32
                },
                "PFNODE": {
                    "1": 5
                },
                "FRBNUM": {
                    "1": 27
                },
                "ABCNUM": 58,
                "SQRNUM": 13,
                "FLRNUM": 0,
                "GBNUM": 5,
                "MBNUM": 1,
                "LWAD": 2552.0,
                "SWAD": 4223.1,
                "MBWAD": 188.3,
                "PWAD": 1549.7,
                "LAID": 4.592
            },
            "_id": "67eeba338ac547ce9c2d1b8a",
            "paid": "67eeba338ac547ce9c2d1b8a"
        },
        {
            "type": "Feature",
            "geometry": {
                "type": "Point",
                "coordinates": [
                    33.07970789,
                    -111.97788547
                ]
            },
            "properties": {
                "pa_label": "p03-1-S7",
                "PSDATE": "09/08/2021",
                "PHTD": {
                    "1": 1.83
                },
                "MSNODE": {
                    "1": 39
                },
                "PFNODE": {
                    "1": 5
                },
                "FRBNUM": {
                    "1": 34
                },
                "ABCNUM": 123,
                "SQRNUM": 9,
                "FLRNUM": 0,
                "GBNUM": 20,
                "MBNUM": 10,
                "LWAD": 3562.2,
                "SWAD": 9779.4,
                "MBWAD": 2644.4,
                "PWAD": 5839.7,
                "LAID": 6.633
            },
            "_id": "67eeba338ac547ce9c2d1b8b",
            "paid": "67eeba338ac547ce9c2d1b8b"
        },
        {
            "type": "Feature",
            "geometry": {
                "type": "Point",
                "coordinates": [
                    33.0792866,
                    -111.97788841
                ]
            },
            "properties": {
                "pa_label": "p03-2-S1",
                "PSDATE": "06/01/2021",
                "PHTD": {
                    "1": 0.14
                },
                "MSNODE": {
                    "1": 7
                },
                "FRBNUM": {
                    "1": 0
                },
                "ABCNUM": 0,
                "SQRNUM": 0,
                "FLRNUM": 0,
                "GBNUM": 0,
                "MBNUM": 0,
                "LWAD": 53.7,
                "SWAD": 24.6,
                "MBWAD": 0.0,
                "PWAD": 0.0,
                "LAID": 0.062
            },
            "_id": "67eeba338ac547ce9c2d1b8c",
            "paid": "67eeba338ac547ce9c2d1b8c"
        },
        {
            "type": "Feature",
            "geometry": {
                "type": "Point",
                "coordinates": [
                    33.07929669,
                    -111.97788834
                ]
            },
            "properties": {
                "pa_label": "p03-2-S2",
                "PSDATE": "06/14/2021",
                "PHTD": {
                    "1": 0.38
                },
                "MSNODE": {
                    "1": 13
                },
                "PFNODE": {
                    "1": 7
                },
                "FRBNUM": {
                    "1": 6
                },
                "ABCNUM": 0,
                "SQRNUM": 10,
                "FLRNUM": 0,
                "GBNUM": 0,
                "MBNUM": 0,
                "LWAD": 352.0,
                "SWAD": 270.2,
                "MBWAD": 0.0,
                "PWAD": 18.5,
                "LAID": 0.467
            },
            "_id": "67eeba338ac547ce9c2d1b8d",
            "paid": "67eeba338ac547ce9c2d1b8d"
        },
        {
            "type": "Feature",
            "geometry": {
                "type": "Point",
                "coordinates": [
                    33.07930677,
                    -111.97788827
                ]
            },
            "properties": {
                "pa_label": "p03-2-S3",
                "PSDATE": "06/28/2021",
                "PHTD": {
                    "1": 0.67
                },
                "MSNODE": {
                    "1": 19
                },
                "PFNODE": {
                    "1": 6
                },
                "FRBNUM": {
                    "1": 13
                },
                "ABCNUM": 2,
                "SQRNUM": 33,
                "FLRNUM": 0,
                "GBNUM": 2,
                "MBNUM": 0,
                "LWAD": 1038.4,
                "SWAD": 1107.0,
                "MBWAD": 0.0,
                "PWAD": 242.9,
                "LAID": 1.622
            },
            "_id": "67eeba338ac547ce9c2d1b8e",
            "paid": "67eeba338ac547ce9c2d1b8e"
        },
        {
            "type": "Feature",
            "geometry": {
                "type": "Point",
                "coordinates": [
                    33.07931686,
                    -111.9778882
                ]
            },
            "properties": {
                "pa_label": "p03-2-S4",
                "PSDATE": "07/12/2021",
                "PHTD": {
                    "1": 1.01
                },
                "MSNODE": {
                    "1": 25
                },
                "PFNODE": {
                    "1": 8
                },
                "FRBNUM": {
                    "1": 17
                },
                "ABCNUM": 19,
                "SQRNUM": 37,
                "FLRNUM": 1,
                "GBNUM": 7,
                "MBNUM": 0,
                "LWAD": 2084.7,
                "SWAD": 2803.7,
                "MBWAD": 0.0,
                "PWAD": 597.5,
                "LAID": 4.005
            },
            "_id": "67eeba338ac547ce9c2d1b8f",
            "paid": "67eeba338ac547ce9c2d1b8f"
        },
        {
            "type": "Feature",
            "geometry": {
                "type": "Point",
                "coordinates": [
                    33.07932695,
                    -111.97788813
                ]
            },
            "properties": {
                "pa_label": "p03-2-S5",
                "PSDATE": "07/27/2021",
                "PHTD": {
                    "1": 1.29
                },
                "MSNODE": {
                    "1": 29
                },
                "PFNODE": {
                    "1": 6
                },
                "FRBNUM": {
                    "1": 23
                },
                "ABCNUM": 80,
                "SQRNUM": 20,
                "FLRNUM": 0,
                "GBNUM": 7,
                "MBNUM": 0,
                "LWAD": 2954.2,
                "SWAD": 5013.4,
                "MBWAD": 0.0,
                "PWAD": 1078.9,
                "LAID": 5.552
            },
            "_id": "67eeba338ac547ce9c2d1b90",
            "paid": "67eeba338ac547ce9c2d1b90"
        },
        {
            "type": "Feature",
            "geometry": {
                "type": "Point",
                "coordinates": [
                    33.07933704,
                    -111.97788806
                ]
            },
            "properties": {
                "pa_label": "p03-2-S6",
                "PSDATE": "08/19/2021",
                "PHTD": {
                    "1": 1.52
                },
                "MSNODE": {
                    "1": 35
                },
                "PFNODE": {
                    "1": 7
                },
                "FRBNUM": {
                    "1": 28
                },
                "ABCNUM": 59,
                "SQRNUM": 24,
                "FLRNUM": 0,
                "GBNUM": 3,
                "MBNUM": 2,
                "LWAD": 2309.1,
                "SWAD": 4241.6,
                "MBWAD": 747.1,
                "PWAD": 1292.7,
                "LAID": 4.664
            },
            "_id": "67eeba338ac547ce9c2d1b91",
            "paid": "67eeba338ac547ce9c2d1b91"
        },
        {
            "type": "Feature",
            "geometry": {
                "type": "Point",
                "coordinates": [
                    33.07934712,
                    -111.97788799
                ]
            },
            "properties": {
                "pa_label": "p03-2-S7",
                "PSDATE": "09/08/2021",
                "PHTD": {
                    "1": 1.92
                },
                "MSNODE": {
                    "1": 39
                },
                "PFNODE": {
                    "1": 6
                },
                "FRBNUM": {
                    "1": 33
                },
                "ABCNUM": 73,
                "SQRNUM": 28,
                "FLRNUM": 0,
                "GBNUM": 4,
                "MBNUM": 2,
                "LWAD": 2354.9,
                "SWAD": 5586.2,
                "MBWAD": 484.0,
                "PWAD": 1195.9,
                "LAID": 4.58
            },
            "_id": "67eeba338ac547ce9c2d1b92",
            "paid": "67eeba338ac547ce9c2d1b92"
        },
        {
            "type": "Feature",
            "geometry": {
                "type": "Point",
                "coordinates": [
                    33.07892583,
                    -111.97789093
                ]
            },
            "properties": {
                "pa_label": "p03-3-S1",
                "PSDATE": "06/01/2021",
                "PHTD": {
                    "1": 0.22
                },
                "MSNODE": {
                    "1": 4
                },
                "PFNODE": {
                    "1": 5
                },
                "FRBNUM": {
                    "1": 2
                },
                "ABCNUM": 0,
                "SQRNUM": 2,
                "FLRNUM": 0,
                "GBNUM": 0,
                "MBNUM": 0,
                "LWAD": 94.2,
                "SWAD": 46.6,
                "MBWAD": 0.0,
                "PWAD": 2.6,
                "LAID": 0.11
            },
            "_id": "67eeba338ac547ce9c2d1b93",
            "paid": "67eeba338ac547ce9c2d1b93"
        },
        {
            "type": "Feature",
            "geometry": {
                "type": "Point",
                "coordinates": [
                    33.07893592,
                    -111.97789086
                ]
            },
            "properties": {
                "pa_label": "p03-3-S2",
                "PSDATE": "06/14/2021",
                "PHTD": {
                    "1": 0.34
                },
                "MSNODE": {
                    "1": 12
                },
                "PFNODE": {
                    "1": 5
                },
                "FRBNUM": {
                    "1": 7
                },
                "ABCNUM": 0,
                "SQRNUM": 11,
                "FLRNUM": 0,
                "GBNUM": 0,
                "MBNUM": 0,
                "LWAD": 250.8,
                "SWAD": 169.8,
                "MBWAD": 0.0,
                "PWAD": 18.5,
                "LAID": 0.285
            },
            "_id": "67eeba338ac547ce9c2d1b94",
            "paid": "67eeba338ac547ce9c2d1b94"
        },
        {
            "type": "Feature",
            "geometry": {
                "type": "Point",
                "coordinates": [
                    33.07894601,
                    -111.97789079
                ]
            },
            "properties": {
                "pa_label": "p03-3-S3",
                "PSDATE": "06/28/2021",
                "PHTD": {
                    "1": 0.69
                },
                "MSNODE": {
                    "1": 18
                },
                "PFNODE": {
                    "1": 5
                },
                "FRBNUM": {
                    "1": 13
                },
                "ABCNUM": 2,
                "SQRNUM": 31,
                "FLRNUM": 0,
                "GBNUM": 5,
                "MBNUM": 0,
                "LWAD": 978.6,
                "SWAD": 1093.8,
                "MBWAD": 0.0,
                "PWAD": 315.9,
                "LAID": 1.544
            },
            "_id": "67eeba338ac547ce9c2d1b95",
            "paid": "67eeba338ac547ce9c2d1b95"
        },
        {
            "type": "Feature",
            "geometry": {
                "type": "Point",
                "coordinates": [
                    33.07895609,
                    -111.97789072
                ]
            },
            "properties": {
                "pa_label": "p03-3-S4",
                "PSDATE": "07/12/2021",
                "PHTD": {
                    "1": 0.88
                },
                "MSNODE": {
                    "1": 25
                },
                "PFNODE": {
                    "1": 6
                },
                "FRBNUM": {
                    "1": 19
                },
                "ABCNUM": 18,
                "SQRNUM": 29,
                "FLRNUM": 2,
                "GBNUM": 8,
                "MBNUM": 0,
                "LWAD": 1640.3,
                "SWAD": 2022.2,
                "MBWAD": 0.0,
                "PWAD": 802.6,
                "LAID": 2.617
            },
            "_id": "67eeba338ac547ce9c2d1b96",
            "paid": "67eeba338ac547ce9c2d1b96"
        },
        {
            "type": "Feature",
            "geometry": {
                "type": "Point",
                "coordinates": [
                    33.07896618,
                    -111.97789065
                ]
            },
            "properties": {
                "pa_label": "p03-3-S5",
                "PSDATE": "07/27/2021",
                "PHTD": {
                    "1": 1.1
                },
                "MSNODE": {
                    "1": 28
                },
                "PFNODE": {
                    "1": 7
                },
                "FRBNUM": {
                    "1": 21
                },
                "ABCNUM": 48,
                "SQRNUM": 15,
                "FLRNUM": 0,
                "GBNUM": 11,
                "MBNUM": 0,
                "LWAD": 2031.9,
                "SWAD": 3250.7,
                "MBWAD": 0.0,
                "PWAD": 1756.5,
                "LAID": 4.04
            },
            "_id": "67eeba338ac547ce9c2d1b97",
            "paid": "67eeba338ac547ce9c2d1b97"
        },
        {
            "type": "Feature",
            "geometry": {
                "type": "Point",
                "coordinates": [
                    33.07897627,
                    -111.97789057
                ]
            },
            "properties": {
                "pa_label": "p03-3-S6",
                "PSDATE": "08/19/2021",
                "PHTD": {
                    "1": 1.73
                },
                "MSNODE": {
                    "1": 34
                },
                "PFNODE": {
                    "1": 8
                },
                "FRBNUM": {
                    "1": 26
                },
                "ABCNUM": 79,
                "SQRNUM": 36,
                "FLRNUM": 0,
                "GBNUM": 10,
                "MBNUM": 0,
                "LWAD": 3816.6,
                "SWAD": 8294.9,
                "MBWAD": 0.0,
                "PWAD": 1502.2,
                "LAID": 7.825
            },
            "_id": "67eeba338ac547ce9c2d1b98",
            "paid": "67eeba338ac547ce9c2d1b98"
        },
        {
            "type": "Feature",
            "geometry": {
                "type": "Point",
                "coordinates": [
                    33.07898636,
                    -111.9778905
                ]
            },
            "properties": {
                "pa_label": "p03-3-S7",
                "PSDATE": "09/08/2021",
                "PHTD": {
                    "1": 2.03
                },
                "MSNODE": {
                    "1": 39
                },
                "PFNODE": {
                    "1": 6
                },
                "FRBNUM": {
                    "1": 33
                },
                "ABCNUM": 59,
                "SQRNUM": 30,
                "FLRNUM": 0,
                "GBNUM": 13,
                "MBNUM": 1,
                "LWAD": 2278.3,
                "SWAD": 5929.4,
                "MBWAD": 163.7,
                "PWAD": 1159.0,
                "LAID": 4.671
            },
            "_id": "67eeba338ac547ce9c2d1b99",
            "paid": "67eeba338ac547ce9c2d1b99"
        },
        {
            "type": "Feature",
            "geometry": {
                "type": "Point",
                "coordinates": [
                    33.07856506,
                    -111.97789345
                ]
            },
            "properties": {
                "pa_label": "p03-4-S1",
                "PSDATE": "06/01/2021",
                "PHTD": {
                    "1": 0.12
                },
                "MSNODE": {
                    "1": 8
                },
                "FRBNUM": {
                    "1": 0
                },
                "ABCNUM": 0,
                "SQRNUM": 0,
                "FLRNUM": 0,
                "GBNUM": 0,
                "MBNUM": 0,
                "LWAD": 99.4,
                "SWAD": 42.2,
                "MBWAD": 0.0,
                "PWAD": 0.0,
                "LAID": 0.112
            },
            "_id": "67eeba338ac547ce9c2d1b9a",
            "paid": "67eeba338ac547ce9c2d1b9a"
        },
        {
            "type": "Feature",
            "geometry": {
                "type": "Point",
                "coordinates": [
                    33.07857515,
                    -111.97789338
                ]
            },
            "properties": {
                "pa_label": "p03-4-S2",
                "PSDATE": "06/14/2021",
                "PHTD": {
                    "1": 0.32
                },
                "MSNODE": {
                    "1": 12
                },
                "PFNODE": {
                    "1": 7
                },
                "FRBNUM": {
                    "1": 6
                },
                "ABCNUM": 0,
                "SQRNUM": 6,
                "FLRNUM": 0,
                "GBNUM": 0,
                "MBNUM": 0,
                "LWAD": 206.8,
                "SWAD": 141.7,
                "MBWAD": 0.0,
                "PWAD": 8.8,
                "LAID": 0.251
            },
            "_id": "67eeba338ac547ce9c2d1b9b",
            "paid": "67eeba338ac547ce9c2d1b9b"
        },
        {
            "type": "Feature",
            "geometry": {
                "type": "Point",
                "coordinates": [
                    33.07858524,
                    -111.9778933
                ]
            },
            "properties": {
                "pa_label": "p03-4-S3",
                "PSDATE": "06/28/2021",
                "PHTD": {
                    "1": 0.63
                },
                "MSNODE": {
                    "1": 18
                },
                "PFNODE": {
                    "1": 6
                },
                "FRBNUM": {
                    "1": 12
                },
                "ABCNUM": 2,
                "SQRNUM": 28,
                "FLRNUM": 0,
                "GBNUM": 2,
                "MBNUM": 0,
                "LWAD": 922.2,
                "SWAD": 924.0,
                "MBWAD": 0.0,
                "PWAD": 176.9,
                "LAID": 1.511
            },
            "_id": "67eeba338ac547ce9c2d1b9c",
            "paid": "67eeba338ac547ce9c2d1b9c"
        },
        {
            "type": "Feature",
            "geometry": {
                "type": "Point",
                "coordinates": [
                    33.07859533,
                    -111.97789323
                ]
            },
            "properties": {
                "pa_label": "p03-4-S4",
                "PSDATE": "07/12/2021",
                "PHTD": {
                    "1": 0.8
                },
                "MSNODE": {
                    "1": 23
                },
                "PFNODE": {
                    "1": 6
                },
                "FRBNUM": {
                    "1": 17
                },
                "ABCNUM": 17,
                "SQRNUM": 23,
                "FLRNUM": 1,
                "GBNUM": 9,
                "MBNUM": 0,
                "LWAD": 1423.8,
                "SWAD": 1706.3,
                "MBWAD": 0.0,
                "PWAD": 795.5,
                "LAID": 2.363
            },
            "_id": "67eeba338ac547ce9c2d1b9d",
            "paid": "67eeba338ac547ce9c2d1b9d"
        },
        {
            "type": "Feature",
            "geometry": {
                "type": "Point",
                "coordinates": [
                    33.07860541,
                    -111.97789316
                ]
            },
            "properties": {
                "pa_label": "p03-4-S5",
                "PSDATE": "07/27/2021",
                "PHTD": {
                    "1": 1.08
                },
                "MSNODE": {
                    "1": 28
                },
                "PFNODE": {
                    "1": 6
                },
                "FRBNUM": {
                    "1": 22
                },
                "ABCNUM": 48,
                "SQRNUM": 15,
                "FLRNUM": 0,
                "GBNUM": 15,
                "MBNUM": 0,
                "LWAD": 2296.8,
                "SWAD": 3323.8,
                "MBWAD": 0.0,
                "PWAD": 1922.8,
                "LAID": 4.334
            },
            "_id": "67eeba338ac547ce9c2d1b9e",
            "paid": "67eeba338ac547ce9c2d1b9e"
        },
        {
            "type": "Feature",
            "geometry": {
                "type": "Point",
                "coordinates": [
                    33.0786155,
                    -111.97789309
                ]
            },
            "properties": {
                "pa_label": "p03-4-S6",
                "PSDATE": "08/19/2021",
                "PHTD": {
                    "1": 1.53
                },
                "MSNODE": {
                    "1": 35
                },
                "PFNODE": {
                    "1": 7
                },
                "FRBNUM": {
                    "1": 28
                },
                "ABCNUM": 61,
                "SQRNUM": 31,
                "FLRNUM": 0,
                "GBNUM": 8,
                "MBNUM": 0,
                "LWAD": 2715.7,
                "SWAD": 5389.1,
                "MBWAD": 0.0,
                "PWAD": 989.1,
                "LAID": 4.9
            },
            "_id": "67eeba338ac547ce9c2d1b9f",
            "paid": "67eeba338ac547ce9c2d1b9f"
        },
        {
            "type": "Feature",
            "geometry": {
                "type": "Point",
                "coordinates": [
                    33.07862559,
                    -111.97789302
                ]
            },
            "properties": {
                "pa_label": "p03-4-S7",
                "PSDATE": "09/08/2021",
                "PHTD": {
                    "1": 1.66
                },
                "MSNODE": {
                    "1": 38
                },
                "PFNODE": {
                    "1": 9
                },
                "FRBNUM": {
                    "1": 29
                },
                "ABCNUM": 97,
                "SQRNUM": 17,
                "FLRNUM": 0,
                "GBNUM": 28,
                "MBNUM": 5,
                "LWAD": 3959.1,
                "SWAD": 8742.8,
                "MBWAD": 1602.5,
                "PWAD": 6026.2,
                "LAID": 7.26
            },
            "_id": "67eeba338ac547ce9c2d1ba0",
            "paid": "67eeba338ac547ce9c2d1ba0"
        },
        {
            "type": "Feature",
            "geometry": {
                "type": "Point",
                "coordinates": [
                    33.07964661,
                    -111.97773351
                ]
            },
            "properties": {
                "pa_label": "p04-1-S1",
                "PSDATE": "06/01/2021",
                "PHTD": {
                    "1": 0.17
                },
                "MSNODE": {
                    "1": 7
                },
                "FRBNUM": {
                    "1": 0
                },
                "ABCNUM": 0,
                "SQRNUM": 0,
                "FLRNUM": 0,
                "GBNUM": 0,
                "MBNUM": 0,
                "LWAD": 88.0,
                "SWAD": 36.1,
                "MBWAD": 0.0,
                "PWAD": 0.0,
                "LAID": 0.111
            },
            "_id": "67eeba338ac547ce9c2d1ba1",
            "paid": "67eeba338ac547ce9c2d1ba1"
        },
        {
            "type": "Feature",
            "geometry": {
                "type": "Point",
                "coordinates": [
                    33.0796567,
                    -111.97773344
                ]
            },
            "properties": {
                "pa_label": "p04-1-S2",
                "PSDATE": "06/14/2021",
                "PHTD": {
                    "1": 0.26
                },
                "MSNODE": {
                    "1": 12
                },
                "PFNODE": {
                    "1": 6
                },
                "FRBNUM": {
                    "1": 6
                },
                "ABCNUM": 0,
                "SQRNUM": 9,
                "FLRNUM": 0,
                "GBNUM": 0,
                "MBNUM": 0,
                "LWAD": 383.7,
                "SWAD": 178.6,
                "MBWAD": 0.0,
                "PWAD": 15.8,
                "LAID": 0.465
            },
            "_id": "67eeba338ac547ce9c2d1ba2",
            "paid": "67eeba338ac547ce9c2d1ba2"
        },
        {
            "type": "Feature",
            "geometry": {
                "type": "Point",
                "coordinates": [
                    33.07966679,
                    -111.97773336
                ]
            },
            "properties": {
                "pa_label": "p04-1-S3",
                "PSDATE": "06/28/2021",
                "PHTD": {
                    "1": 0.51
                },
                "MSNODE": {
                    "1": 17
                },
                "PFNODE": {
                    "1": 6
                },
                "FRBNUM": {
                    "1": 11
                },
                "ABCNUM": 6,
                "SQRNUM": 26,
                "FLRNUM": 0,
                "GBNUM": 2,
                "MBNUM": 0,
                "LWAD": 1151.0,
                "SWAD": 908.2,
                "MBWAD": 0.0,
                "PWAD": 222.6,
                "LAID": 1.593
            },
            "_id": "67eeba338ac547ce9c2d1ba3",
            "paid": "67eeba338ac547ce9c2d1ba3"
        },
        {
            "type": "Feature",
            "geometry": {
                "type": "Point",
                "coordinates": [
                    33.07967687,
                    -111.97773329
                ]
            },
            "properties": {
                "pa_label": "p04-1-S4",
                "PSDATE": "07/12/2021",
                "PHTD": {
                    "1": 0.79
                },
                "MSNODE": {
                    "1": 24
                },
                "PFNODE": {
                    "1": 5
                },
                "FRBNUM": {
                    "1": 19
                },
                "ABCNUM": 19,
                "SQRNUM": 48,
                "FLRNUM": 2,
                "GBNUM": 21,
                "MBNUM": 0,
                "LWAD": 3169.8,
                "SWAD": 3124.9,
                "MBWAD": 0.0,
                "PWAD": 2166.6,
                "LAID": 4.866
            },
            "_id": "67eeba338ac547ce9c2d1ba4",
            "paid": "67eeba338ac547ce9c2d1ba4"
        },
        {
            "type": "Feature",
            "geometry": {
                "type": "Point",
                "coordinates": [
                    33.07968696,
                    -111.97773322
                ]
            },
            "properties": {
                "pa_label": "p04-1-S5",
                "PSDATE": "07/27/2021",
                "PHTD": {
                    "1": 1.15
                },
                "MSNODE": {
                    "1": 28
                },
                "PFNODE": {
                    "1": 7
                },
                "FRBNUM": {
                    "1": 21
                },
                "ABCNUM": 50,
                "SQRNUM": 20,
                "FLRNUM": 0,
                "GBNUM": 4,
                "MBNUM": 0,
                "LWAD": 2839.8,
                "SWAD": 3708.3,
                "MBWAD": 0.0,
                "PWAD": 782.3,
                "LAID": 6.099
            },
            "_id": "67eeba338ac547ce9c2d1ba5",
            "paid": "67eeba338ac547ce9c2d1ba5"
        },
        {
            "type": "Feature",
            "geometry": {
                "type": "Point",
                "coordinates": [
                    33.07969705,
                    -111.97773315
                ]
            },
            "properties": {
                "pa_label": "p04-1-S6",
                "PSDATE": "08/19/2021",
                "PHTD": {
                    "1": 1.71
                },
                "MSNODE": {
                    "1": 33
                },
                "PFNODE": {
                    "1": 6
                },
                "FRBNUM": {
                    "1": 27
                },
                "ABCNUM": 49,
                "SQRNUM": 33,
                "FLRNUM": 0,
                "GBNUM": 2,
                "MBNUM": 0,
                "LWAD": 2733.3,
                "SWAD": 4948.2,
                "MBWAD": 0.0,
                "PWAD": 205.9,
                "LAID": 5.888
            },
            "_id": "67eeba338ac547ce9c2d1ba6",
            "paid": "67eeba338ac547ce9c2d1ba6"
        },
        {
            "type": "Feature",
            "geometry": {
                "type": "Point",
                "coordinates": [
                    33.07970714,
                    -111.97773308
                ]
            },
            "properties": {
                "pa_label": "p04-1-S7",
                "PSDATE": "09/08/2021",
                "PHTD": {
                    "1": 1.89
                },
                "MSNODE": {
                    "1": 36
                },
                "PFNODE": {
                    "1": 7
                },
                "FRBNUM": {
                    "1": 29
                },
                "ABCNUM": 62,
                "SQRNUM": 13,
                "FLRNUM": 0,
                "GBNUM": 13,
                "MBNUM": 3,
                "LWAD": 2438.5,
                "SWAD": 5846.7,
                "MBWAD": 623.9,
                "PWAD": 1941.3,
                "LAID": 4.919
            },
            "_id": "67eeba338ac547ce9c2d1ba7",
            "paid": "67eeba338ac547ce9c2d1ba7"
        },
        {
            "type": "Feature",
            "geometry": {
                "type": "Point",
                "coordinates": [
                    33.07928584,
                    -111.97773602
                ]
            },
            "properties": {
                "pa_label": "p04-2-S1",
                "PSDATE": "06/01/2021",
                "PHTD": {
                    "1": 0.12
                },
                "MSNODE": {
                    "1": 7
                },
                "FRBNUM": {
                    "1": 0
                },
                "ABCNUM": 0,
                "SQRNUM": 0,
                "FLRNUM": 0,
                "GBNUM": 0,
                "MBNUM": 0,
                "LWAD": 50.2,
                "SWAD": 17.6,
                "MBWAD": 0.0,
                "PWAD": 0.0,
                "LAID": 0.077
            },
            "_id": "67eeba338ac547ce9c2d1ba8",
            "paid": "67eeba338ac547ce9c2d1ba8"
        },
        {
            "type": "Feature",
            "geometry": {
                "type": "Point",
                "coordinates": [
                    33.07929593,
                    -111.97773595
                ]
            },
            "properties": {
                "pa_label": "p04-2-S2",
                "PSDATE": "06/14/2021",
                "PHTD": {
                    "1": 0.26
                },
                "MSNODE": {
                    "1": 11
                },
                "PFNODE": {
                    "1": 7
                },
                "FRBNUM": {
                    "1": 4
                },
                "ABCNUM": 0,
                "SQRNUM": 5,
                "FLRNUM": 0,
                "GBNUM": 0,
                "MBNUM": 0,
                "LWAD": 293.9,
                "SWAD": 142.6,
                "MBWAD": 0.0,
                "PWAD": 5.3,
                "LAID": 0.39
            },
            "_id": "67eeba338ac547ce9c2d1ba9",
            "paid": "67eeba338ac547ce9c2d1ba9"
        },
        {
            "type": "Feature",
            "geometry": {
                "type": "Point",
                "coordinates": [
                    33.07930602,
                    -111.97773588
                ]
            },
            "properties": {
                "pa_label": "p04-2-S3",
                "PSDATE": "06/28/2021",
                "PHTD": {
                    "1": 0.5
                },
                "MSNODE": {
                    "1": 16
                },
                "PFNODE": {
                    "1": 8
                },
                "FRBNUM": {
                    "1": 8
                },
                "ABCNUM": 1,
                "SQRNUM": 15,
                "FLRNUM": 0,
                "GBNUM": 0,
                "MBNUM": 0,
                "LWAD": 741.0,
                "SWAD": 553.5,
                "MBWAD": 0.0,
                "PWAD": 58.1,
                "LAID": 1.381
            },
            "_id": "67eeba338ac547ce9c2d1baa",
            "paid": "67eeba338ac547ce9c2d1baa"
        },
        {
            "type": "Feature",
            "geometry": {
                "type": "Point",
                "coordinates": [
                    33.07931611,
                    -111.97773581
                ]
            },
            "properties": {
                "pa_label": "p04-2-S4",
                "PSDATE": "07/12/2021",
                "PHTD": {
                    "1": 0.82
                },
                "MSNODE": {
                    "1": 19
                },
                "PFNODE": {
                    "1": 5
                },
                "FRBNUM": {
                    "1": 15
                },
                "ABCNUM": 7,
                "SQRNUM": 21,
                "FLRNUM": 0,
                "GBNUM": 5,
                "MBNUM": 0,
                "LWAD": 1291.0,
                "SWAD": 1334.1,
                "MBWAD": 0.0,
                "PWAD": 411.8,
                "LAID": 2.512
            },
            "_id": "67eeba338ac547ce9c2d1bab",
            "paid": "67eeba338ac547ce9c2d1bab"
        },
        {
            "type": "Feature",
            "geometry": {
                "type": "Point",
                "coordinates": [
                    33.07932619,
                    -111.97773574
                ]
            },
            "properties": {
                "pa_label": "p04-2-S5",
                "PSDATE": "07/27/2021",
                "PHTD": {
                    "1": 1.06
                },
                "MSNODE": {
                    "1": 27
                },
                "PFNODE": {
                    "1": 10
                },
                "FRBNUM": {
                    "1": 17
                },
                "ABCNUM": 35,
                "SQRNUM": 15,
                "FLRNUM": 0,
                "GBNUM": 5,
                "MBNUM": 0,
                "LWAD": 2024.9,
                "SWAD": 2671.7,
                "MBWAD": 0.0,
                "PWAD": 808.7,
                "LAID": 4.575
            },
            "_id": "67eeba338ac547ce9c2d1bac",
            "paid": "67eeba338ac547ce9c2d1bac"
        },
        {
            "type": "Feature",
            "geometry": {
                "type": "Point",
                "coordinates": [
                    33.07933628,
                    -111.97773567
                ]
            },
            "properties": {
                "pa_label": "p04-2-S6",
                "PSDATE": "08/19/2021",
                "PHTD": {
                    "1": 1.69
                },
                "MSNODE": {
                    "1": 34
                },
                "PFNODE": {
                    "1": 6
                },
                "FRBNUM": {
                    "1": 28
                },
                "ABCNUM": 55,
                "SQRNUM": 33,
                "FLRNUM": 0,
                "GBNUM": 7,
                "MBNUM": 0,
                "LWAD": 3209.4,
                "SWAD": 6067.6,
                "MBWAD": 0.0,
                "PWAD": 623.9,
                "LAID": 6.675
            },
            "_id": "67eeba338ac547ce9c2d1bad",
            "paid": "67eeba338ac547ce9c2d1bad"
        },
        {
            "type": "Feature",
            "geometry": {
                "type": "Point",
                "coordinates": [
                    33.07934637,
                    -111.9777356
                ]
            },
            "properties": {
                "pa_label": "p04-2-S7",
                "PSDATE": "09/08/2021",
                "PHTD": {
                    "1": 1.91
                },
                "MSNODE": {
                    "1": 41
                },
                "PFNODE": {
                    "1": 7
                },
                "FRBNUM": {
                    "1": 34
                },
                "ABCNUM": 79,
                "SQRNUM": 29,
                "FLRNUM": 0,
                "GBNUM": 11,
                "MBNUM": 6,
                "LWAD": 3748.8,
                "SWAD": 8446.2,
                "MBWAD": 1301.5,
                "PWAD": 2871.4,
                "LAID": 7.712
            },
            "_id": "67eeba338ac547ce9c2d1bae",
            "paid": "67eeba338ac547ce9c2d1bae"
        },
        {
            "type": "Feature",
            "geometry": {
                "type": "Point",
                "coordinates": [
                    33.07892508,
                    -111.97773854
                ]
            },
            "properties": {
                "pa_label": "p04-3-S1",
                "PSDATE": "06/01/2021",
                "PHTD": {
                    "1": 0.13
                },
                "MSNODE": {
                    "1": 7
                },
                "FRBNUM": {
                    "1": 0
                },
                "ABCNUM": 0,
                "SQRNUM": 0,
                "FLRNUM": 0,
                "GBNUM": 0,
                "MBNUM": 0,
                "LWAD": 52.8,
                "SWAD": 21.1,
                "MBWAD": 0.0,
                "PWAD": 0.0,
                "LAID": 0.069
            },
            "_id": "67eeba338ac547ce9c2d1baf",
            "paid": "67eeba338ac547ce9c2d1baf"
        },
        {
            "type": "Feature",
            "geometry": {
                "type": "Point",
                "coordinates": [
                    33.07893516,
                    -111.97773847
                ]
            },
            "properties": {
                "pa_label": "p04-3-S2",
                "PSDATE": "06/14/2021",
                "PHTD": {
                    "1": 0.26
                },
                "MSNODE": {
                    "1": 12
                },
                "PFNODE": {
                    "1": 8
                },
                "FRBNUM": {
                    "1": 4
                },
                "ABCNUM": 0,
                "SQRNUM": 5,
                "FLRNUM": 0,
                "GBNUM": 0,
                "MBNUM": 0,
                "LWAD": 249.9,
                "SWAD": 129.4,
                "MBWAD": 0.0,
                "PWAD": 7.9,
                "LAID": 0.347
            },
            "_id": "67eeba338ac547ce9c2d1bb0",
            "paid": "67eeba338ac547ce9c2d1bb0"
        },
        {
            "type": "Feature",
            "geometry": {
                "type": "Point",
                "coordinates": [
                    33.07894525,
                    -111.9777384
                ]
            },
            "properties": {
                "pa_label": "p04-3-S3",
                "PSDATE": "06/28/2021",
                "PHTD": {
                    "1": 0.52
                },
                "MSNODE": {
                    "1": 17
                },
                "PFNODE": {
                    "1": 6
                },
                "FRBNUM": {
                    "1": 11
                },
                "ABCNUM": 1,
                "SQRNUM": 18,
                "FLRNUM": 1,
                "GBNUM": 1,
                "MBNUM": 0,
                "LWAD": 745.4,
                "SWAD": 608.1,
                "MBWAD": 0.0,
                "PWAD": 112.6,
                "LAID": 1.389
            },
            "_id": "67eeba338ac547ce9c2d1bb1",
            "paid": "67eeba338ac547ce9c2d1bb1"
        },
        {
            "type": "Feature",
            "geometry": {
                "type": "Point",
                "coordinates": [
                    33.07895534,
                    -111.97773833
                ]
            },
            "properties": {
                "pa_label": "p04-3-S4",
                "PSDATE": "07/12/2021",
                "PHTD": {
                    "1": 0.78
                },
                "MSNODE": {
                    "1": 24
                },
                "PFNODE": {
                    "1": 8
                },
                "FRBNUM": {
                    "1": 16
                },
                "ABCNUM": 20,
                "SQRNUM": 40,
                "FLRNUM": 3,
                "GBNUM": 12,
                "MBNUM": 0,
                "LWAD": 2495.7,
                "SWAD": 2626.8,
                "MBWAD": 0.0,
                "PWAD": 879.1,
                "LAID": 4.636
            },
            "_id": "67eeba338ac547ce9c2d1bb2",
            "paid": "67eeba338ac547ce9c2d1bb2"
        },
        {
            "type": "Feature",
            "geometry": {
                "type": "Point",
                "coordinates": [
                    33.07896543,
                    -111.97773826
                ]
            },
            "properties": {
                "pa_label": "p04-3-S5",
                "PSDATE": "07/27/2021",
                "PHTD": {
                    "1": 1.01
                },
                "MSNODE": {
                    "1": 28
                },
                "PFNODE": {
                    "1": 8
                },
                "FRBNUM": {
                    "1": 20
                },
                "ABCNUM": 50,
                "SQRNUM": 20,
                "FLRNUM": 0,
                "GBNUM": 8,
                "MBNUM": 0,
                "LWAD": 2746.5,
                "SWAD": 3244.6,
                "MBWAD": 0.0,
                "PWAD": 1271.6,
                "LAID": 6.421
            },
            "_id": "67eeba338ac547ce9c2d1bb3",
            "paid": "67eeba338ac547ce9c2d1bb3"
        },
        {
            "type": "Feature",
            "geometry": {
                "type": "Point",
                "coordinates": [
                    33.07897552,
                    -111.97773819
                ]
            },
            "properties": {
                "pa_label": "p04-3-S6",
                "PSDATE": "08/19/2021",
                "PHTD": {
                    "1": 1.62
                },
                "MSNODE": {
                    "1": 35
                },
                "PFNODE": {
                    "1": 7
                },
                "FRBNUM": {
                    "1": 28
                },
                "ABCNUM": 72,
                "SQRNUM": 32,
                "FLRNUM": 0,
                "GBNUM": 3,
                "MBNUM": 1,
                "LWAD": 3314.1,
                "SWAD": 5743.8,
                "MBWAD": 227.9,
                "PWAD": 1224.1,
                "LAID": 6.747
            },
            "_id": "67eeba338ac547ce9c2d1bb4",
            "paid": "67eeba338ac547ce9c2d1bb4"
        },
        {
            "type": "Feature",
            "geometry": {
                "type": "Point",
                "coordinates": [
                    33.0789856,
                    -111.97773812
                ]
            },
            "properties": {
                "pa_label": "p04-3-S7",
                "PSDATE": "09/08/2021",
                "PHTD": {
                    "1": 1.52
                },
                "MSNODE": {
                    "1": 33
                },
                "PFNODE": {
                    "1": 7
                },
                "FRBNUM": {
                    "1": 26
                },
                "ABCNUM": 43,
                "SQRNUM": 12,
                "FLRNUM": 0,
                "GBNUM": 4,
                "MBNUM": 3,
                "LWAD": 1620.1,
                "SWAD": 3224.3,
                "MBWAD": 982.1,
                "PWAD": 1306.8,
                "LAID": 3.21
            },
            "_id": "67eeba338ac547ce9c2d1bb5",
            "paid": "67eeba338ac547ce9c2d1bb5"
        },
        {
            "type": "Feature",
            "geometry": {
                "type": "Point",
                "coordinates": [
                    33.07856431,
                    -111.97774106
                ]
            },
            "properties": {
                "pa_label": "p04-4-S1",
                "PSDATE": "06/01/2021",
                "PHTD": {
                    "1": 0.1
                },
                "MSNODE": {
                    "1": 7
                },
                "FRBNUM": {
                    "1": 0
                },
                "ABCNUM": 0,
                "SQRNUM": 0,
                "FLRNUM": 0,
                "GBNUM": 0,
                "MBNUM": 0,
                "LWAD": 43.1,
                "SWAD": 16.7,
                "MBWAD": 0.0,
                "PWAD": 0.0,
                "LAID": 0.054
            },
            "_id": "67eeba338ac547ce9c2d1bb6",
            "paid": "67eeba338ac547ce9c2d1bb6"
        },
        {
            "type": "Feature",
            "geometry": {
                "type": "Point",
                "coordinates": [
                    33.0785744,
                    -111.97774099
                ]
            },
            "properties": {
                "pa_label": "p04-4-S2",
                "PSDATE": "06/14/2021",
                "PHTD": {
                    "1": 0.26
                },
                "MSNODE": {
                    "1": 11
                },
                "PFNODE": {
                    "1": 8
                },
                "FRBNUM": {
                    "1": 3
                },
                "ABCNUM": 0,
                "SQRNUM": 3,
                "FLRNUM": 0,
                "GBNUM": 0,
                "MBNUM": 0,
                "LWAD": 135.5,
                "SWAD": 74.8,
                "MBWAD": 0.0,
                "PWAD": 0.9,
                "LAID": 0.189
            },
            "_id": "67eeba338ac547ce9c2d1bb7",
            "paid": "67eeba338ac547ce9c2d1bb7"
        },
        {
            "type": "Feature",
            "geometry": {
                "type": "Point",
                "coordinates": [
                    33.07858448,
                    -111.97774092
                ]
            },
            "properties": {
                "pa_label": "p04-4-S3",
                "PSDATE": "06/28/2021",
                "PHTD": {
                    "1": 0.44
                },
                "MSNODE": {
                    "1": 17
                },
                "PFNODE": {
                    "1": 7
                },
                "FRBNUM": {
                    "1": 10
                },
                "ABCNUM": 1,
                "SQRNUM": 16,
                "FLRNUM": 0,
                "GBNUM": 1,
                "MBNUM": 0,
                "LWAD": 647.7,
                "SWAD": 481.4,
                "MBWAD": 0.0,
                "PWAD": 134.6,
                "LAID": 1.031
            },
            "_id": "67eeba338ac547ce9c2d1bb8",
            "paid": "67eeba338ac547ce9c2d1bb8"
        },
        {
            "type": "Feature",
            "geometry": {
                "type": "Point",
                "coordinates": [
                    33.07859457,
                    -111.97774085
                ]
            },
            "properties": {
                "pa_label": "p04-4-S4",
                "PSDATE": "07/12/2021",
                "PHTD": {
                    "1": 0.8
                },
                "MSNODE": {
                    "1": 24
                },
                "PFNODE": {
                    "1": 9
                },
                "FRBNUM": {
                    "1": 16
                },
                "ABCNUM": 15,
                "SQRNUM": 23,
                "FLRNUM": 1,
                "GBNUM": 6,
                "MBNUM": 0,
                "LWAD": 1584.9,
                "SWAD": 1576.1,
                "MBWAD": 0.0,
                "PWAD": 565.0,
                "LAID": 2.921
            },
            "_id": "67eeba338ac547ce9c2d1bb9",
            "paid": "67eeba338ac547ce9c2d1bb9"
        },
        {
            "type": "Feature",
            "geometry": {
                "type": "Point",
                "coordinates": [
                    33.07860466,
                    -111.97774078
                ]
            },
            "properties": {
                "pa_label": "p04-4-S5",
                "PSDATE": "07/27/2021",
                "PHTD": {
                    "1": 1.07
                },
                "MSNODE": {
                    "1": 27
                },
                "PFNODE": {
                    "1": 6
                },
                "FRBNUM": {
                    "1": 21
                },
                "ABCNUM": 42,
                "SQRNUM": 12,
                "FLRNUM": 1,
                "GBNUM": 7,
                "MBNUM": 0,
                "LWAD": 1795.2,
                "SWAD": 2250.2,
                "MBWAD": 0.0,
                "PWAD": 1013.8,
                "LAID": 3.775
            },
            "_id": "67eeba338ac547ce9c2d1bba",
            "paid": "67eeba338ac547ce9c2d1bba"
        },
        {
            "type": "Feature",
            "geometry": {
                "type": "Point",
                "coordinates": [
                    33.07861475,
                    -111.97774071
                ]
            },
            "properties": {
                "pa_label": "p04-4-S6",
                "PSDATE": "08/19/2021",
                "PHTD": {
                    "1": 1.57
                },
                "MSNODE": {
                    "1": 35
                },
                "PFNODE": {
                    "1": 7
                },
                "FRBNUM": {
                    "1": 28
                },
                "ABCNUM": 61,
                "SQRNUM": 46,
                "FLRNUM": 0,
                "GBNUM": 6,
                "MBNUM": 3,
                "LWAD": 3197.0,
                "SWAD": 5988.4,
                "MBWAD": 605.4,
                "PWAD": 1671.1,
                "LAID": 6.323
            },
            "_id": "67eeba338ac547ce9c2d1bbb",
            "paid": "67eeba338ac547ce9c2d1bbb"
        },
        {
            "type": "Feature",
            "geometry": {
                "type": "Point",
                "coordinates": [
                    33.07862484,
                    -111.97774064
                ]
            },
            "properties": {
                "pa_label": "p04-4-S7",
                "PSDATE": "09/08/2021",
                "PHTD": {
                    "1": 1.45
                },
                "MSNODE": {
                    "1": 34
                },
                "PFNODE": {
                    "1": 7
                },
                "FRBNUM": {
                    "1": 27
                },
                "ABCNUM": 46,
                "SQRNUM": 11,
                "FLRNUM": 0,
                "GBNUM": 12,
                "MBNUM": 3,
                "LWAD": 1804.0,
                "SWAD": 3682.8,
                "MBWAD": 838.6,
                "PWAD": 1747.7,
                "LAID": 3.568
            },
            "_id": "67eeba338ac547ce9c2d1bbc",
            "paid": "67eeba338ac547ce9c2d1bbc"
        },
        {
            "type": "Feature",
            "geometry": {
                "type": "Point",
                "coordinates": [
                    33.07964586,
                    -111.97758205
                ]
            },
            "properties": {
                "pa_label": "p05-1-S1",
                "PSDATE": "06/01/2021",
                "PHTD": {
                    "1": 0.18
                },
                "MSNODE": {
                    "1": 8
                },
                "PFNODE": {
                    "1": 5
                },
                "FRBNUM": {
                    "1": 3
                },
                "ABCNUM": 0,
                "SQRNUM": 3,
                "FLRNUM": 0,
                "GBNUM": 0,
                "MBNUM": 0,
                "LWAD": 77.4,
                "SWAD": 41.4,
                "MBWAD": 0.0,
                "PWAD": 0.0,
                "LAID": 0.09
            },
            "_id": "67eeba338ac547ce9c2d1bbd",
            "paid": "67eeba338ac547ce9c2d1bbd"
        },
        {
            "type": "Feature",
            "geometry": {
                "type": "Point",
                "coordinates": [
                    33.07965594,
                    -111.97758198
                ]
            },
            "properties": {
                "pa_label": "p05-1-S2",
                "PSDATE": "06/14/2021",
                "PHTD": {
                    "1": 0.38
                },
                "MSNODE": {
                    "1": 13
                },
                "PFNODE": {
                    "1": 6
                },
                "FRBNUM": {
                    "1": 7
                },
                "ABCNUM": 0,
                "SQRNUM": 14,
                "FLRNUM": 0,
                "GBNUM": 0,
                "MBNUM": 0,
                "LWAD": 325.6,
                "SWAD": 254.3,
                "MBWAD": 0.0,
                "PWAD": 36.1,
                "LAID": 0.41
            },
            "_id": "67eeba338ac547ce9c2d1bbe",
            "paid": "67eeba338ac547ce9c2d1bbe"
        },
        {
            "type": "Feature",
            "geometry": {
                "type": "Point",
                "coordinates": [
                    33.07966603,
                    -111.97758191
                ]
            },
            "properties": {
                "pa_label": "p05-1-S3",
                "PSDATE": "06/28/2021",
                "PHTD": {
                    "1": 0.6
                },
                "MSNODE": {
                    "1": 18
                },
                "PFNODE": {
                    "1": 7
                },
                "FRBNUM": {
                    "1": 11
                },
                "ABCNUM": 7,
                "SQRNUM": 24,
                "FLRNUM": 0,
                "GBNUM": 2,
                "MBNUM": 0,
                "LWAD": 716.3,
                "SWAD": 733.0,
                "MBWAD": 0.0,
                "PWAD": 134.6,
                "LAID": 1.167
            },
            "_id": "67eeba338ac547ce9c2d1bbf",
            "paid": "67eeba338ac547ce9c2d1bbf"
        },
        {
            "type": "Feature",
            "geometry": {
                "type": "Point",
                "coordinates": [
                    33.07967612,
                    -111.97758184
                ]
            },
            "properties": {
                "pa_label": "p05-1-S4",
                "PSDATE": "07/12/2021",
                "PHTD": {
                    "1": 0.81
                },
                "MSNODE": {
                    "1": 24
                },
                "PFNODE": {
                    "1": 7
                },
                "FRBNUM": {
                    "1": 17
                },
                "ABCNUM": 13,
                "SQRNUM": 23,
                "FLRNUM": 1,
                "GBNUM": 10,
                "MBNUM": 0,
                "LWAD": 1327.0,
                "SWAD": 1525.0,
                "MBWAD": 0.0,
                "PWAD": 679.4,
                "LAID": 2.127
            },
            "_id": "67eeba338ac547ce9c2d1bc0",
            "paid": "67eeba338ac547ce9c2d1bc0"
        },
        {
            "type": "Feature",
            "geometry": {
                "type": "Point",
                "coordinates": [
                    33.07968621,
                    -111.97758177
                ]
            },
            "properties": {
                "pa_label": "p05-1-S5",
                "PSDATE": "07/27/2021",
                "PHTD": {
                    "1": 1.15
                },
                "MSNODE": {
                    "1": 28
                },
                "PFNODE": {
                    "1": 5
                },
                "FRBNUM": {
                    "1": 24
                },
                "ABCNUM": 46,
                "SQRNUM": 19,
                "FLRNUM": 0,
                "GBNUM": 9,
                "MBNUM": 0,
                "LWAD": 2085.6,
                "SWAD": 3259.5,
                "MBWAD": 0.0,
                "PWAD": 1434.4,
                "LAID": 4.369
            },
            "_id": "67eeba338ac547ce9c2d1bc1",
            "paid": "67eeba338ac547ce9c2d1bc1"
        },
        {
            "type": "Feature",
            "geometry": {
                "type": "Point",
                "coordinates": [
                    33.07969629,
                    -111.9775817
                ]
            },
            "properties": {
                "pa_label": "p05-1-S6",
                "PSDATE": "08/19/2021",
                "PHTD": {
                    "1": 1.58
                },
                "MSNODE": {
                    "1": 36
                },
                "PFNODE": {
                    "1": 6
                },
                "FRBNUM": {
                    "1": 30
                },
                "ABCNUM": 75,
                "SQRNUM": 34,
                "FLRNUM": 0,
                "GBNUM": 19,
                "MBNUM": 2,
                "LWAD": 3900.2,
                "SWAD": 7480.0,
                "MBWAD": 557.0,
                "PWAD": 3203.2,
                "LAID": 7.072
            },
            "_id": "67eeba338ac547ce9c2d1bc2",
            "paid": "67eeba338ac547ce9c2d1bc2"
        },
        {
            "type": "Feature",
            "geometry": {
                "type": "Point",
                "coordinates": [
                    33.07970638,
                    -111.97758163
                ]
            },
            "properties": {
                "pa_label": "p05-1-S7",
                "PSDATE": "09/08/2021",
                "PHTD": {
                    "1": 2.01
                },
                "MSNODE": {
                    "1": 43
                },
                "PFNODE": {
                    "1": 6
                },
                "FRBNUM": {
                    "1": 37
                },
                "ABCNUM": 120,
                "SQRNUM": 26,
                "FLRNUM": 0,
                "GBNUM": 17,
                "MBNUM": 12,
                "LWAD": 3419.7,
                "SWAD": 10685.8,
                "MBWAD": 3298.2,
                "PWAD": 4811.8,
                "LAID": 5.529
            },
            "_id": "67eeba338ac547ce9c2d1bc3",
            "paid": "67eeba338ac547ce9c2d1bc3"
        },
        {
            "type": "Feature",
            "geometry": {
                "type": "Point",
                "coordinates": [
                    33.07928509,
                    -111.97758457
                ]
            },
            "properties": {
                "pa_label": "p05-2-S1",
                "PSDATE": "06/01/2021",
                "PHTD": {
                    "1": 0.16
                },
                "MSNODE": {
                    "1": 7
                },
                "PFNODE": {
                    "1": 5
                },
                "FRBNUM": {
                    "1": 2
                },
                "ABCNUM": 0,
                "SQRNUM": 2,
                "FLRNUM": 0,
                "GBNUM": 0,
                "MBNUM": 0,
                "LWAD": 67.8,
                "SWAD": 28.2,
                "MBWAD": 0.0,
                "PWAD": 0.0,
                "LAID": 0.077
            },
            "_id": "67eeba338ac547ce9c2d1bc4",
            "paid": "67eeba338ac547ce9c2d1bc4"
        },
        {
            "type": "Feature",
            "geometry": {
                "type": "Point",
                "coordinates": [
                    33.07929518,
                    -111.9775845
                ]
            },
            "properties": {
                "pa_label": "p05-2-S2",
                "PSDATE": "06/14/2021",
                "PHTD": {
                    "1": 0.38
                },
                "MSNODE": {
                    "1": 13
                },
                "PFNODE": {
                    "1": 5
                },
                "FRBNUM": {
                    "1": 8
                },
                "ABCNUM": 1,
                "SQRNUM": 12,
                "FLRNUM": 0,
                "GBNUM": 0,
                "MBNUM": 0,
                "LWAD": 286.0,
                "SWAD": 219.1,
                "MBWAD": 0.0,
                "PWAD": 26.4,
                "LAID": 0.348
            },
            "_id": "67eeba338ac547ce9c2d1bc5",
            "paid": "67eeba338ac547ce9c2d1bc5"
        },
        {
            "type": "Feature",
            "geometry": {
                "type": "Point",
                "coordinates": [
                    33.07930526,
                    -111.97758443
                ]
            },
            "properties": {
                "pa_label": "p05-2-S3",
                "PSDATE": "06/28/2021",
                "PHTD": {
                    "1": 0.52
                },
                "MSNODE": {
                    "1": 18
                },
                "PFNODE": {
                    "1": 6
                },
                "FRBNUM": {
                    "1": 12
                },
                "ABCNUM": 3,
                "SQRNUM": 27,
                "FLRNUM": 1,
                "GBNUM": 4,
                "MBNUM": 0,
                "LWAD": 796.4,
                "SWAD": 789.4,
                "MBWAD": 0.0,
                "PWAD": 304.5,
                "LAID": 1.03
            },
            "_id": "67eeba338ac547ce9c2d1bc6",
            "paid": "67eeba338ac547ce9c2d1bc6"
        },
        {
            "type": "Feature",
            "geometry": {
                "type": "Point",
                "coordinates": [
                    33.07931535,
                    -111.97758436
                ]
            },
            "properties": {
                "pa_label": "p05-2-S4",
                "PSDATE": "07/12/2021",
                "PHTD": {
                    "1": 0.85
                },
                "MSNODE": {
                    "1": 23
                },
                "PFNODE": {
                    "1": 6
                },
                "FRBNUM": {
                    "1": 17
                },
                "ABCNUM": 13,
                "SQRNUM": 22,
                "FLRNUM": 1,
                "GBNUM": 9,
                "MBNUM": 0,
                "LWAD": 1325.3,
                "SWAD": 1724.8,
                "MBWAD": 0.0,
                "PWAD": 699.6,
                "LAID": 2.157
            },
            "_id": "67eeba338ac547ce9c2d1bc7",
            "paid": "67eeba338ac547ce9c2d1bc7"
        },
        {
            "type": "Feature",
            "geometry": {
                "type": "Point",
                "coordinates": [
                    33.07932544,
                    -111.97758429
                ]
            },
            "properties": {
                "pa_label": "p05-2-S5",
                "PSDATE": "07/27/2021",
                "PHTD": {
                    "1": 1.08
                },
                "MSNODE": {
                    "1": 27
                },
                "PFNODE": {
                    "1": 5
                },
                "FRBNUM": {
                    "1": 22
                },
                "ABCNUM": 47,
                "SQRNUM": 16,
                "FLRNUM": 1,
                "GBNUM": 6,
                "MBNUM": 0,
                "LWAD": 1713.4,
                "SWAD": 2480.7,
                "MBWAD": 0.0,
                "PWAD": 1170.4,
                "LAID": 3.256
            },
            "_id": "67eeba338ac547ce9c2d1bc8",
            "paid": "67eeba338ac547ce9c2d1bc8"
        },
        {
            "type": "Feature",
            "geometry": {
                "type": "Point",
                "coordinates": [
                    33.07933553,
                    -111.97758422
                ]
            },
            "properties": {
                "pa_label": "p05-2-S6",
                "PSDATE": "08/19/2021",
                "PHTD": {
                    "1": 1.15
                },
                "MSNODE": {
                    "1": 38
                },
                "PFNODE": {
                    "1": 6
                },
                "FRBNUM": {
                    "1": 32
                },
                "ABCNUM": 95,
                "SQRNUM": 37,
                "FLRNUM": 0,
                "GBNUM": 11,
                "MBNUM": 2,
                "LWAD": 3628.2,
                "SWAD": 6773.4,
                "MBWAD": 567.6,
                "PWAD": 2655.8,
                "LAID": 7.381
            },
            "_id": "67eeba338ac547ce9c2d1bc9",
            "paid": "67eeba338ac547ce9c2d1bc9"
        },
        {
            "type": "Feature",
            "geometry": {
                "type": "Point",
                "coordinates": [
                    33.07934561,
                    -111.97758415
                ]
            },
            "properties": {
                "pa_label": "p05-2-S7",
                "PSDATE": "09/08/2021",
                "PHTD": {
                    "1": 2.02
                },
                "MSNODE": {
                    "1": 40
                },
                "PFNODE": {
                    "1": 5
                },
                "FRBNUM": {
                    "1": 35
                },
                "ABCNUM": 114,
                "SQRNUM": 26,
                "FLRNUM": 0,
                "GBNUM": 19,
                "MBNUM": 4,
                "LWAD": 4173.0,
                "SWAD": 11877.4,
                "MBWAD": 965.4,
                "PWAD": 3202.3,
                "LAID": 8.401
            },
            "_id": "67eeba338ac547ce9c2d1bca",
            "paid": "67eeba338ac547ce9c2d1bca"
        },
        {
            "type": "Feature",
            "geometry": {
                "type": "Point",
                "coordinates": [
                    33.07892432,
                    -111.97758709
                ]
            },
            "properties": {
                "pa_label": "p05-3-S1",
                "PSDATE": "06/01/2021",
                "PHTD": {
                    "1": 0.18
                },
                "MSNODE": {
                    "1": 7
                },
                "PFNODE": {
                    "1": 6
                },
                "FRBNUM": {
                    "1": 1
                },
                "ABCNUM": 0,
                "SQRNUM": 1,
                "FLRNUM": 0,
                "GBNUM": 0,
                "MBNUM": 0,
                "LWAD": 88.0,
                "SWAD": 40.5,
                "MBWAD": 0.0,
                "PWAD": 0.0,
                "LAID": 0.114
            },
            "_id": "67eeba338ac547ce9c2d1bcb",
            "paid": "67eeba338ac547ce9c2d1bcb"
        },
        {
            "type": "Feature",
            "geometry": {
                "type": "Point",
                "coordinates": [
                    33.07893441,
                    -111.97758702
                ]
            },
            "properties": {
                "pa_label": "p05-3-S2",
                "PSDATE": "06/14/2021",
                "PHTD": {
                    "1": 0.34
                },
                "MSNODE": {
                    "1": 11
                },
                "PFNODE": {
                    "1": 6
                },
                "FRBNUM": {
                    "1": 5
                },
                "ABCNUM": 0,
                "SQRNUM": 7,
                "FLRNUM": 0,
                "GBNUM": 0,
                "MBNUM": 0,
                "LWAD": 226.2,
                "SWAD": 160.2,
                "MBWAD": 0.0,
                "PWAD": 8.8,
                "LAID": 0.31
            },
            "_id": "67eeba338ac547ce9c2d1bcc",
            "paid": "67eeba338ac547ce9c2d1bcc"
        },
        {
            "type": "Feature",
            "geometry": {
                "type": "Point",
                "coordinates": [
                    33.0789445,
                    -111.97758695
                ]
            },
            "properties": {
                "pa_label": "p05-3-S3",
                "PSDATE": "06/28/2021",
                "PHTD": {
                    "1": 0.64
                },
                "MSNODE": {
                    "1": 19
                },
                "PFNODE": {
                    "1": 7
                },
                "FRBNUM": {
                    "1": 12
                },
                "ABCNUM": 4,
                "SQRNUM": 33,
                "FLRNUM": 1,
                "GBNUM": 2,
                "MBNUM": 0,
                "LWAD": 961.0,
                "SWAD": 1031.4,
                "MBWAD": 0.0,
                "PWAD": 228.8,
                "LAID": 1.545
            },
            "_id": "67eeba338ac547ce9c2d1bcd",
            "paid": "67eeba338ac547ce9c2d1bcd"
        },
        {
            "type": "Feature",
            "geometry": {
                "type": "Point",
                "coordinates": [
                    33.07895458,
                    -111.97758688
                ]
            },
            "properties": {
                "pa_label": "p05-3-S4",
                "PSDATE": "07/12/2021",
                "PHTD": {
                    "1": 0.87
                },
                "MSNODE": {
                    "1": 24
                },
                "PFNODE": {
                    "1": 7
                },
                "FRBNUM": {
                    "1": 17
                },
                "ABCNUM": 17,
                "SQRNUM": 38,
                "FLRNUM": 3,
                "GBNUM": 11,
                "MBNUM": 0,
                "LWAD": 2111.1,
                "SWAD": 2794.9,
                "MBWAD": 0.0,
                "PWAD": 851.0,
                "LAID": 3.714
            },
            "_id": "67eeba338ac547ce9c2d1bce",
            "paid": "67eeba338ac547ce9c2d1bce"
        },
        {
            "type": "Feature",
            "geometry": {
                "type": "Point",
                "coordinates": [
                    33.07896467,
                    -111.97758681
                ]
            },
            "properties": {
                "pa_label": "p05-3-S5",
                "PSDATE": "07/27/2021",
                "PHTD": {
                    "1": 0.97
                },
                "MSNODE": {
                    "1": 28
                },
                "PFNODE": {
                    "1": 6
                },
                "FRBNUM": {
                    "1": 22
                },
                "ABCNUM": 51,
                "SQRNUM": 22,
                "FLRNUM": 0,
                "GBNUM": 8,
                "MBNUM": 0,
                "LWAD": 2087.4,
                "SWAD": 2694.6,
                "MBWAD": 0.0,
                "PWAD": 1313.8,
                "LAID": 3.488
            },
            "_id": "67eeba338ac547ce9c2d1bcf",
            "paid": "67eeba338ac547ce9c2d1bcf"
        },
        {
            "type": "Feature",
            "geometry": {
                "type": "Point",
                "coordinates": [
                    33.07897476,
                    -111.97758674
                ]
            },
            "properties": {
                "pa_label": "p05-3-S6",
                "PSDATE": "08/19/2021",
                "PHTD": {
                    "1": 1.4
                },
                "MSNODE": {
                    "1": 33
                },
                "PFNODE": {
                    "1": 5
                },
                "FRBNUM": {
                    "1": 28
                },
                "ABCNUM": 66,
                "SQRNUM": 21,
                "FLRNUM": 0,
                "GBNUM": 12,
                "MBNUM": 2,
                "LWAD": 2465.8,
                "SWAD": 3955.6,
                "MBWAD": 672.3,
                "PWAD": 2560.8,
                "LAID": 4.643
            },
            "_id": "67eeba338ac547ce9c2d1bd0",
            "paid": "67eeba338ac547ce9c2d1bd0"
        },
        {
            "type": "Feature",
            "geometry": {
                "type": "Point",
                "coordinates": [
                    33.07898485,
                    -111.97758667
                ]
            },
            "properties": {
                "pa_label": "p05-3-S7",
                "PSDATE": "09/08/2021",
                "PHTD": {
                    "1": 1.54
                },
                "MSNODE": {
                    "1": 37
                },
                "PFNODE": {
                    "1": 7
                },
                "FRBNUM": {
                    "1": 30
                },
                "ABCNUM": 69,
                "SQRNUM": 7,
                "FLRNUM": 0,
                "GBNUM": 13,
                "MBNUM": 4,
                "LWAD": 2254.6,
                "SWAD": 5127.8,
                "MBWAD": 1201.2,
                "PWAD": 2656.7,
                "LAID": 4.246
            },
            "_id": "67eeba338ac547ce9c2d1bd1",
            "paid": "67eeba338ac547ce9c2d1bd1"
        },
        {
            "type": "Feature",
            "geometry": {
                "type": "Point",
                "coordinates": [
                    33.07856355,
                    -111.97758961
                ]
            },
            "properties": {
                "pa_label": "p05-4-S1",
                "PSDATE": "06/01/2021",
                "PHTD": {
                    "1": 0.11
                },
                "MSNODE": {
                    "1": 6
                },
                "FRBNUM": {
                    "1": 0
                },
                "ABCNUM": 0,
                "SQRNUM": 0,
                "FLRNUM": 0,
                "GBNUM": 0,
                "MBNUM": 0,
                "LWAD": 32.6,
                "SWAD": 15.0,
                "MBWAD": 0.0,
                "PWAD": 0.0,
                "LAID": 0.041
            },
            "_id": "67eeba338ac547ce9c2d1bd2",
            "paid": "67eeba338ac547ce9c2d1bd2"
        },
        {
            "type": "Feature",
            "geometry": {
                "type": "Point",
                "coordinates": [
                    33.07857364,
                    -111.97758954
                ]
            },
            "properties": {
                "pa_label": "p05-4-S2",
                "PSDATE": "06/14/2021",
                "PHTD": {
                    "1": 0.31
                },
                "MSNODE": {
                    "1": 13
                },
                "PFNODE": {
                    "1": 6
                },
                "FRBNUM": {
                    "1": 7
                },
                "ABCNUM": 0,
                "SQRNUM": 8,
                "FLRNUM": 0,
                "GBNUM": 0,
                "MBNUM": 0,
                "LWAD": 220.9,
                "SWAD": 152.2,
                "MBWAD": 0.0,
                "PWAD": 17.6,
                "LAID": 0.267
            },
            "_id": "67eeba338ac547ce9c2d1bd3",
            "paid": "67eeba338ac547ce9c2d1bd3"
        },
        {
            "type": "Feature",
            "geometry": {
                "type": "Point",
                "coordinates": [
                    33.07858373,
                    -111.97758947
                ]
            },
            "properties": {
                "pa_label": "p05-4-S3",
                "PSDATE": "06/28/2021",
                "PHTD": {
                    "1": 0.55
                },
                "MSNODE": {
                    "1": 17
                },
                "PFNODE": {
                    "1": 5
                },
                "FRBNUM": {
                    "1": 12
                },
                "ABCNUM": 3,
                "SQRNUM": 23,
                "FLRNUM": 0,
                "GBNUM": 3,
                "MBNUM": 0,
                "LWAD": 623.9,
                "SWAD": 624.8,
                "MBWAD": 0.0,
                "PWAD": 229.7,
                "LAID": 0.863
            },
            "_id": "67eeba338ac547ce9c2d1bd4",
            "paid": "67eeba338ac547ce9c2d1bd4"
        },
        {
            "type": "Feature",
            "geometry": {
                "type": "Point",
                "coordinates": [
                    33.07859382,
                    -111.9775894
                ]
            },
            "properties": {
                "pa_label": "p05-4-S4",
                "PSDATE": "07/12/2021",
                "PHTD": {
                    "1": 0.86
                },
                "MSNODE": {
                    "1": 24
                },
                "PFNODE": {
                    "1": 6
                },
                "FRBNUM": {
                    "1": 18
                },
                "ABCNUM": 25,
                "SQRNUM": 29,
                "FLRNUM": 1,
                "GBNUM": 14,
                "MBNUM": 0,
                "LWAD": 1995.8,
                "SWAD": 2476.3,
                "MBWAD": 0.0,
                "PWAD": 1090.3,
                "LAID": 3.707
            },
            "_id": "67eeba338ac547ce9c2d1bd5",
            "paid": "67eeba338ac547ce9c2d1bd5"
        },
        {
            "type": "Feature",
            "geometry": {
                "type": "Point",
                "coordinates": [
                    33.0786039,
                    -111.97758933
                ]
            },
            "properties": {
                "pa_label": "p05-4-S5",
                "PSDATE": "07/27/2021",
                "PHTD": {
                    "1": 1.03
                },
                "MSNODE": {
                    "1": 23
                },
                "PFNODE": {
                    "1": 5
                },
                "FRBNUM": {
                    "1": 18
                },
                "ABCNUM": 25,
                "SQRNUM": 22,
                "FLRNUM": 0,
                "GBNUM": 6,
                "MBNUM": 0,
                "LWAD": 1524.2,
                "SWAD": 2088.2,
                "MBWAD": 0.0,
                "PWAD": 548.2,
                "LAID": 3.266
            },
            "_id": "67eeba338ac547ce9c2d1bd6",
            "paid": "67eeba338ac547ce9c2d1bd6"
        },
        {
            "type": "Feature",
            "geometry": {
                "type": "Point",
                "coordinates": [
                    33.07861399,
                    -111.97758926
                ]
            },
            "properties": {
                "pa_label": "p05-4-S6",
                "PSDATE": "08/19/2021",
                "PHTD": {
                    "1": 1.37
                },
                "MSNODE": {
                    "1": 36
                },
                "PFNODE": {
                    "1": 7
                },
                "FRBNUM": {
                    "1": 29
                },
                "ABCNUM": 61,
                "SQRNUM": 24,
                "FLRNUM": 0,
                "GBNUM": 6,
                "MBNUM": 2,
                "LWAD": 2425.3,
                "SWAD": 3563.1,
                "MBWAD": 536.8,
                "PWAD": 1722.2,
                "LAID": 4.603
            },
            "_id": "67eeba338ac547ce9c2d1bd7",
            "paid": "67eeba338ac547ce9c2d1bd7"
        },
        {
            "type": "Feature",
            "geometry": {
                "type": "Point",
                "coordinates": [
                    33.07862408,
                    -111.97758919
                ]
            },
            "properties": {
                "pa_label": "p05-4-S7",
                "PSDATE": "09/08/2021",
                "PHTD": {
                    "1": 1.73
                },
                "MSNODE": {
                    "1": 39
                },
                "PFNODE": {
                    "1": 5
                },
                "FRBNUM": {
                    "1": 34
                },
                "ABCNUM": 93,
                "SQRNUM": 29,
                "FLRNUM": 0,
                "GBNUM": 19,
                "MBNUM": 3,
                "LWAD": 3351.9,
                "SWAD": 8128.6,
                "MBWAD": 746.2,
                "PWAD": 3197.9,
                "LAID": 6.362
            },
            "_id": "67eeba338ac547ce9c2d1bd8",
            "paid": "67eeba338ac547ce9c2d1bd8"
        },
        {
            "type": "Feature",
            "geometry": {
                "type": "Point",
                "coordinates": [
                    33.0796451,
                    -111.97742967
                ]
            },
            "properties": {
                "pa_label": "p06-1-S1",
                "PSDATE": "06/01/2021",
                "PHTD": {
                    "1": 0.14
                },
                "MSNODE": {
                    "1": 6
                },
                "FRBNUM": {
                    "1": 0
                },
                "ABCNUM": 0,
                "SQRNUM": 0,
                "FLRNUM": 0,
                "GBNUM": 0,
                "MBNUM": 0,
                "LWAD": 55.4,
                "SWAD": 21.1,
                "MBWAD": 0.0,
                "PWAD": 0.0,
                "LAID": 0.067
            },
            "_id": "67eeba338ac547ce9c2d1bd9",
            "paid": "67eeba338ac547ce9c2d1bd9"
        },
        {
            "type": "Feature",
            "geometry": {
                "type": "Point",
                "coordinates": [
                    33.07965519,
                    -111.9774296
                ]
            },
            "properties": {
                "pa_label": "p06-1-S2",
                "PSDATE": "06/14/2021",
                "PHTD": {
                    "1": 0.26
                },
                "MSNODE": {
                    "1": 11
                },
                "PFNODE": {
                    "1": 7
                },
                "FRBNUM": {
                    "1": 4
                },
                "ABCNUM": 0,
                "SQRNUM": 5,
                "FLRNUM": 0,
                "GBNUM": 0,
                "MBNUM": 0,
                "LWAD": 224.4,
                "SWAD": 108.2,
                "MBWAD": 0.0,
                "PWAD": 4.4,
                "LAID": 0.309
            },
            "_id": "67eeba338ac547ce9c2d1bda",
            "paid": "67eeba338ac547ce9c2d1bda"
        },
        {
            "type": "Feature",
            "geometry": {
                "type": "Point",
                "coordinates": [
                    33.07966528,
                    -111.97742953
                ]
            },
            "properties": {
                "pa_label": "p06-1-S3",
                "PSDATE": "06/28/2021",
                "PHTD": {
                    "1": 0.46
                },
                "MSNODE": {
                    "1": 14
                },
                "PFNODE": {
                    "1": 5
                },
                "FRBNUM": {
                    "1": 9
                },
                "ABCNUM": 3,
                "SQRNUM": 12,
                "FLRNUM": 0,
                "GBNUM": 0,
                "MBNUM": 0,
                "LWAD": 571.1,
                "SWAD": 399.5,
                "MBWAD": 0.0,
                "PWAD": 54.6,
                "LAID": 0.911
            },
            "_id": "67eeba338ac547ce9c2d1bdb",
            "paid": "67eeba338ac547ce9c2d1bdb"
        },
        {
            "type": "Feature",
            "geometry": {
                "type": "Point",
                "coordinates": [
                    33.07967536,
                    -111.97742946
                ]
            },
            "properties": {
                "pa_label": "p06-1-S4",
                "PSDATE": "07/12/2021",
                "PHTD": {
                    "1": 0.79
                },
                "MSNODE": {
                    "1": 21
                },
                "PFNODE": {
                    "1": 6
                },
                "FRBNUM": {
                    "1": 15
                },
                "ABCNUM": 9,
                "SQRNUM": 23,
                "FLRNUM": 0,
                "GBNUM": 6,
                "MBNUM": 0,
                "LWAD": 1339.4,
                "SWAD": 1378.1,
                "MBWAD": 0.0,
                "PWAD": 299.2,
                "LAID": 2.553
            },
            "_id": "67eeba338ac547ce9c2d1bdc",
            "paid": "67eeba338ac547ce9c2d1bdc"
        },
        {
            "type": "Feature",
            "geometry": {
                "type": "Point",
                "coordinates": [
                    33.07968545,
                    -111.97742939
                ]
            },
            "properties": {
                "pa_label": "p06-1-S5",
                "PSDATE": "07/27/2021",
                "PHTD": {
                    "1": 1.08
                },
                "MSNODE": {
                    "1": 21
                },
                "PFNODE": {
                    "1": 6
                },
                "FRBNUM": {
                    "1": 15
                },
                "ABCNUM": 55,
                "SQRNUM": 6,
                "FLRNUM": 0,
                "GBNUM": 6,
                "MBNUM": 0,
                "LWAD": 2697.2,
                "SWAD": 3177.7,
                "MBWAD": 0.0,
                "PWAD": 1173.9,
                "LAID": 5.387
            },
            "_id": "67eeba338ac547ce9c2d1bdd",
            "paid": "67eeba338ac547ce9c2d1bdd"
        },
        {
            "type": "Feature",
            "geometry": {
                "type": "Point",
                "coordinates": [
                    33.07969554,
                    -111.97742931
                ]
            },
            "properties": {
                "pa_label": "p06-1-S6",
                "PSDATE": "08/19/2021",
                "PHTD": {
                    "1": 1.75
                },
                "MSNODE": {
                    "1": 34
                },
                "PFNODE": {
                    "1": 8
                },
                "FRBNUM": {
                    "1": 26
                },
                "ABCNUM": 67,
                "SQRNUM": 29,
                "FLRNUM": 0,
                "GBNUM": 8,
                "MBNUM": 0,
                "LWAD": 3301.8,
                "SWAD": 5995.4,
                "MBWAD": 0.0,
                "PWAD": 714.6,
                "LAID": 7.303
            },
            "_id": "67eeba338ac547ce9c2d1bde",
            "paid": "67eeba338ac547ce9c2d1bde"
        },
        {
            "type": "Feature",
            "geometry": {
                "type": "Point",
                "coordinates": [
                    33.07970563,
                    -111.97742924
                ]
            },
            "properties": {
                "pa_label": "p06-1-S7",
                "PSDATE": "09/08/2021",
                "PHTD": {
                    "1": 1.66
                },
                "MSNODE": {
                    "1": 35
                },
                "PFNODE": {
                    "1": 8
                },
                "FRBNUM": {
                    "1": 27
                },
                "ABCNUM": 53,
                "SQRNUM": 20,
                "FLRNUM": 0,
                "GBNUM": 12,
                "MBNUM": 1,
                "LWAD": 2372.5,
                "SWAD": 8779.8,
                "MBWAD": 1078.9,
                "PWAD": 3807.8,
                "LAID": 4.896
            },
            "_id": "67eeba338ac547ce9c2d1bdf",
            "paid": "67eeba338ac547ce9c2d1bdf"
        },
        {
            "type": "Feature",
            "geometry": {
                "type": "Point",
                "coordinates": [
                    33.07928433,
                    -111.97743219
                ]
            },
            "properties": {
                "pa_label": "p06-2-S1",
                "PSDATE": "06/01/2021",
                "PHTD": {
                    "1": 0.12
                },
                "MSNODE": {
                    "1": 6
                },
                "FRBNUM": {
                    "1": 0
                },
                "ABCNUM": 0,
                "SQRNUM": 0,
                "FLRNUM": 0,
                "GBNUM": 0,
                "MBNUM": 0,
                "LWAD": 43.1,
                "SWAD": 13.2,
                "MBWAD": 0.0,
                "PWAD": 0.0,
                "LAID": 0.053
            },
            "_id": "67eeba338ac547ce9c2d1be0",
            "paid": "67eeba338ac547ce9c2d1be0"
        },
        {
            "type": "Feature",
            "geometry": {
                "type": "Point",
                "coordinates": [
                    33.07929442,
                    -111.97743212
                ]
            },
            "properties": {
                "pa_label": "p06-2-S2",
                "PSDATE": "06/14/2021",
                "PHTD": {
                    "1": 0.28
                },
                "MSNODE": {
                    "1": 12
                },
                "PFNODE": {
                    "1": 6
                },
                "FRBNUM": {
                    "1": 6
                },
                "ABCNUM": 0,
                "SQRNUM": 9,
                "FLRNUM": 0,
                "GBNUM": 0,
                "MBNUM": 0,
                "LWAD": 382.8,
                "SWAD": 174.2,
                "MBWAD": 0.0,
                "PWAD": 29.9,
                "LAID": 0.391
            },
            "_id": "67eeba338ac547ce9c2d1be1",
            "paid": "67eeba338ac547ce9c2d1be1"
        },
        {
            "type": "Feature",
            "geometry": {
                "type": "Point",
                "coordinates": [
                    33.07930451,
                    -111.97743205
                ]
            },
            "properties": {
                "pa_label": "p06-2-S3",
                "PSDATE": "06/28/2021",
                "PHTD": {
                    "1": 0.55
                },
                "MSNODE": {
                    "1": 17
                },
                "PFNODE": {
                    "1": 6
                },
                "FRBNUM": {
                    "1": 11
                },
                "ABCNUM": 4,
                "SQRNUM": 34,
                "FLRNUM": 0,
                "GBNUM": 2,
                "MBNUM": 0,
                "LWAD": 1396.6,
                "SWAD": 1103.5,
                "MBWAD": 0.0,
                "PWAD": 220.9,
                "LAID": 2.233
            },
            "_id": "67eeba338ac547ce9c2d1be2",
            "paid": "67eeba338ac547ce9c2d1be2"
        },
        {
            "type": "Feature",
            "geometry": {
                "type": "Point",
                "coordinates": [
                    33.0793146,
                    -111.97743198
                ]
            },
            "properties": {
                "pa_label": "p06-2-S4",
                "PSDATE": "07/12/2021",
                "PHTD": {
                    "1": 0.84
                },
                "MSNODE": {
                    "1": 23
                },
                "PFNODE": {
                    "1": 6
                },
                "FRBNUM": {
                    "1": 17
                },
                "ABCNUM": 12,
                "SQRNUM": 29,
                "FLRNUM": 0,
                "GBNUM": 12,
                "MBNUM": 0,
                "LWAD": 1950.1,
                "SWAD": 1982.6,
                "MBWAD": 0.0,
                "PWAD": 1049.8,
                "LAID": 3.448
            },
            "_id": "67eeba338ac547ce9c2d1be3",
            "paid": "67eeba338ac547ce9c2d1be3"
        },
        {
            "type": "Feature",
            "geometry": {
                "type": "Point",
                "coordinates": [
                    33.07932468,
                    -111.97743191
                ]
            },
            "properties": {
                "pa_label": "p06-2-S5",
                "PSDATE": "07/27/2021",
                "PHTD": {
                    "1": 1.11
                },
                "MSNODE": {
                    "1": 28
                },
                "PFNODE": {
                    "1": 8
                },
                "FRBNUM": {
                    "1": 20
                },
                "ABCNUM": 37,
                "SQRNUM": 11,
                "FLRNUM": 0,
                "GBNUM": 1,
                "MBNUM": 0,
                "LWAD": 1848.9,
                "SWAD": 2408.6,
                "MBWAD": 0.0,
                "PWAD": 235.8,
                "LAID": 3.805
            },
            "_id": "67eeba338ac547ce9c2d1be4",
            "paid": "67eeba338ac547ce9c2d1be4"
        },
        {
            "type": "Feature",
            "geometry": {
                "type": "Point",
                "coordinates": [
                    33.07933477,
                    -111.97743183
                ]
            },
            "properties": {
                "pa_label": "p06-2-S6",
                "PSDATE": "08/19/2021",
                "PHTD": {
                    "1": 1.53
                },
                "MSNODE": {
                    "1": 33
                },
                "PFNODE": {
                    "1": 6
                },
                "FRBNUM": {
                    "1": 27
                },
                "ABCNUM": 50,
                "SQRNUM": 17,
                "FLRNUM": 0,
                "GBNUM": 5,
                "MBNUM": 0,
                "LWAD": 2242.2,
                "SWAD": 3348.4,
                "MBWAD": 78.3,
                "PWAD": 1439.7,
                "LAID": 5.188
            },
            "_id": "67eeba338ac547ce9c2d1be5",
            "paid": "67eeba338ac547ce9c2d1be5"
        },
        {
            "type": "Feature",
            "geometry": {
                "type": "Point",
                "coordinates": [
                    33.07934486,
                    -111.97743176
                ]
            },
            "properties": {
                "pa_label": "p06-2-S7",
                "PSDATE": "09/08/2021",
                "PHTD": {
                    "1": 1.94
                },
                "MSNODE": {
                    "1": 36
                },
                "PFNODE": {
                    "1": 7
                },
                "FRBNUM": {
                    "1": 29
                },
                "ABCNUM": 61,
                "SQRNUM": 26,
                "FLRNUM": 0,
                "GBNUM": 14,
                "MBNUM": 0,
                "LWAD": 3211.1,
                "SWAD": 6333.4,
                "MBWAD": 323.8,
                "PWAD": 2789.6,
                "LAID": 6.597
            },
            "_id": "67eeba338ac547ce9c2d1be6",
            "paid": "67eeba338ac547ce9c2d1be6"
        },
        {
            "type": "Feature",
            "geometry": {
                "type": "Point",
                "coordinates": [
                    33.07892357,
                    -111.97743471
                ]
            },
            "properties": {
                "pa_label": "p06-3-S1",
                "PSDATE": "06/01/2021",
                "PHTD": {
                    "1": 0.14
                },
                "MSNODE": {
                    "1": 7
                },
                "FRBNUM": {
                    "1": 0
                },
                "ABCNUM": 0,
                "SQRNUM": 0,
                "FLRNUM": 0,
                "GBNUM": 0,
                "MBNUM": 0,
                "LWAD": 42.2,
                "SWAD": 17.6,
                "MBWAD": 0.0,
                "PWAD": 0.0,
                "LAID": 0.055
            },
            "_id": "67eeba338ac547ce9c2d1be7",
            "paid": "67eeba338ac547ce9c2d1be7"
        },
        {
            "type": "Feature",
            "geometry": {
                "type": "Point",
                "coordinates": [
                    33.07893365,
                    -111.97743464
                ]
            },
            "properties": {
                "pa_label": "p06-3-S2",
                "PSDATE": "06/14/2021",
                "PHTD": {
                    "1": 0.3
                },
                "MSNODE": {
                    "1": 11
                },
                "PFNODE": {
                    "1": 7
                },
                "FRBNUM": {
                    "1": 4
                },
                "ABCNUM": 0,
                "SQRNUM": 5,
                "FLRNUM": 0,
                "GBNUM": 0,
                "MBNUM": 0,
                "LWAD": 288.6,
                "SWAD": 155.8,
                "MBWAD": 0.0,
                "PWAD": 7.0,
                "LAID": 0.421
            },
            "_id": "67eeba338ac547ce9c2d1be8",
            "paid": "67eeba338ac547ce9c2d1be8"
        },
        {
            "type": "Feature",
            "geometry": {
                "type": "Point",
                "coordinates": [
                    33.07894374,
                    -111.97743457
                ]
            },
            "properties": {
                "pa_label": "p06-3-S3",
                "PSDATE": "06/28/2021",
                "PHTD": {
                    "1": 0.59
                },
                "MSNODE": {
                    "1": 17
                },
                "PFNODE": {
                    "1": 7
                },
                "FRBNUM": {
                    "1": 10
                },
                "ABCNUM": 1,
                "SQRNUM": 17,
                "FLRNUM": 0,
                "GBNUM": 1,
                "MBNUM": 0,
                "LWAD": 623.0,
                "SWAD": 601.0,
                "MBWAD": 0.0,
                "PWAD": 88.9,
                "LAID": 1.275
            },
            "_id": "67eeba338ac547ce9c2d1be9",
            "paid": "67eeba338ac547ce9c2d1be9"
        },
        {
            "type": "Feature",
            "geometry": {
                "type": "Point",
                "coordinates": [
                    33.07895383,
                    -111.9774345
                ]
            },
            "properties": {
                "pa_label": "p06-3-S4",
                "PSDATE": "07/12/2021",
                "PHTD": {
                    "1": 0.8
                },
                "MSNODE": {
                    "1": 19
                },
                "PFNODE": {
                    "1": 6
                },
                "FRBNUM": {
                    "1": 13
                },
                "ABCNUM": 18,
                "SQRNUM": 21,
                "FLRNUM": 2,
                "GBNUM": 4,
                "MBNUM": 0,
                "LWAD": 1448.5,
                "SWAD": 1714.2,
                "MBWAD": 0.0,
                "PWAD": 247.3,
                "LAID": 3.238
            },
            "_id": "67eeba338ac547ce9c2d1bea",
            "paid": "67eeba338ac547ce9c2d1bea"
        },
        {
            "type": "Feature",
            "geometry": {
                "type": "Point",
                "coordinates": [
                    33.07896392,
                    -111.97743443
                ]
            },
            "properties": {
                "pa_label": "p06-3-S5",
                "PSDATE": "07/27/2021",
                "PHTD": {
                    "1": 1.13
                },
                "MSNODE": {
                    "1": 27
                },
                "PFNODE": {
                    "1": 8
                },
                "FRBNUM": {
                    "1": 19
                },
                "ABCNUM": 62,
                "SQRNUM": 31,
                "FLRNUM": 0,
                "GBNUM": 12,
                "MBNUM": 0,
                "LWAD": 3411.8,
                "SWAD": 4347.2,
                "MBWAD": 0.0,
                "PWAD": 1570.8,
                "LAID": 6.805
            },
            "_id": "67eeba338ac547ce9c2d1beb",
            "paid": "67eeba338ac547ce9c2d1beb"
        },
        {
            "type": "Feature",
            "geometry": {
                "type": "Point",
                "coordinates": [
                    33.078974,
                    -111.97743436
                ]
            },
            "properties": {
                "pa_label": "p06-3-S6",
                "PSDATE": "08/19/2021",
                "PHTD": {
                    "1": 1.67
                },
                "MSNODE": {
                    "1": 33
                },
                "PFNODE": {
                    "1": 7
                },
                "FRBNUM": {
                    "1": 26
                },
                "ABCNUM": 83,
                "SQRNUM": 32,
                "FLRNUM": 0,
                "GBNUM": 6,
                "MBNUM": 2,
                "LWAD": 3656.4,
                "SWAD": 6144.2,
                "MBWAD": 1045.4,
                "PWAD": 2398.9,
                "LAID": 7.713
            },
            "_id": "67eeba338ac547ce9c2d1bec",
            "paid": "67eeba338ac547ce9c2d1bec"
        },
        {
            "type": "Feature",
            "geometry": {
                "type": "Point",
                "coordinates": [
                    33.07898409,
                    -111.97743428
                ]
            },
            "properties": {
                "pa_label": "p06-3-S7",
                "PSDATE": "09/08/2021",
                "PHTD": {
                    "1": 1.75
                },
                "MSNODE": {
                    "1": 37
                },
                "PFNODE": {
                    "1": 7
                },
                "FRBNUM": {
                    "1": 30
                },
                "ABCNUM": 102,
                "SQRNUM": 40,
                "FLRNUM": 0,
                "GBNUM": 11,
                "MBNUM": 1,
                "LWAD": 3659.0,
                "SWAD": 9587.6,
                "MBWAD": 1529.4,
                "PWAD": 3714.5,
                "LAID": 7.63
            },
            "_id": "67eeba338ac547ce9c2d1bed",
            "paid": "67eeba338ac547ce9c2d1bed"
        },
        {
            "type": "Feature",
            "geometry": {
                "type": "Point",
                "coordinates": [
                    33.0785628,
                    -111.97743723
                ]
            },
            "properties": {
                "pa_label": "p06-4-S1",
                "PSDATE": "06/01/2021",
                "PHTD": {
                    "1": 0.13
                },
                "MSNODE": {
                    "1": 7
                },
                "FRBNUM": {
                    "1": 0
                },
                "ABCNUM": 0,
                "SQRNUM": 0,
                "FLRNUM": 0,
                "GBNUM": 0,
                "MBNUM": 0,
                "LWAD": 59.8,
                "SWAD": 22.0,
                "MBWAD": 0.0,
                "PWAD": 0.0,
                "LAID": 0.074
            },
            "_id": "67eeba338ac547ce9c2d1bee",
            "paid": "67eeba338ac547ce9c2d1bee"
        },
        {
            "type": "Feature",
            "geometry": {
                "type": "Point",
                "coordinates": [
                    33.07857289,
                    -111.97743716
                ]
            },
            "properties": {
                "pa_label": "p06-4-S2",
                "PSDATE": "06/14/2021",
                "PHTD": {
                    "1": 0.28
                },
                "MSNODE": {
                    "1": 11
                },
                "PFNODE": {
                    "1": 6
                },
                "FRBNUM": {
                    "1": 5
                },
                "ABCNUM": 0,
                "SQRNUM": 6,
                "FLRNUM": 0,
                "GBNUM": 0,
                "MBNUM": 0,
                "LWAD": 223.5,
                "SWAD": 121.4,
                "MBWAD": 0.0,
                "PWAD": 9.7,
                "LAID": 0.308
            },
            "_id": "67eeba338ac547ce9c2d1bef",
            "paid": "67eeba338ac547ce9c2d1bef"
        },
        {
            "type": "Feature",
            "geometry": {
                "type": "Point",
                "coordinates": [
                    33.07858297,
                    -111.97743709
                ]
            },
            "properties": {
                "pa_label": "p06-4-S3",
                "PSDATE": "06/28/2021",
                "PHTD": {
                    "1": 0.54
                },
                "MSNODE": {
                    "1": 18
                },
                "PFNODE": {
                    "1": 6
                },
                "FRBNUM": {
                    "1": 12
                },
                "ABCNUM": 3,
                "SQRNUM": 31,
                "FLRNUM": 1,
                "GBNUM": 1,
                "MBNUM": 0,
                "LWAD": 1070.1,
                "SWAD": 927.5,
                "MBWAD": 0.0,
                "PWAD": 197.1,
                "LAID": 1.83
            },
            "_id": "67eeba338ac547ce9c2d1bf0",
            "paid": "67eeba338ac547ce9c2d1bf0"
        },
        {
            "type": "Feature",
            "geometry": {
                "type": "Point",
                "coordinates": [
                    33.07859306,
                    -111.97743702
                ]
            },
            "properties": {
                "pa_label": "p06-4-S4",
                "PSDATE": "07/12/2021",
                "PHTD": {
                    "1": 0.8
                },
                "MSNODE": {
                    "1": 22
                },
                "PFNODE": {
                    "1": 6
                },
                "FRBNUM": {
                    "1": 16
                },
                "ABCNUM": 13,
                "SQRNUM": 18,
                "FLRNUM": 1,
                "GBNUM": 11,
                "MBNUM": 0,
                "LWAD": 1548.8,
                "SWAD": 1635.0,
                "MBWAD": 0.0,
                "PWAD": 904.6,
                "LAID": 2.769
            },
            "_id": "67eeba338ac547ce9c2d1bf1",
            "paid": "67eeba338ac547ce9c2d1bf1"
        },
        {
            "type": "Feature",
            "geometry": {
                "type": "Point",
                "coordinates": [
                    33.07860315,
                    -111.97743695
                ]
            },
            "properties": {
                "pa_label": "p06-4-S5",
                "PSDATE": "07/27/2021",
                "PHTD": {
                    "1": 1.03
                },
                "MSNODE": {
                    "1": 26
                },
                "PFNODE": {
                    "1": 6
                },
                "FRBNUM": {
                    "1": 20
                },
                "ABCNUM": 37,
                "SQRNUM": 17,
                "FLRNUM": 0,
                "GBNUM": 8,
                "MBNUM": 0,
                "LWAD": 2155.1,
                "SWAD": 2446.4,
                "MBWAD": 0.0,
                "PWAD": 929.3,
                "LAID": 4.107
            },
            "_id": "67eeba338ac547ce9c2d1bf2",
            "paid": "67eeba338ac547ce9c2d1bf2"
        },
        {
            "type": "Feature",
            "geometry": {
                "type": "Point",
                "coordinates": [
                    33.07861324,
                    -111.97743688
                ]
            },
            "properties": {
                "pa_label": "p06-4-S6",
                "PSDATE": "08/19/2021",
                "PHTD": {
                    "1": 1.45
                },
                "MSNODE": {
                    "1": 32
                },
                "PFNODE": {
                    "1": 7
                },
                "FRBNUM": {
                    "1": 25
                },
                "ABCNUM": 54,
                "SQRNUM": 22,
                "FLRNUM": 0,
                "GBNUM": 3,
                "MBNUM": 1,
                "LWAD": 2817.8,
                "SWAD": 4649.0,
                "MBWAD": 390.7,
                "PWAD": 705.8,
                "LAID": 6.16
            },
            "_id": "67eeba338ac547ce9c2d1bf3",
            "paid": "67eeba338ac547ce9c2d1bf3"
        },
        {
            "type": "Feature",
            "geometry": {
                "type": "Point",
                "coordinates": [
                    33.07862332,
                    -111.97743681
                ]
            },
            "properties": {
                "pa_label": "p06-4-S7",
                "PSDATE": "09/08/2021",
                "PHTD": {
                    "1": 1.79
                },
                "MSNODE": {
                    "1": 34
                },
                "PFNODE": {
                    "1": 6
                },
                "FRBNUM": {
                    "1": 28
                },
                "ABCNUM": 91,
                "SQRNUM": 21,
                "FLRNUM": 0,
                "GBNUM": 31,
                "MBNUM": 4,
                "LWAD": 4560.2,
                "SWAD": 9918.5,
                "MBWAD": 1128.2,
                "PWAD": 4412.3,
                "LAID": 8.869
            },
            "_id": "67eeba338ac547ce9c2d1bf4",
            "paid": "67eeba338ac547ce9c2d1bf4"
        },
        {
            "type": "Feature",
            "geometry": {
                "type": "Point",
                "coordinates": [
                    33.07964435,
                    -111.97727728
                ]
            },
            "properties": {
                "pa_label": "p07-1-S1",
                "PSDATE": "06/01/2021",
                "PHTD": {
                    "1": 0.12
                },
                "MSNODE": {
                    "1": 7
                },
                "FRBNUM": {
                    "1": 0
                },
                "ABCNUM": 0,
                "SQRNUM": 0,
                "FLRNUM": 0,
                "GBNUM": 0,
                "MBNUM": 0,
                "LWAD": 68.6,
                "SWAD": 21.1,
                "MBWAD": 0.0,
                "PWAD": 0.0,
                "LAID": 0.076
            },
            "_id": "67eeba338ac547ce9c2d1bf5",
            "paid": "67eeba338ac547ce9c2d1bf5"
        },
        {
            "type": "Feature",
            "geometry": {
                "type": "Point",
                "coordinates": [
                    33.07965443,
                    -111.97727721
                ]
            },
            "properties": {
                "pa_label": "p07-1-S2",
                "PSDATE": "06/14/2021",
                "PHTD": {
                    "1": 0.24
                },
                "MSNODE": {
                    "1": 13
                },
                "PFNODE": {
                    "1": 8
                },
                "FRBNUM": {
                    "1": 5
                },
                "ABCNUM": 0,
                "SQRNUM": 7,
                "FLRNUM": 0,
                "GBNUM": 0,
                "MBNUM": 0,
                "LWAD": 367.0,
                "SWAD": 177.8,
                "MBWAD": 0.0,
                "PWAD": 10.6,
                "LAID": 0.461
            },
            "_id": "67eeba338ac547ce9c2d1bf6",
            "paid": "67eeba338ac547ce9c2d1bf6"
        },
        {
            "type": "Feature",
            "geometry": {
                "type": "Point",
                "coordinates": [
                    33.07966452,
                    -111.97727714
                ]
            },
            "properties": {
                "pa_label": "p07-1-S3",
                "PSDATE": "06/28/2021",
                "PHTD": {
                    "1": 0.37
                },
                "MSNODE": {
                    "1": 17
                },
                "PFNODE": {
                    "1": 6
                },
                "FRBNUM": {
                    "1": 11
                },
                "ABCNUM": 4,
                "SQRNUM": 22,
                "FLRNUM": 0,
                "GBNUM": 2,
                "MBNUM": 0,
                "LWAD": 925.8,
                "SWAD": 585.2,
                "MBWAD": 0.0,
                "PWAD": 204.2,
                "LAID": 1.207
            },
            "_id": "67eeba338ac547ce9c2d1bf7",
            "paid": "67eeba338ac547ce9c2d1bf7"
        },
        {
            "type": "Feature",
            "geometry": {
                "type": "Point",
                "coordinates": [
                    33.07967461,
                    -111.97727707
                ]
            },
            "properties": {
                "pa_label": "p07-1-S4",
                "PSDATE": "07/12/2021",
                "PHTD": {
                    "1": 0.59
                },
                "MSNODE": {
                    "1": 23
                },
                "PFNODE": {
                    "1": 7
                },
                "FRBNUM": {
                    "1": 16
                },
                "ABCNUM": 17,
                "SQRNUM": 41,
                "FLRNUM": 2,
                "GBNUM": 15,
                "MBNUM": 0,
                "LWAD": 2606.6,
                "SWAD": 2127.8,
                "MBWAD": 0.0,
                "PWAD": 1723.0,
                "LAID": 3.606
            },
            "_id": "67eeba338ac547ce9c2d1bf8",
            "paid": "67eeba338ac547ce9c2d1bf8"
        },
        {
            "type": "Feature",
            "geometry": {
                "type": "Point",
                "coordinates": [
                    33.0796847,
                    -111.977277
                ]
            },
            "properties": {
                "pa_label": "p07-1-S5",
                "PSDATE": "07/27/2021",
                "PHTD": {
                    "1": 0.98
                },
                "MSNODE": {
                    "1": 26
                },
                "PFNODE": {
                    "1": 9
                },
                "FRBNUM": {
                    "1": 17
                },
                "ABCNUM": 20,
                "SQRNUM": 11,
                "FLRNUM": 1,
                "GBNUM": 7,
                "MBNUM": 0,
                "LWAD": 1569.0,
                "SWAD": 1755.6,
                "MBWAD": 0.0,
                "PWAD": 545.6,
                "LAID": 3.271
            },
            "_id": "67eeba338ac547ce9c2d1bf9",
            "paid": "67eeba338ac547ce9c2d1bf9"
        },
        {
            "type": "Feature",
            "geometry": {
                "type": "Point",
                "coordinates": [
                    33.07969478,
                    -111.97727693
                ]
            },
            "properties": {
                "pa_label": "p07-1-S6",
                "PSDATE": "08/19/2021",
                "PHTD": {
                    "1": 1.38
                },
                "MSNODE": {
                    "1": 30
                },
                "PFNODE": {
                    "1": 7
                },
                "FRBNUM": {
                    "1": 23
                },
                "ABCNUM": 62,
                "SQRNUM": 20,
                "FLRNUM": 0,
                "GBNUM": 2,
                "MBNUM": 1,
                "LWAD": 2736.8,
                "SWAD": 4314.6,
                "MBWAD": 389.8,
                "PWAD": 740.1,
                "LAID": 5.411
            },
            "_id": "67eeba338ac547ce9c2d1bfa",
            "paid": "67eeba338ac547ce9c2d1bfa"
        },
        {
            "type": "Feature",
            "geometry": {
                "type": "Point",
                "coordinates": [
                    33.07970487,
                    -111.97727686
                ]
            },
            "properties": {
                "pa_label": "p07-1-S7",
                "PSDATE": "09/08/2021",
                "PHTD": {
                    "1": 1.49
                },
                "MSNODE": {
                    "1": 31
                },
                "PFNODE": {
                    "1": 8
                },
                "FRBNUM": {
                    "1": 23
                },
                "ABCNUM": 51,
                "SQRNUM": 23,
                "FLRNUM": 0,
                "GBNUM": 8,
                "MBNUM": 3,
                "LWAD": 3039.5,
                "SWAD": 4694.8,
                "MBWAD": 614.2,
                "PWAD": 1326.2,
                "LAID": 5.649
            },
            "_id": "67eeba338ac547ce9c2d1bfb",
            "paid": "67eeba338ac547ce9c2d1bfb"
        },
        {
            "type": "Feature",
            "geometry": {
                "type": "Point",
                "coordinates": [
                    33.07928358,
                    -111.9772798
                ]
            },
            "properties": {
                "pa_label": "p07-2-S1",
                "PSDATE": "06/01/2021",
                "PHTD": {
                    "1": 0.08
                },
                "MSNODE": {
                    "1": 6
                },
                "FRBNUM": {
                    "1": 0
                },
                "ABCNUM": 0,
                "SQRNUM": 0,
                "FLRNUM": 0,
                "GBNUM": 0,
                "MBNUM": 0,
                "LWAD": 24.6,
                "SWAD": 11.4,
                "MBWAD": 0.0,
                "PWAD": 0.0,
                "LAID": 0.048
            },
            "_id": "67eeba338ac547ce9c2d1bfc",
            "paid": "67eeba338ac547ce9c2d1bfc"
        },
        {
            "type": "Feature",
            "geometry": {
                "type": "Point",
                "coordinates": [
                    33.07929367,
                    -111.97727973
                ]
            },
            "properties": {
                "pa_label": "p07-2-S2",
                "PSDATE": "06/14/2021",
                "PHTD": {
                    "1": 0.2
                },
                "MSNODE": {
                    "1": 11
                },
                "PFNODE": {
                    "1": 8
                },
                "FRBNUM": {
                    "1": 3
                },
                "ABCNUM": 0,
                "SQRNUM": 3,
                "FLRNUM": 0,
                "GBNUM": 0,
                "MBNUM": 0,
                "LWAD": 191.8,
                "SWAD": 83.6,
                "MBWAD": 0.0,
                "PWAD": 1.8,
                "LAID": 0.227
            },
            "_id": "67eeba338ac547ce9c2d1bfd",
            "paid": "67eeba338ac547ce9c2d1bfd"
        },
        {
            "type": "Feature",
            "geometry": {
                "type": "Point",
                "coordinates": [
                    33.07930375,
                    -111.97727966
                ]
            },
            "properties": {
                "pa_label": "p07-2-S3",
                "PSDATE": "06/28/2021",
                "PHTD": {
                    "1": 0.42
                },
                "MSNODE": {
                    "1": 19
                },
                "PFNODE": {
                    "1": 8
                },
                "FRBNUM": {
                    "1": 11
                },
                "ABCNUM": 0,
                "SQRNUM": 36,
                "FLRNUM": 1,
                "GBNUM": 2,
                "MBNUM": 0,
                "LWAD": 1265.4,
                "SWAD": 907.3,
                "MBWAD": 0.0,
                "PWAD": 286.9,
                "LAID": 1.734
            },
            "_id": "67eeba338ac547ce9c2d1bfe",
            "paid": "67eeba338ac547ce9c2d1bfe"
        },
        {
            "type": "Feature",
            "geometry": {
                "type": "Point",
                "coordinates": [
                    33.07931384,
                    -111.97727959
                ]
            },
            "properties": {
                "pa_label": "p07-2-S4",
                "PSDATE": "07/12/2021",
                "PHTD": {
                    "1": 0.71
                },
                "MSNODE": {
                    "1": 21
                },
                "PFNODE": {
                    "1": 8
                },
                "FRBNUM": {
                    "1": 13
                },
                "ABCNUM": 5,
                "SQRNUM": 21,
                "FLRNUM": 1,
                "GBNUM": 6,
                "MBNUM": 0,
                "LWAD": 1313.0,
                "SWAD": 1213.5,
                "MBWAD": 0.0,
                "PWAD": 360.8,
                "LAID": 2.366
            },
            "_id": "67eeba338ac547ce9c2d1bff",
            "paid": "67eeba338ac547ce9c2d1bff"
        },
        {
            "type": "Feature",
            "geometry": {
                "type": "Point",
                "coordinates": [
                    33.07932393,
                    -111.97727952
                ]
            },
            "properties": {
                "pa_label": "p07-2-S5",
                "PSDATE": "07/27/2021",
                "PHTD": {
                    "1": 1.05
                },
                "MSNODE": {
                    "1": 26
                },
                "PFNODE": {
                    "1": 8
                },
                "FRBNUM": {
                    "1": 18
                },
                "ABCNUM": 31,
                "SQRNUM": 11,
                "FLRNUM": 0,
                "GBNUM": 2,
                "MBNUM": 0,
                "LWAD": 1644.7,
                "SWAD": 2089.1,
                "MBWAD": 0.0,
                "PWAD": 249.0,
                "LAID": 3.599
            },
            "_id": "67eeba338ac547ce9c2d1c00",
            "paid": "67eeba338ac547ce9c2d1c00"
        },
        {
            "type": "Feature",
            "geometry": {
                "type": "Point",
                "coordinates": [
                    33.07933402,
                    -111.97727945
                ]
            },
            "properties": {
                "pa_label": "p07-2-S6",
                "PSDATE": "08/19/2021",
                "PHTD": {
                    "1": 1.79
                },
                "MSNODE": {
                    "1": 32
                },
                "PFNODE": {
                    "1": 7
                },
                "FRBNUM": {
                    "1": 25
                },
                "ABCNUM": 44,
                "SQRNUM": 25,
                "FLRNUM": 0,
                "GBNUM": 7,
                "MBNUM": 0,
                "LWAD": 3078.2,
                "SWAD": 5160.3,
                "MBWAD": 0.0,
                "PWAD": 713.7,
                "LAID": 6.057
            },
            "_id": "67eeba338ac547ce9c2d1c01",
            "paid": "67eeba338ac547ce9c2d1c01"
        },
        {
            "type": "Feature",
            "geometry": {
                "type": "Point",
                "coordinates": [
                    33.0793441,
                    -111.97727938
                ]
            },
            "properties": {
                "pa_label": "p07-2-S7",
                "PSDATE": "09/08/2021",
                "PHTD": {
                    "1": 1.68
                },
                "MSNODE": {
                    "1": 37
                },
                "PFNODE": {
                    "1": 7
                },
                "FRBNUM": {
                    "1": 30
                },
                "ABCNUM": 84,
                "SQRNUM": 20,
                "FLRNUM": 0,
                "GBNUM": 20,
                "MBNUM": 5,
                "LWAD": 3541.1,
                "SWAD": 7379.7,
                "MBWAD": 2080.3,
                "PWAD": 5165.6,
                "LAID": 6.975
            },
            "_id": "67eeba338ac547ce9c2d1c02",
            "paid": "67eeba338ac547ce9c2d1c02"
        },
        {
            "type": "Feature",
            "geometry": {
                "type": "Point",
                "coordinates": [
                    33.07892281,
                    -111.97728232
                ]
            },
            "properties": {
                "pa_label": "p07-3-S1",
                "PSDATE": "06/01/2021",
                "PHTD": {
                    "1": 0.08
                },
                "MSNODE": {
                    "1": 6
                },
                "FRBNUM": {
                    "1": 0
                },
                "ABCNUM": 0,
                "SQRNUM": 0,
                "FLRNUM": 0,
                "GBNUM": 0,
                "MBNUM": 0,
                "LWAD": 48.4,
                "SWAD": 12.3,
                "MBWAD": 0.0,
                "PWAD": 0.0,
                "LAID": 0.057
            },
            "_id": "67eeba338ac547ce9c2d1c03",
            "paid": "67eeba338ac547ce9c2d1c03"
        },
        {
            "type": "Feature",
            "geometry": {
                "type": "Point",
                "coordinates": [
                    33.0789329,
                    -111.97728225
                ]
            },
            "properties": {
                "pa_label": "p07-3-S2",
                "PSDATE": "06/14/2021",
                "PHTD": {
                    "1": 0.28
                },
                "MSNODE": {
                    "1": 13
                },
                "PFNODE": {
                    "1": 8
                },
                "FRBNUM": {
                    "1": 5
                },
                "ABCNUM": 0,
                "SQRNUM": 7,
                "FLRNUM": 0,
                "GBNUM": 0,
                "MBNUM": 0,
                "LWAD": 323.8,
                "SWAD": 171.6,
                "MBWAD": 0.0,
                "PWAD": 11.4,
                "LAID": 0.458
            },
            "_id": "67eeba338ac547ce9c2d1c04",
            "paid": "67eeba338ac547ce9c2d1c04"
        },
        {
            "type": "Feature",
            "geometry": {
                "type": "Point",
                "coordinates": [
                    33.07894299,
                    -111.97728218
                ]
            },
            "properties": {
                "pa_label": "p07-3-S3",
                "PSDATE": "06/28/2021",
                "PHTD": {
                    "1": 0.49
                },
                "MSNODE": {
                    "1": 16
                },
                "PFNODE": {
                    "1": 9
                },
                "FRBNUM": {
                    "1": 7
                },
                "ABCNUM": 0,
                "SQRNUM": 15,
                "FLRNUM": 0,
                "GBNUM": 0,
                "MBNUM": 0,
                "LWAD": 893.2,
                "SWAD": 642.4,
                "MBWAD": 0.0,
                "PWAD": 39.6,
                "LAID": 1.59
            },
            "_id": "67eeba338ac547ce9c2d1c05",
            "paid": "67eeba338ac547ce9c2d1c05"
        },
        {
            "type": "Feature",
            "geometry": {
                "type": "Point",
                "coordinates": [
                    33.07895307,
                    -111.97728211
                ]
            },
            "properties": {
                "pa_label": "p07-3-S4",
                "PSDATE": "07/12/2021",
                "PHTD": {
                    "1": 0.79
                },
                "MSNODE": {
                    "1": 22
                },
                "PFNODE": {
                    "1": 8
                },
                "FRBNUM": {
                    "1": 14
                },
                "ABCNUM": 15,
                "SQRNUM": 22,
                "FLRNUM": 0,
                "GBNUM": 2,
                "MBNUM": 0,
                "LWAD": 1590.2,
                "SWAD": 1622.7,
                "MBWAD": 0.0,
                "PWAD": 204.2,
                "LAID": 2.978
            },
            "_id": "67eeba338ac547ce9c2d1c06",
            "paid": "67eeba338ac547ce9c2d1c06"
        },
        {
            "type": "Feature",
            "geometry": {
                "type": "Point",
                "coordinates": [
                    33.07896316,
                    -111.97728204
                ]
            },
            "properties": {
                "pa_label": "p07-3-S5",
                "PSDATE": "07/27/2021",
                "PHTD": {
                    "1": 0.9
                },
                "MSNODE": {
                    "1": 27
                },
                "PFNODE": {
                    "1": 7
                },
                "FRBNUM": {
                    "1": 20
                },
                "ABCNUM": 39,
                "SQRNUM": 23,
                "FLRNUM": 0,
                "GBNUM": 13,
                "MBNUM": 0,
                "LWAD": 2700.7,
                "SWAD": 2955.9,
                "MBWAD": 0.0,
                "PWAD": 1420.3,
                "LAID": 5.058
            },
            "_id": "67eeba338ac547ce9c2d1c07",
            "paid": "67eeba338ac547ce9c2d1c07"
        },
        {
            "type": "Feature",
            "geometry": {
                "type": "Point",
                "coordinates": [
                    33.07897325,
                    -111.97728197
                ]
            },
            "properties": {
                "pa_label": "p07-3-S6",
                "PSDATE": "08/19/2021",
                "PHTD": {
                    "1": 1.85
                },
                "MSNODE": {
                    "1": 34
                },
                "PFNODE": {
                    "1": 7
                },
                "FRBNUM": {
                    "1": 27
                },
                "ABCNUM": 71,
                "SQRNUM": 27,
                "FLRNUM": 0,
                "GBNUM": 5,
                "MBNUM": 3,
                "LWAD": 5466.6,
                "SWAD": 10413.9,
                "MBWAD": 719.8,
                "PWAD": 1534.7,
                "LAID": 10.016
            },
            "_id": "67eeba338ac547ce9c2d1c08",
            "paid": "67eeba338ac547ce9c2d1c08"
        },
        {
            "type": "Feature",
            "geometry": {
                "type": "Point",
                "coordinates": [
                    33.07898334,
                    -111.9772819
                ]
            },
            "properties": {
                "pa_label": "p07-3-S7",
                "PSDATE": "09/08/2021",
                "PHTD": {
                    "1": 1.5
                },
                "MSNODE": {
                    "1": 36
                },
                "PFNODE": {
                    "1": 8
                },
                "FRBNUM": {
                    "1": 28
                },
                "ABCNUM": 77,
                "SQRNUM": 38,
                "FLRNUM": 0,
                "GBNUM": 22,
                "MBNUM": 1,
                "LWAD": 4291.8,
                "SWAD": 7773.9,
                "MBWAD": 766.5,
                "PWAD": 2597.8,
                "LAID": 8.259
            },
            "_id": "67eeba338ac547ce9c2d1c09",
            "paid": "67eeba338ac547ce9c2d1c09"
        },
        {
            "type": "Feature",
            "geometry": {
                "type": "Point",
                "coordinates": [
                    33.07856204,
                    -111.97728485
                ]
            },
            "properties": {
                "pa_label": "p07-4-S1",
                "PSDATE": "06/01/2021",
                "PHTD": {
                    "1": 0.1
                },
                "MSNODE": {
                    "1": 7
                },
                "FRBNUM": {
                    "1": 0
                },
                "ABCNUM": 0,
                "SQRNUM": 0,
                "FLRNUM": 0,
                "GBNUM": 0,
                "MBNUM": 0,
                "LWAD": 51.9,
                "SWAD": 15.8,
                "MBWAD": 0.0,
                "PWAD": 0.0,
                "LAID": 0.062
            },
            "_id": "67eeba338ac547ce9c2d1c0a",
            "paid": "67eeba338ac547ce9c2d1c0a"
        },
        {
            "type": "Feature",
            "geometry": {
                "type": "Point",
                "coordinates": [
                    33.07857213,
                    -111.97728478
                ]
            },
            "properties": {
                "pa_label": "p07-4-S2",
                "PSDATE": "06/14/2021",
                "PHTD": {
                    "1": 0.18
                },
                "MSNODE": {
                    "1": 10
                },
                "PFNODE": {
                    "1": 6
                },
                "FRBNUM": {
                    "1": 4
                },
                "ABCNUM": 0,
                "SQRNUM": 4,
                "FLRNUM": 0,
                "GBNUM": 0,
                "MBNUM": 0,
                "LWAD": 147.8,
                "SWAD": 56.3,
                "MBWAD": 0.0,
                "PWAD": 3.5,
                "LAID": 0.172
            },
            "_id": "67eeba338ac547ce9c2d1c0b",
            "paid": "67eeba338ac547ce9c2d1c0b"
        },
        {
            "type": "Feature",
            "geometry": {
                "type": "Point",
                "coordinates": [
                    33.07858222,
                    -111.9772847
                ]
            },
            "properties": {
                "pa_label": "p07-4-S3",
                "PSDATE": "06/28/2021",
                "PHTD": {
                    "1": 0.43
                },
                "MSNODE": {
                    "1": 18
                },
                "PFNODE": {
                    "1": 8
                },
                "FRBNUM": {
                    "1": 10
                },
                "ABCNUM": 0,
                "SQRNUM": 23,
                "FLRNUM": 0,
                "GBNUM": 1,
                "MBNUM": 0,
                "LWAD": 946.0,
                "SWAD": 632.7,
                "MBWAD": 0.0,
                "PWAD": 126.7,
                "LAID": 1.375
            },
            "_id": "67eeba338ac547ce9c2d1c0c",
            "paid": "67eeba338ac547ce9c2d1c0c"
        },
        {
            "type": "Feature",
            "geometry": {
                "type": "Point",
                "coordinates": [
                    33.07859231,
                    -111.97728463
                ]
            },
            "properties": {
                "pa_label": "p07-4-S4",
                "PSDATE": "07/12/2021",
                "PHTD": {
                    "1": 0.69
                },
                "MSNODE": {
                    "1": 23
                },
                "PFNODE": {
                    "1": 6
                },
                "FRBNUM": {
                    "1": 17
                },
                "ABCNUM": 19,
                "SQRNUM": 23,
                "FLRNUM": 1,
                "GBNUM": 10,
                "MBNUM": 0,
                "LWAD": 1854.2,
                "SWAD": 1723.9,
                "MBWAD": 0.0,
                "PWAD": 941.6,
                "LAID": 3.008
            },
            "_id": "67eeba338ac547ce9c2d1c0d",
            "paid": "67eeba338ac547ce9c2d1c0d"
        },
        {
            "type": "Feature",
            "geometry": {
                "type": "Point",
                "coordinates": [
                    33.07860239,
                    -111.97728456
                ]
            },
            "properties": {
                "pa_label": "p07-4-S5",
                "PSDATE": "07/27/2021",
                "PHTD": {
                    "1": 1.0
                },
                "MSNODE": {
                    "1": 28
                },
                "PFNODE": {
                    "1": 8
                },
                "FRBNUM": {
                    "1": 20
                },
                "ABCNUM": 47,
                "SQRNUM": 19,
                "FLRNUM": 0,
                "GBNUM": 7,
                "MBNUM": 0,
                "LWAD": 2532.6,
                "SWAD": 2772.9,
                "MBWAD": 0.0,
                "PWAD": 1085.0,
                "LAID": 5.128
            },
            "_id": "67eeba338ac547ce9c2d1c0e",
            "paid": "67eeba338ac547ce9c2d1c0e"
        },
        {
            "type": "Feature",
            "geometry": {
                "type": "Point",
                "coordinates": [
                    33.07861248,
                    -111.97728449
                ]
            },
            "properties": {
                "pa_label": "p07-4-S6",
                "PSDATE": "08/19/2021",
                "PHTD": {
                    "1": 1.62
                },
                "MSNODE": {
                    "1": 34
                },
                "PFNODE": {
                    "1": 6
                },
                "FRBNUM": {
                    "1": 28
                },
                "ABCNUM": 53,
                "SQRNUM": 41,
                "FLRNUM": 0,
                "GBNUM": 6,
                "MBNUM": 2,
                "LWAD": 2331.1,
                "SWAD": 3623.0,
                "MBWAD": 354.6,
                "PWAD": 1658.8,
                "LAID": 4.543
            },
            "_id": "67eeba338ac547ce9c2d1c0f",
            "paid": "67eeba338ac547ce9c2d1c0f"
        },
        {
            "type": "Feature",
            "geometry": {
                "type": "Point",
                "coordinates": [
                    33.07862257,
                    -111.97728442
                ]
            },
            "properties": {
                "pa_label": "p07-4-S7",
                "PSDATE": "09/08/2021",
                "PHTD": {
                    "1": 1.94
                },
                "MSNODE": {
                    "1": 39
                },
                "PFNODE": {
                    "1": 8
                },
                "FRBNUM": {
                    "1": 31
                },
                "ABCNUM": 87,
                "SQRNUM": 19,
                "FLRNUM": 0,
                "GBNUM": 24,
                "MBNUM": 4,
                "LWAD": 4012.8,
                "SWAD": 9460.9,
                "MBWAD": 1421.2,
                "PWAD": 3814.8,
                "LAID": 7.772
            },
            "_id": "67eeba338ac547ce9c2d1c10",
            "paid": "67eeba338ac547ce9c2d1c10"
        },
        {
            "type": "Feature",
            "geometry": {
                "type": "Point",
                "coordinates": [
                    33.07964359,
                    -111.9771249
                ]
            },
            "properties": {
                "pa_label": "p08-1-S1",
                "PSDATE": "06/01/2021",
                "PHTD": {
                    "1": 0.19
                },
                "MSNODE": {
                    "1": 8
                },
                "PFNODE": {
                    "1": 5
                },
                "FRBNUM": {
                    "1": 3
                },
                "ABCNUM": 0,
                "SQRNUM": 3,
                "FLRNUM": 0,
                "GBNUM": 0,
                "MBNUM": 0,
                "LWAD": 82.7,
                "SWAD": 41.4,
                "MBWAD": 0.0,
                "PWAD": 2.6,
                "LAID": 0.102
            },
            "_id": "67eeba338ac547ce9c2d1c11",
            "paid": "67eeba338ac547ce9c2d1c11"
        },
        {
            "type": "Feature",
            "geometry": {
                "type": "Point",
                "coordinates": [
                    33.07965368,
                    -111.97712483
                ]
            },
            "properties": {
                "pa_label": "p08-1-S2",
                "PSDATE": "06/14/2021",
                "PHTD": {
                    "1": 0.36
                },
                "MSNODE": {
                    "1": 13
                },
                "PFNODE": {
                    "1": 9
                },
                "FRBNUM": {
                    "1": 4
                },
                "ABCNUM": 0,
                "SQRNUM": 4,
                "FLRNUM": 0,
                "GBNUM": 0,
                "MBNUM": 0,
                "LWAD": 230.6,
                "SWAD": 169.0,
                "MBWAD": 0.0,
                "PWAD": 4.4,
                "LAID": 0.298
            },
            "_id": "67eeba338ac547ce9c2d1c12",
            "paid": "67eeba338ac547ce9c2d1c12"
        },
        {
            "type": "Feature",
            "geometry": {
                "type": "Point",
                "coordinates": [
                    33.07966377,
                    -111.97712476
                ]
            },
            "properties": {
                "pa_label": "p08-1-S3",
                "PSDATE": "06/28/2021",
                "PHTD": {
                    "1": 0.61
                },
                "MSNODE": {
                    "1": 19
                },
                "PFNODE": {
                    "1": 7
                },
                "FRBNUM": {
                    "1": 12
                },
                "ABCNUM": 4,
                "SQRNUM": 21,
                "FLRNUM": 1,
                "GBNUM": 2,
                "MBNUM": 0,
                "LWAD": 702.2,
                "SWAD": 749.8,
                "MBWAD": 0.0,
                "PWAD": 189.2,
                "LAID": 1.149
            },
            "_id": "67eeba338ac547ce9c2d1c13",
            "paid": "67eeba338ac547ce9c2d1c13"
        },
        {
            "type": "Feature",
            "geometry": {
                "type": "Point",
                "coordinates": [
                    33.07967385,
                    -111.97712469
                ]
            },
            "properties": {
                "pa_label": "p08-1-S4",
                "PSDATE": "07/12/2021",
                "PHTD": {
                    "1": 0.85
                },
                "MSNODE": {
                    "1": 22
                },
                "PFNODE": {
                    "1": 8
                },
                "FRBNUM": {
                    "1": 14
                },
                "ABCNUM": 14,
                "SQRNUM": 13,
                "FLRNUM": 1,
                "GBNUM": 5,
                "MBNUM": 0,
                "LWAD": 1144.9,
                "SWAD": 1501.3,
                "MBWAD": 0.0,
                "PWAD": 409.2,
                "LAID": 2.49
            },
            "_id": "67eeba338ac547ce9c2d1c14",
            "paid": "67eeba338ac547ce9c2d1c14"
        },
        {
            "type": "Feature",
            "geometry": {
                "type": "Point",
                "coordinates": [
                    33.07968394,
                    -111.97712462
                ]
            },
            "properties": {
                "pa_label": "p08-1-S5",
                "PSDATE": "07/27/2021",
                "PHTD": {
                    "1": 0.92
                },
                "MSNODE": {
                    "1": 29
                },
                "PFNODE": {
                    "1": 7
                },
                "FRBNUM": {
                    "1": 22
                },
                "ABCNUM": 53,
                "SQRNUM": 15,
                "FLRNUM": 1,
                "GBNUM": 14,
                "MBNUM": 0,
                "LWAD": 2141.9,
                "SWAD": 2936.6,
                "MBWAD": 0.0,
                "PWAD": 1907.0,
                "LAID": 3.629
            },
            "_id": "67eeba338ac547ce9c2d1c15",
            "paid": "67eeba338ac547ce9c2d1c15"
        },
        {
            "type": "Feature",
            "geometry": {
                "type": "Point",
                "coordinates": [
                    33.07969403,
                    -111.97712455
                ]
            },
            "properties": {
                "pa_label": "p08-1-S6",
                "PSDATE": "08/19/2021",
                "PHTD": {
                    "1": 1.51
                },
                "MSNODE": {
                    "1": 37
                },
                "PFNODE": {
                    "1": 7
                },
                "FRBNUM": {
                    "1": 30
                },
                "ABCNUM": 71,
                "SQRNUM": 35,
                "FLRNUM": 0,
                "GBNUM": 4,
                "MBNUM": 3,
                "LWAD": 2985.0,
                "SWAD": 5529.0,
                "MBWAD": 732.2,
                "PWAD": 1995.0,
                "LAID": 5.789
            },
            "_id": "67eeba338ac547ce9c2d1c16",
            "paid": "67eeba338ac547ce9c2d1c16"
        },
        {
            "type": "Feature",
            "geometry": {
                "type": "Point",
                "coordinates": [
                    33.07970412,
                    -111.97712448
                ]
            },
            "properties": {
                "pa_label": "p08-1-S7",
                "PSDATE": "09/08/2021",
                "PHTD": {
                    "1": 1.56
                },
                "MSNODE": {
                    "1": 38
                },
                "PFNODE": {
                    "1": 5
                },
                "FRBNUM": {
                    "1": 33
                },
                "ABCNUM": 72,
                "SQRNUM": 28,
                "FLRNUM": 0,
                "GBNUM": 28,
                "MBNUM": 4,
                "LWAD": 3708.3,
                "SWAD": 7211.6,
                "MBWAD": 821.0,
                "PWAD": 4816.2,
                "LAID": 6.899
            },
            "_id": "67eeba338ac547ce9c2d1c17",
            "paid": "67eeba338ac547ce9c2d1c17"
        },
        {
            "type": "Feature",
            "geometry": {
                "type": "Point",
                "coordinates": [
                    33.07928282,
                    -111.97712742
                ]
            },
            "properties": {
                "pa_label": "p08-2-S1",
                "PSDATE": "06/01/2021",
                "PHTD": {
                    "1": 0.16
                },
                "MSNODE": {
                    "1": 7
                },
                "FRBNUM": {
                    "1": 0
                },
                "ABCNUM": 0,
                "SQRNUM": 0,
                "FLRNUM": 0,
                "GBNUM": 0,
                "MBNUM": 0,
                "LWAD": 40.5,
                "SWAD": 22.9,
                "MBWAD": 0.0,
                "PWAD": 0.0,
                "LAID": 0.053
            },
            "_id": "67eeba338ac547ce9c2d1c18",
            "paid": "67eeba338ac547ce9c2d1c18"
        },
        {
            "type": "Feature",
            "geometry": {
                "type": "Point",
                "coordinates": [
                    33.07929291,
                    -111.97712735
                ]
            },
            "properties": {
                "pa_label": "p08-2-S2",
                "PSDATE": "06/14/2021",
                "PHTD": {
                    "1": 0.34
                },
                "MSNODE": {
                    "1": 13
                },
                "PFNODE": {
                    "1": 6
                },
                "FRBNUM": {
                    "1": 7
                },
                "ABCNUM": 0,
                "SQRNUM": 11,
                "FLRNUM": 0,
                "GBNUM": 0,
                "MBNUM": 0,
                "LWAD": 298.3,
                "SWAD": 221.8,
                "MBWAD": 0.0,
                "PWAD": 20.2,
                "LAID": 0.377
            },
            "_id": "67eeba338ac547ce9c2d1c19",
            "paid": "67eeba338ac547ce9c2d1c19"
        },
        {
            "type": "Feature",
            "geometry": {
                "type": "Point",
                "coordinates": [
                    33.079303,
                    -111.97712728
                ]
            },
            "properties": {
                "pa_label": "p08-2-S3",
                "PSDATE": "06/28/2021",
                "PHTD": {
                    "1": 0.66
                },
                "MSNODE": {
                    "1": 18
                },
                "PFNODE": {
                    "1": 5
                },
                "FRBNUM": {
                    "1": 13
                },
                "ABCNUM": 2,
                "SQRNUM": 27,
                "FLRNUM": 1,
                "GBNUM": 4,
                "MBNUM": 0,
                "LWAD": 948.6,
                "SWAD": 1016.4,
                "MBWAD": 0.0,
                "PWAD": 319.4,
                "LAID": 1.402
            },
            "_id": "67eeba338ac547ce9c2d1c1a",
            "paid": "67eeba338ac547ce9c2d1c1a"
        },
        {
            "type": "Feature",
            "geometry": {
                "type": "Point",
                "coordinates": [
                    33.07931309,
                    -111.97712721
                ]
            },
            "properties": {
                "pa_label": "p08-2-S4",
                "PSDATE": "07/12/2021",
                "PHTD": {
                    "1": 0.77
                },
                "MSNODE": {
                    "1": 21
                },
                "PFNODE": {
                    "1": 7
                },
                "FRBNUM": {
                    "1": 14
                },
                "ABCNUM": 10,
                "SQRNUM": 11,
                "FLRNUM": 0,
                "GBNUM": 3,
                "MBNUM": 0,
                "LWAD": 772.6,
                "SWAD": 956.6,
                "MBWAD": 0.0,
                "PWAD": 264.9,
                "LAID": 1.588
            },
            "_id": "67eeba338ac547ce9c2d1c1b",
            "paid": "67eeba338ac547ce9c2d1c1b"
        },
        {
            "type": "Feature",
            "geometry": {
                "type": "Point",
                "coordinates": [
                    33.07932317,
                    -111.97712714
                ]
            },
            "properties": {
                "pa_label": "p08-2-S5",
                "PSDATE": "07/27/2021",
                "PHTD": {
                    "1": 1.07
                },
                "MSNODE": {
                    "1": 26
                },
                "PFNODE": {
                    "1": 5
                },
                "FRBNUM": {
                    "1": 21
                },
                "ABCNUM": 35,
                "SQRNUM": 14,
                "FLRNUM": 0,
                "GBNUM": 5,
                "MBNUM": 0,
                "LWAD": 1587.5,
                "SWAD": 2315.3,
                "MBWAD": 0.0,
                "PWAD": 839.5,
                "LAID": 3.021
            },
            "_id": "67eeba338ac547ce9c2d1c1c",
            "paid": "67eeba338ac547ce9c2d1c1c"
        },
        {
            "type": "Feature",
            "geometry": {
                "type": "Point",
                "coordinates": [
                    33.07933326,
                    -111.97712707
                ]
            },
            "properties": {
                "pa_label": "p08-2-S6",
                "PSDATE": "08/19/2021",
                "PHTD": {
                    "1": 1.6
                },
                "MSNODE": {
                    "1": 34
                },
                "PFNODE": {
                    "1": 6
                },
                "FRBNUM": {
                    "1": 28
                },
                "ABCNUM": 69,
                "SQRNUM": 16,
                "FLRNUM": 0,
                "GBNUM": 2,
                "MBNUM": 2,
                "LWAD": 3146.9,
                "SWAD": 5805.4,
                "MBWAD": 365.2,
                "PWAD": 711.9,
                "LAID": 6.121
            },
            "_id": "67eeba338ac547ce9c2d1c1d",
            "paid": "67eeba338ac547ce9c2d1c1d"
        },
        {
            "type": "Feature",
            "geometry": {
                "type": "Point",
                "coordinates": [
                    33.07934335,
                    -111.977127
                ]
            },
            "properties": {
                "pa_label": "p08-2-S7",
                "PSDATE": "09/08/2021",
                "PHTD": {
                    "1": 2.05
                },
                "MSNODE": {
                    "1": 42
                },
                "PFNODE": {
                    "1": 7
                },
                "FRBNUM": {
                    "1": 35
                },
                "ABCNUM": 79,
                "SQRNUM": 29,
                "FLRNUM": 0,
                "GBNUM": 20,
                "MBNUM": 0,
                "LWAD": 3522.6,
                "SWAD": 9607.0,
                "MBWAD": 0.0,
                "PWAD": 2013.4,
                "LAID": 6.704
            },
            "_id": "67eeba338ac547ce9c2d1c1e",
            "paid": "67eeba338ac547ce9c2d1c1e"
        },
        {
            "type": "Feature",
            "geometry": {
                "type": "Point",
                "coordinates": [
                    33.07892206,
                    -111.97712994
                ]
            },
            "properties": {
                "pa_label": "p08-3-S1",
                "PSDATE": "06/01/2021",
                "PHTD": {
                    "1": 0.18
                },
                "MSNODE": {
                    "1": 8
                },
                "PFNODE": {
                    "1": 5
                },
                "FRBNUM": {
                    "1": 3
                },
                "ABCNUM": 0,
                "SQRNUM": 3,
                "FLRNUM": 0,
                "GBNUM": 0,
                "MBNUM": 0,
                "LWAD": 73.0,
                "SWAD": 34.3,
                "MBWAD": 0.0,
                "PWAD": 0.9,
                "LAID": 0.093
            },
            "_id": "67eeba338ac547ce9c2d1c1f",
            "paid": "67eeba338ac547ce9c2d1c1f"
        },
        {
            "type": "Feature",
            "geometry": {
                "type": "Point",
                "coordinates": [
                    33.07893214,
                    -111.97712987
                ]
            },
            "properties": {
                "pa_label": "p08-3-S2",
                "PSDATE": "06/14/2021",
                "PHTD": {
                    "1": 0.34
                },
                "MSNODE": {
                    "1": 13
                },
                "PFNODE": {
                    "1": 7
                },
                "FRBNUM": {
                    "1": 6
                },
                "ABCNUM": 0,
                "SQRNUM": 11,
                "FLRNUM": 0,
                "GBNUM": 0,
                "MBNUM": 0,
                "LWAD": 282.5,
                "SWAD": 212.1,
                "MBWAD": 0.0,
                "PWAD": 25.5,
                "LAID": 0.32
            },
            "_id": "67eeba338ac547ce9c2d1c20",
            "paid": "67eeba338ac547ce9c2d1c20"
        },
        {
            "type": "Feature",
            "geometry": {
                "type": "Point",
                "coordinates": [
                    33.07894223,
                    -111.9771298
                ]
            },
            "properties": {
                "pa_label": "p08-3-S3",
                "PSDATE": "06/28/2021",
                "PHTD": {
                    "1": 0.45
                },
                "MSNODE": {
                    "1": 18
                },
                "PFNODE": {
                    "1": 5
                },
                "FRBNUM": {
                    "1": 13
                },
                "ABCNUM": 6,
                "SQRNUM": 24,
                "FLRNUM": 1,
                "GBNUM": 5,
                "MBNUM": 0,
                "LWAD": 775.3,
                "SWAD": 732.2,
                "MBWAD": 0.0,
                "PWAD": 365.2,
                "LAID": 0.895
            },
            "_id": "67eeba338ac547ce9c2d1c21",
            "paid": "67eeba338ac547ce9c2d1c21"
        },
        {
            "type": "Feature",
            "geometry": {
                "type": "Point",
                "coordinates": [
                    33.07895232,
                    -111.97712973
                ]
            },
            "properties": {
                "pa_label": "p08-3-S4",
                "PSDATE": "07/12/2021",
                "PHTD": {
                    "1": 0.6
                },
                "MSNODE": {
                    "1": 23
                },
                "PFNODE": {
                    "1": 6
                },
                "FRBNUM": {
                    "1": 17
                },
                "ABCNUM": 13,
                "SQRNUM": 29,
                "FLRNUM": 1,
                "GBNUM": 10,
                "MBNUM": 0,
                "LWAD": 1392.2,
                "SWAD": 1447.6,
                "MBWAD": 0.0,
                "PWAD": 1008.5,
                "LAID": 1.7
            },
            "_id": "67eeba338ac547ce9c2d1c22",
            "paid": "67eeba338ac547ce9c2d1c22"
        },
        {
            "type": "Feature",
            "geometry": {
                "type": "Point",
                "coordinates": [
                    33.07896241,
                    -111.97712966
                ]
            },
            "properties": {
                "pa_label": "p08-3-S5",
                "PSDATE": "07/27/2021",
                "PHTD": {
                    "1": 0.82
                },
                "MSNODE": {
                    "1": 25
                },
                "PFNODE": {
                    "1": 7
                },
                "FRBNUM": {
                    "1": 18
                },
                "ABCNUM": 24,
                "SQRNUM": 12,
                "FLRNUM": 0,
                "GBNUM": 9,
                "MBNUM": 0,
                "LWAD": 1249.6,
                "SWAD": 1562.9,
                "MBWAD": 0.0,
                "PWAD": 1514.5,
                "LAID": 2.17
            },
            "_id": "67eeba338ac547ce9c2d1c23",
            "paid": "67eeba338ac547ce9c2d1c23"
        },
        {
            "type": "Feature",
            "geometry": {
                "type": "Point",
                "coordinates": [
                    33.07897249,
                    -111.97712959
                ]
            },
            "properties": {
                "pa_label": "p08-3-S6",
                "PSDATE": "08/19/2021",
                "PHTD": {
                    "1": 1.82
                },
                "MSNODE": {
                    "1": 37
                },
                "PFNODE": {
                    "1": 7
                },
                "FRBNUM": {
                    "1": 30
                },
                "ABCNUM": 72,
                "SQRNUM": 31,
                "FLRNUM": 0,
                "GBNUM": 3,
                "MBNUM": 2,
                "LWAD": 4817.1,
                "SWAD": 8565.0,
                "MBWAD": 311.5,
                "PWAD": 677.6,
                "LAID": 9.105
            },
            "_id": "67eeba338ac547ce9c2d1c24",
            "paid": "67eeba338ac547ce9c2d1c24"
        },
        {
            "type": "Feature",
            "geometry": {
                "type": "Point",
                "coordinates": [
                    33.07898258,
                    -111.97712952
                ]
            },
            "properties": {
                "pa_label": "p08-3-S7",
                "PSDATE": "09/08/2021",
                "PHTD": {
                    "1": 1.59
                },
                "MSNODE": {
                    "1": 40
                },
                "PFNODE": {
                    "1": 7
                },
                "FRBNUM": {
                    "1": 33
                },
                "ABCNUM": 72,
                "SQRNUM": 25,
                "FLRNUM": 0,
                "GBNUM": 9,
                "MBNUM": 7,
                "LWAD": 2518.6,
                "SWAD": 5209.6,
                "MBWAD": 1911.4,
                "PWAD": 2389.2,
                "LAID": 4.637
            },
            "_id": "67eeba338ac547ce9c2d1c25",
            "paid": "67eeba338ac547ce9c2d1c25"
        },
        {
            "type": "Feature",
            "geometry": {
                "type": "Point",
                "coordinates": [
                    33.07856129,
                    -111.97713246
                ]
            },
            "properties": {
                "pa_label": "p08-4-S1",
                "PSDATE": "06/01/2021",
                "PHTD": {
                    "1": 0.13
                },
                "MSNODE": {
                    "1": 7
                },
                "PFNODE": {
                    "1": 5
                },
                "FRBNUM": {
                    "1": 2
                },
                "ABCNUM": 0,
                "SQRNUM": 2,
                "FLRNUM": 0,
                "GBNUM": 0,
                "MBNUM": 0,
                "LWAD": 64.2,
                "SWAD": 23.8,
                "MBWAD": 0.0,
                "PWAD": 0.9,
                "LAID": 0.07
            },
            "_id": "67eeba338ac547ce9c2d1c26",
            "paid": "67eeba338ac547ce9c2d1c26"
        },
        {
            "type": "Feature",
            "geometry": {
                "type": "Point",
                "coordinates": [
                    33.07857138,
                    -111.97713239
                ]
            },
            "properties": {
                "pa_label": "p08-4-S2",
                "PSDATE": "06/14/2021",
                "PHTD": {
                    "1": 0.21
                },
                "MSNODE": {
                    "1": 11
                },
                "PFNODE": {
                    "1": 6
                },
                "FRBNUM": {
                    "1": 5
                },
                "ABCNUM": 0,
                "SQRNUM": 5,
                "FLRNUM": 0,
                "GBNUM": 0,
                "MBNUM": 0,
                "LWAD": 137.3,
                "SWAD": 80.1,
                "MBWAD": 0.0,
                "PWAD": 10.6,
                "LAID": 0.154
            },
            "_id": "67eeba338ac547ce9c2d1c27",
            "paid": "67eeba338ac547ce9c2d1c27"
        },
        {
            "type": "Feature",
            "geometry": {
                "type": "Point",
                "coordinates": [
                    33.07858146,
                    -111.97713232
                ]
            },
            "properties": {
                "pa_label": "p08-4-S3",
                "PSDATE": "06/28/2021",
                "PHTD": {
                    "1": 0.55
                },
                "MSNODE": {
                    "1": 20
                },
                "PFNODE": {
                    "1": 7
                },
                "FRBNUM": {
                    "1": 13
                },
                "ABCNUM": 2,
                "SQRNUM": 31,
                "FLRNUM": 1,
                "GBNUM": 3,
                "MBNUM": 0,
                "LWAD": 1008.5,
                "SWAD": 931.0,
                "MBWAD": 0.0,
                "PWAD": 240.2,
                "LAID": 1.535
            },
            "_id": "67eeba338ac547ce9c2d1c28",
            "paid": "67eeba338ac547ce9c2d1c28"
        },
        {
            "type": "Feature",
            "geometry": {
                "type": "Point",
                "coordinates": [
                    33.07859155,
                    -111.97713225
                ]
            },
            "properties": {
                "pa_label": "p08-4-S4",
                "PSDATE": "07/12/2021",
                "PHTD": {
                    "1": 0.97
                },
                "MSNODE": {
                    "1": 25
                },
                "PFNODE": {
                    "1": 7
                },
                "FRBNUM": {
                    "1": 18
                },
                "ABCNUM": 21,
                "SQRNUM": 44,
                "FLRNUM": 1,
                "GBNUM": 8,
                "MBNUM": 0,
                "LWAD": 2235.2,
                "SWAD": 3338.7,
                "MBWAD": 0.0,
                "PWAD": 638.9,
                "LAID": 4.577
            },
            "_id": "67eeba338ac547ce9c2d1c29",
            "paid": "67eeba338ac547ce9c2d1c29"
        },
        {
            "type": "Feature",
            "geometry": {
                "type": "Point",
                "coordinates": [
                    33.07860164,
                    -111.97713218
                ]
            },
            "properties": {
                "pa_label": "p08-4-S5",
                "PSDATE": "07/27/2021",
                "PHTD": {
                    "1": 1.15
                },
                "MSNODE": {
                    "1": 31
                },
                "PFNODE": {
                    "1": 5
                },
                "FRBNUM": {
                    "1": 26
                },
                "ABCNUM": 52,
                "SQRNUM": 34,
                "FLRNUM": 1,
                "GBNUM": 26,
                "MBNUM": 0,
                "LWAD": 3479.5,
                "SWAD": 5008.1,
                "MBWAD": 0.0,
                "PWAD": 3544.6,
                "LAID": 5.848
            },
            "_id": "67eeba338ac547ce9c2d1c2a",
            "paid": "67eeba338ac547ce9c2d1c2a"
        },
        {
            "type": "Feature",
            "geometry": {
                "type": "Point",
                "coordinates": [
                    33.07861173,
                    -111.97713211
                ]
            },
            "properties": {
                "pa_label": "p08-4-S6",
                "PSDATE": "08/19/2021",
                "PHTD": {
                    "1": 1.56
                },
                "MSNODE": {
                    "1": 34
                },
                "PFNODE": {
                    "1": 8
                },
                "FRBNUM": {
                    "1": 26
                },
                "ABCNUM": 64,
                "SQRNUM": 19,
                "FLRNUM": 1,
                "GBNUM": 3,
                "MBNUM": 0,
                "LWAD": 2532.6,
                "SWAD": 3341.4,
                "MBWAD": 0.0,
                "PWAD": 594.9,
                "LAID": 4.883
            },
            "_id": "67eeba338ac547ce9c2d1c2b",
            "paid": "67eeba338ac547ce9c2d1c2b"
        },
        {
            "type": "Feature",
            "geometry": {
                "type": "Point",
                "coordinates": [
                    33.07862181,
                    -111.97713204
                ]
            },
            "properties": {
                "pa_label": "p08-4-S7",
                "PSDATE": "09/08/2021",
                "PHTD": {
                    "1": 1.56
                },
                "MSNODE": {
                    "1": 35
                },
                "PFNODE": {
                    "1": 7
                },
                "FRBNUM": {
                    "1": 28
                },
                "ABCNUM": 58,
                "SQRNUM": 24,
                "FLRNUM": 0,
                "GBNUM": 24,
                "MBNUM": 1,
                "LWAD": 2515.9,
                "SWAD": 5902.2,
                "MBWAD": 485.8,
                "PWAD": 3014.9,
                "LAID": 4.492
            },
            "_id": "67eeba338ac547ce9c2d1c2c",
            "paid": "67eeba338ac547ce9c2d1c2c"
        },
        {
            "type": "Feature",
            "geometry": {
                "type": "Point",
                "coordinates": [
                    33.07964283,
                    -111.97697335
                ]
            },
            "properties": {
                "pa_label": "p09-1-S1",
                "PSDATE": "06/01/2021",
                "PHTD": {
                    "1": 0.14
                },
                "MSNODE": {
                    "1": 6
                },
                "FRBNUM": {
                    "1": 0
                },
                "ABCNUM": 0,
                "SQRNUM": 0,
                "FLRNUM": 0,
                "GBNUM": 0,
                "MBNUM": 0,
                "LWAD": 51.9,
                "SWAD": 17.6,
                "MBWAD": 0.0,
                "PWAD": 0.0,
                "LAID": 0.07
            },
            "_id": "67eeba338ac547ce9c2d1c2d",
            "paid": "67eeba338ac547ce9c2d1c2d"
        },
        {
            "type": "Feature",
            "geometry": {
                "type": "Point",
                "coordinates": [
                    33.07965292,
                    -111.97697328
                ]
            },
            "properties": {
                "pa_label": "p09-1-S2",
                "PSDATE": "06/14/2021",
                "PHTD": {
                    "1": 0.23
                },
                "MSNODE": {
                    "1": 11
                },
                "PFNODE": {
                    "1": 8
                },
                "FRBNUM": {
                    "1": 3
                },
                "ABCNUM": 0,
                "SQRNUM": 3,
                "FLRNUM": 0,
                "GBNUM": 0,
                "MBNUM": 0,
                "LWAD": 173.4,
                "SWAD": 86.2,
                "MBWAD": 0.0,
                "PWAD": 1.8,
                "LAID": 0.226
            },
            "_id": "67eeba338ac547ce9c2d1c2e",
            "paid": "67eeba338ac547ce9c2d1c2e"
        },
        {
            "type": "Feature",
            "geometry": {
                "type": "Point",
                "coordinates": [
                    33.07966301,
                    -111.97697321
                ]
            },
            "properties": {
                "pa_label": "p09-1-S3",
                "PSDATE": "06/28/2021",
                "PHTD": {
                    "1": 0.54
                },
                "MSNODE": {
                    "1": 18
                },
                "PFNODE": {
                    "1": 7
                },
                "FRBNUM": {
                    "1": 11
                },
                "ABCNUM": 8,
                "SQRNUM": 25,
                "FLRNUM": 1,
                "GBNUM": 1,
                "MBNUM": 0,
                "LWAD": 1189.8,
                "SWAD": 997.0,
                "MBWAD": 0.0,
                "PWAD": 153.1,
                "LAID": 1.999
            },
            "_id": "67eeba338ac547ce9c2d1c2f",
            "paid": "67eeba338ac547ce9c2d1c2f"
        },
        {
            "type": "Feature",
            "geometry": {
                "type": "Point",
                "coordinates": [
                    33.0796731,
                    -111.97697314
                ]
            },
            "properties": {
                "pa_label": "p09-1-S4",
                "PSDATE": "07/12/2021",
                "PHTD": {
                    "1": 0.77
                },
                "MSNODE": {
                    "1": 22
                },
                "PFNODE": {
                    "1": 6
                },
                "FRBNUM": {
                    "1": 16
                },
                "ABCNUM": 15,
                "SQRNUM": 15,
                "FLRNUM": 1,
                "GBNUM": 9,
                "MBNUM": 0,
                "LWAD": 1559.4,
                "SWAD": 1564.6,
                "MBWAD": 0.0,
                "PWAD": 837.8,
                "LAID": 3.016
            },
            "_id": "67eeba338ac547ce9c2d1c30",
            "paid": "67eeba338ac547ce9c2d1c30"
        },
        {
            "type": "Feature",
            "geometry": {
                "type": "Point",
                "coordinates": [
                    33.07968318,
                    -111.97697307
                ]
            },
            "properties": {
                "pa_label": "p09-1-S5",
                "PSDATE": "07/27/2021",
                "PHTD": {
                    "1": 1.15
                },
                "MSNODE": {
                    "1": 30
                },
                "PFNODE": {
                    "1": 6
                },
                "FRBNUM": {
                    "1": 24
                },
                "ABCNUM": 62,
                "SQRNUM": 24,
                "FLRNUM": 0,
                "GBNUM": 14,
                "MBNUM": 0,
                "LWAD": 3371.3,
                "SWAD": 4517.9,
                "MBWAD": 0.0,
                "PWAD": 3058.9,
                "LAID": 6.766
            },
            "_id": "67eeba338ac547ce9c2d1c31",
            "paid": "67eeba338ac547ce9c2d1c31"
        },
        {
            "type": "Feature",
            "geometry": {
                "type": "Point",
                "coordinates": [
                    33.07969327,
                    -111.976973
                ]
            },
            "properties": {
                "pa_label": "p09-1-S6",
                "PSDATE": "08/19/2021",
                "PHTD": {
                    "1": 1.94
                },
                "MSNODE": {
                    "1": 36
                },
                "PFNODE": {
                    "1": 7
                },
                "FRBNUM": {
                    "1": 29
                },
                "ABCNUM": 71,
                "SQRNUM": 31,
                "FLRNUM": 0,
                "GBNUM": 8,
                "MBNUM": 3,
                "LWAD": 5236.0,
                "SWAD": 9103.6,
                "MBWAD": 675.8,
                "PWAD": 2860.0,
                "LAID": 10.008
            },
            "_id": "67eeba338ac547ce9c2d1c32",
            "paid": "67eeba338ac547ce9c2d1c32"
        },
        {
            "type": "Feature",
            "geometry": {
                "type": "Point",
                "coordinates": [
                    33.07970336,
                    -111.97697293
                ]
            },
            "properties": {
                "pa_label": "p09-1-S7",
                "PSDATE": "09/08/2021",
                "PHTD": {
                    "1": 1.72
                },
                "MSNODE": {
                    "1": 39
                },
                "PFNODE": {
                    "1": 9
                },
                "FRBNUM": {
                    "1": 30
                },
                "ABCNUM": 63,
                "SQRNUM": 44,
                "FLRNUM": 0,
                "GBNUM": 12,
                "MBNUM": 5,
                "LWAD": 3347.5,
                "SWAD": 7131.5,
                "MBWAD": 1553.2,
                "PWAD": 2936.6,
                "LAID": 5.386
            },
            "_id": "67eeba338ac547ce9c2d1c33",
            "paid": "67eeba338ac547ce9c2d1c33"
        },
        {
            "type": "Feature",
            "geometry": {
                "type": "Point",
                "coordinates": [
                    33.07928207,
                    -111.97697587
                ]
            },
            "properties": {
                "pa_label": "p09-2-S1",
                "PSDATE": "06/01/2021",
                "PHTD": {
                    "1": 0.09
                },
                "MSNODE": {
                    "1": 5
                },
                "FRBNUM": {
                    "1": 0
                },
                "ABCNUM": 0,
                "SQRNUM": 0,
                "FLRNUM": 0,
                "GBNUM": 0,
                "MBNUM": 0,
                "LWAD": 42.2,
                "SWAD": 11.4,
                "MBWAD": 0.0,
                "PWAD": 0.0,
                "LAID": 0.049
            },
            "_id": "67eeba338ac547ce9c2d1c34",
            "paid": "67eeba338ac547ce9c2d1c34"
        },
        {
            "type": "Feature",
            "geometry": {
                "type": "Point",
                "coordinates": [
                    33.07929215,
                    -111.9769758
                ]
            },
            "properties": {
                "pa_label": "p09-2-S2",
                "PSDATE": "06/14/2021",
                "PHTD": {
                    "1": 0.22
                },
                "MSNODE": {
                    "1": 11
                },
                "PFNODE": {
                    "1": 7
                },
                "FRBNUM": {
                    "1": 4
                },
                "ABCNUM": 0,
                "SQRNUM": 4,
                "FLRNUM": 0,
                "GBNUM": 0,
                "MBNUM": 0,
                "LWAD": 205.9,
                "SWAD": 99.4,
                "MBWAD": 0.0,
                "PWAD": 7.0,
                "LAID": 0.259
            },
            "_id": "67eeba338ac547ce9c2d1c35",
            "paid": "67eeba338ac547ce9c2d1c35"
        },
        {
            "type": "Feature",
            "geometry": {
                "type": "Point",
                "coordinates": [
                    33.07930224,
                    -111.97697573
                ]
            },
            "properties": {
                "pa_label": "p09-2-S3",
                "PSDATE": "06/28/2021",
                "PHTD": {
                    "1": 0.48
                },
                "MSNODE": {
                    "1": 18
                },
                "PFNODE": {
                    "1": 8
                },
                "FRBNUM": {
                    "1": 10
                },
                "ABCNUM": 4,
                "SQRNUM": 26,
                "FLRNUM": 0,
                "GBNUM": 1,
                "MBNUM": 0,
                "LWAD": 1091.2,
                "SWAD": 827.2,
                "MBWAD": 0.0,
                "PWAD": 161.9,
                "LAID": 1.746
            },
            "_id": "67eeba338ac547ce9c2d1c36",
            "paid": "67eeba338ac547ce9c2d1c36"
        },
        {
            "type": "Feature",
            "geometry": {
                "type": "Point",
                "coordinates": [
                    33.07931233,
                    -111.97697566
                ]
            },
            "properties": {
                "pa_label": "p09-2-S4",
                "PSDATE": "07/12/2021",
                "PHTD": {
                    "1": 0.63
                },
                "MSNODE": {
                    "1": 20
                },
                "PFNODE": {
                    "1": 7
                },
                "FRBNUM": {
                    "1": 13
                },
                "ABCNUM": 5,
                "SQRNUM": 24,
                "FLRNUM": 0,
                "GBNUM": 3,
                "MBNUM": 0,
                "LWAD": 1232.9,
                "SWAD": 1065.7,
                "MBWAD": 0.0,
                "PWAD": 223.5,
                "LAID": 2.171
            },
            "_id": "67eeba338ac547ce9c2d1c37",
            "paid": "67eeba338ac547ce9c2d1c37"
        },
        {
            "type": "Feature",
            "geometry": {
                "type": "Point",
                "coordinates": [
                    33.07932242,
                    -111.97697559
                ]
            },
            "properties": {
                "pa_label": "p09-2-S5",
                "PSDATE": "07/27/2021",
                "PHTD": {
                    "1": 1.0
                },
                "MSNODE": {
                    "1": 27
                },
                "PFNODE": {
                    "1": 7
                },
                "FRBNUM": {
                    "1": 20
                },
                "ABCNUM": 52,
                "SQRNUM": 13,
                "FLRNUM": 0,
                "GBNUM": 16,
                "MBNUM": 0,
                "LWAD": 2969.1,
                "SWAD": 3536.7,
                "MBWAD": 0.0,
                "PWAD": 2146.3,
                "LAID": 5.854
            },
            "_id": "67eeba338ac547ce9c2d1c38",
            "paid": "67eeba338ac547ce9c2d1c38"
        },
        {
            "type": "Feature",
            "geometry": {
                "type": "Point",
                "coordinates": [
                    33.07933251,
                    -111.97697552
                ]
            },
            "properties": {
                "pa_label": "p09-2-S6",
                "PSDATE": "08/19/2021",
                "PHTD": {
                    "1": 1.57
                },
                "MSNODE": {
                    "1": 35
                },
                "PFNODE": {
                    "1": 6
                },
                "FRBNUM": {
                    "1": 29
                },
                "ABCNUM": 60,
                "SQRNUM": 27,
                "FLRNUM": 0,
                "GBNUM": 5,
                "MBNUM": 0,
                "LWAD": 3448.7,
                "SWAD": 5792.2,
                "MBWAD": 0.0,
                "PWAD": 1219.7,
                "LAID": 6.619
            },
            "_id": "67eeba338ac547ce9c2d1c39",
            "paid": "67eeba338ac547ce9c2d1c39"
        },
        {
            "type": "Feature",
            "geometry": {
                "type": "Point",
                "coordinates": [
                    33.07934259,
                    -111.97697545
                ]
            },
            "properties": {
                "pa_label": "p09-2-S7",
                "PSDATE": "09/08/2021",
                "PHTD": {
                    "1": 1.67
                },
                "MSNODE": {
                    "1": 35
                },
                "PFNODE": {
                    "1": 7
                },
                "FRBNUM": {
                    "1": 28
                },
                "ABCNUM": 83,
                "SQRNUM": 23,
                "FLRNUM": 0,
                "GBNUM": 15,
                "MBNUM": 5,
                "LWAD": 3297.4,
                "SWAD": 7025.9,
                "MBWAD": 1341.1,
                "PWAD": 3100.2,
                "LAID": 5.83
            },
            "_id": "67eeba338ac547ce9c2d1c3a",
            "paid": "67eeba338ac547ce9c2d1c3a"
        },
        {
            "type": "Feature",
            "geometry": {
                "type": "Point",
                "coordinates": [
                    33.0789213,
                    -111.9769784
                ]
            },
            "properties": {
                "pa_label": "p09-3-S1",
                "PSDATE": "06/01/2021",
                "PHTD": {
                    "1": 0.12
                },
                "MSNODE": {
                    "1": 7
                },
                "FRBNUM": {
                    "1": 0
                },
                "ABCNUM": 0,
                "SQRNUM": 0,
                "FLRNUM": 0,
                "GBNUM": 0,
                "MBNUM": 0,
                "LWAD": 88.0,
                "SWAD": 31.7,
                "MBWAD": 0.0,
                "PWAD": 0.0,
                "LAID": 0.106
            },
            "_id": "67eeba338ac547ce9c2d1c3b",
            "paid": "67eeba338ac547ce9c2d1c3b"
        },
        {
            "type": "Feature",
            "geometry": {
                "type": "Point",
                "coordinates": [
                    33.07893139,
                    -111.97697833
                ]
            },
            "properties": {
                "pa_label": "p09-3-S2",
                "PSDATE": "06/14/2021",
                "PHTD": {
                    "1": 0.25
                },
                "MSNODE": {
                    "1": 10
                },
                "PFNODE": {
                    "1": 6
                },
                "FRBNUM": {
                    "1": 4
                },
                "ABCNUM": 0,
                "SQRNUM": 4,
                "FLRNUM": 0,
                "GBNUM": 0,
                "MBNUM": 0,
                "LWAD": 155.8,
                "SWAD": 76.6,
                "MBWAD": 0.0,
                "PWAD": 3.5,
                "LAID": 0.237
            },
            "_id": "67eeba338ac547ce9c2d1c3c",
            "paid": "67eeba338ac547ce9c2d1c3c"
        },
        {
            "type": "Feature",
            "geometry": {
                "type": "Point",
                "coordinates": [
                    33.07894147,
                    -111.97697826
                ]
            },
            "properties": {
                "pa_label": "p09-3-S3",
                "PSDATE": "06/28/2021",
                "PHTD": {
                    "1": 0.51
                },
                "MSNODE": {
                    "1": 15
                },
                "PFNODE": {
                    "1": 4
                },
                "FRBNUM": {
                    "1": 11
                },
                "ABCNUM": 7,
                "SQRNUM": 15,
                "FLRNUM": 0,
                "GBNUM": 1,
                "MBNUM": 0,
                "LWAD": 672.3,
                "SWAD": 493.7,
                "MBWAD": 0.0,
                "PWAD": 59.8,
                "LAID": 1.352
            },
            "_id": "67eeba338ac547ce9c2d1c3d",
            "paid": "67eeba338ac547ce9c2d1c3d"
        },
        {
            "type": "Feature",
            "geometry": {
                "type": "Point",
                "coordinates": [
                    33.07895156,
                    -111.97697819
                ]
            },
            "properties": {
                "pa_label": "p09-3-S4",
                "PSDATE": "07/12/2021",
                "PHTD": {
                    "1": 0.79
                },
                "MSNODE": {
                    "1": 25
                },
                "PFNODE": {
                    "1": 8
                },
                "FRBNUM": {
                    "1": 17
                },
                "ABCNUM": 14,
                "SQRNUM": 47,
                "FLRNUM": 1,
                "GBNUM": 15,
                "MBNUM": 0,
                "LWAD": 2623.3,
                "SWAD": 2758.8,
                "MBWAD": 0.0,
                "PWAD": 964.5,
                "LAID": 4.76
            },
            "_id": "67eeba338ac547ce9c2d1c3e",
            "paid": "67eeba338ac547ce9c2d1c3e"
        },
        {
            "type": "Feature",
            "geometry": {
                "type": "Point",
                "coordinates": [
                    33.07896165,
                    -111.97697811
                ]
            },
            "properties": {
                "pa_label": "p09-3-S5",
                "PSDATE": "07/27/2021",
                "PHTD": {
                    "1": 1.0
                },
                "MSNODE": {
                    "1": 27
                },
                "PFNODE": {
                    "1": 7
                },
                "FRBNUM": {
                    "1": 20
                },
                "ABCNUM": 53,
                "SQRNUM": 15,
                "FLRNUM": 1,
                "GBNUM": 11,
                "MBNUM": 0,
                "LWAD": 2932.2,
                "SWAD": 3224.3,
                "MBWAD": 0.0,
                "PWAD": 1920.2,
                "LAID": 5.899
            },
            "_id": "67eeba338ac547ce9c2d1c3f",
            "paid": "67eeba338ac547ce9c2d1c3f"
        },
        {
            "type": "Feature",
            "geometry": {
                "type": "Point",
                "coordinates": [
                    33.07897174,
                    -111.97697804
                ]
            },
            "properties": {
                "pa_label": "p09-3-S6",
                "PSDATE": "08/19/2021",
                "PHTD": {
                    "1": 1.49
                },
                "MSNODE": {
                    "1": 34
                },
                "PFNODE": {
                    "1": 7
                },
                "FRBNUM": {
                    "1": 27
                },
                "ABCNUM": 72,
                "SQRNUM": 29,
                "FLRNUM": 0,
                "GBNUM": 6,
                "MBNUM": 1,
                "LWAD": 3556.1,
                "SWAD": 5940.9,
                "MBWAD": 353.8,
                "PWAD": 1609.5,
                "LAID": 7.005
            },
            "_id": "67eeba338ac547ce9c2d1c40",
            "paid": "67eeba338ac547ce9c2d1c40"
        },
        {
            "type": "Feature",
            "geometry": {
                "type": "Point",
                "coordinates": [
                    33.07898183,
                    -111.97697797
                ]
            },
            "properties": {
                "pa_label": "p09-3-S7",
                "PSDATE": "09/08/2021",
                "PHTD": {
                    "1": 1.79
                },
                "MSNODE": {
                    "1": 38
                },
                "PFNODE": {
                    "1": 6
                },
                "FRBNUM": {
                    "1": 32
                },
                "ABCNUM": 80,
                "SQRNUM": 20,
                "FLRNUM": 0,
                "GBNUM": 11,
                "MBNUM": 4,
                "LWAD": 3395.9,
                "SWAD": 6734.6,
                "MBWAD": 1432.6,
                "PWAD": 3122.2,
                "LAID": 6.409
            },
            "_id": "67eeba338ac547ce9c2d1c41",
            "paid": "67eeba338ac547ce9c2d1c41"
        },
        {
            "type": "Feature",
            "geometry": {
                "type": "Point",
                "coordinates": [
                    33.07856053,
                    -111.97698092
                ]
            },
            "properties": {
                "pa_label": "p09-4-S1",
                "PSDATE": "06/01/2021",
                "PHTD": {
                    "1": 0.13
                },
                "MSNODE": {
                    "1": 6
                },
                "FRBNUM": {
                    "1": 0
                },
                "ABCNUM": 0,
                "SQRNUM": 0,
                "FLRNUM": 0,
                "GBNUM": 0,
                "MBNUM": 0,
                "LWAD": 58.1,
                "SWAD": 21.1,
                "MBWAD": 0.0,
                "PWAD": 0.0,
                "LAID": 0.096
            },
            "_id": "67eeba338ac547ce9c2d1c42",
            "paid": "67eeba338ac547ce9c2d1c42"
        },
        {
            "type": "Feature",
            "geometry": {
                "type": "Point",
                "coordinates": [
                    33.07857062,
                    -111.97698085
                ]
            },
            "properties": {
                "pa_label": "p09-4-S2",
                "PSDATE": "06/14/2021",
                "PHTD": {
                    "1": 0.24
                },
                "MSNODE": {
                    "1": 11
                },
                "PFNODE": {
                    "1": 7
                },
                "FRBNUM": {
                    "1": 4
                },
                "ABCNUM": 0,
                "SQRNUM": 5,
                "FLRNUM": 0,
                "GBNUM": 0,
                "MBNUM": 0,
                "LWAD": 215.6,
                "SWAD": 107.4,
                "MBWAD": 0.0,
                "PWAD": 6.2,
                "LAID": 0.274
            },
            "_id": "67eeba338ac547ce9c2d1c43",
            "paid": "67eeba338ac547ce9c2d1c43"
        },
        {
            "type": "Feature",
            "geometry": {
                "type": "Point",
                "coordinates": [
                    33.07858071,
                    -111.97698078
                ]
            },
            "properties": {
                "pa_label": "p09-4-S3",
                "PSDATE": "06/28/2021",
                "PHTD": {
                    "1": 0.47
                },
                "MSNODE": {
                    "1": 17
                },
                "PFNODE": {
                    "1": 6
                },
                "FRBNUM": {
                    "1": 11
                },
                "ABCNUM": 0,
                "SQRNUM": 24,
                "FLRNUM": 0,
                "GBNUM": 3,
                "MBNUM": 0,
                "LWAD": 874.7,
                "SWAD": 685.5,
                "MBWAD": 0.0,
                "PWAD": 257.8,
                "LAID": 1.271
            },
            "_id": "67eeba338ac547ce9c2d1c44",
            "paid": "67eeba338ac547ce9c2d1c44"
        },
        {
            "type": "Feature",
            "geometry": {
                "type": "Point",
                "coordinates": [
                    33.0785908,
                    -111.97698071
                ]
            },
            "properties": {
                "pa_label": "p09-4-S4",
                "PSDATE": "07/12/2021",
                "PHTD": {
                    "1": 0.66
                },
                "MSNODE": {
                    "1": 20
                },
                "PFNODE": {
                    "1": 6
                },
                "FRBNUM": {
                    "1": 14
                },
                "ABCNUM": 8,
                "SQRNUM": 15,
                "FLRNUM": 0,
                "GBNUM": 3,
                "MBNUM": 0,
                "LWAD": 821.0,
                "SWAD": 753.3,
                "MBWAD": 0.0,
                "PWAD": 192.7,
                "LAID": 1.508
            },
            "_id": "67eeba338ac547ce9c2d1c45",
            "paid": "67eeba338ac547ce9c2d1c45"
        },
        {
            "type": "Feature",
            "geometry": {
                "type": "Point",
                "coordinates": [
                    33.07860088,
                    -111.97698064
                ]
            },
            "properties": {
                "pa_label": "p09-4-S5",
                "PSDATE": "07/27/2021",
                "PHTD": {
                    "1": 0.86
                },
                "MSNODE": {
                    "1": 24
                },
                "PFNODE": {
                    "1": 7
                },
                "FRBNUM": {
                    "1": 17
                },
                "ABCNUM": 25,
                "SQRNUM": 20,
                "FLRNUM": 1,
                "GBNUM": 2,
                "MBNUM": 0,
                "LWAD": 1385.1,
                "SWAD": 1553.2,
                "MBWAD": 0.0,
                "PWAD": 232.3,
                "LAID": 2.887
            },
            "_id": "67eeba338ac547ce9c2d1c46",
            "paid": "67eeba338ac547ce9c2d1c46"
        },
        {
            "type": "Feature",
            "geometry": {
                "type": "Point",
                "coordinates": [
                    33.07861097,
                    -111.97698057
                ]
            },
            "properties": {
                "pa_label": "p09-4-S6",
                "PSDATE": "08/19/2021",
                "PHTD": {
                    "1": 1.29
                },
                "MSNODE": {
                    "1": 33
                },
                "PFNODE": {
                    "1": 6
                },
                "FRBNUM": {
                    "1": 27
                },
                "ABCNUM": 67,
                "SQRNUM": 15,
                "FLRNUM": 0,
                "GBNUM": 5,
                "MBNUM": 2,
                "LWAD": 2705.1,
                "SWAD": 4701.0,
                "MBWAD": 264.0,
                "PWAD": 1593.7,
                "LAID": 5.262
            },
            "_id": "67eeba338ac547ce9c2d1c47",
            "paid": "67eeba338ac547ce9c2d1c47"
        },
        {
            "type": "Feature",
            "geometry": {
                "type": "Point",
                "coordinates": [
                    33.07862106,
                    -111.9769805
                ]
            },
            "properties": {
                "pa_label": "p09-4-S7",
                "PSDATE": "09/08/2021",
                "PHTD": {
                    "1": 1.28
                },
                "MSNODE": {
                    "1": 34
                },
                "PFNODE": {
                    "1": 7
                },
                "FRBNUM": {
                    "1": 27
                },
                "ABCNUM": 59,
                "SQRNUM": 30,
                "FLRNUM": 0,
                "GBNUM": 9,
                "MBNUM": 4,
                "LWAD": 2584.6,
                "SWAD": 4419.4,
                "MBWAD": 1216.2,
                "PWAD": 2623.3,
                "LAID": 3.831
            },
            "_id": "67eeba338ac547ce9c2d1c48",
            "paid": "67eeba338ac547ce9c2d1c48"
        },
        {
            "type": "Feature",
            "geometry": {
                "type": "Point",
                "coordinates": [
                    33.07964208,
                    -111.97682097
                ]
            },
            "properties": {
                "pa_label": "p10-1-S1",
                "PSDATE": "06/01/2021",
                "PHTD": {
                    "1": 0.14
                },
                "MSNODE": {
                    "1": 7
                },
                "PFNODE": {
                    "1": 5
                },
                "FRBNUM": {
                    "1": 2
                },
                "ABCNUM": 0,
                "SQRNUM": 2,
                "FLRNUM": 0,
                "GBNUM": 0,
                "MBNUM": 0,
                "LWAD": 51.0,
                "SWAD": 22.0,
                "MBWAD": 0.0,
                "PWAD": 0.9,
                "LAID": 0.059
            },
            "_id": "67eeba338ac547ce9c2d1c49",
            "paid": "67eeba338ac547ce9c2d1c49"
        },
        {
            "type": "Feature",
            "geometry": {
                "type": "Point",
                "coordinates": [
                    33.07965217,
                    -111.9768209
                ]
            },
            "properties": {
                "pa_label": "p10-1-S2",
                "PSDATE": "06/14/2021",
                "PHTD": {
                    "1": 0.32
                },
                "MSNODE": {
                    "1": 13
                },
                "PFNODE": {
                    "1": 6
                },
                "FRBNUM": {
                    "1": 7
                },
                "ABCNUM": 0,
                "SQRNUM": 11,
                "FLRNUM": 0,
                "GBNUM": 0,
                "MBNUM": 0,
                "LWAD": 230.6,
                "SWAD": 166.3,
                "MBWAD": 0.0,
                "PWAD": 22.0,
                "LAID": 0.269
            },
            "_id": "67eeba338ac547ce9c2d1c4a",
            "paid": "67eeba338ac547ce9c2d1c4a"
        },
        {
            "type": "Feature",
            "geometry": {
                "type": "Point",
                "coordinates": [
                    33.07966225,
                    -111.97682083
                ]
            },
            "properties": {
                "pa_label": "p10-1-S3",
                "PSDATE": "06/28/2021",
                "PHTD": {
                    "1": 0.59
                },
                "MSNODE": {
                    "1": 17
                },
                "PFNODE": {
                    "1": 6
                },
                "FRBNUM": {
                    "1": 11
                },
                "ABCNUM": 0,
                "SQRNUM": 21,
                "FLRNUM": 0,
                "GBNUM": 2,
                "MBNUM": 0,
                "LWAD": 712.8,
                "SWAD": 728.6,
                "MBWAD": 0.0,
                "PWAD": 142.6,
                "LAID": 1.12
            },
            "_id": "67eeba338ac547ce9c2d1c4b",
            "paid": "67eeba338ac547ce9c2d1c4b"
        },
        {
            "type": "Feature",
            "geometry": {
                "type": "Point",
                "coordinates": [
                    33.07967234,
                    -111.97682076
                ]
            },
            "properties": {
                "pa_label": "p10-1-S4",
                "PSDATE": "07/12/2021",
                "PHTD": {
                    "1": 0.89
                },
                "MSNODE": {
                    "1": 24
                },
                "PFNODE": {
                    "1": 7
                },
                "FRBNUM": {
                    "1": 17
                },
                "ABCNUM": 17,
                "SQRNUM": 16,
                "FLRNUM": 1,
                "GBNUM": 6,
                "MBNUM": 0,
                "LWAD": 1254.0,
                "SWAD": 1635.9,
                "MBWAD": 0.0,
                "PWAD": 364.3,
                "LAID": 2.226
            },
            "_id": "67eeba338ac547ce9c2d1c4c",
            "paid": "67eeba338ac547ce9c2d1c4c"
        },
        {
            "type": "Feature",
            "geometry": {
                "type": "Point",
                "coordinates": [
                    33.07968243,
                    -111.97682069
                ]
            },
            "properties": {
                "pa_label": "p10-1-S5",
                "PSDATE": "07/27/2021",
                "PHTD": {
                    "1": 1.17
                },
                "MSNODE": {
                    "1": 30
                },
                "PFNODE": {
                    "1": 6
                },
                "FRBNUM": {
                    "1": 24
                },
                "ABCNUM": 70,
                "SQRNUM": 21,
                "FLRNUM": 0,
                "GBNUM": 10,
                "MBNUM": 0,
                "LWAD": 2728.9,
                "SWAD": 4186.2,
                "MBWAD": 0.0,
                "PWAD": 1962.4,
                "LAID": 5.337
            },
            "_id": "67eeba338ac547ce9c2d1c4d",
            "paid": "67eeba338ac547ce9c2d1c4d"
        },
        {
            "type": "Feature",
            "geometry": {
                "type": "Point",
                "coordinates": [
                    33.07969252,
                    -111.97682062
                ]
            },
            "properties": {
                "pa_label": "p10-1-S6",
                "PSDATE": "08/19/2021",
                "PHTD": {
                    "1": 1.52
                },
                "MSNODE": {
                    "1": 36
                },
                "PFNODE": {
                    "1": 7
                },
                "FRBNUM": {
                    "1": 29
                },
                "ABCNUM": 85,
                "SQRNUM": 20,
                "FLRNUM": 0,
                "GBNUM": 5,
                "MBNUM": 1,
                "LWAD": 3372.2,
                "SWAD": 5785.1,
                "MBWAD": 308.9,
                "PWAD": 1562.0,
                "LAID": 6.559
            },
            "_id": "67eeba338ac547ce9c2d1c4e",
            "paid": "67eeba338ac547ce9c2d1c4e"
        },
        {
            "type": "Feature",
            "geometry": {
                "type": "Point",
                "coordinates": [
                    33.0797026,
                    -111.97682055
                ]
            },
            "properties": {
                "pa_label": "p10-1-S7",
                "PSDATE": "09/08/2021",
                "PHTD": {
                    "1": 1.92
                },
                "MSNODE": {
                    "1": 40
                },
                "PFNODE": {
                    "1": 7
                },
                "FRBNUM": {
                    "1": 33
                },
                "ABCNUM": 84,
                "SQRNUM": 28,
                "FLRNUM": 0,
                "GBNUM": 14,
                "MBNUM": 3,
                "LWAD": 3036.0,
                "SWAD": 7897.1,
                "MBWAD": 1048.1,
                "PWAD": 2293.3,
                "LAID": 4.972
            },
            "_id": "67eeba338ac547ce9c2d1c4f",
            "paid": "67eeba338ac547ce9c2d1c4f"
        },
        {
            "type": "Feature",
            "geometry": {
                "type": "Point",
                "coordinates": [
                    33.07928131,
                    -111.97682349
                ]
            },
            "properties": {
                "pa_label": "p10-2-S1",
                "PSDATE": "06/01/2021",
                "PHTD": {
                    "1": 0.16
                },
                "MSNODE": {
                    "1": 7
                },
                "PFNODE": {
                    "1": 6
                },
                "FRBNUM": {
                    "1": 1
                },
                "ABCNUM": 0,
                "SQRNUM": 1,
                "FLRNUM": 0,
                "GBNUM": 0,
                "MBNUM": 0,
                "LWAD": 62.5,
                "SWAD": 26.4,
                "MBWAD": 0.0,
                "PWAD": 1.8,
                "LAID": 0.084
            },
            "_id": "67eeba338ac547ce9c2d1c50",
            "paid": "67eeba338ac547ce9c2d1c50"
        },
        {
            "type": "Feature",
            "geometry": {
                "type": "Point",
                "coordinates": [
                    33.0792914,
                    -111.97682342
                ]
            },
            "properties": {
                "pa_label": "p10-2-S2",
                "PSDATE": "06/14/2021",
                "PHTD": {
                    "1": 0.4
                },
                "MSNODE": {
                    "1": 13
                },
                "PFNODE": {
                    "1": 6
                },
                "FRBNUM": {
                    "1": 7
                },
                "ABCNUM": 0,
                "SQRNUM": 11,
                "FLRNUM": 0,
                "GBNUM": 0,
                "MBNUM": 0,
                "LWAD": 312.4,
                "SWAD": 237.6,
                "MBWAD": 0.0,
                "PWAD": 22.0,
                "LAID": 0.448
            },
            "_id": "67eeba338ac547ce9c2d1c51",
            "paid": "67eeba338ac547ce9c2d1c51"
        },
        {
            "type": "Feature",
            "geometry": {
                "type": "Point",
                "coordinates": [
                    33.07930149,
                    -111.97682335
                ]
            },
            "properties": {
                "pa_label": "p10-2-S3",
                "PSDATE": "06/28/2021",
                "PHTD": {
                    "1": 0.62
                },
                "MSNODE": {
                    "1": 17
                },
                "PFNODE": {
                    "1": 7
                },
                "FRBNUM": {
                    "1": 10
                },
                "ABCNUM": 2,
                "SQRNUM": 23,
                "FLRNUM": 1,
                "GBNUM": 1,
                "MBNUM": 0,
                "LWAD": 755.0,
                "SWAD": 783.2,
                "MBWAD": 0.0,
                "PWAD": 169.0,
                "LAID": 1.216
            },
            "_id": "67eeba338ac547ce9c2d1c52",
            "paid": "67eeba338ac547ce9c2d1c52"
        },
        {
            "type": "Feature",
            "geometry": {
                "type": "Point",
                "coordinates": [
                    33.07931157,
                    -111.97682328
                ]
            },
            "properties": {
                "pa_label": "p10-2-S4",
                "PSDATE": "07/12/2021",
                "PHTD": {
                    "1": 0.8
                },
                "MSNODE": {
                    "1": 20
                },
                "PFNODE": {
                    "1": 6
                },
                "FRBNUM": {
                    "1": 14
                },
                "ABCNUM": 12,
                "SQRNUM": 11,
                "FLRNUM": 0,
                "GBNUM": 5,
                "MBNUM": 0,
                "LWAD": 823.7,
                "SWAD": 938.1,
                "MBWAD": 0.0,
                "PWAD": 353.8,
                "LAID": 1.418
            },
            "_id": "67eeba338ac547ce9c2d1c53",
            "paid": "67eeba338ac547ce9c2d1c53"
        },
        {
            "type": "Feature",
            "geometry": {
                "type": "Point",
                "coordinates": [
                    33.07932166,
                    -111.97682321
                ]
            },
            "properties": {
                "pa_label": "p10-2-S5",
                "PSDATE": "07/27/2021",
                "PHTD": {
                    "1": 0.98
                },
                "MSNODE": {
                    "1": 25
                },
                "PFNODE": {
                    "1": 6
                },
                "FRBNUM": {
                    "1": 19
                },
                "ABCNUM": 50,
                "SQRNUM": 14,
                "FLRNUM": 0,
                "GBNUM": 9,
                "MBNUM": 0,
                "LWAD": 2493.0,
                "SWAD": 3295.6,
                "MBWAD": 0.0,
                "PWAD": 1234.6,
                "LAID": 5.013
            },
            "_id": "67eeba338ac547ce9c2d1c54",
            "paid": "67eeba338ac547ce9c2d1c54"
        },
        {
            "type": "Feature",
            "geometry": {
                "type": "Point",
                "coordinates": [
                    33.07933175,
                    -111.97682314
                ]
            },
            "properties": {
                "pa_label": "p10-2-S6",
                "PSDATE": "08/19/2021",
                "PHTD": {
                    "1": 1.64
                },
                "MSNODE": {
                    "1": 34
                },
                "PFNODE": {
                    "1": 7
                },
                "FRBNUM": {
                    "1": 27
                },
                "ABCNUM": 62,
                "SQRNUM": 16,
                "FLRNUM": 0,
                "GBNUM": 2,
                "MBNUM": 2,
                "LWAD": 3201.4,
                "SWAD": 5533.4,
                "MBWAD": 337.9,
                "PWAD": 1487.2,
                "LAID": 6.226
            },
            "_id": "67eeba338ac547ce9c2d1c55",
            "paid": "67eeba338ac547ce9c2d1c55"
        },
        {
            "type": "Feature",
            "geometry": {
                "type": "Point",
                "coordinates": [
                    33.07934184,
                    -111.97682307
                ]
            },
            "properties": {
                "pa_label": "p10-2-S7",
                "PSDATE": "09/08/2021",
                "PHTD": {
                    "1": 2.06
                },
                "MSNODE": {
                    "1": 41
                },
                "PFNODE": {
                    "1": 7
                },
                "FRBNUM": {
                    "1": 34
                },
                "ABCNUM": 78,
                "SQRNUM": 25,
                "FLRNUM": 0,
                "GBNUM": 15,
                "MBNUM": 2,
                "LWAD": 3021.0,
                "SWAD": 8126.8,
                "MBWAD": 565.8,
                "PWAD": 1565.5,
                "LAID": 5.179
            },
            "_id": "67eeba338ac547ce9c2d1c56",
            "paid": "67eeba338ac547ce9c2d1c56"
        },
        {
            "type": "Feature",
            "geometry": {
                "type": "Point",
                "coordinates": [
                    33.07892054,
                    -111.97682601
                ]
            },
            "properties": {
                "pa_label": "p10-3-S1",
                "PSDATE": "06/01/2021",
                "PHTD": {
                    "1": 0.14
                },
                "MSNODE": {
                    "1": 7
                },
                "FRBNUM": {
                    "1": 0
                },
                "ABCNUM": 0,
                "SQRNUM": 0,
                "FLRNUM": 0,
                "GBNUM": 0,
                "MBNUM": 0,
                "LWAD": 61.6,
                "SWAD": 27.3,
                "MBWAD": 0.0,
                "PWAD": 0.0,
                "LAID": 0.079
            },
            "_id": "67eeba338ac547ce9c2d1c57",
            "paid": "67eeba338ac547ce9c2d1c57"
        },
        {
            "type": "Feature",
            "geometry": {
                "type": "Point",
                "coordinates": [
                    33.07893063,
                    -111.97682594
                ]
            },
            "properties": {
                "pa_label": "p10-3-S2",
                "PSDATE": "06/14/2021",
                "PHTD": {
                    "1": 0.34
                },
                "MSNODE": {
                    "1": 12
                },
                "PFNODE": {
                    "1": 6
                },
                "FRBNUM": {
                    "1": 7
                },
                "ABCNUM": 1,
                "SQRNUM": 12,
                "FLRNUM": 0,
                "GBNUM": 0,
                "MBNUM": 0,
                "LWAD": 333.5,
                "SWAD": 259.6,
                "MBWAD": 0.0,
                "PWAD": 25.5,
                "LAID": 0.403
            },
            "_id": "67eeba338ac547ce9c2d1c58",
            "paid": "67eeba338ac547ce9c2d1c58"
        },
        {
            "type": "Feature",
            "geometry": {
                "type": "Point",
                "coordinates": [
                    33.07894072,
                    -111.97682587
                ]
            },
            "properties": {
                "pa_label": "p10-3-S3",
                "PSDATE": "06/28/2021",
                "PHTD": {
                    "1": 0.61
                },
                "MSNODE": {
                    "1": 18
                },
                "PFNODE": {
                    "1": 5
                },
                "FRBNUM": {
                    "1": 13
                },
                "ABCNUM": 3,
                "SQRNUM": 36,
                "FLRNUM": 0,
                "GBNUM": 3,
                "MBNUM": 0,
                "LWAD": 997.0,
                "SWAD": 1021.7,
                "MBWAD": 0.0,
                "PWAD": 304.5,
                "LAID": 1.487
            },
            "_id": "67eeba338ac547ce9c2d1c59",
            "paid": "67eeba338ac547ce9c2d1c59"
        },
        {
            "type": "Feature",
            "geometry": {
                "type": "Point",
                "coordinates": [
                    33.07895081,
                    -111.9768258
                ]
            },
            "properties": {
                "pa_label": "p10-3-S4",
                "PSDATE": "07/12/2021",
                "PHTD": {
                    "1": 0.86
                },
                "MSNODE": {
                    "1": 24
                },
                "PFNODE": {
                    "1": 7
                },
                "FRBNUM": {
                    "1": 17
                },
                "ABCNUM": 18,
                "SQRNUM": 12,
                "FLRNUM": 1,
                "GBNUM": 3,
                "MBNUM": 0,
                "LWAD": 1279.5,
                "SWAD": 1465.2,
                "MBWAD": 0.0,
                "PWAD": 436.5,
                "LAID": 2.405
            },
            "_id": "67eeba338ac547ce9c2d1c5a",
            "paid": "67eeba338ac547ce9c2d1c5a"
        },
        {
            "type": "Feature",
            "geometry": {
                "type": "Point",
                "coordinates": [
                    33.07896089,
                    -111.97682573
                ]
            },
            "properties": {
                "pa_label": "p10-3-S5",
                "PSDATE": "07/27/2021",
                "PHTD": {
                    "1": 1.1
                },
                "MSNODE": {
                    "1": 27
                },
                "PFNODE": {
                    "1": 7
                },
                "FRBNUM": {
                    "1": 20
                },
                "ABCNUM": 23,
                "SQRNUM": 16,
                "FLRNUM": 0,
                "GBNUM": 9,
                "MBNUM": 0,
                "LWAD": 1392.2,
                "SWAD": 2043.4,
                "MBWAD": 0.0,
                "PWAD": 629.2,
                "LAID": 2.792
            },
            "_id": "67eeba338ac547ce9c2d1c5b",
            "paid": "67eeba338ac547ce9c2d1c5b"
        },
        {
            "type": "Feature",
            "geometry": {
                "type": "Point",
                "coordinates": [
                    33.07897098,
                    -111.97682566
                ]
            },
            "properties": {
                "pa_label": "p10-3-S6",
                "PSDATE": "08/19/2021",
                "PHTD": {
                    "1": 1.43
                },
                "MSNODE": {
                    "1": 36
                },
                "PFNODE": {
                    "1": 7
                },
                "FRBNUM": {
                    "1": 29
                },
                "ABCNUM": 85,
                "SQRNUM": 14,
                "FLRNUM": 0,
                "GBNUM": 8,
                "MBNUM": 2,
                "LWAD": 2941.8,
                "SWAD": 5280.9,
                "MBWAD": 275.4,
                "PWAD": 2462.2,
                "LAID": 5.73
            },
            "_id": "67eeba338ac547ce9c2d1c5c",
            "paid": "67eeba338ac547ce9c2d1c5c"
        },
        {
            "type": "Feature",
            "geometry": {
                "type": "Point",
                "coordinates": [
                    33.07898107,
                    -111.97682559
                ]
            },
            "properties": {
                "pa_label": "p10-3-S7",
                "PSDATE": "09/08/2021",
                "PHTD": {
                    "1": 1.94
                },
                "MSNODE": {
                    "1": 38
                },
                "PFNODE": {
                    "1": 7
                },
                "FRBNUM": {
                    "1": 31
                },
                "ABCNUM": 64,
                "SQRNUM": 29,
                "FLRNUM": 0,
                "GBNUM": 19,
                "MBNUM": 4,
                "LWAD": 3052.7,
                "SWAD": 7405.2,
                "MBWAD": 1136.1,
                "PWAD": 3278.0,
                "LAID": 5.333
            },
            "_id": "67eeba338ac547ce9c2d1c5d",
            "paid": "67eeba338ac547ce9c2d1c5d"
        },
        {
            "type": "Feature",
            "geometry": {
                "type": "Point",
                "coordinates": [
                    33.07855978,
                    -111.97682854
                ]
            },
            "properties": {
                "pa_label": "p10-4-S1",
                "PSDATE": "06/01/2021",
                "PHTD": {
                    "1": 0.14
                },
                "MSNODE": {
                    "1": 6
                },
                "FRBNUM": {
                    "1": 0
                },
                "ABCNUM": 0,
                "SQRNUM": 0,
                "FLRNUM": 0,
                "GBNUM": 0,
                "MBNUM": 0,
                "LWAD": 34.3,
                "SWAD": 15.8,
                "MBWAD": 0.0,
                "PWAD": 0.0,
                "LAID": 0.043
            },
            "_id": "67eeba338ac547ce9c2d1c5e",
            "paid": "67eeba338ac547ce9c2d1c5e"
        },
        {
            "type": "Feature",
            "geometry": {
                "type": "Point",
                "coordinates": [
                    33.07856986,
                    -111.97682847
                ]
            },
            "properties": {
                "pa_label": "p10-4-S2",
                "PSDATE": "06/14/2021",
                "PHTD": {
                    "1": 0.36
                },
                "MSNODE": {
                    "1": 13
                },
                "PFNODE": {
                    "1": 6
                },
                "FRBNUM": {
                    "1": 7
                },
                "ABCNUM": 0,
                "SQRNUM": 12,
                "FLRNUM": 0,
                "GBNUM": 0,
                "MBNUM": 0,
                "LWAD": 351.1,
                "SWAD": 257.8,
                "MBWAD": 0.0,
                "PWAD": 32.6,
                "LAID": 0.461
            },
            "_id": "67eeba338ac547ce9c2d1c5f",
            "paid": "67eeba338ac547ce9c2d1c5f"
        },
        {
            "type": "Feature",
            "geometry": {
                "type": "Point",
                "coordinates": [
                    33.07857995,
                    -111.9768284
                ]
            },
            "properties": {
                "pa_label": "p10-4-S3",
                "PSDATE": "06/28/2021",
                "PHTD": {
                    "1": 0.57
                },
                "MSNODE": {
                    "1": 17
                },
                "PFNODE": {
                    "1": 6
                },
                "FRBNUM": {
                    "1": 11
                },
                "ABCNUM": 1,
                "SQRNUM": 24,
                "FLRNUM": 0,
                "GBNUM": 2,
                "MBNUM": 0,
                "LWAD": 959.2,
                "SWAD": 836.0,
                "MBWAD": 0.0,
                "PWAD": 147.0,
                "LAID": 1.669
            },
            "_id": "67eeba338ac547ce9c2d1c60",
            "paid": "67eeba338ac547ce9c2d1c60"
        },
        {
            "type": "Feature",
            "geometry": {
                "type": "Point",
                "coordinates": [
                    33.07859004,
                    -111.97682833
                ]
            },
            "properties": {
                "pa_label": "p10-4-S4",
                "PSDATE": "07/12/2021",
                "PHTD": {
                    "1": 0.91
                },
                "MSNODE": {
                    "1": 23
                },
                "PFNODE": {
                    "1": 6
                },
                "FRBNUM": {
                    "1": 17
                },
                "ABCNUM": 23,
                "SQRNUM": 24,
                "FLRNUM": 1,
                "GBNUM": 7,
                "MBNUM": 0,
                "LWAD": 1558.5,
                "SWAD": 2114.6,
                "MBWAD": 0.0,
                "PWAD": 847.4,
                "LAID": 2.617
            },
            "_id": "67eeba338ac547ce9c2d1c61",
            "paid": "67eeba338ac547ce9c2d1c61"
        },
        {
            "type": "Feature",
            "geometry": {
                "type": "Point",
                "coordinates": [
                    33.07860013,
                    -111.97682825
                ]
            },
            "properties": {
                "pa_label": "p10-4-S5",
                "PSDATE": "07/27/2021",
                "PHTD": {
                    "1": 1.11
                },
                "MSNODE": {
                    "1": 30
                },
                "PFNODE": {
                    "1": 6
                },
                "FRBNUM": {
                    "1": 24
                },
                "ABCNUM": 51,
                "SQRNUM": 24,
                "FLRNUM": 1,
                "GBNUM": 20,
                "MBNUM": 0,
                "LWAD": 2699.8,
                "SWAD": 4080.6,
                "MBWAD": 0.0,
                "PWAD": 2200.9,
                "LAID": 4.573
            },
            "_id": "67eeba338ac547ce9c2d1c62",
            "paid": "67eeba338ac547ce9c2d1c62"
        },
        {
            "type": "Feature",
            "geometry": {
                "type": "Point",
                "coordinates": [
                    33.07861022,
                    -111.97682818
                ]
            },
            "properties": {
                "pa_label": "p10-4-S6",
                "PSDATE": "08/19/2021",
                "PHTD": {
                    "1": 1.4
                },
                "MSNODE": {
                    "1": 36
                },
                "PFNODE": {
                    "1": 7
                },
                "FRBNUM": {
                    "1": 29
                },
                "ABCNUM": 83,
                "SQRNUM": 24,
                "FLRNUM": 0,
                "GBNUM": 6,
                "MBNUM": 3,
                "LWAD": 2330.2,
                "SWAD": 3751.4,
                "MBWAD": 711.0,
                "PWAD": 2139.3,
                "LAID": 4.434
            },
            "_id": "67eeba338ac547ce9c2d1c63",
            "paid": "67eeba338ac547ce9c2d1c63"
        },
        {
            "type": "Feature",
            "geometry": {
                "type": "Point",
                "coordinates": [
                    33.0786203,
                    -111.97682811
                ]
            },
            "properties": {
                "pa_label": "p10-4-S7",
                "PSDATE": "09/08/2021",
                "PHTD": {
                    "1": 1.41
                },
                "MSNODE": {
                    "1": 37
                },
                "PFNODE": {
                    "1": 6
                },
                "FRBNUM": {
                    "1": 31
                },
                "ABCNUM": 79,
                "SQRNUM": 24,
                "FLRNUM": 1,
                "GBNUM": 21,
                "MBNUM": 2,
                "LWAD": 2730.6,
                "SWAD": 5549.3,
                "MBWAD": 724.2,
                "PWAD": 3305.3,
                "LAID": 3.569
            },
            "_id": "67eeba338ac547ce9c2d1c64",
            "paid": "67eeba338ac547ce9c2d1c64"
        },
        {
            "type": "Feature",
            "geometry": {
                "type": "Point",
                "coordinates": [
                    33.07964132,
                    -111.97666858
                ]
            },
            "properties": {
                "pa_label": "p11-1-S1",
                "PSDATE": "06/01/2021",
                "PHTD": {
                    "1": 0.1
                },
                "MSNODE": {
                    "1": 5
                },
                "FRBNUM": {
                    "1": 0
                },
                "ABCNUM": 0,
                "SQRNUM": 0,
                "FLRNUM": 0,
                "GBNUM": 0,
                "MBNUM": 0,
                "LWAD": 37.8,
                "SWAD": 11.4,
                "MBWAD": 0.0,
                "PWAD": 0.0,
                "LAID": 0.04
            },
            "_id": "67eeba338ac547ce9c2d1c65",
            "paid": "67eeba338ac547ce9c2d1c65"
        },
        {
            "type": "Feature",
            "geometry": {
                "type": "Point",
                "coordinates": [
                    33.07965141,
                    -111.97666851
                ]
            },
            "properties": {
                "pa_label": "p11-1-S2",
                "PSDATE": "06/14/2021",
                "PHTD": {
                    "1": 0.3
                },
                "MSNODE": {
                    "1": 13
                },
                "PFNODE": {
                    "1": 7
                },
                "FRBNUM": {
                    "1": 6
                },
                "ABCNUM": 0,
                "SQRNUM": 8,
                "FLRNUM": 0,
                "GBNUM": 0,
                "MBNUM": 0,
                "LWAD": 235.8,
                "SWAD": 145.2,
                "MBWAD": 0.0,
                "PWAD": 15.8,
                "LAID": 0.256
            },
            "_id": "67eeba338ac547ce9c2d1c66",
            "paid": "67eeba338ac547ce9c2d1c66"
        },
        {
            "type": "Feature",
            "geometry": {
                "type": "Point",
                "coordinates": [
                    33.0796615,
                    -111.97666844
                ]
            },
            "properties": {
                "pa_label": "p11-1-S3",
                "PSDATE": "06/28/2021",
                "PHTD": {
                    "1": 0.51
                },
                "MSNODE": {
                    "1": 17
                },
                "PFNODE": {
                    "1": 6
                },
                "FRBNUM": {
                    "1": 11
                },
                "ABCNUM": 7,
                "SQRNUM": 24,
                "FLRNUM": 0,
                "GBNUM": 0,
                "MBNUM": 0,
                "LWAD": 1012.9,
                "SWAD": 909.9,
                "MBWAD": 0.0,
                "PWAD": 92.4,
                "LAID": 1.481
            },
            "_id": "67eeba338ac547ce9c2d1c67",
            "paid": "67eeba338ac547ce9c2d1c67"
        },
        {
            "type": "Feature",
            "geometry": {
                "type": "Point",
                "coordinates": [
                    33.07967159,
                    -111.97666837
                ]
            },
            "properties": {
                "pa_label": "p11-1-S4",
                "PSDATE": "07/12/2021",
                "PHTD": {
                    "1": 0.81
                },
                "MSNODE": {
                    "1": 25
                },
                "PFNODE": {
                    "1": 8
                },
                "FRBNUM": {
                    "1": 17
                },
                "ABCNUM": 17,
                "SQRNUM": 31,
                "FLRNUM": 0,
                "GBNUM": 6,
                "MBNUM": 0,
                "LWAD": 1455.5,
                "SWAD": 1771.4,
                "MBWAD": 0.0,
                "PWAD": 424.2,
                "LAID": 2.529
            },
            "_id": "67eeba338ac547ce9c2d1c68",
            "paid": "67eeba338ac547ce9c2d1c68"
        },
        {
            "type": "Feature",
            "geometry": {
                "type": "Point",
                "coordinates": [
                    33.07968167,
                    -111.9766683
                ]
            },
            "properties": {
                "pa_label": "p11-1-S5",
                "PSDATE": "07/27/2021",
                "PHTD": {
                    "1": 0.98
                },
                "MSNODE": {
                    "1": 27
                },
                "PFNODE": {
                    "1": 9
                },
                "FRBNUM": {
                    "1": 18
                },
                "ABCNUM": 40,
                "SQRNUM": 10,
                "FLRNUM": 0,
                "GBNUM": 4,
                "MBNUM": 0,
                "LWAD": 1425.6,
                "SWAD": 1834.8,
                "MBWAD": 0.0,
                "PWAD": 702.2,
                "LAID": 2.636
            },
            "_id": "67eeba338ac547ce9c2d1c69",
            "paid": "67eeba338ac547ce9c2d1c69"
        },
        {
            "type": "Feature",
            "geometry": {
                "type": "Point",
                "coordinates": [
                    33.07969176,
                    -111.97666823
                ]
            },
            "properties": {
                "pa_label": "p11-1-S6",
                "PSDATE": "08/19/2021",
                "PHTD": {
                    "1": 1.61
                },
                "MSNODE": {
                    "1": 35
                },
                "PFNODE": {
                    "1": 7
                },
                "FRBNUM": {
                    "1": 28
                },
                "ABCNUM": 80,
                "SQRNUM": 36,
                "FLRNUM": 0,
                "GBNUM": 7,
                "MBNUM": 1,
                "LWAD": 2524.7,
                "SWAD": 3953.0,
                "MBWAD": 396.0,
                "PWAD": 1850.6,
                "LAID": 4.902
            },
            "_id": "67eeba338ac547ce9c2d1c6a",
            "paid": "67eeba338ac547ce9c2d1c6a"
        },
        {
            "type": "Feature",
            "geometry": {
                "type": "Point",
                "coordinates": [
                    33.07970185,
                    -111.97666816
                ]
            },
            "properties": {
                "pa_label": "p11-1-S7",
                "PSDATE": "09/08/2021",
                "PHTD": {
                    "1": 1.82
                },
                "MSNODE": {
                    "1": 42
                },
                "PFNODE": {
                    "1": 7
                },
                "FRBNUM": {
                    "1": 35
                },
                "ABCNUM": 93,
                "SQRNUM": 45,
                "FLRNUM": 0,
                "GBNUM": 22,
                "MBNUM": 2,
                "LWAD": 4079.7,
                "SWAD": 9117.7,
                "MBWAD": 267.5,
                "PWAD": 2700.7,
                "LAID": 7.72
            },
            "_id": "67eeba338ac547ce9c2d1c6b",
            "paid": "67eeba338ac547ce9c2d1c6b"
        },
        {
            "type": "Feature",
            "geometry": {
                "type": "Point",
                "coordinates": [
                    33.07928056,
                    -111.97667111
                ]
            },
            "properties": {
                "pa_label": "p11-2-S1",
                "PSDATE": "06/01/2021",
                "PHTD": {
                    "1": 0.16
                },
                "MSNODE": {
                    "1": 8
                },
                "PFNODE": {
                    "1": 7
                },
                "FRBNUM": {
                    "1": 1
                },
                "ABCNUM": 0,
                "SQRNUM": 1,
                "FLRNUM": 0,
                "GBNUM": 0,
                "MBNUM": 0,
                "LWAD": 51.9,
                "SWAD": 22.9,
                "MBWAD": 0.0,
                "PWAD": 0.9,
                "LAID": 0.062
            },
            "_id": "67eeba338ac547ce9c2d1c6c",
            "paid": "67eeba338ac547ce9c2d1c6c"
        },
        {
            "type": "Feature",
            "geometry": {
                "type": "Point",
                "coordinates": [
                    33.07929064,
                    -111.97667104
                ]
            },
            "properties": {
                "pa_label": "p11-2-S2",
                "PSDATE": "06/14/2021",
                "PHTD": {
                    "1": 0.3
                },
                "MSNODE": {
                    "1": 12
                },
                "PFNODE": {
                    "1": 6
                },
                "FRBNUM": {
                    "1": 7
                },
                "ABCNUM": 0,
                "SQRNUM": 9,
                "FLRNUM": 0,
                "GBNUM": 0,
                "MBNUM": 0,
                "LWAD": 142.6,
                "SWAD": 103.0,
                "MBWAD": 0.0,
                "PWAD": 8.8,
                "LAID": 0.183
            },
            "_id": "67eeba338ac547ce9c2d1c6d",
            "paid": "67eeba338ac547ce9c2d1c6d"
        },
        {
            "type": "Feature",
            "geometry": {
                "type": "Point",
                "coordinates": [
                    33.07930073,
                    -111.97667097
                ]
            },
            "properties": {
                "pa_label": "p11-2-S3",
                "PSDATE": "06/28/2021",
                "PHTD": {
                    "1": 0.58
                },
                "MSNODE": {
                    "1": 18
                },
                "PFNODE": {
                    "1": 7
                },
                "FRBNUM": {
                    "1": 11
                },
                "ABCNUM": 3,
                "SQRNUM": 18,
                "FLRNUM": 0,
                "GBNUM": 2,
                "MBNUM": 0,
                "LWAD": 603.7,
                "SWAD": 617.8,
                "MBWAD": 0.0,
                "PWAD": 158.4,
                "LAID": 0.997
            },
            "_id": "67eeba338ac547ce9c2d1c6e",
            "paid": "67eeba338ac547ce9c2d1c6e"
        },
        {
            "type": "Feature",
            "geometry": {
                "type": "Point",
                "coordinates": [
                    33.07931082,
                    -111.9766709
                ]
            },
            "properties": {
                "pa_label": "p11-2-S4",
                "PSDATE": "07/12/2021",
                "PHTD": {
                    "1": 0.74
                },
                "MSNODE": {
                    "1": 21
                },
                "PFNODE": {
                    "1": 6
                },
                "FRBNUM": {
                    "1": 15
                },
                "ABCNUM": 12,
                "SQRNUM": 28,
                "FLRNUM": 3,
                "GBNUM": 5,
                "MBNUM": 0,
                "LWAD": 1452.0,
                "SWAD": 1563.8,
                "MBWAD": 0.0,
                "PWAD": 420.6,
                "LAID": 2.406
            },
            "_id": "67eeba338ac547ce9c2d1c6f",
            "paid": "67eeba338ac547ce9c2d1c6f"
        },
        {
            "type": "Feature",
            "geometry": {
                "type": "Point",
                "coordinates": [
                    33.07932091,
                    -111.97667083
                ]
            },
            "properties": {
                "pa_label": "p11-2-S5",
                "PSDATE": "07/27/2021",
                "PHTD": {
                    "1": 1.06
                },
                "MSNODE": {
                    "1": 29
                },
                "PFNODE": {
                    "1": 5
                },
                "FRBNUM": {
                    "1": 24
                },
                "ABCNUM": 47,
                "SQRNUM": 29,
                "FLRNUM": 0,
                "GBNUM": 16,
                "MBNUM": 0,
                "LWAD": 2644.4,
                "SWAD": 3380.1,
                "MBWAD": 0.0,
                "PWAD": 2523.0,
                "LAID": 4.4
            },
            "_id": "67eeba338ac547ce9c2d1c70",
            "paid": "67eeba338ac547ce9c2d1c70"
        },
        {
            "type": "Feature",
            "geometry": {
                "type": "Point",
                "coordinates": [
                    33.07933099,
                    -111.97667075
                ]
            },
            "properties": {
                "pa_label": "p11-2-S6",
                "PSDATE": "08/19/2021",
                "PHTD": {
                    "1": 1.63
                },
                "MSNODE": {
                    "1": 36
                },
                "PFNODE": {
                    "1": 7
                },
                "FRBNUM": {
                    "1": 29
                },
                "ABCNUM": 68,
                "SQRNUM": 27,
                "FLRNUM": 0,
                "GBNUM": 9,
                "MBNUM": 4,
                "LWAD": 4039.2,
                "SWAD": 7055.8,
                "MBWAD": 1041.0,
                "PWAD": 3573.7,
                "LAID": 7.768
            },
            "_id": "67eeba338ac547ce9c2d1c71",
            "paid": "67eeba338ac547ce9c2d1c71"
        },
        {
            "type": "Feature",
            "geometry": {
                "type": "Point",
                "coordinates": [
                    33.07934108,
                    -111.97667068
                ]
            },
            "properties": {
                "pa_label": "p11-2-S7",
                "PSDATE": "09/08/2021",
                "PHTD": {
                    "1": 1.76
                },
                "MSNODE": {
                    "1": 40
                },
                "PFNODE": {
                    "1": 8
                },
                "FRBNUM": {
                    "1": 32
                },
                "ABCNUM": 96,
                "SQRNUM": 37,
                "FLRNUM": 0,
                "GBNUM": 17,
                "MBNUM": 2,
                "LWAD": 3802.5,
                "SWAD": 8010.6,
                "MBWAD": 791.1,
                "PWAD": 3513.8,
                "LAID": 7.326
            },
            "_id": "67eeba338ac547ce9c2d1c72",
            "paid": "67eeba338ac547ce9c2d1c72"
        },
        {
            "type": "Feature",
            "geometry": {
                "type": "Point",
                "coordinates": [
                    33.07891979,
                    -111.97667363
                ]
            },
            "properties": {
                "pa_label": "p11-3-S1",
                "PSDATE": "06/01/2021",
                "PHTD": {
                    "1": 0.13
                },
                "MSNODE": {
                    "1": 6
                },
                "FRBNUM": {
                    "1": 0
                },
                "ABCNUM": 0,
                "SQRNUM": 0,
                "FLRNUM": 0,
                "GBNUM": 0,
                "MBNUM": 0,
                "LWAD": 42.2,
                "SWAD": 15.8,
                "MBWAD": 0.0,
                "PWAD": 0.0,
                "LAID": 0.05
            },
            "_id": "67eeba338ac547ce9c2d1c73",
            "paid": "67eeba338ac547ce9c2d1c73"
        },
        {
            "type": "Feature",
            "geometry": {
                "type": "Point",
                "coordinates": [
                    33.07892988,
                    -111.97667356
                ]
            },
            "properties": {
                "pa_label": "p11-3-S2",
                "PSDATE": "06/14/2021",
                "PHTD": {
                    "1": 0.36
                },
                "MSNODE": {
                    "1": 13
                },
                "PFNODE": {
                    "1": 7
                },
                "FRBNUM": {
                    "1": 4
                },
                "ABCNUM": 0,
                "SQRNUM": 8,
                "FLRNUM": 0,
                "GBNUM": 0,
                "MBNUM": 0,
                "LWAD": 345.0,
                "SWAD": 239.4,
                "MBWAD": 0.0,
                "PWAD": 16.7,
                "LAID": 0.435
            },
            "_id": "67eeba338ac547ce9c2d1c74",
            "paid": "67eeba338ac547ce9c2d1c74"
        },
        {
            "type": "Feature",
            "geometry": {
                "type": "Point",
                "coordinates": [
                    33.07893996,
                    -111.97667349
                ]
            },
            "properties": {
                "pa_label": "p11-3-S3",
                "PSDATE": "06/28/2021",
                "PHTD": {
                    "1": 0.59
                },
                "MSNODE": {
                    "1": 19
                },
                "PFNODE": {
                    "1": 6
                },
                "FRBNUM": {
                    "1": 13
                },
                "ABCNUM": 4,
                "SQRNUM": 33,
                "FLRNUM": 0,
                "GBNUM": 2,
                "MBNUM": 0,
                "LWAD": 1022.6,
                "SWAD": 971.5,
                "MBWAD": 0.0,
                "PWAD": 257.0,
                "LAID": 1.514
            },
            "_id": "67eeba338ac547ce9c2d1c75",
            "paid": "67eeba338ac547ce9c2d1c75"
        },
        {
            "type": "Feature",
            "geometry": {
                "type": "Point",
                "coordinates": [
                    33.07895005,
                    -111.97667342
                ]
            },
            "properties": {
                "pa_label": "p11-3-S4",
                "PSDATE": "07/12/2021",
                "PHTD": {
                    "1": 0.93
                },
                "MSNODE": {
                    "1": 26
                },
                "PFNODE": {
                    "1": 5
                },
                "FRBNUM": {
                    "1": 21
                },
                "ABCNUM": 28,
                "SQRNUM": 37,
                "FLRNUM": 1,
                "GBNUM": 18,
                "MBNUM": 0,
                "LWAD": 2463.1,
                "SWAD": 3399.4,
                "MBWAD": 0.0,
                "PWAD": 1789.0,
                "LAID": 3.966
            },
            "_id": "67eeba338ac547ce9c2d1c76",
            "paid": "67eeba338ac547ce9c2d1c76"
        },
        {
            "type": "Feature",
            "geometry": {
                "type": "Point",
                "coordinates": [
                    33.07896014,
                    -111.97667335
                ]
            },
            "properties": {
                "pa_label": "p11-3-S5",
                "PSDATE": "07/27/2021",
                "PHTD": {
                    "1": 1.16
                },
                "MSNODE": {
                    "1": 29
                },
                "PFNODE": {
                    "1": 7
                },
                "FRBNUM": {
                    "1": 22
                },
                "ABCNUM": 41,
                "SQRNUM": 22,
                "FLRNUM": 1,
                "GBNUM": 6,
                "MBNUM": 0,
                "LWAD": 1962.4,
                "SWAD": 3194.4,
                "MBWAD": 0.0,
                "PWAD": 313.3,
                "LAID": 3.696
            },
            "_id": "67eeba338ac547ce9c2d1c77",
            "paid": "67eeba338ac547ce9c2d1c77"
        },
        {
            "type": "Feature",
            "geometry": {
                "type": "Point",
                "coordinates": [
                    33.07897023,
                    -111.97667328
                ]
            },
            "properties": {
                "pa_label": "p11-3-S6",
                "PSDATE": "08/19/2021",
                "PHTD": {
                    "1": 1.49
                },
                "MSNODE": {
                    "1": 34
                },
                "PFNODE": {
                    "1": 7
                },
                "FRBNUM": {
                    "1": 27
                },
                "ABCNUM": 62,
                "SQRNUM": 39,
                "FLRNUM": 0,
                "GBNUM": 6,
                "MBNUM": 0,
                "LWAD": 2947.1,
                "SWAD": 5091.7,
                "MBWAD": 0.0,
                "PWAD": 1431.8,
                "LAID": 5.736
            },
            "_id": "67eeba338ac547ce9c2d1c78",
            "paid": "67eeba338ac547ce9c2d1c78"
        },
        {
            "type": "Feature",
            "geometry": {
                "type": "Point",
                "coordinates": [
                    33.07898031,
                    -111.97667321
                ]
            },
            "properties": {
                "pa_label": "p11-3-S7",
                "PSDATE": "09/08/2021",
                "PHTD": {
                    "1": 1.44
                },
                "MSNODE": {
                    "1": 36
                },
                "PFNODE": {
                    "1": 6
                },
                "FRBNUM": {
                    "1": 30
                },
                "ABCNUM": 68,
                "SQRNUM": 30,
                "FLRNUM": 0,
                "GBNUM": 25,
                "MBNUM": 9,
                "LWAD": 3389.8,
                "SWAD": 7099.8,
                "MBWAD": 2554.6,
                "PWAD": 5360.1,
                "LAID": 6.575
            },
            "_id": "67eeba338ac547ce9c2d1c79",
            "paid": "67eeba338ac547ce9c2d1c79"
        },
        {
            "type": "Feature",
            "geometry": {
                "type": "Point",
                "coordinates": [
                    33.07855902,
                    -111.97667615
                ]
            },
            "properties": {
                "pa_label": "p11-4-S1",
                "PSDATE": "06/01/2021",
                "PHTD": {
                    "1": 0.12
                },
                "MSNODE": {
                    "1": 7
                },
                "FRBNUM": {
                    "1": 0
                },
                "ABCNUM": 0,
                "SQRNUM": 0,
                "FLRNUM": 0,
                "GBNUM": 0,
                "MBNUM": 0,
                "LWAD": 36.1,
                "SWAD": 15.0,
                "MBWAD": 0.0,
                "PWAD": 0.0,
                "LAID": 0.041
            },
            "_id": "67eeba338ac547ce9c2d1c7a",
            "paid": "67eeba338ac547ce9c2d1c7a"
        },
        {
            "type": "Feature",
            "geometry": {
                "type": "Point",
                "coordinates": [
                    33.07856911,
                    -111.97667608
                ]
            },
            "properties": {
                "pa_label": "p11-4-S2",
                "PSDATE": "06/14/2021",
                "PHTD": {
                    "1": 0.28
                },
                "MSNODE": {
                    "1": 12
                },
                "PFNODE": {
                    "1": 10
                },
                "FRBNUM": {
                    "1": 2
                },
                "ABCNUM": 1,
                "SQRNUM": 1,
                "FLRNUM": 0,
                "GBNUM": 0,
                "MBNUM": 0,
                "LWAD": 118.8,
                "SWAD": 81.0,
                "MBWAD": 0.0,
                "PWAD": 0.9,
                "LAID": 0.132
            },
            "_id": "67eeba338ac547ce9c2d1c7b",
            "paid": "67eeba338ac547ce9c2d1c7b"
        },
        {
            "type": "Feature",
            "geometry": {
                "type": "Point",
                "coordinates": [
                    33.0785792,
                    -111.97667601
                ]
            },
            "properties": {
                "pa_label": "p11-4-S3",
                "PSDATE": "06/28/2021",
                "PHTD": {
                    "1": 0.41
                },
                "MSNODE": {
                    "1": 14
                },
                "PFNODE": {
                    "1": 7
                },
                "FRBNUM": {
                    "1": 7
                },
                "ABCNUM": 0,
                "SQRNUM": 10,
                "FLRNUM": 0,
                "GBNUM": 0,
                "MBNUM": 0,
                "LWAD": 283.4,
                "SWAD": 236.7,
                "MBWAD": 0.0,
                "PWAD": 32.6,
                "LAID": 0.49
            },
            "_id": "67eeba338ac547ce9c2d1c7c",
            "paid": "67eeba338ac547ce9c2d1c7c"
        },
        {
            "type": "Feature",
            "geometry": {
                "type": "Point",
                "coordinates": [
                    33.07858928,
                    -111.97667594
                ]
            },
            "properties": {
                "pa_label": "p11-4-S4",
                "PSDATE": "07/12/2021",
                "PHTD": {
                    "1": 0.61
                },
                "MSNODE": {
                    "1": 20
                },
                "PFNODE": {
                    "1": 7
                },
                "FRBNUM": {
                    "1": 13
                },
                "ABCNUM": 7,
                "SQRNUM": 14,
                "FLRNUM": 1,
                "GBNUM": 4,
                "MBNUM": 0,
                "LWAD": 611.6,
                "SWAD": 682.9,
                "MBWAD": 0.0,
                "PWAD": 180.4,
                "LAID": 1.115
            },
            "_id": "67eeba338ac547ce9c2d1c7d",
            "paid": "67eeba338ac547ce9c2d1c7d"
        },
        {
            "type": "Feature",
            "geometry": {
                "type": "Point",
                "coordinates": [
                    33.07859937,
                    -111.97667587
                ]
            },
            "properties": {
                "pa_label": "p11-4-S5",
                "PSDATE": "07/27/2021",
                "PHTD": {
                    "1": 0.93
                },
                "MSNODE": {
                    "1": 26
                },
                "PFNODE": {
                    "1": 7
                },
                "FRBNUM": {
                    "1": 19
                },
                "ABCNUM": 26,
                "SQRNUM": 16,
                "FLRNUM": 0,
                "GBNUM": 11,
                "MBNUM": 0,
                "LWAD": 1521.5,
                "SWAD": 2066.2,
                "MBWAD": 0.0,
                "PWAD": 851.8,
                "LAID": 3.14
            },
            "_id": "67eeba338ac547ce9c2d1c7e",
            "paid": "67eeba338ac547ce9c2d1c7e"
        },
        {
            "type": "Feature",
            "geometry": {
                "type": "Point",
                "coordinates": [
                    33.07860946,
                    -111.9766758
                ]
            },
            "properties": {
                "pa_label": "p11-4-S6",
                "PSDATE": "08/19/2021",
                "PHTD": {
                    "1": 1.34
                },
                "MSNODE": {
                    "1": 34
                },
                "PFNODE": {
                    "1": 5
                },
                "FRBNUM": {
                    "1": 29
                },
                "ABCNUM": 70,
                "SQRNUM": 19,
                "FLRNUM": 0,
                "GBNUM": 3,
                "MBNUM": 0,
                "LWAD": 2857.4,
                "SWAD": 4930.6,
                "MBWAD": 0.0,
                "PWAD": 516.6,
                "LAID": 5.539
            },
            "_id": "67eeba338ac547ce9c2d1c7f",
            "paid": "67eeba338ac547ce9c2d1c7f"
        },
        {
            "type": "Feature",
            "geometry": {
                "type": "Point",
                "coordinates": [
                    33.07861955,
                    -111.97667573
                ]
            },
            "properties": {
                "pa_label": "p11-4-S7",
                "PSDATE": "09/08/2021",
                "PHTD": {
                    "1": 1.97
                },
                "MSNODE": {
                    "1": 43
                },
                "PFNODE": {
                    "1": 7
                },
                "FRBNUM": {
                    "1": 36
                },
                "ABCNUM": 120,
                "SQRNUM": 33,
                "FLRNUM": 2,
                "GBNUM": 22,
                "MBNUM": 15,
                "LWAD": 4754.6,
                "SWAD": 13224.6,
                "MBWAD": 3503.3,
                "PWAD": 6222.5,
                "LAID": 9.071
            },
            "_id": "67eeba338ac547ce9c2d1c80",
            "paid": "67eeba338ac547ce9c2d1c80"
        },
        {
            "type": "Feature",
            "geometry": {
                "type": "Point",
                "coordinates": [
                    33.07964057,
                    -111.9765162
                ]
            },
            "properties": {
                "pa_label": "p12-1-S1",
                "PSDATE": "06/01/2021",
                "PHTD": {
                    "1": 0.16
                },
                "MSNODE": {
                    "1": 7
                },
                "FRBNUM": {
                    "1": 0
                },
                "ABCNUM": 0,
                "SQRNUM": 0,
                "FLRNUM": 0,
                "GBNUM": 0,
                "MBNUM": 0,
                "LWAD": 53.7,
                "SWAD": 22.0,
                "MBWAD": 0.0,
                "PWAD": 0.0,
                "LAID": 0.07
            },
            "_id": "67eeba338ac547ce9c2d1c81",
            "paid": "67eeba338ac547ce9c2d1c81"
        },
        {
            "type": "Feature",
            "geometry": {
                "type": "Point",
                "coordinates": [
                    33.07965065,
                    -111.97651613
                ]
            },
            "properties": {
                "pa_label": "p12-1-S2",
                "PSDATE": "06/14/2021",
                "PHTD": {
                    "1": 0.18
                },
                "MSNODE": {
                    "1": 11
                },
                "PFNODE": {
                    "1": 9
                },
                "FRBNUM": {
                    "1": 2
                },
                "ABCNUM": 0,
                "SQRNUM": 2,
                "FLRNUM": 0,
                "GBNUM": 0,
                "MBNUM": 0,
                "LWAD": 155.8,
                "SWAD": 60.7,
                "MBWAD": 0.0,
                "PWAD": 1.8,
                "LAID": 0.158
            },
            "_id": "67eeba338ac547ce9c2d1c82",
            "paid": "67eeba338ac547ce9c2d1c82"
        },
        {
            "type": "Feature",
            "geometry": {
                "type": "Point",
                "coordinates": [
                    33.07966074,
                    -111.97651606
                ]
            },
            "properties": {
                "pa_label": "p12-1-S3",
                "PSDATE": "06/28/2021",
                "PHTD": {
                    "1": 0.35
                },
                "MSNODE": {
                    "1": 18
                },
                "PFNODE": {
                    "1": 9
                },
                "FRBNUM": {
                    "1": 9
                },
                "ABCNUM": 2,
                "SQRNUM": 17,
                "FLRNUM": 0,
                "GBNUM": 0,
                "MBNUM": 0,
                "LWAD": 619.5,
                "SWAD": 384.6,
                "MBWAD": 0.0,
                "PWAD": 85.4,
                "LAID": 0.851
            },
            "_id": "67eeba338ac547ce9c2d1c83",
            "paid": "67eeba338ac547ce9c2d1c83"
        },
        {
            "type": "Feature",
            "geometry": {
                "type": "Point",
                "coordinates": [
                    33.07967083,
                    -111.97651599
                ]
            },
            "properties": {
                "pa_label": "p12-1-S4",
                "PSDATE": "07/12/2021",
                "PHTD": {
                    "1": 0.35
                },
                "MSNODE": {
                    "1": 21
                },
                "PFNODE": {
                    "1": 7
                },
                "FRBNUM": {
                    "1": 14
                },
                "ABCNUM": 6,
                "SQRNUM": 21,
                "FLRNUM": 0,
                "GBNUM": 4,
                "MBNUM": 0,
                "LWAD": 1159.0,
                "SWAD": 623.0,
                "MBWAD": 0.0,
                "PWAD": 311.5,
                "LAID": 1.45
            },
            "_id": "67eeba338ac547ce9c2d1c84",
            "paid": "67eeba338ac547ce9c2d1c84"
        },
        {
            "type": "Feature",
            "geometry": {
                "type": "Point",
                "coordinates": [
                    33.07968092,
                    -111.97651592
                ]
            },
            "properties": {
                "pa_label": "p12-1-S5",
                "PSDATE": "07/27/2021",
                "PHTD": {
                    "1": 0.98
                },
                "MSNODE": {
                    "1": 26
                },
                "PFNODE": {
                    "1": 7
                },
                "FRBNUM": {
                    "1": 19
                },
                "ABCNUM": 36,
                "SQRNUM": 12,
                "FLRNUM": 0,
                "GBNUM": 8,
                "MBNUM": 0,
                "LWAD": 2643.5,
                "SWAD": 3096.7,
                "MBWAD": 0.0,
                "PWAD": 996.2,
                "LAID": 4.833
            },
            "_id": "67eeba338ac547ce9c2d1c85",
            "paid": "67eeba338ac547ce9c2d1c85"
        },
        {
            "type": "Feature",
            "geometry": {
                "type": "Point",
                "coordinates": [
                    33.07969101,
                    -111.97651585
                ]
            },
            "properties": {
                "pa_label": "p12-1-S6",
                "PSDATE": "08/19/2021",
                "PHTD": {
                    "1": 1.89
                },
                "MSNODE": {
                    "1": 35
                },
                "PFNODE": {
                    "1": 8
                },
                "FRBNUM": {
                    "1": 27
                },
                "ABCNUM": 77,
                "SQRNUM": 29,
                "FLRNUM": 0,
                "GBNUM": 3,
                "MBNUM": 0,
                "LWAD": 4409.7,
                "SWAD": 8076.6,
                "MBWAD": 0.0,
                "PWAD": 554.4,
                "LAID": 8.557
            },
            "_id": "67eeba338ac547ce9c2d1c86",
            "paid": "67eeba338ac547ce9c2d1c86"
        },
        {
            "type": "Feature",
            "geometry": {
                "type": "Point",
                "coordinates": [
                    33.07970109,
                    -111.97651578
                ]
            },
            "properties": {
                "pa_label": "p12-1-S7",
                "PSDATE": "09/08/2021",
                "PHTD": {
                    "1": 1.76
                },
                "MSNODE": {
                    "1": 39
                },
                "PFNODE": {
                    "1": 8
                },
                "FRBNUM": {
                    "1": 31
                },
                "ABCNUM": 64,
                "SQRNUM": 34,
                "FLRNUM": 0,
                "GBNUM": 16,
                "MBNUM": 0,
                "LWAD": 3266.6,
                "SWAD": 7260.0,
                "MBWAD": 0.0,
                "PWAD": 999.7,
                "LAID": 5.972
            },
            "_id": "67eeba338ac547ce9c2d1c87",
            "paid": "67eeba338ac547ce9c2d1c87"
        },
        {
            "type": "Feature",
            "geometry": {
                "type": "Point",
                "coordinates": [
                    33.0792798,
                    -111.97651872
                ]
            },
            "properties": {
                "pa_label": "p12-2-S1",
                "PSDATE": "06/01/2021",
                "PHTD": {
                    "1": 0.12
                },
                "MSNODE": {
                    "1": 6
                },
                "FRBNUM": {
                    "1": 0
                },
                "ABCNUM": 0,
                "SQRNUM": 0,
                "FLRNUM": 0,
                "GBNUM": 0,
                "MBNUM": 0,
                "LWAD": 62.5,
                "SWAD": 21.1,
                "MBWAD": 0.0,
                "PWAD": 0.0,
                "LAID": 0.08
            },
            "_id": "67eeba338ac547ce9c2d1c88",
            "paid": "67eeba338ac547ce9c2d1c88"
        },
        {
            "type": "Feature",
            "geometry": {
                "type": "Point",
                "coordinates": [
                    33.07928989,
                    -111.97651865
                ]
            },
            "properties": {
                "pa_label": "p12-2-S2",
                "PSDATE": "06/14/2021",
                "PHTD": {
                    "1": 0.3
                },
                "MSNODE": {
                    "1": 12
                },
                "PFNODE": {
                    "1": 8
                },
                "FRBNUM": {
                    "1": 6
                },
                "ABCNUM": 0,
                "SQRNUM": 7,
                "FLRNUM": 0,
                "GBNUM": 0,
                "MBNUM": 0,
                "LWAD": 431.2,
                "SWAD": 218.2,
                "MBWAD": 0.0,
                "PWAD": 6.2,
                "LAID": 0.549
            },
            "_id": "67eeba338ac547ce9c2d1c89",
            "paid": "67eeba338ac547ce9c2d1c89"
        },
        {
            "type": "Feature",
            "geometry": {
                "type": "Point",
                "coordinates": [
                    33.07929998,
                    -111.97651858
                ]
            },
            "properties": {
                "pa_label": "p12-2-S3",
                "PSDATE": "06/28/2021",
                "PHTD": {
                    "1": 0.6
                },
                "MSNODE": {
                    "1": 17
                },
                "PFNODE": {
                    "1": 9
                },
                "FRBNUM": {
                    "1": 8
                },
                "ABCNUM": 3,
                "SQRNUM": 10,
                "FLRNUM": 0,
                "GBNUM": 0,
                "MBNUM": 0,
                "LWAD": 580.8,
                "SWAD": 484.0,
                "MBWAD": 0.0,
                "PWAD": 29.0,
                "LAID": 1.094
            },
            "_id": "67eeba338ac547ce9c2d1c8a",
            "paid": "67eeba338ac547ce9c2d1c8a"
        },
        {
            "type": "Feature",
            "geometry": {
                "type": "Point",
                "coordinates": [
                    33.07931006,
                    -111.97651851
                ]
            },
            "properties": {
                "pa_label": "p12-2-S4",
                "PSDATE": "07/12/2021",
                "PHTD": {
                    "1": 0.9
                },
                "MSNODE": {
                    "1": 20
                },
                "PFNODE": {
                    "1": 6
                },
                "FRBNUM": {
                    "1": 14
                },
                "ABCNUM": 11,
                "SQRNUM": 18,
                "FLRNUM": 0,
                "GBNUM": 8,
                "MBNUM": 0,
                "LWAD": 1469.6,
                "SWAD": 1580.5,
                "MBWAD": 0.0,
                "PWAD": 466.4,
                "LAID": 2.773
            },
            "_id": "67eeba338ac547ce9c2d1c8b",
            "paid": "67eeba338ac547ce9c2d1c8b"
        },
        {
            "type": "Feature",
            "geometry": {
                "type": "Point",
                "coordinates": [
                    33.07932015,
                    -111.97651844
                ]
            },
            "properties": {
                "pa_label": "p12-2-S5",
                "PSDATE": "07/27/2021",
                "PHTD": {
                    "1": 1.18
                },
                "MSNODE": {
                    "1": 28
                },
                "PFNODE": {
                    "1": 7
                },
                "FRBNUM": {
                    "1": 21
                },
                "ABCNUM": 52,
                "SQRNUM": 16,
                "FLRNUM": 0,
                "GBNUM": 7,
                "MBNUM": 0,
                "LWAD": 1188.9,
                "SWAD": 3580.7,
                "MBWAD": 0.0,
                "PWAD": 1206.5,
                "LAID": 6.122
            },
            "_id": "67eeba338ac547ce9c2d1c8c",
            "paid": "67eeba338ac547ce9c2d1c8c"
        },
        {
            "type": "Feature",
            "geometry": {
                "type": "Point",
                "coordinates": [
                    33.07933024,
                    -111.97651837
                ]
            },
            "properties": {
                "pa_label": "p12-2-S6",
                "PSDATE": "08/19/2021",
                "PHTD": {
                    "1": 1.66
                },
                "MSNODE": {
                    "1": 32
                },
                "PFNODE": {
                    "1": 6
                },
                "FRBNUM": {
                    "1": 26
                },
                "ABCNUM": 72,
                "SQRNUM": 20,
                "FLRNUM": 0,
                "GBNUM": 2,
                "MBNUM": 1,
                "LWAD": 2595.1,
                "SWAD": 4505.6,
                "MBWAD": 405.7,
                "PWAD": 781.4,
                "LAID": 5.135
            },
            "_id": "67eeba338ac547ce9c2d1c8d",
            "paid": "67eeba338ac547ce9c2d1c8d"
        },
        {
            "type": "Feature",
            "geometry": {
                "type": "Point",
                "coordinates": [
                    33.07934033,
                    -111.9765183
                ]
            },
            "properties": {
                "pa_label": "p12-2-S7",
                "PSDATE": "09/08/2021",
                "PHTD": {
                    "1": 1.49
                },
                "MSNODE": {
                    "1": 35
                },
                "PFNODE": {
                    "1": 7
                },
                "FRBNUM": {
                    "1": 26
                },
                "ABCNUM": 46,
                "SQRNUM": 7,
                "FLRNUM": 0,
                "GBNUM": 3,
                "MBNUM": 8,
                "LWAD": 1335.8,
                "SWAD": 2622.4,
                "MBWAD": 1801.4,
                "PWAD": 2043.4,
                "LAID": 2.603
            },
            "_id": "67eeba338ac547ce9c2d1c8e",
            "paid": "67eeba338ac547ce9c2d1c8e"
        },
        {
            "type": "Feature",
            "geometry": {
                "type": "Point",
                "coordinates": [
                    33.07891903,
                    -111.97652125
                ]
            },
            "properties": {
                "pa_label": "p12-3-S1",
                "PSDATE": "06/01/2021",
                "PHTD": {
                    "1": 0.08
                },
                "MSNODE": {
                    "1": 5
                },
                "FRBNUM": {
                    "1": 0
                },
                "ABCNUM": 0,
                "SQRNUM": 0,
                "FLRNUM": 0,
                "GBNUM": 0,
                "MBNUM": 0,
                "LWAD": 30.8,
                "SWAD": 9.7,
                "MBWAD": 0.0,
                "PWAD": 0.0,
                "LAID": 0.037
            },
            "_id": "67eeba338ac547ce9c2d1c8f",
            "paid": "67eeba338ac547ce9c2d1c8f"
        },
        {
            "type": "Feature",
            "geometry": {
                "type": "Point",
                "coordinates": [
                    33.07892912,
                    -111.97652118
                ]
            },
            "properties": {
                "pa_label": "p12-3-S2",
                "PSDATE": "06/14/2021",
                "PHTD": {
                    "1": 0.18
                },
                "MSNODE": {
                    "1": 10
                },
                "PFNODE": {
                    "1": 5
                },
                "FRBNUM": {
                    "1": 5
                },
                "ABCNUM": 0,
                "SQRNUM": 5,
                "FLRNUM": 0,
                "GBNUM": 0,
                "MBNUM": 0,
                "LWAD": 109.1,
                "SWAD": 52.8,
                "MBWAD": 0.0,
                "PWAD": 10.6,
                "LAID": 0.149
            },
            "_id": "67eeba338ac547ce9c2d1c90",
            "paid": "67eeba338ac547ce9c2d1c90"
        },
        {
            "type": "Feature",
            "geometry": {
                "type": "Point",
                "coordinates": [
                    33.07893921,
                    -111.97652111
                ]
            },
            "properties": {
                "pa_label": "p12-3-S3",
                "PSDATE": "06/28/2021",
                "PHTD": {
                    "1": 0.36
                },
                "MSNODE": {
                    "1": 17
                },
                "PFNODE": {
                    "1": 5
                },
                "FRBNUM": {
                    "1": 12
                },
                "ABCNUM": 1,
                "SQRNUM": 21,
                "FLRNUM": 0,
                "GBNUM": 2,
                "MBNUM": 0,
                "LWAD": 768.2,
                "SWAD": 511.3,
                "MBWAD": 0.0,
                "PWAD": 192.7,
                "LAID": 0.855
            },
            "_id": "67eeba338ac547ce9c2d1c91",
            "paid": "67eeba338ac547ce9c2d1c91"
        },
        {
            "type": "Feature",
            "geometry": {
                "type": "Point",
                "coordinates": [
                    33.0789493,
                    -111.97652104
                ]
            },
            "properties": {
                "pa_label": "p12-3-S4",
                "PSDATE": "07/12/2021",
                "PHTD": {
                    "1": 0.78
                },
                "MSNODE": {
                    "1": 23
                },
                "PFNODE": {
                    "1": 7
                },
                "FRBNUM": {
                    "1": 16
                },
                "ABCNUM": 7,
                "SQRNUM": 32,
                "FLRNUM": 1,
                "GBNUM": 8,
                "MBNUM": 0,
                "LWAD": 1747.7,
                "SWAD": 1760.9,
                "MBWAD": 0.0,
                "PWAD": 633.6,
                "LAID": 3.199
            },
            "_id": "67eeba338ac547ce9c2d1c92",
            "paid": "67eeba338ac547ce9c2d1c92"
        },
        {
            "type": "Feature",
            "geometry": {
                "type": "Point",
                "coordinates": [
                    33.07895938,
                    -111.97652097
                ]
            },
            "properties": {
                "pa_label": "p12-3-S5",
                "PSDATE": "07/27/2021",
                "PHTD": {
                    "1": 1.04
                },
                "MSNODE": {
                    "1": 24
                },
                "PFNODE": {
                    "1": 7
                },
                "FRBNUM": {
                    "1": 17
                },
                "ABCNUM": 22,
                "SQRNUM": 11,
                "FLRNUM": 0,
                "GBNUM": 3,
                "MBNUM": 0,
                "LWAD": 1294.5,
                "SWAD": 1695.8,
                "MBWAD": 0.0,
                "PWAD": 271.9,
                "LAID": 3.219
            },
            "_id": "67eeba338ac547ce9c2d1c93",
            "paid": "67eeba338ac547ce9c2d1c93"
        },
        {
            "type": "Feature",
            "geometry": {
                "type": "Point",
                "coordinates": [
                    33.07896947,
                    -111.9765209
                ]
            },
            "properties": {
                "pa_label": "p12-3-S6",
                "PSDATE": "08/19/2021",
                "PHTD": {
                    "1": 1.79
                },
                "MSNODE": {
                    "1": 35
                },
                "PFNODE": {
                    "1": 7
                },
                "FRBNUM": {
                    "1": 28
                },
                "ABCNUM": 73,
                "SQRNUM": 33,
                "FLRNUM": 0,
                "GBNUM": 5,
                "MBNUM": 0,
                "LWAD": 4011.0,
                "SWAD": 7038.2,
                "MBWAD": 0.0,
                "PWAD": 690.8,
                "LAID": 7.889
            },
            "_id": "67eeba338ac547ce9c2d1c94",
            "paid": "67eeba338ac547ce9c2d1c94"
        },
        {
            "type": "Feature",
            "geometry": {
                "type": "Point",
                "coordinates": [
                    33.07897956,
                    -111.97652082
                ]
            },
            "properties": {
                "pa_label": "p12-3-S7",
                "PSDATE": "09/08/2021",
                "PHTD": {
                    "1": 1.72
                },
                "MSNODE": {
                    "1": 37
                },
                "PFNODE": {
                    "1": 8
                },
                "FRBNUM": {
                    "1": 29
                },
                "ABCNUM": 64,
                "SQRNUM": 15,
                "FLRNUM": 0,
                "GBNUM": 11,
                "MBNUM": 7,
                "LWAD": 2668.2,
                "SWAD": 5428.7,
                "MBWAD": 2075.9,
                "PWAD": 3012.2,
                "LAID": 5.277
            },
            "_id": "67eeba338ac547ce9c2d1c95",
            "paid": "67eeba338ac547ce9c2d1c95"
        },
        {
            "type": "Feature",
            "geometry": {
                "type": "Point",
                "coordinates": [
                    33.07855827,
                    -111.97652377
                ]
            },
            "properties": {
                "pa_label": "p12-4-S1",
                "PSDATE": "06/01/2021",
                "PHTD": {
                    "1": 0.11
                },
                "MSNODE": {
                    "1": 5
                },
                "FRBNUM": {
                    "1": 0
                },
                "ABCNUM": 0,
                "SQRNUM": 0,
                "FLRNUM": 0,
                "GBNUM": 0,
                "MBNUM": 0,
                "LWAD": 29.0,
                "SWAD": 10.6,
                "MBWAD": 0.0,
                "PWAD": 0.0,
                "LAID": 0.038
            },
            "_id": "67eeba338ac547ce9c2d1c96",
            "paid": "67eeba338ac547ce9c2d1c96"
        },
        {
            "type": "Feature",
            "geometry": {
                "type": "Point",
                "coordinates": [
                    33.07856835,
                    -111.9765237
                ]
            },
            "properties": {
                "pa_label": "p12-4-S2",
                "PSDATE": "06/14/2021",
                "PHTD": {
                    "1": 0.26
                },
                "MSNODE": {
                    "1": 11
                },
                "PFNODE": {
                    "1": 7
                },
                "FRBNUM": {
                    "1": 4
                },
                "ABCNUM": 0,
                "SQRNUM": 4,
                "FLRNUM": 0,
                "GBNUM": 0,
                "MBNUM": 0,
                "LWAD": 205.9,
                "SWAD": 111.8,
                "MBWAD": 0.0,
                "PWAD": 3.5,
                "LAID": 0.312
            },
            "_id": "67eeba338ac547ce9c2d1c97",
            "paid": "67eeba338ac547ce9c2d1c97"
        },
        {
            "type": "Feature",
            "geometry": {
                "type": "Point",
                "coordinates": [
                    33.07857844,
                    -111.97652363
                ]
            },
            "properties": {
                "pa_label": "p12-4-S3",
                "PSDATE": "06/28/2021",
                "PHTD": {
                    "1": 0.49
                },
                "MSNODE": {
                    "1": 15
                },
                "PFNODE": {
                    "1": 5
                },
                "FRBNUM": {
                    "1": 10
                },
                "ABCNUM": 1,
                "SQRNUM": 13,
                "FLRNUM": 1,
                "GBNUM": 0,
                "MBNUM": 0,
                "LWAD": 537.7,
                "SWAD": 405.7,
                "MBWAD": 0.0,
                "PWAD": 79.2,
                "LAID": 0.925
            },
            "_id": "67eeba338ac547ce9c2d1c98",
            "paid": "67eeba338ac547ce9c2d1c98"
        },
        {
            "type": "Feature",
            "geometry": {
                "type": "Point",
                "coordinates": [
                    33.07858853,
                    -111.97652356
                ]
            },
            "properties": {
                "pa_label": "p12-4-S4",
                "PSDATE": "07/12/2021",
                "PHTD": {
                    "1": 0.79
                },
                "MSNODE": {
                    "1": 23
                },
                "PFNODE": {
                    "1": 6
                },
                "FRBNUM": {
                    "1": 17
                },
                "ABCNUM": 13,
                "SQRNUM": 34,
                "FLRNUM": 1,
                "GBNUM": 7,
                "MBNUM": 0,
                "LWAD": 1836.6,
                "SWAD": 1907.0,
                "MBWAD": 0.0,
                "PWAD": 663.5,
                "LAID": 3.21
            },
            "_id": "67eeba338ac547ce9c2d1c99",
            "paid": "67eeba338ac547ce9c2d1c99"
        },
        {
            "type": "Feature",
            "geometry": {
                "type": "Point",
                "coordinates": [
                    33.07859862,
                    -111.97652349
                ]
            },
            "properties": {
                "pa_label": "p12-4-S5",
                "PSDATE": "07/27/2021",
                "PHTD": {
                    "1": 0.91
                },
                "MSNODE": {
                    "1": 24
                },
                "PFNODE": {
                    "1": 7
                },
                "FRBNUM": {
                    "1": 17
                },
                "ABCNUM": 21,
                "SQRNUM": 10,
                "FLRNUM": 0,
                "GBNUM": 6,
                "MBNUM": 0,
                "LWAD": 1597.2,
                "SWAD": 1739.8,
                "MBWAD": 0.0,
                "PWAD": 1086.8,
                "LAID": 3.252
            },
            "_id": "67eeba338ac547ce9c2d1c9a",
            "paid": "67eeba338ac547ce9c2d1c9a"
        },
        {
            "type": "Feature",
            "geometry": {
                "type": "Point",
                "coordinates": [
                    33.0786087,
                    -111.97652342
                ]
            },
            "properties": {
                "pa_label": "p12-4-S6",
                "PSDATE": "08/19/2021",
                "PHTD": {
                    "1": 1.72
                },
                "MSNODE": {
                    "1": 34
                },
                "PFNODE": {
                    "1": 7
                },
                "FRBNUM": {
                    "1": 27
                },
                "ABCNUM": 66,
                "SQRNUM": 24,
                "FLRNUM": 1,
                "GBNUM": 2,
                "MBNUM": 0,
                "LWAD": 3766.4,
                "SWAD": 6464.5,
                "MBWAD": 0.0,
                "PWAD": 439.1,
                "LAID": 7.383
            },
            "_id": "67eeba338ac547ce9c2d1c9b",
            "paid": "67eeba338ac547ce9c2d1c9b"
        },
        {
            "type": "Feature",
            "geometry": {
                "type": "Point",
                "coordinates": [
                    33.07861879,
                    -111.97652335
                ]
            },
            "properties": {
                "pa_label": "p12-4-S7",
                "PSDATE": "09/08/2021",
                "PHTD": {
                    "1": 1.24
                },
                "MSNODE": {
                    "1": 34
                },
                "PFNODE": {
                    "1": 4
                },
                "FRBNUM": {
                    "1": 30
                },
                "ABCNUM": 68,
                "SQRNUM": 24,
                "FLRNUM": 0,
                "GBNUM": 15,
                "MBNUM": 0,
                "LWAD": 2197.4,
                "SWAD": 3879.9,
                "MBWAD": 0.0,
                "PWAD": 1102.6,
                "LAID": 4.275
            },
            "_id": "67eeba338ac547ce9c2d1c9c",
            "paid": "67eeba338ac547ce9c2d1c9c"
        }
    ]
}