{
    "type": "FeatureCollection",
    "features": [
        {
            "type": "Feature",
            "geometry": {
                "type": "Point",
                "coordinates": [
                    33.07937824,
                    -111.97818166
                ]
            },
            "properties": {
                "sca_label": "p01-2",
                "SOIL_DATE": "2021-04-21",
                "SLPHW": [
                    {
                        "depth": 20,
                        "mindepth": 0,
                        "maxdepth": 40,
                        "value": 8.3
                    },
                    {
                        "depth": 60,
                        "mindepth": 40,
                        "maxdepth": 80,
                        "value": 8.5
                    },
                    {
                        "depth": 100,
                        "mindepth": 80,
                        "maxdepth": 120,
                        "value": 8.3
                    },
                    {
                        "depth": 140,
                        "mindepth": 120,
                        "maxdepth": 160,
                        "value": 8.3
                    },
                    {
                        "depth": 180,
                        "mindepth": 160,
                        "maxdepth": 200,
                        "value": 8.3
                    }
                ],
                "SLPHB": [
                    {
                        "depth": 20,
                        "mindepth": 0,
                        "maxdepth": 40,
                        "value": 7.2
                    },
                    {
                        "depth": 60,
                        "mindepth": 40,
                        "maxdepth": 80,
                        "value": 7.2
                    },
                    {
                        "depth": 100,
                        "mindepth": 80,
                        "maxdepth": 120,
                        "value": 7.2
                    },
                    {
                        "depth": 140,
                        "mindepth": 120,
                        "maxdepth": 160,
                        "value": 7.2
                    },
                    {
                        "depth": 180,
                        "mindepth": 160,
                        "maxdepth": 200,
                        "value": 7.2
                    }
                ],
                "SLEC": [
                    {
                        "depth": 20,
                        "mindepth": 0,
                        "maxdepth": 40,
                        "value": 0.82
                    },
                    {
                        "depth": 60,
                        "mindepth": 40,
                        "maxdepth": 80,
                        "value": 0.65
                    },
                    {
                        "depth": 100,
                        "mindepth": 80,
                        "maxdepth": 120,
                        "value": 0.99
                    },
                    {
                        "depth": 140,
                        "mindepth": 120,
                        "maxdepth": 160,
                        "value": 0.9
                    },
                    {
                        "depth": 180,
                        "mindepth": 160,
                        "maxdepth": 200,
                        "value": 0.76
                    }
                ],
                "SLOM": [
                    {
                        "depth": 20,
                        "mindepth": 0,
                        "maxdepth": 40,
                        "value": 1.2
                    },
                    {
                        "depth": 60,
                        "mindepth": 40,
                        "maxdepth": 80,
                        "value": 1.1
                    },
                    {
                        "depth": 100,
                        "mindepth": 80,
                        "maxdepth": 120,
                        "value": 1.0
                    },
                    {
                        "depth": 140,
                        "mindepth": 120,
                        "maxdepth": 160,
                        "value": 1.0
                    },
                    {
                        "depth": 180,
                        "mindepth": 160,
                        "maxdepth": 200,
                        "value": 0.7
                    }
                ],
                "SNO3": [
                    {
                        "depth": 20,
                        "mindepth": 0,
                        "maxdepth": 40,
                        "value": 1.7
                    },
                    {
                        "depth": 60,
                        "mindepth": 40,
                        "maxdepth": 80,
                        "value": 5.2
                    },
                    {
                        "depth": 100,
                        "mindepth": 80,
                        "maxdepth": 120,
                        "value": 11.0
                    },
                    {
                        "depth": 140,
                        "mindepth": 120,
                        "maxdepth": 160,
                        "value": 4.8
                    },
                    {
                        "depth": 180,
                        "mindepth": 160,
                        "maxdepth": 200,
                        "value": 5.2
                    }
                ],
                "SLPX": [
                    {
                        "depth": 20,
                        "mindepth": 0,
                        "maxdepth": 40,
                        "value": 3.7
                    },
                    {
                        "depth": 60,
                        "mindepth": 40,
                        "maxdepth": 80,
                        "value": 6.0
                    },
                    {
                        "depth": 100,
                        "mindepth": 80,
                        "maxdepth": 120,
                        "value": 10.7
                    },
                    {
                        "depth": 140,
                        "mindepth": 120,
                        "maxdepth": 160,
                        "value": 6.2
                    },
                    {
                        "depth": 180,
                        "mindepth": 160,
                        "maxdepth": 200,
                        "value": 6.0
                    }
                ],
                "SLKE": [
                    {
                        "depth": 20,
                        "mindepth": 0,
                        "maxdepth": 40,
                        "value": 338
                    },
                    {
                        "depth": 60,
                        "mindepth": 40,
                        "maxdepth": 80,
                        "value": 262
                    },
                    {
                        "depth": 100,
                        "mindepth": 80,
                        "maxdepth": 120,
                        "value": 269
                    },
                    {
                        "depth": 140,
                        "mindepth": 120,
                        "maxdepth": 160,
                        "value": 249
                    },
                    {
                        "depth": 180,
                        "mindepth": 160,
                        "maxdepth": 200,
                        "value": 138
                    }
                ],
                "SLSU": [
                    {
                        "depth": 20,
                        "mindepth": 0,
                        "maxdepth": 40,
                        "value": 79.0
                    },
                    {
                        "depth": 60,
                        "mindepth": 40,
                        "maxdepth": 80,
                        "value": 85.3
                    },
                    {
                        "depth": 100,
                        "mindepth": 80,
                        "maxdepth": 120,
                        "value": 130.8
                    },
                    {
                        "depth": 140,
                        "mindepth": 120,
                        "maxdepth": 160,
                        "value": 91.0
                    },
                    {
                        "depth": 180,
                        "mindepth": 160,
                        "maxdepth": 200,
                        "value": 82.9
                    }
                ],
                "SLZN": [
                    {
                        "depth": 20,
                        "mindepth": 0,
                        "maxdepth": 40,
                        "value": 2.16
                    },
                    {
                        "depth": 60,
                        "mindepth": 40,
                        "maxdepth": 80,
                        "value": 2.64
                    },
                    {
                        "depth": 100,
                        "mindepth": 80,
                        "maxdepth": 120,
                        "value": 3.08
                    },
                    {
                        "depth": 140,
                        "mindepth": 120,
                        "maxdepth": 160,
                        "value": 2.54
                    },
                    {
                        "depth": 180,
                        "mindepth": 160,
                        "maxdepth": 200,
                        "value": 2.37
                    }
                ],
                "SLFE": [
                    {
                        "depth": 20,
                        "mindepth": 0,
                        "maxdepth": 40,
                        "value": 7.1
                    },
                    {
                        "depth": 60,
                        "mindepth": 40,
                        "maxdepth": 80,
                        "value": 6.8
                    },
                    {
                        "depth": 100,
                        "mindepth": 80,
                        "maxdepth": 120,
                        "value": 6.8
                    },
                    {
                        "depth": 140,
                        "mindepth": 120,
                        "maxdepth": 160,
                        "value": 6.0
                    },
                    {
                        "depth": 180,
                        "mindepth": 160,
                        "maxdepth": 200,
                        "value": 4.7
                    }
                ],
                "SLMN": [
                    {
                        "depth": 20,
                        "mindepth": 0,
                        "maxdepth": 40,
                        "value": 10.7
                    },
                    {
                        "depth": 60,
                        "mindepth": 40,
                        "maxdepth": 80,
                        "value": 9.1
                    },
                    {
                        "depth": 100,
                        "mindepth": 80,
                        "maxdepth": 120,
                        "value": 9.1
                    },
                    {
                        "depth": 140,
                        "mindepth": 120,
                        "maxdepth": 160,
                        "value": 7.8
                    },
                    {
                        "depth": 180,
                        "mindepth": 160,
                        "maxdepth": 200,
                        "value": 2.9
                    }
                ],
                "SLCU": [
                    {
                        "depth": 20,
                        "mindepth": 0,
                        "maxdepth": 40,
                        "value": 2.92
                    },
                    {
                        "depth": 60,
                        "mindepth": 40,
                        "maxdepth": 80,
                        "value": 2.32
                    },
                    {
                        "depth": 100,
                        "mindepth": 80,
                        "maxdepth": 120,
                        "value": 2.09
                    },
                    {
                        "depth": 140,
                        "mindepth": 120,
                        "maxdepth": 160,
                        "value": 1.81
                    },
                    {
                        "depth": 180,
                        "mindepth": 160,
                        "maxdepth": 200,
                        "value": 0.71
                    }
                ],
                "SLCA": [
                    {
                        "depth": 20,
                        "mindepth": 0,
                        "maxdepth": 40,
                        "value": 3188
                    },
                    {
                        "depth": 60,
                        "mindepth": 40,
                        "maxdepth": 80,
                        "value": 4164
                    },
                    {
                        "depth": 100,
                        "mindepth": 80,
                        "maxdepth": 120,
                        "value": 4435
                    },
                    {
                        "depth": 140,
                        "mindepth": 120,
                        "maxdepth": 160,
                        "value": 4205
                    },
                    {
                        "depth": 180,
                        "mindepth": 160,
                        "maxdepth": 200,
                        "value": 4000
                    }
                ],
                "SLMG": [
                    {
                        "depth": 20,
                        "mindepth": 0,
                        "maxdepth": 40,
                        "value": 269
                    },
                    {
                        "depth": 60,
                        "mindepth": 40,
                        "maxdepth": 80,
                        "value": 271
                    },
                    {
                        "depth": 100,
                        "mindepth": 80,
                        "maxdepth": 120,
                        "value": 287
                    },
                    {
                        "depth": 140,
                        "mindepth": 120,
                        "maxdepth": 160,
                        "value": 296
                    },
                    {
                        "depth": 180,
                        "mindepth": 160,
                        "maxdepth": 200,
                        "value": 269
                    }
                ],
                "SLNA": [
                    {
                        "depth": 20,
                        "mindepth": 0,
                        "maxdepth": 40,
                        "value": 646
                    },
                    {
                        "depth": 60,
                        "mindepth": 40,
                        "maxdepth": 80,
                        "value": 625
                    },
                    {
                        "depth": 100,
                        "mindepth": 80,
                        "maxdepth": 120,
                        "value": 734
                    },
                    {
                        "depth": 140,
                        "mindepth": 120,
                        "maxdepth": 160,
                        "value": 580
                    },
                    {
                        "depth": 180,
                        "mindepth": 160,
                        "maxdepth": 200,
                        "value": 418
                    }
                ],
                "SLCEC": [
                    {
                        "depth": 20,
                        "mindepth": 0,
                        "maxdepth": 40,
                        "value": 21.9
                    },
                    {
                        "depth": 60,
                        "mindepth": 40,
                        "maxdepth": 80,
                        "value": 26.5
                    },
                    {
                        "depth": 100,
                        "mindepth": 80,
                        "maxdepth": 120,
                        "value": 28.4
                    },
                    {
                        "depth": 140,
                        "mindepth": 120,
                        "maxdepth": 160,
                        "value": 26.7
                    },
                    {
                        "depth": 180,
                        "mindepth": 160,
                        "maxdepth": 200,
                        "value": 24.4
                    }
                ],
                "pid": "63643f288ac54794e7f9177f"
            },
            "_id": "67f413788ac5471a9830fb97",
            "scaid": "67f413788ac5471a9830fb97"
        },
        {
            "type": "Feature",
            "geometry": {
                "type": "Point",
                "coordinates": [
                    33.07901597,
                    -111.97787941
                ]
            },
            "properties": {
                "sca_label": "p03-3",
                "SOIL_DATE": "2021-04-21",
                "SLPHW": [
                    {
                        "depth": 20,
                        "mindepth": 0,
                        "maxdepth": 40,
                        "value": 8.3
                    },
                    {
                        "depth": 60,
                        "mindepth": 40,
                        "maxdepth": 80,
                        "value": 8.6
                    },
                    {
                        "depth": 100,
                        "mindepth": 80,
                        "maxdepth": 120,
                        "value": 8.4
                    },
                    {
                        "depth": 140,
                        "mindepth": 120,
                        "maxdepth": 160,
                        "value": 8.4
                    },
                    {
                        "depth": 180,
                        "mindepth": 160,
                        "maxdepth": 200,
                        "value": 8.5
                    }
                ],
                "SLPHB": [
                    {
                        "depth": 20,
                        "mindepth": 0,
                        "maxdepth": 40,
                        "value": 7.2
                    },
                    {
                        "depth": 60,
                        "mindepth": 40,
                        "maxdepth": 80,
                        "value": 7.2
                    },
                    {
                        "depth": 100,
                        "mindepth": 80,
                        "maxdepth": 120,
                        "value": 7.2
                    },
                    {
                        "depth": 140,
                        "mindepth": 120,
                        "maxdepth": 160,
                        "value": 7.2
                    },
                    {
                        "depth": 180,
                        "mindepth": 160,
                        "maxdepth": 200,
                        "value": 7.2
                    }
                ],
                "SLEC": [
                    {
                        "depth": 20,
                        "mindepth": 0,
                        "maxdepth": 40,
                        "value": 0.65
                    },
                    {
                        "depth": 60,
                        "mindepth": 40,
                        "maxdepth": 80,
                        "value": 0.76
                    },
                    {
                        "depth": 100,
                        "mindepth": 80,
                        "maxdepth": 120,
                        "value": 1.3
                    },
                    {
                        "depth": 140,
                        "mindepth": 120,
                        "maxdepth": 160,
                        "value": 1.01
                    },
                    {
                        "depth": 180,
                        "mindepth": 160,
                        "maxdepth": 200,
                        "value": 0.57
                    }
                ],
                "SLOM": [
                    {
                        "depth": 20,
                        "mindepth": 0,
                        "maxdepth": 40,
                        "value": 1.2
                    },
                    {
                        "depth": 60,
                        "mindepth": 40,
                        "maxdepth": 80,
                        "value": 0.7
                    },
                    {
                        "depth": 100,
                        "mindepth": 80,
                        "maxdepth": 120,
                        "value": 0.7
                    },
                    {
                        "depth": 140,
                        "mindepth": 120,
                        "maxdepth": 160,
                        "value": 0.6
                    },
                    {
                        "depth": 180,
                        "mindepth": 160,
                        "maxdepth": 200,
                        "value": 0.5
                    }
                ],
                "SNO3": [
                    {
                        "depth": 20,
                        "mindepth": 0,
                        "maxdepth": 40,
                        "value": 1.1
                    },
                    {
                        "depth": 60,
                        "mindepth": 40,
                        "maxdepth": 80,
                        "value": 2.2
                    },
                    {
                        "depth": 100,
                        "mindepth": 80,
                        "maxdepth": 120,
                        "value": 3.5
                    },
                    {
                        "depth": 140,
                        "mindepth": 120,
                        "maxdepth": 160,
                        "value": 1.7
                    },
                    {
                        "depth": 180,
                        "mindepth": 160,
                        "maxdepth": 200,
                        "value": 0.9
                    }
                ],
                "SLPX": [
                    {
                        "depth": 20,
                        "mindepth": 0,
                        "maxdepth": 40,
                        "value": 4.0
                    },
                    {
                        "depth": 60,
                        "mindepth": 40,
                        "maxdepth": 80,
                        "value": 4.1
                    },
                    {
                        "depth": 100,
                        "mindepth": 80,
                        "maxdepth": 120,
                        "value": 3.8
                    },
                    {
                        "depth": 140,
                        "mindepth": 120,
                        "maxdepth": 160,
                        "value": 4.9
                    },
                    {
                        "depth": 180,
                        "mindepth": 160,
                        "maxdepth": 200,
                        "value": 4.1
                    }
                ],
                "SLKE": [
                    {
                        "depth": 20,
                        "mindepth": 0,
                        "maxdepth": 40,
                        "value": 348
                    },
                    {
                        "depth": 60,
                        "mindepth": 40,
                        "maxdepth": 80,
                        "value": 193
                    },
                    {
                        "depth": 100,
                        "mindepth": 80,
                        "maxdepth": 120,
                        "value": 150
                    },
                    {
                        "depth": 140,
                        "mindepth": 120,
                        "maxdepth": 160,
                        "value": 106
                    },
                    {
                        "depth": 180,
                        "mindepth": 160,
                        "maxdepth": 200,
                        "value": 96
                    }
                ],
                "SLSU": [
                    {
                        "depth": 20,
                        "mindepth": 0,
                        "maxdepth": 40,
                        "value": 117.2
                    },
                    {
                        "depth": 60,
                        "mindepth": 40,
                        "maxdepth": 80,
                        "value": 81.3
                    },
                    {
                        "depth": 100,
                        "mindepth": 80,
                        "maxdepth": 120,
                        "value": 207.2
                    },
                    {
                        "depth": 140,
                        "mindepth": 120,
                        "maxdepth": 160,
                        "value": 92.9
                    },
                    {
                        "depth": 180,
                        "mindepth": 160,
                        "maxdepth": 200,
                        "value": 48.9
                    }
                ],
                "SLZN": [
                    {
                        "depth": 20,
                        "mindepth": 0,
                        "maxdepth": 40,
                        "value": 1.58
                    },
                    {
                        "depth": 60,
                        "mindepth": 40,
                        "maxdepth": 80,
                        "value": 0.9
                    },
                    {
                        "depth": 100,
                        "mindepth": 80,
                        "maxdepth": 120,
                        "value": 0.58
                    },
                    {
                        "depth": 140,
                        "mindepth": 120,
                        "maxdepth": 160,
                        "value": 0.43
                    },
                    {
                        "depth": 180,
                        "mindepth": 160,
                        "maxdepth": 200,
                        "value": 0.83
                    }
                ],
                "SLFE": [
                    {
                        "depth": 20,
                        "mindepth": 0,
                        "maxdepth": 40,
                        "value": 7.5
                    },
                    {
                        "depth": 60,
                        "mindepth": 40,
                        "maxdepth": 80,
                        "value": 6.7
                    },
                    {
                        "depth": 100,
                        "mindepth": 80,
                        "maxdepth": 120,
                        "value": 4.5
                    },
                    {
                        "depth": 140,
                        "mindepth": 120,
                        "maxdepth": 160,
                        "value": 3.5
                    },
                    {
                        "depth": 180,
                        "mindepth": 160,
                        "maxdepth": 200,
                        "value": 4.1
                    }
                ],
                "SLMN": [
                    {
                        "depth": 20,
                        "mindepth": 0,
                        "maxdepth": 40,
                        "value": 9.0
                    },
                    {
                        "depth": 60,
                        "mindepth": 40,
                        "maxdepth": 80,
                        "value": 5.5
                    },
                    {
                        "depth": 100,
                        "mindepth": 80,
                        "maxdepth": 120,
                        "value": 2.7
                    },
                    {
                        "depth": 140,
                        "mindepth": 120,
                        "maxdepth": 160,
                        "value": 2.2
                    },
                    {
                        "depth": 180,
                        "mindepth": 160,
                        "maxdepth": 200,
                        "value": 2.1
                    }
                ],
                "SLCU": [
                    {
                        "depth": 20,
                        "mindepth": 0,
                        "maxdepth": 40,
                        "value": 3.15
                    },
                    {
                        "depth": 60,
                        "mindepth": 40,
                        "maxdepth": 80,
                        "value": 1.99
                    },
                    {
                        "depth": 100,
                        "mindepth": 80,
                        "maxdepth": 120,
                        "value": 0.89
                    },
                    {
                        "depth": 140,
                        "mindepth": 120,
                        "maxdepth": 160,
                        "value": 0.52
                    },
                    {
                        "depth": 180,
                        "mindepth": 160,
                        "maxdepth": 200,
                        "value": 0.5
                    }
                ],
                "SLCA": [
                    {
                        "depth": 20,
                        "mindepth": 0,
                        "maxdepth": 40,
                        "value": 3427
                    },
                    {
                        "depth": 60,
                        "mindepth": 40,
                        "maxdepth": 80,
                        "value": 3852
                    },
                    {
                        "depth": 100,
                        "mindepth": 80,
                        "maxdepth": 120,
                        "value": 4532
                    },
                    {
                        "depth": 140,
                        "mindepth": 120,
                        "maxdepth": 160,
                        "value": 4221
                    },
                    {
                        "depth": 180,
                        "mindepth": 160,
                        "maxdepth": 200,
                        "value": 3705
                    }
                ],
                "SLMG": [
                    {
                        "depth": 20,
                        "mindepth": 0,
                        "maxdepth": 40,
                        "value": 309
                    },
                    {
                        "depth": 60,
                        "mindepth": 40,
                        "maxdepth": 80,
                        "value": 310
                    },
                    {
                        "depth": 100,
                        "mindepth": 80,
                        "maxdepth": 120,
                        "value": 351
                    },
                    {
                        "depth": 140,
                        "mindepth": 120,
                        "maxdepth": 160,
                        "value": 263
                    },
                    {
                        "depth": 180,
                        "mindepth": 160,
                        "maxdepth": 200,
                        "value": 225
                    }
                ],
                "SLNA": [
                    {
                        "depth": 20,
                        "mindepth": 0,
                        "maxdepth": 40,
                        "value": 648
                    },
                    {
                        "depth": 60,
                        "mindepth": 40,
                        "maxdepth": 80,
                        "value": 779
                    },
                    {
                        "depth": 100,
                        "mindepth": 80,
                        "maxdepth": 120,
                        "value": 947
                    },
                    {
                        "depth": 140,
                        "mindepth": 120,
                        "maxdepth": 160,
                        "value": 540
                    },
                    {
                        "depth": 180,
                        "mindepth": 160,
                        "maxdepth": 200,
                        "value": 326
                    }
                ],
                "SLCEC": [
                    {
                        "depth": 20,
                        "mindepth": 0,
                        "maxdepth": 40,
                        "value": 23.4
                    },
                    {
                        "depth": 60,
                        "mindepth": 40,
                        "maxdepth": 80,
                        "value": 25.7
                    },
                    {
                        "depth": 100,
                        "mindepth": 80,
                        "maxdepth": 120,
                        "value": 30.1
                    },
                    {
                        "depth": 140,
                        "mindepth": 120,
                        "maxdepth": 160,
                        "value": 25.9
                    },
                    {
                        "depth": 180,
                        "mindepth": 160,
                        "maxdepth": 200,
                        "value": 22.1
                    }
                ],
                "pid": "63643f288ac54794e7f91788"
            },
            "_id": "67f413788ac5471a9830fb98",
            "scaid": "67f413788ac5471a9830fb98"
        },
        {
            "type": "Feature",
            "geometry": {
                "type": "Point",
                "coordinates": [
                    33.07973524,
                    -111.97741815
                ]
            },
            "properties": {
                "sca_label": "p06-1",
                "SOIL_DATE": "2021-04-21",
                "SLPHW": [
                    {
                        "depth": 20,
                        "mindepth": 0,
                        "maxdepth": 40,
                        "value": 8.4
                    },
                    {
                        "depth": 60,
                        "mindepth": 40,
                        "maxdepth": 80,
                        "value": 8.9
                    },
                    {
                        "depth": 100,
                        "mindepth": 80,
                        "maxdepth": 120,
                        "value": 8.7
                    },
                    {
                        "depth": 140,
                        "mindepth": 120,
                        "maxdepth": 160,
                        "value": 8.4
                    },
                    {
                        "depth": 180,
                        "mindepth": 160,
                        "maxdepth": 200,
                        "value": 8.4
                    }
                ],
                "SLPHB": [
                    {
                        "depth": 20,
                        "mindepth": 0,
                        "maxdepth": 40,
                        "value": 7.2
                    },
                    {
                        "depth": 60,
                        "mindepth": 40,
                        "maxdepth": 80,
                        "value": 7.2
                    },
                    {
                        "depth": 100,
                        "mindepth": 80,
                        "maxdepth": 120,
                        "value": 7.2
                    },
                    {
                        "depth": 140,
                        "mindepth": 120,
                        "maxdepth": 160,
                        "value": 7.2
                    },
                    {
                        "depth": 180,
                        "mindepth": 160,
                        "maxdepth": 200,
                        "value": 7.2
                    }
                ],
                "SLEC": [
                    {
                        "depth": 20,
                        "mindepth": 0,
                        "maxdepth": 40,
                        "value": 0.49
                    },
                    {
                        "depth": 60,
                        "mindepth": 40,
                        "maxdepth": 80,
                        "value": 0.54
                    },
                    {
                        "depth": 100,
                        "mindepth": 80,
                        "maxdepth": 120,
                        "value": 0.63
                    },
                    {
                        "depth": 140,
                        "mindepth": 120,
                        "maxdepth": 160,
                        "value": 0.81
                    },
                    {
                        "depth": 180,
                        "mindepth": 160,
                        "maxdepth": 200,
                        "value": 0.9
                    }
                ],
                "SLOM": [
                    {
                        "depth": 20,
                        "mindepth": 0,
                        "maxdepth": 40,
                        "value": 1.3
                    },
                    {
                        "depth": 60,
                        "mindepth": 40,
                        "maxdepth": 80,
                        "value": 0.8
                    },
                    {
                        "depth": 100,
                        "mindepth": 80,
                        "maxdepth": 120,
                        "value": 0.6
                    },
                    {
                        "depth": 140,
                        "mindepth": 120,
                        "maxdepth": 160,
                        "value": 0.7
                    },
                    {
                        "depth": 180,
                        "mindepth": 160,
                        "maxdepth": 200,
                        "value": 0.7
                    }
                ],
                "SNO3": [
                    {
                        "depth": 20,
                        "mindepth": 0,
                        "maxdepth": 40,
                        "value": 0.7
                    },
                    {
                        "depth": 60,
                        "mindepth": 40,
                        "maxdepth": 80,
                        "value": 1.0
                    },
                    {
                        "depth": 100,
                        "mindepth": 80,
                        "maxdepth": 120,
                        "value": 1.8
                    },
                    {
                        "depth": 140,
                        "mindepth": 120,
                        "maxdepth": 160,
                        "value": 5.2
                    },
                    {
                        "depth": 180,
                        "mindepth": 160,
                        "maxdepth": 200,
                        "value": 2.1
                    }
                ],
                "SLPX": [
                    {
                        "depth": 20,
                        "mindepth": 0,
                        "maxdepth": 40,
                        "value": 4.2
                    },
                    {
                        "depth": 60,
                        "mindepth": 40,
                        "maxdepth": 80,
                        "value": 4.9
                    },
                    {
                        "depth": 100,
                        "mindepth": 80,
                        "maxdepth": 120,
                        "value": 4.5
                    },
                    {
                        "depth": 140,
                        "mindepth": 120,
                        "maxdepth": 160,
                        "value": 4.1
                    },
                    {
                        "depth": 180,
                        "mindepth": 160,
                        "maxdepth": 200,
                        "value": 3.4
                    }
                ],
                "SLKE": [
                    {
                        "depth": 20,
                        "mindepth": 0,
                        "maxdepth": 40,
                        "value": 349
                    },
                    {
                        "depth": 60,
                        "mindepth": 40,
                        "maxdepth": 80,
                        "value": 219
                    },
                    {
                        "depth": 100,
                        "mindepth": 80,
                        "maxdepth": 120,
                        "value": 169
                    },
                    {
                        "depth": 140,
                        "mindepth": 120,
                        "maxdepth": 160,
                        "value": 143
                    },
                    {
                        "depth": 180,
                        "mindepth": 160,
                        "maxdepth": 200,
                        "value": 133
                    }
                ],
                "SLSU": [
                    {
                        "depth": 20,
                        "mindepth": 0,
                        "maxdepth": 40,
                        "value": 55.7
                    },
                    {
                        "depth": 60,
                        "mindepth": 40,
                        "maxdepth": 80,
                        "value": 55.4
                    },
                    {
                        "depth": 100,
                        "mindepth": 80,
                        "maxdepth": 120,
                        "value": 84.8
                    },
                    {
                        "depth": 140,
                        "mindepth": 120,
                        "maxdepth": 160,
                        "value": 154.9
                    },
                    {
                        "depth": 180,
                        "mindepth": 160,
                        "maxdepth": 200,
                        "value": 107.7
                    }
                ],
                "SLZN": [
                    {
                        "depth": 20,
                        "mindepth": 0,
                        "maxdepth": 40,
                        "value": 1.81
                    },
                    {
                        "depth": 60,
                        "mindepth": 40,
                        "maxdepth": 80,
                        "value": 0.71
                    },
                    {
                        "depth": 100,
                        "mindepth": 80,
                        "maxdepth": 120,
                        "value": 0.34
                    },
                    {
                        "depth": 140,
                        "mindepth": 120,
                        "maxdepth": 160,
                        "value": 0.25
                    },
                    {
                        "depth": 180,
                        "mindepth": 160,
                        "maxdepth": 200,
                        "value": 0.37
                    }
                ],
                "SLFE": [
                    {
                        "depth": 20,
                        "mindepth": 0,
                        "maxdepth": 40,
                        "value": 7.3
                    },
                    {
                        "depth": 60,
                        "mindepth": 40,
                        "maxdepth": 80,
                        "value": 6.2
                    },
                    {
                        "depth": 100,
                        "mindepth": 80,
                        "maxdepth": 120,
                        "value": 4.5
                    },
                    {
                        "depth": 140,
                        "mindepth": 120,
                        "maxdepth": 160,
                        "value": 4.0
                    },
                    {
                        "depth": 180,
                        "mindepth": 160,
                        "maxdepth": 200,
                        "value": 4.8
                    }
                ],
                "SLMN": [
                    {
                        "depth": 20,
                        "mindepth": 0,
                        "maxdepth": 40,
                        "value": 9.6
                    },
                    {
                        "depth": 60,
                        "mindepth": 40,
                        "maxdepth": 80,
                        "value": 7.3
                    },
                    {
                        "depth": 100,
                        "mindepth": 80,
                        "maxdepth": 120,
                        "value": 3.5
                    },
                    {
                        "depth": 140,
                        "mindepth": 120,
                        "maxdepth": 160,
                        "value": 1.9
                    },
                    {
                        "depth": 180,
                        "mindepth": 160,
                        "maxdepth": 200,
                        "value": 3.3
                    }
                ],
                "SLCU": [
                    {
                        "depth": 20,
                        "mindepth": 0,
                        "maxdepth": 40,
                        "value": 2.78
                    },
                    {
                        "depth": 60,
                        "mindepth": 40,
                        "maxdepth": 80,
                        "value": 1.87
                    },
                    {
                        "depth": 100,
                        "mindepth": 80,
                        "maxdepth": 120,
                        "value": 1.14
                    },
                    {
                        "depth": 140,
                        "mindepth": 120,
                        "maxdepth": 160,
                        "value": 0.55
                    },
                    {
                        "depth": 180,
                        "mindepth": 160,
                        "maxdepth": 200,
                        "value": 0.59
                    }
                ],
                "SLCA": [
                    {
                        "depth": 20,
                        "mindepth": 0,
                        "maxdepth": 40,
                        "value": 2804
                    },
                    {
                        "depth": 60,
                        "mindepth": 40,
                        "maxdepth": 80,
                        "value": 3701
                    },
                    {
                        "depth": 100,
                        "mindepth": 80,
                        "maxdepth": 120,
                        "value": 3928
                    },
                    {
                        "depth": 140,
                        "mindepth": 120,
                        "maxdepth": 160,
                        "value": 4302
                    },
                    {
                        "depth": 180,
                        "mindepth": 160,
                        "maxdepth": 200,
                        "value": 4127
                    }
                ],
                "SLMG": [
                    {
                        "depth": 20,
                        "mindepth": 0,
                        "maxdepth": 40,
                        "value": 272
                    },
                    {
                        "depth": 60,
                        "mindepth": 40,
                        "maxdepth": 80,
                        "value": 251
                    },
                    {
                        "depth": 100,
                        "mindepth": 80,
                        "maxdepth": 120,
                        "value": 243
                    },
                    {
                        "depth": 140,
                        "mindepth": 120,
                        "maxdepth": 160,
                        "value": 288
                    },
                    {
                        "depth": 180,
                        "mindepth": 160,
                        "maxdepth": 200,
                        "value": 259
                    }
                ],
                "SLNA": [
                    {
                        "depth": 20,
                        "mindepth": 0,
                        "maxdepth": 40,
                        "value": 470
                    },
                    {
                        "depth": 60,
                        "mindepth": 40,
                        "maxdepth": 80,
                        "value": 701
                    },
                    {
                        "depth": 100,
                        "mindepth": 80,
                        "maxdepth": 120,
                        "value": 596
                    },
                    {
                        "depth": 140,
                        "mindepth": 120,
                        "maxdepth": 160,
                        "value": 514
                    },
                    {
                        "depth": 180,
                        "mindepth": 160,
                        "maxdepth": 200,
                        "value": 338
                    }
                ],
                "SLCEC": [
                    {
                        "depth": 20,
                        "mindepth": 0,
                        "maxdepth": 40,
                        "value": 19.2
                    },
                    {
                        "depth": 60,
                        "mindepth": 40,
                        "maxdepth": 80,
                        "value": 24.2
                    },
                    {
                        "depth": 100,
                        "mindepth": 80,
                        "maxdepth": 120,
                        "value": 24.7
                    },
                    {
                        "depth": 140,
                        "mindepth": 120,
                        "maxdepth": 160,
                        "value": 26.5
                    },
                    {
                        "depth": 180,
                        "mindepth": 160,
                        "maxdepth": 200,
                        "value": 24.6
                    }
                ],
                "pid": "63643f288ac54794e7f91792"
            },
            "_id": "67f413788ac5471a9830fb99",
            "scaid": "67f413788ac5471a9830fb99"
        },
        {
            "type": "Feature",
            "geometry": {
                "type": "Point",
                "coordinates": [
                    33.07901219,
                    -111.97711843
                ]
            },
            "properties": {
                "sca_label": "p08-3",
                "SOIL_DATE": "2021-04-21",
                "SLPHW": [
                    {
                        "depth": 20,
                        "mindepth": 0,
                        "maxdepth": 40,
                        "value": 8.5
                    },
                    {
                        "depth": 60,
                        "mindepth": 40,
                        "maxdepth": 80,
                        "value": 8.6
                    },
                    {
                        "depth": 100,
                        "mindepth": 80,
                        "maxdepth": 120,
                        "value": 8.4
                    },
                    {
                        "depth": 140,
                        "mindepth": 120,
                        "maxdepth": 160,
                        "value": 8.3
                    },
                    {
                        "depth": 180,
                        "mindepth": 160,
                        "maxdepth": 200,
                        "value": 8.3
                    }
                ],
                "SLPHB": [
                    {
                        "depth": 20,
                        "mindepth": 0,
                        "maxdepth": 40,
                        "value": 7.2
                    },
                    {
                        "depth": 60,
                        "mindepth": 40,
                        "maxdepth": 80,
                        "value": 7.2
                    },
                    {
                        "depth": 100,
                        "mindepth": 80,
                        "maxdepth": 120,
                        "value": 7.2
                    },
                    {
                        "depth": 140,
                        "mindepth": 120,
                        "maxdepth": 160,
                        "value": 7.2
                    },
                    {
                        "depth": 180,
                        "mindepth": 160,
                        "maxdepth": 200,
                        "value": 7.2
                    }
                ],
                "SLEC": [
                    {
                        "depth": 20,
                        "mindepth": 0,
                        "maxdepth": 40,
                        "value": 0.53
                    },
                    {
                        "depth": 60,
                        "mindepth": 40,
                        "maxdepth": 80,
                        "value": 0.9
                    },
                    {
                        "depth": 100,
                        "mindepth": 80,
                        "maxdepth": 120,
                        "value": 1.16
                    },
                    {
                        "depth": 140,
                        "mindepth": 120,
                        "maxdepth": 160,
                        "value": 1.25
                    },
                    {
                        "depth": 180,
                        "mindepth": 160,
                        "maxdepth": 200,
                        "value": 0.82
                    }
                ],
                "SLOM": [
                    {
                        "depth": 20,
                        "mindepth": 0,
                        "maxdepth": 40,
                        "value": 1.1
                    },
                    {
                        "depth": 60,
                        "mindepth": 40,
                        "maxdepth": 80,
                        "value": 0.7
                    },
                    {
                        "depth": 100,
                        "mindepth": 80,
                        "maxdepth": 120,
                        "value": 0.7
                    },
                    {
                        "depth": 140,
                        "mindepth": 120,
                        "maxdepth": 160,
                        "value": 0.7
                    },
                    {
                        "depth": 180,
                        "mindepth": 160,
                        "maxdepth": 200,
                        "value": 0.6
                    }
                ],
                "SNO3": [
                    {
                        "depth": 20,
                        "mindepth": 0,
                        "maxdepth": 40,
                        "value": 0.9
                    },
                    {
                        "depth": 60,
                        "mindepth": 40,
                        "maxdepth": 80,
                        "value": 0.6
                    },
                    {
                        "depth": 100,
                        "mindepth": 80,
                        "maxdepth": 120,
                        "value": 4.4
                    },
                    {
                        "depth": 140,
                        "mindepth": 120,
                        "maxdepth": 160,
                        "value": 9.6
                    },
                    {
                        "depth": 180,
                        "mindepth": 160,
                        "maxdepth": 200,
                        "value": 4.0
                    }
                ],
                "SLPX": [
                    {
                        "depth": 20,
                        "mindepth": 0,
                        "maxdepth": 40,
                        "value": 3.8
                    },
                    {
                        "depth": 60,
                        "mindepth": 40,
                        "maxdepth": 80,
                        "value": 5.3
                    },
                    {
                        "depth": 100,
                        "mindepth": 80,
                        "maxdepth": 120,
                        "value": 4.2
                    },
                    {
                        "depth": 140,
                        "mindepth": 120,
                        "maxdepth": 160,
                        "value": 4.0
                    },
                    {
                        "depth": 180,
                        "mindepth": 160,
                        "maxdepth": 200,
                        "value": 3.4
                    }
                ],
                "SLKE": [
                    {
                        "depth": 20,
                        "mindepth": 0,
                        "maxdepth": 40,
                        "value": 295
                    },
                    {
                        "depth": 60,
                        "mindepth": 40,
                        "maxdepth": 80,
                        "value": 238
                    },
                    {
                        "depth": 100,
                        "mindepth": 80,
                        "maxdepth": 120,
                        "value": 161
                    },
                    {
                        "depth": 140,
                        "mindepth": 120,
                        "maxdepth": 160,
                        "value": 127
                    },
                    {
                        "depth": 180,
                        "mindepth": 160,
                        "maxdepth": 200,
                        "value": 111
                    }
                ],
                "SLSU": [
                    {
                        "depth": 20,
                        "mindepth": 0,
                        "maxdepth": 40,
                        "value": 33.7
                    },
                    {
                        "depth": 60,
                        "mindepth": 40,
                        "maxdepth": 80,
                        "value": 112.9
                    },
                    {
                        "depth": 100,
                        "mindepth": 80,
                        "maxdepth": 120,
                        "value": 177.1
                    },
                    {
                        "depth": 140,
                        "mindepth": 120,
                        "maxdepth": 160,
                        "value": 108.1
                    },
                    {
                        "depth": 180,
                        "mindepth": 160,
                        "maxdepth": 200,
                        "value": 70.3
                    }
                ],
                "SLZN": [
                    {
                        "depth": 20,
                        "mindepth": 0,
                        "maxdepth": 40,
                        "value": 1.42
                    },
                    {
                        "depth": 60,
                        "mindepth": 40,
                        "maxdepth": 80,
                        "value": 1.17
                    },
                    {
                        "depth": 100,
                        "mindepth": 80,
                        "maxdepth": 120,
                        "value": 0.52
                    },
                    {
                        "depth": 140,
                        "mindepth": 120,
                        "maxdepth": 160,
                        "value": 0.4
                    },
                    {
                        "depth": 180,
                        "mindepth": 160,
                        "maxdepth": 200,
                        "value": 0.49
                    }
                ],
                "SLFE": [
                    {
                        "depth": 20,
                        "mindepth": 0,
                        "maxdepth": 40,
                        "value": 7.5
                    },
                    {
                        "depth": 60,
                        "mindepth": 40,
                        "maxdepth": 80,
                        "value": 9.2
                    },
                    {
                        "depth": 100,
                        "mindepth": 80,
                        "maxdepth": 120,
                        "value": 6.6
                    },
                    {
                        "depth": 140,
                        "mindepth": 120,
                        "maxdepth": 160,
                        "value": 6.5
                    },
                    {
                        "depth": 180,
                        "mindepth": 160,
                        "maxdepth": 200,
                        "value": 7.6
                    }
                ],
                "SLMN": [
                    {
                        "depth": 20,
                        "mindepth": 0,
                        "maxdepth": 40,
                        "value": 11.1
                    },
                    {
                        "depth": 60,
                        "mindepth": 40,
                        "maxdepth": 80,
                        "value": 9.3
                    },
                    {
                        "depth": 100,
                        "mindepth": 80,
                        "maxdepth": 120,
                        "value": 6.0
                    },
                    {
                        "depth": 140,
                        "mindepth": 120,
                        "maxdepth": 160,
                        "value": 4.2
                    },
                    {
                        "depth": 180,
                        "mindepth": 160,
                        "maxdepth": 200,
                        "value": 5.5
                    }
                ],
                "SLCU": [
                    {
                        "depth": 20,
                        "mindepth": 0,
                        "maxdepth": 40,
                        "value": 3.16
                    },
                    {
                        "depth": 60,
                        "mindepth": 40,
                        "maxdepth": 80,
                        "value": 2.06
                    },
                    {
                        "depth": 100,
                        "mindepth": 80,
                        "maxdepth": 120,
                        "value": 1.16
                    },
                    {
                        "depth": 140,
                        "mindepth": 120,
                        "maxdepth": 160,
                        "value": 0.77
                    },
                    {
                        "depth": 180,
                        "mindepth": 160,
                        "maxdepth": 200,
                        "value": 0.81
                    }
                ],
                "SLCA": [
                    {
                        "depth": 20,
                        "mindepth": 0,
                        "maxdepth": 40,
                        "value": 2958
                    },
                    {
                        "depth": 60,
                        "mindepth": 40,
                        "maxdepth": 80,
                        "value": 4317
                    },
                    {
                        "depth": 100,
                        "mindepth": 80,
                        "maxdepth": 120,
                        "value": 4303
                    },
                    {
                        "depth": 140,
                        "mindepth": 120,
                        "maxdepth": 160,
                        "value": 4267
                    },
                    {
                        "depth": 180,
                        "mindepth": 160,
                        "maxdepth": 200,
                        "value": 3832
                    }
                ],
                "SLMG": [
                    {
                        "depth": 20,
                        "mindepth": 0,
                        "maxdepth": 40,
                        "value": 262
                    },
                    {
                        "depth": 60,
                        "mindepth": 40,
                        "maxdepth": 80,
                        "value": 325
                    },
                    {
                        "depth": 100,
                        "mindepth": 80,
                        "maxdepth": 120,
                        "value": 310
                    },
                    {
                        "depth": 140,
                        "mindepth": 120,
                        "maxdepth": 160,
                        "value": 287
                    },
                    {
                        "depth": 180,
                        "mindepth": 160,
                        "maxdepth": 200,
                        "value": 226
                    }
                ],
                "SLNA": [
                    {
                        "depth": 20,
                        "mindepth": 0,
                        "maxdepth": 40,
                        "value": 408
                    },
                    {
                        "depth": 60,
                        "mindepth": 40,
                        "maxdepth": 80,
                        "value": 835
                    },
                    {
                        "depth": 100,
                        "mindepth": 80,
                        "maxdepth": 120,
                        "value": 631
                    },
                    {
                        "depth": 140,
                        "mindepth": 120,
                        "maxdepth": 160,
                        "value": 446
                    },
                    {
                        "depth": 180,
                        "mindepth": 160,
                        "maxdepth": 200,
                        "value": 274
                    }
                ],
                "SLCEC": [
                    {
                        "depth": 20,
                        "mindepth": 0,
                        "maxdepth": 40,
                        "value": 19.5
                    },
                    {
                        "depth": 60,
                        "mindepth": 40,
                        "maxdepth": 80,
                        "value": 28.5
                    },
                    {
                        "depth": 100,
                        "mindepth": 80,
                        "maxdepth": 120,
                        "value": 27.3
                    },
                    {
                        "depth": 140,
                        "mindepth": 120,
                        "maxdepth": 160,
                        "value": 26.0
                    },
                    {
                        "depth": 180,
                        "mindepth": 160,
                        "maxdepth": 200,
                        "value": 22.5
                    }
                ],
                "pid": "63643f288ac54794e7f9179c"
            },
            "_id": "67f413788ac5471a9830fb9a",
            "scaid": "67f413788ac5471a9830fb9a"
        },
        {
            "type": "Feature",
            "geometry": {
                "type": "Point",
                "coordinates": [
                    33.07937145,
                    -111.97681198
                ]
            },
            "properties": {
                "sca_label": "p10-2",
                "SOIL_DATE": "2021-04-21",
                "SLPHW": [
                    {
                        "depth": 20,
                        "mindepth": 0,
                        "maxdepth": 40,
                        "value": 8.3
                    },
                    {
                        "depth": 60,
                        "mindepth": 40,
                        "maxdepth": 80,
                        "value": 8.5
                    },
                    {
                        "depth": 100,
                        "mindepth": 80,
                        "maxdepth": 120,
                        "value": 8.4
                    },
                    {
                        "depth": 140,
                        "mindepth": 120,
                        "maxdepth": 160,
                        "value": 8.3
                    },
                    {
                        "depth": 180,
                        "mindepth": 160,
                        "maxdepth": 200,
                        "value": 8.4
                    }
                ],
                "SLPHB": [
                    {
                        "depth": 20,
                        "mindepth": 0,
                        "maxdepth": 40,
                        "value": 7.2
                    },
                    {
                        "depth": 60,
                        "mindepth": 40,
                        "maxdepth": 80,
                        "value": 7.2
                    },
                    {
                        "depth": 100,
                        "mindepth": 80,
                        "maxdepth": 120,
                        "value": 7.2
                    },
                    {
                        "depth": 140,
                        "mindepth": 120,
                        "maxdepth": 160,
                        "value": 7.2
                    },
                    {
                        "depth": 180,
                        "mindepth": 160,
                        "maxdepth": 200,
                        "value": 7.2
                    }
                ],
                "SLEC": [
                    {
                        "depth": 20,
                        "mindepth": 0,
                        "maxdepth": 40,
                        "value": 1.0
                    },
                    {
                        "depth": 60,
                        "mindepth": 40,
                        "maxdepth": 80,
                        "value": 1.33
                    },
                    {
                        "depth": 100,
                        "mindepth": 80,
                        "maxdepth": 120,
                        "value": 1.25
                    },
                    {
                        "depth": 140,
                        "mindepth": 120,
                        "maxdepth": 160,
                        "value": 1.08
                    },
                    {
                        "depth": 180,
                        "mindepth": 160,
                        "maxdepth": 200,
                        "value": 0.94
                    }
                ],
                "SLOM": [
                    {
                        "depth": 20,
                        "mindepth": 0,
                        "maxdepth": 40,
                        "value": 1.4
                    },
                    {
                        "depth": 60,
                        "mindepth": 40,
                        "maxdepth": 80,
                        "value": 0.8
                    },
                    {
                        "depth": 100,
                        "mindepth": 80,
                        "maxdepth": 120,
                        "value": 0.9
                    },
                    {
                        "depth": 140,
                        "mindepth": 120,
                        "maxdepth": 160,
                        "value": 0.8
                    },
                    {
                        "depth": 180,
                        "mindepth": 160,
                        "maxdepth": 200,
                        "value": 0.7
                    }
                ],
                "SNO3": [
                    {
                        "depth": 20,
                        "mindepth": 0,
                        "maxdepth": 40,
                        "value": 0.7
                    },
                    {
                        "depth": 60,
                        "mindepth": 40,
                        "maxdepth": 80,
                        "value": 0.6
                    },
                    {
                        "depth": 100,
                        "mindepth": 80,
                        "maxdepth": 120,
                        "value": 3.1
                    },
                    {
                        "depth": 140,
                        "mindepth": 120,
                        "maxdepth": 160,
                        "value": 2.7
                    },
                    {
                        "depth": 180,
                        "mindepth": 160,
                        "maxdepth": 200,
                        "value": 1.4
                    }
                ],
                "SLPX": [
                    {
                        "depth": 20,
                        "mindepth": 0,
                        "maxdepth": 40,
                        "value": 3.9
                    },
                    {
                        "depth": 60,
                        "mindepth": 40,
                        "maxdepth": 80,
                        "value": 4.8
                    },
                    {
                        "depth": 100,
                        "mindepth": 80,
                        "maxdepth": 120,
                        "value": 3.5
                    },
                    {
                        "depth": 140,
                        "mindepth": 120,
                        "maxdepth": 160,
                        "value": 3.7
                    },
                    {
                        "depth": 180,
                        "mindepth": 160,
                        "maxdepth": 200,
                        "value": 4.1
                    }
                ],
                "SLKE": [
                    {
                        "depth": 20,
                        "mindepth": 0,
                        "maxdepth": 40,
                        "value": 322
                    },
                    {
                        "depth": 60,
                        "mindepth": 40,
                        "maxdepth": 80,
                        "value": 206
                    },
                    {
                        "depth": 100,
                        "mindepth": 80,
                        "maxdepth": 120,
                        "value": 164
                    },
                    {
                        "depth": 140,
                        "mindepth": 120,
                        "maxdepth": 160,
                        "value": 178
                    },
                    {
                        "depth": 180,
                        "mindepth": 160,
                        "maxdepth": 200,
                        "value": 129
                    }
                ],
                "SLSU": [
                    {
                        "depth": 20,
                        "mindepth": 0,
                        "maxdepth": 40,
                        "value": 76.4
                    },
                    {
                        "depth": 60,
                        "mindepth": 40,
                        "maxdepth": 80,
                        "value": 162.3
                    },
                    {
                        "depth": 100,
                        "mindepth": 80,
                        "maxdepth": 120,
                        "value": 173.5
                    },
                    {
                        "depth": 140,
                        "mindepth": 120,
                        "maxdepth": 160,
                        "value": 141.3
                    },
                    {
                        "depth": 180,
                        "mindepth": 160,
                        "maxdepth": 200,
                        "value": 99.4
                    }
                ],
                "SLZN": [
                    {
                        "depth": 20,
                        "mindepth": 0,
                        "maxdepth": 40,
                        "value": 1.8
                    },
                    {
                        "depth": 60,
                        "mindepth": 40,
                        "maxdepth": 80,
                        "value": 0.7
                    },
                    {
                        "depth": 100,
                        "mindepth": 80,
                        "maxdepth": 120,
                        "value": 0.57
                    },
                    {
                        "depth": 140,
                        "mindepth": 120,
                        "maxdepth": 160,
                        "value": 0.63
                    },
                    {
                        "depth": 180,
                        "mindepth": 160,
                        "maxdepth": 200,
                        "value": 0.8
                    }
                ],
                "SLFE": [
                    {
                        "depth": 20,
                        "mindepth": 0,
                        "maxdepth": 40,
                        "value": 7.2
                    },
                    {
                        "depth": 60,
                        "mindepth": 40,
                        "maxdepth": 80,
                        "value": 11.9
                    },
                    {
                        "depth": 100,
                        "mindepth": 80,
                        "maxdepth": 120,
                        "value": 9.3
                    },
                    {
                        "depth": 140,
                        "mindepth": 120,
                        "maxdepth": 160,
                        "value": 7.9
                    },
                    {
                        "depth": 180,
                        "mindepth": 160,
                        "maxdepth": 200,
                        "value": 6.4
                    }
                ],
                "SLMN": [
                    {
                        "depth": 20,
                        "mindepth": 0,
                        "maxdepth": 40,
                        "value": 11.0
                    },
                    {
                        "depth": 60,
                        "mindepth": 40,
                        "maxdepth": 80,
                        "value": 8.9
                    },
                    {
                        "depth": 100,
                        "mindepth": 80,
                        "maxdepth": 120,
                        "value": 6.3
                    },
                    {
                        "depth": 140,
                        "mindepth": 120,
                        "maxdepth": 160,
                        "value": 5.1
                    },
                    {
                        "depth": 180,
                        "mindepth": 160,
                        "maxdepth": 200,
                        "value": 4.5
                    }
                ],
                "SLCU": [
                    {
                        "depth": 20,
                        "mindepth": 0,
                        "maxdepth": 40,
                        "value": 2.71
                    },
                    {
                        "depth": 60,
                        "mindepth": 40,
                        "maxdepth": 80,
                        "value": 1.6
                    },
                    {
                        "depth": 100,
                        "mindepth": 80,
                        "maxdepth": 120,
                        "value": 1.04
                    },
                    {
                        "depth": 140,
                        "mindepth": 120,
                        "maxdepth": 160,
                        "value": 0.8
                    },
                    {
                        "depth": 180,
                        "mindepth": 160,
                        "maxdepth": 200,
                        "value": 0.62
                    }
                ],
                "SLCA": [
                    {
                        "depth": 20,
                        "mindepth": 0,
                        "maxdepth": 40,
                        "value": 2860
                    },
                    {
                        "depth": 60,
                        "mindepth": 40,
                        "maxdepth": 80,
                        "value": 3559
                    },
                    {
                        "depth": 100,
                        "mindepth": 80,
                        "maxdepth": 120,
                        "value": 4356
                    },
                    {
                        "depth": 140,
                        "mindepth": 120,
                        "maxdepth": 160,
                        "value": 4406
                    },
                    {
                        "depth": 180,
                        "mindepth": 160,
                        "maxdepth": 200,
                        "value": 3911
                    }
                ],
                "SLMG": [
                    {
                        "depth": 20,
                        "mindepth": 0,
                        "maxdepth": 40,
                        "value": 275
                    },
                    {
                        "depth": 60,
                        "mindepth": 40,
                        "maxdepth": 80,
                        "value": 299
                    },
                    {
                        "depth": 100,
                        "mindepth": 80,
                        "maxdepth": 120,
                        "value": 305
                    },
                    {
                        "depth": 140,
                        "mindepth": 120,
                        "maxdepth": 160,
                        "value": 379
                    },
                    {
                        "depth": 180,
                        "mindepth": 160,
                        "maxdepth": 200,
                        "value": 321
                    }
                ],
                "SLNA": [
                    {
                        "depth": 20,
                        "mindepth": 0,
                        "maxdepth": 40,
                        "value": 513
                    },
                    {
                        "depth": 60,
                        "mindepth": 40,
                        "maxdepth": 80,
                        "value": 946
                    },
                    {
                        "depth": 100,
                        "mindepth": 80,
                        "maxdepth": 120,
                        "value": 695
                    },
                    {
                        "depth": 140,
                        "mindepth": 120,
                        "maxdepth": 160,
                        "value": 574
                    },
                    {
                        "depth": 180,
                        "mindepth": 160,
                        "maxdepth": 200,
                        "value": 341
                    }
                ],
                "SLCEC": [
                    {
                        "depth": 20,
                        "mindepth": 0,
                        "maxdepth": 40,
                        "value": 19.6
                    },
                    {
                        "depth": 60,
                        "mindepth": 40,
                        "maxdepth": 80,
                        "value": 24.9
                    },
                    {
                        "depth": 100,
                        "mindepth": 80,
                        "maxdepth": 120,
                        "value": 27.8
                    },
                    {
                        "depth": 140,
                        "mindepth": 120,
                        "maxdepth": 160,
                        "value": 28.1
                    },
                    {
                        "depth": 180,
                        "mindepth": 160,
                        "maxdepth": 200,
                        "value": 24.0
                    }
                ],
                "pid": "63643f288ac54794e7f917a3"
            },
            "_id": "67f413788ac5471a9830fb9b",
            "scaid": "67f413788ac5471a9830fb9b"
        },
        {
            "type": "Feature",
            "geometry": {
                "type": "Point",
                "coordinates": [
                    33.07864916,
                    -111.97666464
                ]
            },
            "properties": {
                "sca_label": "p11-4",
                "SOIL_DATE": "2021-04-21",
                "SLPHW": [
                    {
                        "depth": 20,
                        "mindepth": 0,
                        "maxdepth": 40,
                        "value": 8.4
                    },
                    {
                        "depth": 60,
                        "mindepth": 40,
                        "maxdepth": 80,
                        "value": 8.4
                    },
                    {
                        "depth": 100,
                        "mindepth": 80,
                        "maxdepth": 120,
                        "value": 8.4
                    },
                    {
                        "depth": 140,
                        "mindepth": 120,
                        "maxdepth": 160,
                        "value": 8.3
                    },
                    {
                        "depth": 180,
                        "mindepth": 160,
                        "maxdepth": 200,
                        "value": 8.3
                    }
                ],
                "SLPHB": [
                    {
                        "depth": 20,
                        "mindepth": 0,
                        "maxdepth": 40,
                        "value": 7.2
                    },
                    {
                        "depth": 60,
                        "mindepth": 40,
                        "maxdepth": 80,
                        "value": 7.2
                    },
                    {
                        "depth": 100,
                        "mindepth": 80,
                        "maxdepth": 120,
                        "value": 7.2
                    },
                    {
                        "depth": 140,
                        "mindepth": 120,
                        "maxdepth": 160,
                        "value": 7.2
                    },
                    {
                        "depth": 180,
                        "mindepth": 160,
                        "maxdepth": 200,
                        "value": 7.2
                    }
                ],
                "SLEC": [
                    {
                        "depth": 20,
                        "mindepth": 0,
                        "maxdepth": 40,
                        "value": 1.14
                    },
                    {
                        "depth": 60,
                        "mindepth": 40,
                        "maxdepth": 80,
                        "value": 1.39
                    },
                    {
                        "depth": 100,
                        "mindepth": 80,
                        "maxdepth": 120,
                        "value": 1.17
                    },
                    {
                        "depth": 140,
                        "mindepth": 120,
                        "maxdepth": 160,
                        "value": 1.04
                    },
                    {
                        "depth": 180,
                        "mindepth": 160,
                        "maxdepth": 200,
                        "value": 1.06
                    }
                ],
                "SLOM": [
                    {
                        "depth": 20,
                        "mindepth": 0,
                        "maxdepth": 40,
                        "value": 1.0
                    },
                    {
                        "depth": 60,
                        "mindepth": 40,
                        "maxdepth": 80,
                        "value": 0.7
                    },
                    {
                        "depth": 100,
                        "mindepth": 80,
                        "maxdepth": 120,
                        "value": 0.7
                    },
                    {
                        "depth": 140,
                        "mindepth": 120,
                        "maxdepth": 160,
                        "value": 0.6
                    },
                    {
                        "depth": 180,
                        "mindepth": 160,
                        "maxdepth": 200,
                        "value": 0.8
                    }
                ],
                "SNO3": [
                    {
                        "depth": 20,
                        "mindepth": 0,
                        "maxdepth": 40,
                        "value": 0.9
                    },
                    {
                        "depth": 60,
                        "mindepth": 40,
                        "maxdepth": 80,
                        "value": 4.3
                    },
                    {
                        "depth": 100,
                        "mindepth": 80,
                        "maxdepth": 120,
                        "value": 2.9
                    },
                    {
                        "depth": 140,
                        "mindepth": 120,
                        "maxdepth": 160,
                        "value": 1.9
                    },
                    {
                        "depth": 180,
                        "mindepth": 160,
                        "maxdepth": 200,
                        "value": 2.3
                    }
                ],
                "SLPX": [
                    {
                        "depth": 20,
                        "mindepth": 0,
                        "maxdepth": 40,
                        "value": 4.0
                    },
                    {
                        "depth": 60,
                        "mindepth": 40,
                        "maxdepth": 80,
                        "value": 5.4
                    },
                    {
                        "depth": 100,
                        "mindepth": 80,
                        "maxdepth": 120,
                        "value": 3.4
                    },
                    {
                        "depth": 140,
                        "mindepth": 120,
                        "maxdepth": 160,
                        "value": 3.2
                    },
                    {
                        "depth": 180,
                        "mindepth": 160,
                        "maxdepth": 200,
                        "value": 3.4
                    }
                ],
                "SLKE": [
                    {
                        "depth": 20,
                        "mindepth": 0,
                        "maxdepth": 40,
                        "value": 244
                    },
                    {
                        "depth": 60,
                        "mindepth": 40,
                        "maxdepth": 80,
                        "value": 154
                    },
                    {
                        "depth": 100,
                        "mindepth": 80,
                        "maxdepth": 120,
                        "value": 83
                    },
                    {
                        "depth": 140,
                        "mindepth": 120,
                        "maxdepth": 160,
                        "value": 92
                    },
                    {
                        "depth": 180,
                        "mindepth": 160,
                        "maxdepth": 200,
                        "value": 92
                    }
                ],
                "SLSU": [
                    {
                        "depth": 20,
                        "mindepth": 0,
                        "maxdepth": 40,
                        "value": 122.3
                    },
                    {
                        "depth": 60,
                        "mindepth": 40,
                        "maxdepth": 80,
                        "value": 142.3
                    },
                    {
                        "depth": 100,
                        "mindepth": 80,
                        "maxdepth": 120,
                        "value": 115.9
                    },
                    {
                        "depth": 140,
                        "mindepth": 120,
                        "maxdepth": 160,
                        "value": 101.3
                    },
                    {
                        "depth": 180,
                        "mindepth": 160,
                        "maxdepth": 200,
                        "value": 104.6
                    }
                ],
                "SLZN": [
                    {
                        "depth": 20,
                        "mindepth": 0,
                        "maxdepth": 40,
                        "value": 1.15
                    },
                    {
                        "depth": 60,
                        "mindepth": 40,
                        "maxdepth": 80,
                        "value": 0.45
                    },
                    {
                        "depth": 100,
                        "mindepth": 80,
                        "maxdepth": 120,
                        "value": 0.39
                    },
                    {
                        "depth": 140,
                        "mindepth": 120,
                        "maxdepth": 160,
                        "value": 0.33
                    },
                    {
                        "depth": 180,
                        "mindepth": 160,
                        "maxdepth": 200,
                        "value": 0.36
                    }
                ],
                "SLFE": [
                    {
                        "depth": 20,
                        "mindepth": 0,
                        "maxdepth": 40,
                        "value": 5.8
                    },
                    {
                        "depth": 60,
                        "mindepth": 40,
                        "maxdepth": 80,
                        "value": 4.8
                    },
                    {
                        "depth": 100,
                        "mindepth": 80,
                        "maxdepth": 120,
                        "value": 6.1
                    },
                    {
                        "depth": 140,
                        "mindepth": 120,
                        "maxdepth": 160,
                        "value": 4.6
                    },
                    {
                        "depth": 180,
                        "mindepth": 160,
                        "maxdepth": 200,
                        "value": 4.8
                    }
                ],
                "SLMN": [
                    {
                        "depth": 20,
                        "mindepth": 0,
                        "maxdepth": 40,
                        "value": 8.5
                    },
                    {
                        "depth": 60,
                        "mindepth": 40,
                        "maxdepth": 80,
                        "value": 3.9
                    },
                    {
                        "depth": 100,
                        "mindepth": 80,
                        "maxdepth": 120,
                        "value": 3.4
                    },
                    {
                        "depth": 140,
                        "mindepth": 120,
                        "maxdepth": 160,
                        "value": 2.5
                    },
                    {
                        "depth": 180,
                        "mindepth": 160,
                        "maxdepth": 200,
                        "value": 2.1
                    }
                ],
                "SLCU": [
                    {
                        "depth": 20,
                        "mindepth": 0,
                        "maxdepth": 40,
                        "value": 2.55
                    },
                    {
                        "depth": 60,
                        "mindepth": 40,
                        "maxdepth": 80,
                        "value": 1.11
                    },
                    {
                        "depth": 100,
                        "mindepth": 80,
                        "maxdepth": 120,
                        "value": 0.56
                    },
                    {
                        "depth": 140,
                        "mindepth": 120,
                        "maxdepth": 160,
                        "value": 0.45
                    },
                    {
                        "depth": 180,
                        "mindepth": 160,
                        "maxdepth": 200,
                        "value": 0.33
                    }
                ],
                "SLCA": [
                    {
                        "depth": 20,
                        "mindepth": 0,
                        "maxdepth": 40,
                        "value": 3122
                    },
                    {
                        "depth": 60,
                        "mindepth": 40,
                        "maxdepth": 80,
                        "value": 4467
                    },
                    {
                        "depth": 100,
                        "mindepth": 80,
                        "maxdepth": 120,
                        "value": 3857
                    },
                    {
                        "depth": 140,
                        "mindepth": 120,
                        "maxdepth": 160,
                        "value": 3896
                    },
                    {
                        "depth": 180,
                        "mindepth": 160,
                        "maxdepth": 200,
                        "value": 5319
                    }
                ],
                "SLMG": [
                    {
                        "depth": 20,
                        "mindepth": 0,
                        "maxdepth": 40,
                        "value": 264
                    },
                    {
                        "depth": 60,
                        "mindepth": 40,
                        "maxdepth": 80,
                        "value": 329
                    },
                    {
                        "depth": 100,
                        "mindepth": 80,
                        "maxdepth": 120,
                        "value": 231
                    },
                    {
                        "depth": 140,
                        "mindepth": 120,
                        "maxdepth": 160,
                        "value": 252
                    },
                    {
                        "depth": 180,
                        "mindepth": 160,
                        "maxdepth": 200,
                        "value": 269
                    }
                ],
                "SLNA": [
                    {
                        "depth": 20,
                        "mindepth": 0,
                        "maxdepth": 40,
                        "value": 658
                    },
                    {
                        "depth": 60,
                        "mindepth": 40,
                        "maxdepth": 80,
                        "value": 1053
                    },
                    {
                        "depth": 100,
                        "mindepth": 80,
                        "maxdepth": 120,
                        "value": 584
                    },
                    {
                        "depth": 140,
                        "mindepth": 120,
                        "maxdepth": 160,
                        "value": 390
                    },
                    {
                        "depth": 180,
                        "mindepth": 160,
                        "maxdepth": 200,
                        "value": 276
                    }
                ],
                "SLCEC": [
                    {
                        "depth": 20,
                        "mindepth": 0,
                        "maxdepth": 40,
                        "value": 21.3
                    },
                    {
                        "depth": 60,
                        "mindepth": 40,
                        "maxdepth": 80,
                        "value": 30.1
                    },
                    {
                        "depth": 100,
                        "mindepth": 80,
                        "maxdepth": 120,
                        "value": 24.0
                    },
                    {
                        "depth": 140,
                        "mindepth": 120,
                        "maxdepth": 160,
                        "value": 23.5
                    },
                    {
                        "depth": 180,
                        "mindepth": 160,
                        "maxdepth": 200,
                        "value": 30.3
                    }
                ],
                "pid": "63643f288ac54794e7f917a9"
            },
            "_id": "67f413788ac5471a9830fb9c",
            "scaid": "67f413788ac5471a9830fb9c"
        }
    ]
}