{
    "type": "FeatureCollection",
    "features": [
        {
            "type": "Feature",
            "geometry": {
                "type": "Point",
                "coordinates": [
                    33.07982931,
                    -111.97820028
                ]
            },
            "properties": {
                "cc_label": "p01-1N",
                "CHTD": [
                    {
                        "date": "2021-06-01",
                        "value": 0.18
                    },
                    {
                        "date": "2021-06-07",
                        "value": 0.23
                    },
                    {
                        "date": "2021-06-17",
                        "value": 0.31
                    },
                    {
                        "date": "2021-06-24",
                        "value": 0.37
                    },
                    {
                        "date": "2021-07-01",
                        "value": 0.53
                    },
                    {
                        "date": "2021-07-13",
                        "value": 0.85
                    },
                    {
                        "date": "2021-07-19",
                        "value": 1.0
                    },
                    {
                        "date": "2021-08-05",
                        "value": 1.18
                    },
                    {
                        "date": "2021-08-19",
                        "value": 1.62
                    },
                    {
                        "date": "2021-09-07",
                        "value": 1.7
                    }
                ],
                "CWID": [
                    {
                        "date": "2021-06-01",
                        "value": 0.14
                    },
                    {
                        "date": "2021-06-07",
                        "value": 0.22
                    },
                    {
                        "date": "2021-06-17",
                        "value": 0.32
                    },
                    {
                        "date": "2021-06-24",
                        "value": 0.4
                    },
                    {
                        "date": "2021-07-01",
                        "value": 0.54
                    },
                    {
                        "date": "2021-07-13",
                        "value": 0.76
                    },
                    {
                        "date": "2021-07-19",
                        "value": 0.81
                    },
                    {
                        "date": "2021-08-05",
                        "value": 0.89
                    },
                    {
                        "date": "2021-08-12",
                        "value": 1.02
                    },
                    {
                        "date": "2021-08-19",
                        "value": 1.02
                    },
                    {
                        "date": "2021-09-07",
                        "value": 1.02
                    }
                ],
                "pid": "63643f288ac54794e7f9177e"
            },
            "_id": "642464c28ac547060991e39a",
            "ccid": "642464c28ac547060991e39a"
        },
        {
            "type": "Feature",
            "geometry": {
                "type": "Point",
                "coordinates": [
                    33.07973912,
                    -111.97820091
                ]
            },
            "properties": {
                "cc_label": "p01-1M",
                "CHTD": [
                    {
                        "date": "2021-06-01",
                        "value": 0.17
                    },
                    {
                        "date": "2021-06-07",
                        "value": 0.25
                    },
                    {
                        "date": "2021-06-17",
                        "value": 0.32
                    },
                    {
                        "date": "2021-06-24",
                        "value": 0.43
                    },
                    {
                        "date": "2021-07-01",
                        "value": 0.61
                    },
                    {
                        "date": "2021-07-13",
                        "value": 0.95
                    },
                    {
                        "date": "2021-07-19",
                        "value": 1.13
                    },
                    {
                        "date": "2021-08-05",
                        "value": 1.3
                    },
                    {
                        "date": "2021-08-12",
                        "value": 1.39
                    },
                    {
                        "date": "2021-08-19",
                        "value": 1.47
                    }
                ],
                "CWID": [
                    {
                        "date": "2021-06-01",
                        "value": 0.12
                    },
                    {
                        "date": "2021-06-07",
                        "value": 0.23
                    },
                    {
                        "date": "2021-06-17",
                        "value": 0.36
                    },
                    {
                        "date": "2021-06-24",
                        "value": 0.46
                    },
                    {
                        "date": "2021-07-01",
                        "value": 0.61
                    },
                    {
                        "date": "2021-07-13",
                        "value": 0.83
                    },
                    {
                        "date": "2021-07-19",
                        "value": 0.87
                    },
                    {
                        "date": "2021-08-05",
                        "value": 0.95
                    },
                    {
                        "date": "2021-08-12",
                        "value": 1.02
                    },
                    {
                        "date": "2021-08-19",
                        "value": 1.02
                    },
                    {
                        "date": "2021-09-07",
                        "value": 1.02
                    }
                ],
                "PLPD": 8.1,
                "ADAT": "2021-06-30",
                "ADOY": 180,
                "NAWF": [
                    {
                        "date": "2021-07-01",
                        "value": 8.4
                    },
                    {
                        "date": "2021-07-13",
                        "value": 6.6
                    },
                    {
                        "date": "2021-07-19",
                        "value": 4.4
                    },
                    {
                        "date": "2021-08-05",
                        "value": 4.7
                    },
                    {
                        "date": "2021-08-12",
                        "value": 4.9
                    },
                    {
                        "date": "2021-08-26",
                        "value": 6.1
                    },
                    {
                        "date": "2021-09-07",
                        "value": 2.8
                    }
                ],
                "pid": "63643f288ac54794e7f9177e"
            },
            "_id": "642464c28ac547060991e39b",
            "ccid": "642464c28ac547060991e39b"
        },
        {
            "type": "Feature",
            "geometry": {
                "type": "Point",
                "coordinates": [
                    33.07964893,
                    -111.97820154
                ]
            },
            "properties": {
                "cc_label": "p01-1S",
                "CHTD": [
                    {
                        "date": "2021-06-01",
                        "value": 0.12
                    },
                    {
                        "date": "2021-06-07",
                        "value": 0.17
                    },
                    {
                        "date": "2021-06-17",
                        "value": 0.22
                    },
                    {
                        "date": "2021-06-24",
                        "value": 0.3
                    },
                    {
                        "date": "2021-07-01",
                        "value": 0.43
                    },
                    {
                        "date": "2021-07-13",
                        "value": 0.7
                    },
                    {
                        "date": "2021-07-19",
                        "value": 0.93
                    },
                    {
                        "date": "2021-08-05",
                        "value": 1.14
                    },
                    {
                        "date": "2021-08-12",
                        "value": 1.38
                    },
                    {
                        "date": "2021-08-19",
                        "value": 1.55
                    }
                ],
                "CWID": [
                    {
                        "date": "2021-06-01",
                        "value": 0.1
                    },
                    {
                        "date": "2021-06-07",
                        "value": 0.17
                    },
                    {
                        "date": "2021-06-17",
                        "value": 0.25
                    },
                    {
                        "date": "2021-06-24",
                        "value": 0.33
                    },
                    {
                        "date": "2021-07-01",
                        "value": 0.47
                    },
                    {
                        "date": "2021-07-13",
                        "value": 0.68
                    },
                    {
                        "date": "2021-07-19",
                        "value": 0.81
                    },
                    {
                        "date": "2021-08-05",
                        "value": 0.8
                    },
                    {
                        "date": "2021-08-12",
                        "value": 0.98
                    },
                    {
                        "date": "2021-08-19",
                        "value": 1.02
                    },
                    {
                        "date": "2021-09-07",
                        "value": 1.02
                    }
                ],
                "pid": "63643f288ac54794e7f9177e"
            },
            "_id": "642464c28ac547060991e39c",
            "ccid": "642464c28ac547060991e39c"
        },
        {
            "type": "Feature",
            "geometry": {
                "type": "Point",
                "coordinates": [
                    33.07975474,
                    -111.97816815
                ]
            },
            "properties": {
                "cc_label": "p01-1E",
                "EDATE": "2021-05-01",
                "PLYRE": 2021,
                "PLDOE": 121,
                "LF1D": "2021-05-16",
                "pid": "63643f288ac54794e7f9177e"
            },
            "_id": "67ed5ffc8ac547a69e0373bb",
            "ccid": "67ed5ffc8ac547a69e0373bb"
        },
        {
            "type": "Feature",
            "geometry": {
                "type": "Point",
                "coordinates": [
                    33.07946854,
                    -111.9782028
                ]
            },
            "properties": {
                "cc_label": "p01-2N",
                "CHTD": [
                    {
                        "date": "2021-06-01",
                        "value": 0.12
                    },
                    {
                        "date": "2021-06-07",
                        "value": 0.19
                    },
                    {
                        "date": "2021-06-17",
                        "value": 0.25
                    },
                    {
                        "date": "2021-06-24",
                        "value": 0.36
                    },
                    {
                        "date": "2021-07-01",
                        "value": 0.42
                    },
                    {
                        "date": "2021-07-13",
                        "value": 0.52
                    },
                    {
                        "date": "2021-07-19",
                        "value": 0.7
                    },
                    {
                        "date": "2021-08-05",
                        "value": 0.88
                    },
                    {
                        "date": "2021-08-12",
                        "value": 1.14
                    },
                    {
                        "date": "2021-08-19",
                        "value": 1.36
                    }
                ],
                "CWID": [
                    {
                        "date": "2021-06-01",
                        "value": 0.11
                    },
                    {
                        "date": "2021-06-07",
                        "value": 0.18
                    },
                    {
                        "date": "2021-06-17",
                        "value": 0.26
                    },
                    {
                        "date": "2021-06-24",
                        "value": 0.33
                    },
                    {
                        "date": "2021-07-01",
                        "value": 0.38
                    },
                    {
                        "date": "2021-07-13",
                        "value": 0.46
                    },
                    {
                        "date": "2021-07-19",
                        "value": 0.57
                    },
                    {
                        "date": "2021-08-05",
                        "value": 0.77
                    },
                    {
                        "date": "2021-08-12",
                        "value": 0.86
                    },
                    {
                        "date": "2021-08-19",
                        "value": 1.02
                    },
                    {
                        "date": "2021-09-07",
                        "value": 1.02
                    }
                ],
                "pid": "63643f288ac54794e7f9177f"
            },
            "_id": "642464c28ac547060991e39d",
            "ccid": "642464c28ac547060991e39d"
        },
        {
            "type": "Feature",
            "geometry": {
                "type": "Point",
                "coordinates": [
                    33.07937835,
                    -111.97820343
                ]
            },
            "properties": {
                "cc_label": "p01-2M",
                "CHTD": [
                    {
                        "date": "2021-06-01",
                        "value": 0.1
                    },
                    {
                        "date": "2021-06-07",
                        "value": 0.19
                    },
                    {
                        "date": "2021-06-17",
                        "value": 0.26
                    },
                    {
                        "date": "2021-06-24",
                        "value": 0.38
                    },
                    {
                        "date": "2021-07-01",
                        "value": 0.41
                    },
                    {
                        "date": "2021-07-13",
                        "value": 0.46
                    },
                    {
                        "date": "2021-07-19",
                        "value": 0.68
                    },
                    {
                        "date": "2021-08-05",
                        "value": 0.89
                    },
                    {
                        "date": "2021-08-12",
                        "value": 1.19
                    },
                    {
                        "date": "2021-08-19",
                        "value": 1.42
                    }
                ],
                "CWID": [
                    {
                        "date": "2021-06-01",
                        "value": 0.1
                    },
                    {
                        "date": "2021-06-07",
                        "value": 0.18
                    },
                    {
                        "date": "2021-06-17",
                        "value": 0.27
                    },
                    {
                        "date": "2021-06-24",
                        "value": 0.35
                    },
                    {
                        "date": "2021-07-01",
                        "value": 0.37
                    },
                    {
                        "date": "2021-07-13",
                        "value": 0.41
                    },
                    {
                        "date": "2021-07-19",
                        "value": 0.56
                    },
                    {
                        "date": "2021-08-05",
                        "value": 0.82
                    },
                    {
                        "date": "2021-08-12",
                        "value": 0.93
                    },
                    {
                        "date": "2021-08-19",
                        "value": 1.02
                    },
                    {
                        "date": "2021-09-07",
                        "value": 1.02
                    }
                ],
                "PLPD": 9.0,
                "ADAT": "2021-06-27",
                "ADOY": 178,
                "NAWF": [
                    {
                        "date": "2021-07-01",
                        "value": 8.0
                    },
                    {
                        "date": "2021-07-13",
                        "value": 4.4
                    },
                    {
                        "date": "2021-07-19",
                        "value": 5.2
                    },
                    {
                        "date": "2021-08-05",
                        "value": 5.4
                    },
                    {
                        "date": "2021-08-12",
                        "value": 5.8
                    },
                    {
                        "date": "2021-08-26",
                        "value": 5.9
                    },
                    {
                        "date": "2021-09-07",
                        "value": 3.1
                    }
                ],
                "pid": "63643f288ac54794e7f9177f"
            },
            "_id": "642464c28ac547060991e39e",
            "ccid": "642464c28ac547060991e39e"
        },
        {
            "type": "Feature",
            "geometry": {
                "type": "Point",
                "coordinates": [
                    33.07928816,
                    -111.97820406
                ]
            },
            "properties": {
                "cc_label": "p01-2S",
                "CHTD": [
                    {
                        "date": "2021-06-01",
                        "value": 0.09
                    },
                    {
                        "date": "2021-06-07",
                        "value": 0.14
                    },
                    {
                        "date": "2021-06-17",
                        "value": 0.21
                    },
                    {
                        "date": "2021-06-24",
                        "value": 0.28
                    },
                    {
                        "date": "2021-07-01",
                        "value": 0.34
                    },
                    {
                        "date": "2021-07-13",
                        "value": 0.45
                    },
                    {
                        "date": "2021-07-19",
                        "value": 0.55
                    },
                    {
                        "date": "2021-08-05",
                        "value": 0.68
                    },
                    {
                        "date": "2021-08-12",
                        "value": 0.84
                    },
                    {
                        "date": "2021-08-19",
                        "value": 1.0
                    }
                ],
                "CWID": [
                    {
                        "date": "2021-06-01",
                        "value": 0.07
                    },
                    {
                        "date": "2021-06-07",
                        "value": 0.14
                    },
                    {
                        "date": "2021-06-17",
                        "value": 0.21
                    },
                    {
                        "date": "2021-06-24",
                        "value": 0.26
                    },
                    {
                        "date": "2021-07-01",
                        "value": 0.31
                    },
                    {
                        "date": "2021-07-13",
                        "value": 0.41
                    },
                    {
                        "date": "2021-07-19",
                        "value": 0.48
                    },
                    {
                        "date": "2021-08-05",
                        "value": 0.64
                    },
                    {
                        "date": "2021-08-12",
                        "value": 0.86
                    },
                    {
                        "date": "2021-08-19",
                        "value": 0.91
                    },
                    {
                        "date": "2021-09-07",
                        "value": 1.02
                    }
                ],
                "pid": "63643f288ac54794e7f9177f"
            },
            "_id": "642464c28ac547060991e39f",
            "ccid": "642464c28ac547060991e39f"
        },
        {
            "type": "Feature",
            "geometry": {
                "type": "Point",
                "coordinates": [
                    33.07939397,
                    -111.97817067
                ]
            },
            "properties": {
                "cc_label": "p01-2E",
                "EDATE": "2021-05-02",
                "PLYRE": 2021,
                "PLDOE": 122,
                "LF1D": "2021-05-14",
                "pid": "63643f288ac54794e7f9177f"
            },
            "_id": "67ed5ffc8ac547a69e0373bc",
            "ccid": "67ed5ffc8ac547a69e0373bc"
        },
        {
            "type": "Feature",
            "geometry": {
                "type": "Point",
                "coordinates": [
                    33.07910778,
                    -111.97820532
                ]
            },
            "properties": {
                "cc_label": "p01-3N",
                "CHTD": [
                    {
                        "date": "2021-06-01",
                        "value": 0.12
                    },
                    {
                        "date": "2021-06-07",
                        "value": 0.18
                    },
                    {
                        "date": "2021-06-17",
                        "value": 0.26
                    },
                    {
                        "date": "2021-06-24",
                        "value": 0.33
                    },
                    {
                        "date": "2021-07-01",
                        "value": 0.38
                    },
                    {
                        "date": "2021-07-13",
                        "value": 0.53
                    },
                    {
                        "date": "2021-07-19",
                        "value": 0.68
                    },
                    {
                        "date": "2021-08-05",
                        "value": 0.82
                    },
                    {
                        "date": "2021-08-12",
                        "value": 1.05
                    },
                    {
                        "date": "2021-08-19",
                        "value": 1.26
                    }
                ],
                "CWID": [
                    {
                        "date": "2021-06-01",
                        "value": 0.09
                    },
                    {
                        "date": "2021-06-07",
                        "value": 0.18
                    },
                    {
                        "date": "2021-06-17",
                        "value": 0.29
                    },
                    {
                        "date": "2021-06-24",
                        "value": 0.38
                    },
                    {
                        "date": "2021-07-01",
                        "value": 0.44
                    },
                    {
                        "date": "2021-07-13",
                        "value": 0.52
                    },
                    {
                        "date": "2021-07-19",
                        "value": 0.58
                    },
                    {
                        "date": "2021-08-05",
                        "value": 0.73
                    },
                    {
                        "date": "2021-08-12",
                        "value": 0.81
                    },
                    {
                        "date": "2021-08-19",
                        "value": 0.94
                    },
                    {
                        "date": "2021-09-07",
                        "value": 1.02
                    }
                ],
                "pid": "63643f288ac54794e7f91780"
            },
            "_id": "642464c28ac547060991e3a0",
            "ccid": "642464c28ac547060991e3a0"
        },
        {
            "type": "Feature",
            "geometry": {
                "type": "Point",
                "coordinates": [
                    33.07901759,
                    -111.97820595
                ]
            },
            "properties": {
                "cc_label": "p01-3M",
                "CHTD": [
                    {
                        "date": "2021-06-01",
                        "value": 0.12
                    },
                    {
                        "date": "2021-06-07",
                        "value": 0.22
                    },
                    {
                        "date": "2021-06-17",
                        "value": 0.33
                    },
                    {
                        "date": "2021-06-24",
                        "value": 0.45
                    },
                    {
                        "date": "2021-07-01",
                        "value": 0.53
                    },
                    {
                        "date": "2021-07-13",
                        "value": 0.71
                    },
                    {
                        "date": "2021-07-19",
                        "value": 0.87
                    },
                    {
                        "date": "2021-08-05",
                        "value": 1.03
                    },
                    {
                        "date": "2021-08-12",
                        "value": 1.31
                    },
                    {
                        "date": "2021-08-19",
                        "value": 1.54
                    }
                ],
                "CWID": [
                    {
                        "date": "2021-06-01",
                        "value": 0.12
                    },
                    {
                        "date": "2021-06-07",
                        "value": 0.19
                    },
                    {
                        "date": "2021-06-17",
                        "value": 0.28
                    },
                    {
                        "date": "2021-06-24",
                        "value": 0.35
                    },
                    {
                        "date": "2021-07-01",
                        "value": 0.46
                    },
                    {
                        "date": "2021-07-13",
                        "value": 0.63
                    },
                    {
                        "date": "2021-07-19",
                        "value": 0.72
                    },
                    {
                        "date": "2021-08-05",
                        "value": 0.88
                    },
                    {
                        "date": "2021-08-12",
                        "value": 1.02
                    },
                    {
                        "date": "2021-08-19",
                        "value": 1.02
                    },
                    {
                        "date": "2021-09-07",
                        "value": 1.02
                    }
                ],
                "PLPD": 7.2,
                "ADAT": "2021-06-28",
                "ADOY": 179,
                "NAWF": [
                    {
                        "date": "2021-07-01",
                        "value": 8.6
                    },
                    {
                        "date": "2021-07-13",
                        "value": 4.9
                    },
                    {
                        "date": "2021-07-19",
                        "value": 5.7
                    },
                    {
                        "date": "2021-08-05",
                        "value": 5.3
                    },
                    {
                        "date": "2021-08-12",
                        "value": 5.2
                    },
                    {
                        "date": "2021-08-26",
                        "value": 4.4
                    },
                    {
                        "date": "2021-09-07",
                        "value": 3.0
                    }
                ],
                "pid": "63643f288ac54794e7f91780"
            },
            "_id": "642464c28ac547060991e3a1",
            "ccid": "642464c28ac547060991e3a1"
        },
        {
            "type": "Feature",
            "geometry": {
                "type": "Point",
                "coordinates": [
                    33.07892739,
                    -111.97820658
                ]
            },
            "properties": {
                "cc_label": "p01-3S",
                "CHTD": [
                    {
                        "date": "2021-06-01",
                        "value": 0.13
                    },
                    {
                        "date": "2021-06-07",
                        "value": 0.19
                    },
                    {
                        "date": "2021-06-17",
                        "value": 0.26
                    },
                    {
                        "date": "2021-06-24",
                        "value": 0.31
                    },
                    {
                        "date": "2021-07-01",
                        "value": 0.42
                    },
                    {
                        "date": "2021-07-13",
                        "value": 0.67
                    },
                    {
                        "date": "2021-07-19",
                        "value": 0.79
                    },
                    {
                        "date": "2021-08-05",
                        "value": 0.9
                    },
                    {
                        "date": "2021-08-12",
                        "value": 1.13
                    },
                    {
                        "date": "2021-08-19",
                        "value": 1.34
                    }
                ],
                "CWID": [
                    {
                        "date": "2021-06-01",
                        "value": 0.12
                    },
                    {
                        "date": "2021-06-07",
                        "value": 0.19
                    },
                    {
                        "date": "2021-06-17",
                        "value": 0.29
                    },
                    {
                        "date": "2021-06-24",
                        "value": 0.36
                    },
                    {
                        "date": "2021-07-01",
                        "value": 0.45
                    },
                    {
                        "date": "2021-07-13",
                        "value": 0.59
                    },
                    {
                        "date": "2021-07-19",
                        "value": 0.62
                    },
                    {
                        "date": "2021-08-05",
                        "value": 0.74
                    },
                    {
                        "date": "2021-08-12",
                        "value": 0.83
                    },
                    {
                        "date": "2021-08-19",
                        "value": 1.02
                    },
                    {
                        "date": "2021-09-07",
                        "value": 1.02
                    }
                ],
                "pid": "63643f288ac54794e7f91780"
            },
            "_id": "642464c28ac547060991e3a2",
            "ccid": "642464c28ac547060991e3a2"
        },
        {
            "type": "Feature",
            "geometry": {
                "type": "Point",
                "coordinates": [
                    33.07903321,
                    -111.97817318
                ]
            },
            "properties": {
                "cc_label": "p01-3E",
                "EDATE": "2021-05-01",
                "PLYRE": 2021,
                "PLDOE": 121,
                "LF1D": "2021-05-15",
                "pid": "63643f288ac54794e7f91780"
            },
            "_id": "67ed5ffc8ac547a69e0373bd",
            "ccid": "67ed5ffc8ac547a69e0373bd"
        },
        {
            "type": "Feature",
            "geometry": {
                "type": "Point",
                "coordinates": [
                    33.07874701,
                    -111.97820784
                ]
            },
            "properties": {
                "cc_label": "p01-4N",
                "CHTD": [
                    {
                        "date": "2021-06-01",
                        "value": 0.09
                    },
                    {
                        "date": "2021-06-07",
                        "value": 0.12
                    },
                    {
                        "date": "2021-06-17",
                        "value": 0.15
                    },
                    {
                        "date": "2021-06-24",
                        "value": 0.2
                    },
                    {
                        "date": "2021-07-01",
                        "value": 0.3
                    },
                    {
                        "date": "2021-07-13",
                        "value": 0.48
                    },
                    {
                        "date": "2021-07-19",
                        "value": 0.63
                    },
                    {
                        "date": "2021-08-05",
                        "value": 0.8
                    },
                    {
                        "date": "2021-08-12",
                        "value": 1.02
                    },
                    {
                        "date": "2021-08-19",
                        "value": 1.19
                    }
                ],
                "CWID": [
                    {
                        "date": "2021-06-01",
                        "value": 0.09
                    },
                    {
                        "date": "2021-06-07",
                        "value": 0.13
                    },
                    {
                        "date": "2021-06-17",
                        "value": 0.17
                    },
                    {
                        "date": "2021-06-24",
                        "value": 0.21
                    },
                    {
                        "date": "2021-07-01",
                        "value": 0.3
                    },
                    {
                        "date": "2021-07-13",
                        "value": 0.43
                    },
                    {
                        "date": "2021-07-19",
                        "value": 0.51
                    },
                    {
                        "date": "2021-08-05",
                        "value": 0.65
                    },
                    {
                        "date": "2021-08-12",
                        "value": 0.77
                    },
                    {
                        "date": "2021-08-19",
                        "value": 1.02
                    },
                    {
                        "date": "2021-09-07",
                        "value": 1.02
                    }
                ],
                "pid": "63643f288ac54794e7f91781"
            },
            "_id": "642464c28ac547060991e3a3",
            "ccid": "642464c28ac547060991e3a3"
        },
        {
            "type": "Feature",
            "geometry": {
                "type": "Point",
                "coordinates": [
                    33.07865682,
                    -111.97820847
                ]
            },
            "properties": {
                "cc_label": "p01-4M",
                "CHTD": [
                    {
                        "date": "2021-06-01",
                        "value": 0.1
                    },
                    {
                        "date": "2021-06-07",
                        "value": 0.14
                    },
                    {
                        "date": "2021-06-17",
                        "value": 0.17
                    },
                    {
                        "date": "2021-06-24",
                        "value": 0.23
                    },
                    {
                        "date": "2021-07-01",
                        "value": 0.38
                    },
                    {
                        "date": "2021-07-13",
                        "value": 0.7
                    },
                    {
                        "date": "2021-07-19",
                        "value": 0.85
                    },
                    {
                        "date": "2021-08-05",
                        "value": 1.01
                    },
                    {
                        "date": "2021-08-12",
                        "value": 1.25
                    },
                    {
                        "date": "2021-08-19",
                        "value": 1.44
                    }
                ],
                "CWID": [
                    {
                        "date": "2021-06-01",
                        "value": 0.09
                    },
                    {
                        "date": "2021-06-07",
                        "value": 0.14
                    },
                    {
                        "date": "2021-06-17",
                        "value": 0.23
                    },
                    {
                        "date": "2021-06-24",
                        "value": 0.3
                    },
                    {
                        "date": "2021-07-01",
                        "value": 0.11
                    },
                    {
                        "date": "2021-07-13",
                        "value": 0.67
                    },
                    {
                        "date": "2021-07-19",
                        "value": 0.73
                    },
                    {
                        "date": "2021-08-05",
                        "value": 0.84
                    },
                    {
                        "date": "2021-08-12",
                        "value": 0.9
                    },
                    {
                        "date": "2021-08-19",
                        "value": 1.02
                    },
                    {
                        "date": "2021-09-07",
                        "value": 1.02
                    }
                ],
                "PLPD": 7.4,
                "ADAT": "2021-06-30",
                "ADOY": 181,
                "NAWF": [
                    {
                        "date": "2021-07-01",
                        "value": 8.6
                    },
                    {
                        "date": "2021-07-13",
                        "value": 5.9
                    },
                    {
                        "date": "2021-07-19",
                        "value": 5.6
                    },
                    {
                        "date": "2021-08-05",
                        "value": 5.6
                    },
                    {
                        "date": "2021-08-12",
                        "value": 5.4
                    },
                    {
                        "date": "2021-08-26",
                        "value": 5.1
                    },
                    {
                        "date": "2021-09-07",
                        "value": 3.7
                    }
                ],
                "pid": "63643f288ac54794e7f91781"
            },
            "_id": "642464c28ac547060991e3a4",
            "ccid": "642464c28ac547060991e3a4"
        },
        {
            "type": "Feature",
            "geometry": {
                "type": "Point",
                "coordinates": [
                    33.07856663,
                    -111.97820909
                ]
            },
            "properties": {
                "cc_label": "p01-4S",
                "CHTD": [
                    {
                        "date": "2021-06-01",
                        "value": 0.15
                    },
                    {
                        "date": "2021-06-07",
                        "value": 0.23
                    },
                    {
                        "date": "2021-06-17",
                        "value": 0.31
                    },
                    {
                        "date": "2021-06-24",
                        "value": 0.42
                    },
                    {
                        "date": "2021-07-01",
                        "value": 0.64
                    },
                    {
                        "date": "2021-07-13",
                        "value": 1.03
                    },
                    {
                        "date": "2021-07-19",
                        "value": 1.21
                    },
                    {
                        "date": "2021-08-05",
                        "value": 1.37
                    },
                    {
                        "date": "2021-08-12",
                        "value": 1.53
                    },
                    {
                        "date": "2021-08-19",
                        "value": 1.69
                    },
                    {
                        "date": "2021-09-07",
                        "value": 1.93
                    }
                ],
                "CWID": [
                    {
                        "date": "2021-06-01",
                        "value": 0.14
                    },
                    {
                        "date": "2021-06-07",
                        "value": 0.25
                    },
                    {
                        "date": "2021-06-17",
                        "value": 0.38
                    },
                    {
                        "date": "2021-06-24",
                        "value": 0.5
                    },
                    {
                        "date": "2021-07-01",
                        "value": 0.62
                    },
                    {
                        "date": "2021-07-13",
                        "value": 0.8
                    },
                    {
                        "date": "2021-07-19",
                        "value": 0.87
                    },
                    {
                        "date": "2021-08-05",
                        "value": 0.95
                    },
                    {
                        "date": "2021-08-12",
                        "value": 1.02
                    },
                    {
                        "date": "2021-08-19",
                        "value": 1.02
                    },
                    {
                        "date": "2021-09-07",
                        "value": 1.02
                    }
                ],
                "pid": "63643f288ac54794e7f91781"
            },
            "_id": "642464c28ac547060991e3a5",
            "ccid": "642464c28ac547060991e3a5"
        },
        {
            "type": "Feature",
            "geometry": {
                "type": "Point",
                "coordinates": [
                    33.07867244,
                    -111.9781757
                ]
            },
            "properties": {
                "cc_label": "p01-4E",
                "EDATE": "2021-05-02",
                "PLYRE": 2021,
                "PLDOE": 122,
                "LF1D": "2021-05-15",
                "pid": "63643f288ac54794e7f91781"
            },
            "_id": "67ed5ffc8ac547a69e0373be",
            "ccid": "67ed5ffc8ac547a69e0373be"
        },
        {
            "type": "Feature",
            "geometry": {
                "type": "Point",
                "coordinates": [
                    33.07982856,
                    -111.9780479
                ]
            },
            "properties": {
                "cc_label": "p02-1N",
                "CHTD": [
                    {
                        "date": "2021-06-01",
                        "value": 0.18
                    },
                    {
                        "date": "2021-06-07",
                        "value": 0.28
                    },
                    {
                        "date": "2021-06-17",
                        "value": 0.41
                    },
                    {
                        "date": "2021-06-24",
                        "value": 0.52
                    },
                    {
                        "date": "2021-07-01",
                        "value": 0.68
                    },
                    {
                        "date": "2021-07-13",
                        "value": 0.97
                    },
                    {
                        "date": "2021-07-19",
                        "value": 1.15
                    },
                    {
                        "date": "2021-08-05",
                        "value": 1.33
                    },
                    {
                        "date": "2021-08-12",
                        "value": 1.6
                    },
                    {
                        "date": "2021-08-19",
                        "value": 1.85
                    },
                    {
                        "date": "2021-09-07",
                        "value": 0.97
                    }
                ],
                "CWID": [
                    {
                        "date": "2021-06-01",
                        "value": 0.18
                    },
                    {
                        "date": "2021-06-07",
                        "value": 0.26
                    },
                    {
                        "date": "2021-06-17",
                        "value": 0.35
                    },
                    {
                        "date": "2021-06-24",
                        "value": 0.44
                    },
                    {
                        "date": "2021-07-01",
                        "value": 0.57
                    },
                    {
                        "date": "2021-07-13",
                        "value": 0.77
                    },
                    {
                        "date": "2021-07-19",
                        "value": 0.86
                    },
                    {
                        "date": "2021-08-05",
                        "value": 1.02
                    },
                    {
                        "date": "2021-08-12",
                        "value": 1.02
                    },
                    {
                        "date": "2021-08-19",
                        "value": 1.02
                    },
                    {
                        "date": "2021-09-07",
                        "value": 1.02
                    }
                ],
                "pid": "63643f288ac54794e7f91782"
            },
            "_id": "642464c28ac547060991e3a6",
            "ccid": "642464c28ac547060991e3a6"
        },
        {
            "type": "Feature",
            "geometry": {
                "type": "Point",
                "coordinates": [
                    33.07973837,
                    -111.97804853
                ]
            },
            "properties": {
                "cc_label": "p02-1M",
                "CHTD": [
                    {
                        "date": "2021-06-01",
                        "value": 0.17
                    },
                    {
                        "date": "2021-06-07",
                        "value": 0.26
                    },
                    {
                        "date": "2021-06-17",
                        "value": 0.35
                    },
                    {
                        "date": "2021-06-24",
                        "value": 0.48
                    },
                    {
                        "date": "2021-07-01",
                        "value": 0.58
                    },
                    {
                        "date": "2021-07-13",
                        "value": 0.78
                    },
                    {
                        "date": "2021-07-19",
                        "value": 0.91
                    },
                    {
                        "date": "2021-08-05",
                        "value": 1.06
                    },
                    {
                        "date": "2021-08-12",
                        "value": 1.41
                    },
                    {
                        "date": "2021-08-19",
                        "value": 1.67
                    },
                    {
                        "date": "2021-09-07",
                        "value": 1.86
                    }
                ],
                "CWID": [
                    {
                        "date": "2021-06-01",
                        "value": 0.15
                    },
                    {
                        "date": "2021-06-07",
                        "value": 0.24
                    },
                    {
                        "date": "2021-06-17",
                        "value": 0.36
                    },
                    {
                        "date": "2021-06-24",
                        "value": 0.45
                    },
                    {
                        "date": "2021-07-01",
                        "value": 0.55
                    },
                    {
                        "date": "2021-07-13",
                        "value": 0.7
                    },
                    {
                        "date": "2021-07-19",
                        "value": 0.81
                    },
                    {
                        "date": "2021-08-05",
                        "value": 1.02
                    },
                    {
                        "date": "2021-08-12",
                        "value": 1.02
                    },
                    {
                        "date": "2021-08-19",
                        "value": 1.02
                    },
                    {
                        "date": "2021-09-07",
                        "value": 1.02
                    }
                ],
                "PLPD": 8.1,
                "ADAT": "2021-06-29",
                "ADOY": 180,
                "NAWF": [
                    {
                        "date": "2021-07-01",
                        "value": 8.8
                    },
                    {
                        "date": "2021-07-13",
                        "value": 5.4
                    },
                    {
                        "date": "2021-07-19",
                        "value": 6.0
                    },
                    {
                        "date": "2021-08-05",
                        "value": 5.4
                    },
                    {
                        "date": "2021-08-12",
                        "value": 5.2
                    },
                    {
                        "date": "2021-08-26",
                        "value": 5.4
                    },
                    {
                        "date": "2021-09-07",
                        "value": 3.7
                    }
                ],
                "pid": "63643f288ac54794e7f91782"
            },
            "_id": "642464c28ac547060991e3a7",
            "ccid": "642464c28ac547060991e3a7"
        },
        {
            "type": "Feature",
            "geometry": {
                "type": "Point",
                "coordinates": [
                    33.07964817,
                    -111.97804916
                ]
            },
            "properties": {
                "cc_label": "p02-1S",
                "CHTD": [
                    {
                        "date": "2021-06-01",
                        "value": 0.19
                    },
                    {
                        "date": "2021-06-07",
                        "value": 0.3
                    },
                    {
                        "date": "2021-06-17",
                        "value": 0.43
                    },
                    {
                        "date": "2021-06-24",
                        "value": 0.56
                    },
                    {
                        "date": "2021-07-01",
                        "value": 0.68
                    },
                    {
                        "date": "2021-07-13",
                        "value": 0.95
                    },
                    {
                        "date": "2021-07-19",
                        "value": 1.13
                    },
                    {
                        "date": "2021-08-05",
                        "value": 1.3
                    },
                    {
                        "date": "2021-08-12",
                        "value": 1.6
                    },
                    {
                        "date": "2021-08-19",
                        "value": 1.84
                    },
                    {
                        "date": "2021-09-07",
                        "value": 1.96
                    }
                ],
                "CWID": [
                    {
                        "date": "2021-06-01",
                        "value": 0.17
                    },
                    {
                        "date": "2021-06-07",
                        "value": 0.27
                    },
                    {
                        "date": "2021-06-17",
                        "value": 0.4
                    },
                    {
                        "date": "2021-06-24",
                        "value": 0.5
                    },
                    {
                        "date": "2021-07-01",
                        "value": 0.59
                    },
                    {
                        "date": "2021-07-13",
                        "value": 0.72
                    },
                    {
                        "date": "2021-07-19",
                        "value": 0.83
                    },
                    {
                        "date": "2021-08-05",
                        "value": 1.02
                    },
                    {
                        "date": "2021-08-12",
                        "value": 1.02
                    },
                    {
                        "date": "2021-08-19",
                        "value": 1.02
                    },
                    {
                        "date": "2021-09-07",
                        "value": 1.02
                    }
                ],
                "pid": "63643f288ac54794e7f91782"
            },
            "_id": "642464c28ac547060991e3a8",
            "ccid": "642464c28ac547060991e3a8"
        },
        {
            "type": "Feature",
            "geometry": {
                "type": "Point",
                "coordinates": [
                    33.07975399,
                    -111.97801577
                ]
            },
            "properties": {
                "cc_label": "p02-1E",
                "EDATE": "2021-05-01",
                "PLYRE": 2021,
                "PLDOE": 120,
                "LF1D": "2021-05-14",
                "pid": "63643f288ac54794e7f91782"
            },
            "_id": "67ed5ffc8ac547a69e0373bf",
            "ccid": "67ed5ffc8ac547a69e0373bf"
        },
        {
            "type": "Feature",
            "geometry": {
                "type": "Point",
                "coordinates": [
                    33.07946779,
                    -111.97805042
                ]
            },
            "properties": {
                "cc_label": "p02-2N",
                "CHTD": [
                    {
                        "date": "2021-06-01",
                        "value": 0.21
                    },
                    {
                        "date": "2021-06-07",
                        "value": 0.33
                    },
                    {
                        "date": "2021-06-17",
                        "value": 0.45
                    },
                    {
                        "date": "2021-06-24",
                        "value": 0.58
                    },
                    {
                        "date": "2021-07-01",
                        "value": 0.68
                    },
                    {
                        "date": "2021-07-13",
                        "value": 0.86
                    },
                    {
                        "date": "2021-07-19",
                        "value": 1.01
                    },
                    {
                        "date": "2021-08-05",
                        "value": 1.17
                    },
                    {
                        "date": "2021-08-12",
                        "value": 1.4
                    },
                    {
                        "date": "2021-08-19",
                        "value": 1.59
                    },
                    {
                        "date": "2021-09-07",
                        "value": 1.79
                    }
                ],
                "CWID": [
                    {
                        "date": "2021-06-01",
                        "value": 0.2
                    },
                    {
                        "date": "2021-06-07",
                        "value": 0.27
                    },
                    {
                        "date": "2021-06-17",
                        "value": 0.33
                    },
                    {
                        "date": "2021-06-24",
                        "value": 0.42
                    },
                    {
                        "date": "2021-07-01",
                        "value": 0.51
                    },
                    {
                        "date": "2021-07-13",
                        "value": 0.67
                    },
                    {
                        "date": "2021-07-19",
                        "value": 0.78
                    },
                    {
                        "date": "2021-08-05",
                        "value": 0.98
                    },
                    {
                        "date": "2021-08-12",
                        "value": 1.02
                    },
                    {
                        "date": "2021-08-19",
                        "value": 1.02
                    },
                    {
                        "date": "2021-09-07",
                        "value": 1.02
                    }
                ],
                "pid": "63643f288ac54794e7f91783"
            },
            "_id": "642464c28ac547060991e3a9",
            "ccid": "642464c28ac547060991e3a9"
        },
        {
            "type": "Feature",
            "geometry": {
                "type": "Point",
                "coordinates": [
                    33.0793776,
                    -111.97805105
                ]
            },
            "properties": {
                "cc_label": "p02-2M",
                "CHTD": [
                    {
                        "date": "2021-06-01",
                        "value": 0.23
                    },
                    {
                        "date": "2021-06-07",
                        "value": 0.32
                    },
                    {
                        "date": "2021-06-17",
                        "value": 0.42
                    },
                    {
                        "date": "2021-06-24",
                        "value": 0.55
                    },
                    {
                        "date": "2021-07-01",
                        "value": 0.62
                    },
                    {
                        "date": "2021-07-13",
                        "value": 0.76
                    },
                    {
                        "date": "2021-07-19",
                        "value": 0.97
                    },
                    {
                        "date": "2021-08-05",
                        "value": 1.17
                    },
                    {
                        "date": "2021-08-12",
                        "value": 1.42
                    },
                    {
                        "date": "2021-08-19",
                        "value": 1.65
                    },
                    {
                        "date": "2021-09-07",
                        "value": 1.84
                    }
                ],
                "CWID": [
                    {
                        "date": "2021-06-01",
                        "value": 0.21
                    },
                    {
                        "date": "2021-06-07",
                        "value": 0.27
                    },
                    {
                        "date": "2021-06-17",
                        "value": 0.33
                    },
                    {
                        "date": "2021-06-24",
                        "value": 0.4
                    },
                    {
                        "date": "2021-07-01",
                        "value": 0.5
                    },
                    {
                        "date": "2021-07-13",
                        "value": 0.66
                    },
                    {
                        "date": "2021-07-19",
                        "value": 0.74
                    },
                    {
                        "date": "2021-08-05",
                        "value": 0.9
                    },
                    {
                        "date": "2021-08-12",
                        "value": 0.99
                    },
                    {
                        "date": "2021-08-19",
                        "value": 1.02
                    },
                    {
                        "date": "2021-09-07",
                        "value": 1.02
                    }
                ],
                "PLPD": 7.9,
                "ADAT": "2021-07-01",
                "ADOY": 182,
                "NAWF": [
                    {
                        "date": "2021-07-01",
                        "value": 8.2
                    },
                    {
                        "date": "2021-07-13",
                        "value": 4.8
                    },
                    {
                        "date": "2021-07-19",
                        "value": 5.7
                    },
                    {
                        "date": "2021-08-05",
                        "value": 6.0
                    },
                    {
                        "date": "2021-08-12",
                        "value": 5.3
                    },
                    {
                        "date": "2021-08-26",
                        "value": 4.9
                    },
                    {
                        "date": "2021-09-07",
                        "value": 3.2
                    }
                ],
                "pid": "63643f288ac54794e7f91783"
            },
            "_id": "642464c28ac547060991e3aa",
            "ccid": "642464c28ac547060991e3aa"
        },
        {
            "type": "Feature",
            "geometry": {
                "type": "Point",
                "coordinates": [
                    33.07928741,
                    -111.97805168
                ]
            },
            "properties": {
                "cc_label": "p02-2S",
                "CHTD": [
                    {
                        "date": "2021-06-01",
                        "value": 0.18
                    },
                    {
                        "date": "2021-06-07",
                        "value": 0.28
                    },
                    {
                        "date": "2021-06-17",
                        "value": 0.4
                    },
                    {
                        "date": "2021-06-24",
                        "value": 0.53
                    },
                    {
                        "date": "2021-07-01",
                        "value": 0.59
                    },
                    {
                        "date": "2021-07-13",
                        "value": 0.7
                    },
                    {
                        "date": "2021-07-19",
                        "value": 0.84
                    },
                    {
                        "date": "2021-08-05",
                        "value": 0.98
                    },
                    {
                        "date": "2021-08-12",
                        "value": 1.22
                    },
                    {
                        "date": "2021-08-19",
                        "value": 1.41
                    }
                ],
                "CWID": [
                    {
                        "date": "2021-06-01",
                        "value": 0.19
                    },
                    {
                        "date": "2021-06-07",
                        "value": 0.24
                    },
                    {
                        "date": "2021-06-17",
                        "value": 0.3
                    },
                    {
                        "date": "2021-06-24",
                        "value": 0.35
                    },
                    {
                        "date": "2021-07-01",
                        "value": 0.44
                    },
                    {
                        "date": "2021-07-13",
                        "value": 0.57
                    },
                    {
                        "date": "2021-07-19",
                        "value": 0.65
                    },
                    {
                        "date": "2021-08-05",
                        "value": 0.81
                    },
                    {
                        "date": "2021-08-12",
                        "value": 0.9
                    },
                    {
                        "date": "2021-08-19",
                        "value": 1.02
                    },
                    {
                        "date": "2021-09-07",
                        "value": 1.02
                    }
                ],
                "pid": "63643f288ac54794e7f91783"
            },
            "_id": "642464c28ac547060991e3ab",
            "ccid": "642464c28ac547060991e3ab"
        },
        {
            "type": "Feature",
            "geometry": {
                "type": "Point",
                "coordinates": [
                    33.07939322,
                    -111.97801828
                ]
            },
            "properties": {
                "cc_label": "p02-2E",
                "EDATE": "2021-05-01",
                "PLYRE": 2021,
                "PLDOE": 120,
                "LF1D": "2021-05-15",
                "pid": "63643f288ac54794e7f91783"
            },
            "_id": "67ed5ffc8ac547a69e0373c0",
            "ccid": "67ed5ffc8ac547a69e0373c0"
        },
        {
            "type": "Feature",
            "geometry": {
                "type": "Point",
                "coordinates": [
                    33.07910702,
                    -111.97805294
                ]
            },
            "properties": {
                "cc_label": "p02-3N",
                "CHTD": [
                    {
                        "date": "2021-06-01",
                        "value": 0.17
                    },
                    {
                        "date": "2021-06-07",
                        "value": 0.26
                    },
                    {
                        "date": "2021-06-17",
                        "value": 0.32
                    },
                    {
                        "date": "2021-06-24",
                        "value": 0.4
                    },
                    {
                        "date": "2021-07-01",
                        "value": 0.51
                    },
                    {
                        "date": "2021-07-13",
                        "value": 0.73
                    },
                    {
                        "date": "2021-07-19",
                        "value": 0.88
                    },
                    {
                        "date": "2021-08-05",
                        "value": 1.02
                    },
                    {
                        "date": "2021-08-12",
                        "value": 1.3
                    },
                    {
                        "date": "2021-08-19",
                        "value": 1.51
                    }
                ],
                "CWID": [
                    {
                        "date": "2021-06-01",
                        "value": 0.16
                    },
                    {
                        "date": "2021-06-07",
                        "value": 0.21
                    },
                    {
                        "date": "2021-06-17",
                        "value": 0.27
                    },
                    {
                        "date": "2021-06-24",
                        "value": 0.33
                    },
                    {
                        "date": "2021-07-01",
                        "value": 0.43
                    },
                    {
                        "date": "2021-07-13",
                        "value": 0.59
                    },
                    {
                        "date": "2021-07-19",
                        "value": 0.66
                    },
                    {
                        "date": "2021-08-05",
                        "value": 0.82
                    },
                    {
                        "date": "2021-08-12",
                        "value": 0.9
                    },
                    {
                        "date": "2021-08-19",
                        "value": 1.02
                    },
                    {
                        "date": "2021-09-07",
                        "value": 1.02
                    }
                ],
                "pid": "63643f288ac54794e7f91784"
            },
            "_id": "642464c28ac547060991e3ac",
            "ccid": "642464c28ac547060991e3ac"
        },
        {
            "type": "Feature",
            "geometry": {
                "type": "Point",
                "coordinates": [
                    33.07901683,
                    -111.97805356
                ]
            },
            "properties": {
                "cc_label": "p02-3M",
                "CHTD": [
                    {
                        "date": "2021-06-01",
                        "value": 0.17
                    },
                    {
                        "date": "2021-06-07",
                        "value": 0.24
                    },
                    {
                        "date": "2021-06-17",
                        "value": 0.3
                    },
                    {
                        "date": "2021-06-24",
                        "value": 0.37
                    },
                    {
                        "date": "2021-07-01",
                        "value": 0.49
                    },
                    {
                        "date": "2021-07-13",
                        "value": 0.74
                    },
                    {
                        "date": "2021-07-19",
                        "value": 0.91
                    },
                    {
                        "date": "2021-08-05",
                        "value": 1.05
                    },
                    {
                        "date": "2021-08-12",
                        "value": 1.26
                    },
                    {
                        "date": "2021-08-19",
                        "value": 1.43
                    }
                ],
                "CWID": [
                    {
                        "date": "2021-06-01",
                        "value": 0.15
                    },
                    {
                        "date": "2021-06-07",
                        "value": 0.21
                    },
                    {
                        "date": "2021-06-17",
                        "value": 0.3
                    },
                    {
                        "date": "2021-06-24",
                        "value": 0.37
                    },
                    {
                        "date": "2021-07-01",
                        "value": 0.46
                    },
                    {
                        "date": "2021-07-13",
                        "value": 0.63
                    },
                    {
                        "date": "2021-07-19",
                        "value": 0.7
                    },
                    {
                        "date": "2021-08-05",
                        "value": 0.83
                    },
                    {
                        "date": "2021-08-12",
                        "value": 0.91
                    },
                    {
                        "date": "2021-08-19",
                        "value": 1.02
                    },
                    {
                        "date": "2021-09-07",
                        "value": 1.02
                    }
                ],
                "PLPD": 9.8,
                "ADAT": "2021-06-29",
                "ADOY": 180,
                "NAWF": [
                    {
                        "date": "2021-07-01",
                        "value": 8.0
                    },
                    {
                        "date": "2021-07-13",
                        "value": 4.3
                    },
                    {
                        "date": "2021-07-19",
                        "value": 5.3
                    },
                    {
                        "date": "2021-08-05",
                        "value": 5.1
                    },
                    {
                        "date": "2021-08-12",
                        "value": 5.7
                    },
                    {
                        "date": "2021-08-26",
                        "value": 4.7
                    },
                    {
                        "date": "2021-09-07",
                        "value": 3.4
                    }
                ],
                "pid": "63643f288ac54794e7f91784"
            },
            "_id": "642464c28ac547060991e3ad",
            "ccid": "642464c28ac547060991e3ad"
        },
        {
            "type": "Feature",
            "geometry": {
                "type": "Point",
                "coordinates": [
                    33.07892664,
                    -111.97805419
                ]
            },
            "properties": {
                "cc_label": "p02-3S",
                "CHTD": [
                    {
                        "date": "2021-06-01",
                        "value": 0.15
                    },
                    {
                        "date": "2021-06-07",
                        "value": 0.23
                    },
                    {
                        "date": "2021-06-17",
                        "value": 0.3
                    },
                    {
                        "date": "2021-06-24",
                        "value": 0.38
                    },
                    {
                        "date": "2021-07-01",
                        "value": 0.5
                    },
                    {
                        "date": "2021-07-13",
                        "value": 0.71
                    },
                    {
                        "date": "2021-07-19",
                        "value": 0.86
                    },
                    {
                        "date": "2021-08-05",
                        "value": 0.99
                    },
                    {
                        "date": "2021-08-12",
                        "value": 1.28
                    },
                    {
                        "date": "2021-08-19",
                        "value": 1.52
                    }
                ],
                "CWID": [
                    {
                        "date": "2021-06-01",
                        "value": 0.15
                    },
                    {
                        "date": "2021-06-07",
                        "value": 0.21
                    },
                    {
                        "date": "2021-06-17",
                        "value": 0.29
                    },
                    {
                        "date": "2021-06-24",
                        "value": 0.35
                    },
                    {
                        "date": "2021-07-01",
                        "value": 0.43
                    },
                    {
                        "date": "2021-07-13",
                        "value": 0.56
                    },
                    {
                        "date": "2021-07-19",
                        "value": 0.65
                    },
                    {
                        "date": "2021-08-05",
                        "value": 0.84
                    },
                    {
                        "date": "2021-08-12",
                        "value": 0.93
                    },
                    {
                        "date": "2021-08-19",
                        "value": 1.02
                    },
                    {
                        "date": "2021-09-07",
                        "value": 1.02
                    }
                ],
                "pid": "63643f288ac54794e7f91784"
            },
            "_id": "642464c28ac547060991e3ae",
            "ccid": "642464c28ac547060991e3ae"
        },
        {
            "type": "Feature",
            "geometry": {
                "type": "Point",
                "coordinates": [
                    33.07903245,
                    -111.9780208
                ]
            },
            "properties": {
                "cc_label": "p02-3E",
                "EDATE": "2021-04-30",
                "PLYRE": 2021,
                "PLDOE": 120,
                "LF1D": "2021-05-15",
                "pid": "63643f288ac54794e7f91784"
            },
            "_id": "67ed5ffc8ac547a69e0373c1",
            "ccid": "67ed5ffc8ac547a69e0373c1"
        },
        {
            "type": "Feature",
            "geometry": {
                "type": "Point",
                "coordinates": [
                    33.07874626,
                    -111.97805545
                ]
            },
            "properties": {
                "cc_label": "p02-4N",
                "CHTD": [
                    {
                        "date": "2021-06-01",
                        "value": 0.15
                    },
                    {
                        "date": "2021-06-07",
                        "value": 0.22
                    },
                    {
                        "date": "2021-06-17",
                        "value": 0.3
                    },
                    {
                        "date": "2021-06-24",
                        "value": 0.41
                    },
                    {
                        "date": "2021-07-01",
                        "value": 0.56
                    },
                    {
                        "date": "2021-07-13",
                        "value": 0.89
                    },
                    {
                        "date": "2021-07-19",
                        "value": 1.0
                    },
                    {
                        "date": "2021-08-05",
                        "value": 1.15
                    },
                    {
                        "date": "2021-08-12",
                        "value": 1.42
                    },
                    {
                        "date": "2021-08-19",
                        "value": 1.62
                    },
                    {
                        "date": "2021-09-07",
                        "value": 1.82
                    }
                ],
                "CWID": [
                    {
                        "date": "2021-06-01",
                        "value": 0.13
                    },
                    {
                        "date": "2021-06-07",
                        "value": 0.23
                    },
                    {
                        "date": "2021-06-17",
                        "value": 0.34
                    },
                    {
                        "date": "2021-06-24",
                        "value": 0.45
                    },
                    {
                        "date": "2021-07-01",
                        "value": 0.55
                    },
                    {
                        "date": "2021-07-13",
                        "value": 0.71
                    },
                    {
                        "date": "2021-07-19",
                        "value": 0.79
                    },
                    {
                        "date": "2021-08-05",
                        "value": 0.93
                    },
                    {
                        "date": "2021-08-12",
                        "value": 1.02
                    },
                    {
                        "date": "2021-08-19",
                        "value": 1.02
                    },
                    {
                        "date": "2021-09-07",
                        "value": 1.02
                    }
                ],
                "pid": "63643f288ac54794e7f91785"
            },
            "_id": "642464c28ac547060991e3af",
            "ccid": "642464c28ac547060991e3af"
        },
        {
            "type": "Feature",
            "geometry": {
                "type": "Point",
                "coordinates": [
                    33.07865606,
                    -111.97805608
                ]
            },
            "properties": {
                "cc_label": "p02-4M",
                "CHTD": [
                    {
                        "date": "2021-06-01",
                        "value": 0.16
                    },
                    {
                        "date": "2021-06-07",
                        "value": 0.23
                    },
                    {
                        "date": "2021-06-17",
                        "value": 0.32
                    },
                    {
                        "date": "2021-06-24",
                        "value": 0.42
                    },
                    {
                        "date": "2021-07-01",
                        "value": 0.6
                    },
                    {
                        "date": "2021-07-13",
                        "value": 0.97
                    },
                    {
                        "date": "2021-07-19",
                        "value": 1.11
                    },
                    {
                        "date": "2021-08-05",
                        "value": 1.33
                    },
                    {
                        "date": "2021-08-12",
                        "value": 1.56
                    },
                    {
                        "date": "2021-08-19",
                        "value": 1.75
                    },
                    {
                        "date": "2021-09-07",
                        "value": 1.83
                    }
                ],
                "CWID": [
                    {
                        "date": "2021-06-01",
                        "value": 0.14
                    },
                    {
                        "date": "2021-06-07",
                        "value": 0.24
                    },
                    {
                        "date": "2021-06-17",
                        "value": 0.35
                    },
                    {
                        "date": "2021-06-24",
                        "value": 0.46
                    },
                    {
                        "date": "2021-07-01",
                        "value": 0.56
                    },
                    {
                        "date": "2021-07-13",
                        "value": 0.72
                    },
                    {
                        "date": "2021-07-19",
                        "value": 0.8
                    },
                    {
                        "date": "2021-08-05",
                        "value": 0.95
                    },
                    {
                        "date": "2021-08-12",
                        "value": 1.02
                    },
                    {
                        "date": "2021-08-19",
                        "value": 1.02
                    },
                    {
                        "date": "2021-09-07",
                        "value": 1.02
                    }
                ],
                "PLPD": 9.2,
                "ADAT": "2021-06-28",
                "ADOY": 179,
                "NAWF": [
                    {
                        "date": "2021-07-01",
                        "value": 8.3
                    },
                    {
                        "date": "2021-07-13",
                        "value": 6.2
                    },
                    {
                        "date": "2021-07-19",
                        "value": 5.0
                    },
                    {
                        "date": "2021-08-05",
                        "value": 5.7
                    },
                    {
                        "date": "2021-08-12",
                        "value": 5.3
                    },
                    {
                        "date": "2021-08-26",
                        "value": 4.3
                    },
                    {
                        "date": "2021-09-07",
                        "value": 3.0
                    }
                ],
                "pid": "63643f288ac54794e7f91785"
            },
            "_id": "642464c28ac547060991e3b0",
            "ccid": "642464c28ac547060991e3b0"
        },
        {
            "type": "Feature",
            "geometry": {
                "type": "Point",
                "coordinates": [
                    33.07856587,
                    -111.97805671
                ]
            },
            "properties": {
                "cc_label": "p02-4S",
                "CHTD": [
                    {
                        "date": "2021-06-01",
                        "value": 0.16
                    },
                    {
                        "date": "2021-06-07",
                        "value": 0.26
                    },
                    {
                        "date": "2021-06-17",
                        "value": 0.37
                    },
                    {
                        "date": "2021-06-24",
                        "value": 0.48
                    },
                    {
                        "date": "2021-07-01",
                        "value": 0.63
                    },
                    {
                        "date": "2021-07-13",
                        "value": 0.99
                    },
                    {
                        "date": "2021-07-19",
                        "value": 1.14
                    },
                    {
                        "date": "2021-08-05",
                        "value": 1.31
                    },
                    {
                        "date": "2021-08-12",
                        "value": 1.51
                    },
                    {
                        "date": "2021-08-19",
                        "value": 1.67
                    },
                    {
                        "date": "2021-09-07",
                        "value": 1.87
                    }
                ],
                "CWID": [
                    {
                        "date": "2021-06-01",
                        "value": 0.15
                    },
                    {
                        "date": "2021-06-07",
                        "value": 0.26
                    },
                    {
                        "date": "2021-06-17",
                        "value": 0.39
                    },
                    {
                        "date": "2021-06-24",
                        "value": 0.49
                    },
                    {
                        "date": "2021-07-01",
                        "value": 0.58
                    },
                    {
                        "date": "2021-07-13",
                        "value": 0.72
                    },
                    {
                        "date": "2021-07-19",
                        "value": 0.79
                    },
                    {
                        "date": "2021-08-05",
                        "value": 0.93
                    },
                    {
                        "date": "2021-08-12",
                        "value": 1.02
                    },
                    {
                        "date": "2021-08-19",
                        "value": 1.02
                    },
                    {
                        "date": "2021-09-07",
                        "value": 1.02
                    }
                ],
                "pid": "63643f288ac54794e7f91785"
            },
            "_id": "642464c28ac547060991e3b1",
            "ccid": "642464c28ac547060991e3b1"
        },
        {
            "type": "Feature",
            "geometry": {
                "type": "Point",
                "coordinates": [
                    33.07867169,
                    -111.97802332
                ]
            },
            "properties": {
                "cc_label": "p02-4E",
                "EDATE": "2021-05-01",
                "PLYRE": 2021,
                "PLDOE": 121,
                "LF1D": "2021-05-14",
                "pid": "63643f288ac54794e7f91785"
            },
            "_id": "67ed5ffc8ac547a69e0373c2",
            "ccid": "67ed5ffc8ac547a69e0373c2"
        },
        {
            "type": "Feature",
            "geometry": {
                "type": "Point",
                "coordinates": [
                    33.0798278,
                    -111.97789552
                ]
            },
            "properties": {
                "cc_label": "p03-1N",
                "CHTD": [
                    {
                        "date": "2021-06-01",
                        "value": 0.23
                    },
                    {
                        "date": "2021-06-07",
                        "value": 0.34
                    },
                    {
                        "date": "2021-06-17",
                        "value": 0.48
                    },
                    {
                        "date": "2021-06-24",
                        "value": 0.63
                    },
                    {
                        "date": "2021-07-01",
                        "value": 0.73
                    },
                    {
                        "date": "2021-07-13",
                        "value": 0.96
                    },
                    {
                        "date": "2021-07-19",
                        "value": 1.13
                    },
                    {
                        "date": "2021-08-05",
                        "value": 1.29
                    },
                    {
                        "date": "2021-08-12",
                        "value": 1.51
                    },
                    {
                        "date": "2021-08-19",
                        "value": 1.71
                    },
                    {
                        "date": "2021-09-07",
                        "value": 1.91
                    }
                ],
                "CWID": [
                    {
                        "date": "2021-06-01",
                        "value": 0.2
                    },
                    {
                        "date": "2021-06-07",
                        "value": 0.33
                    },
                    {
                        "date": "2021-06-17",
                        "value": 0.48
                    },
                    {
                        "date": "2021-06-24",
                        "value": 0.61
                    },
                    {
                        "date": "2021-07-01",
                        "value": 0.69
                    },
                    {
                        "date": "2021-07-13",
                        "value": 0.82
                    },
                    {
                        "date": "2021-07-19",
                        "value": 0.88
                    },
                    {
                        "date": "2021-08-05",
                        "value": 1.02
                    },
                    {
                        "date": "2021-08-12",
                        "value": 1.02
                    },
                    {
                        "date": "2021-08-19",
                        "value": 1.02
                    },
                    {
                        "date": "2021-09-07",
                        "value": 1.02
                    }
                ],
                "pid": "63643f288ac54794e7f91786"
            },
            "_id": "642464c28ac547060991e3b2",
            "ccid": "642464c28ac547060991e3b2"
        },
        {
            "type": "Feature",
            "geometry": {
                "type": "Point",
                "coordinates": [
                    33.07973761,
                    -111.97789615
                ]
            },
            "properties": {
                "cc_label": "p03-1M",
                "CHTD": [
                    {
                        "date": "2021-06-01",
                        "value": 0.15
                    },
                    {
                        "date": "2021-06-07",
                        "value": 0.25
                    },
                    {
                        "date": "2021-06-17",
                        "value": 0.37
                    },
                    {
                        "date": "2021-06-24",
                        "value": 0.51
                    },
                    {
                        "date": "2021-07-01",
                        "value": 0.62
                    },
                    {
                        "date": "2021-07-13",
                        "value": 0.79
                    },
                    {
                        "date": "2021-07-19",
                        "value": 0.95
                    },
                    {
                        "date": "2021-08-05",
                        "value": 1.11
                    },
                    {
                        "date": "2021-08-12",
                        "value": 1.36
                    },
                    {
                        "date": "2021-08-19",
                        "value": 1.57
                    },
                    {
                        "date": "2021-09-07",
                        "value": 1.78
                    }
                ],
                "CWID": [
                    {
                        "date": "2021-06-01",
                        "value": 0.14
                    },
                    {
                        "date": "2021-06-07",
                        "value": 0.22
                    },
                    {
                        "date": "2021-06-17",
                        "value": 0.34
                    },
                    {
                        "date": "2021-06-24",
                        "value": 0.44
                    },
                    {
                        "date": "2021-07-01",
                        "value": 0.55
                    },
                    {
                        "date": "2021-07-13",
                        "value": 0.72
                    },
                    {
                        "date": "2021-07-19",
                        "value": 0.79
                    },
                    {
                        "date": "2021-08-05",
                        "value": 0.91
                    },
                    {
                        "date": "2021-08-12",
                        "value": 1.02
                    },
                    {
                        "date": "2021-08-19",
                        "value": 1.02
                    },
                    {
                        "date": "2021-09-07",
                        "value": 1.02
                    }
                ],
                "PLPD": 10.5,
                "ADAT": "2021-06-30",
                "ADOY": 181,
                "NAWF": [
                    {
                        "date": "2021-07-01",
                        "value": 7.9
                    },
                    {
                        "date": "2021-07-13",
                        "value": 5.6
                    },
                    {
                        "date": "2021-07-19",
                        "value": 5.8
                    },
                    {
                        "date": "2021-08-05",
                        "value": 5.7
                    },
                    {
                        "date": "2021-08-12",
                        "value": 5.6
                    },
                    {
                        "date": "2021-08-26",
                        "value": 5.2
                    },
                    {
                        "date": "2021-09-07",
                        "value": 3.8
                    }
                ],
                "pid": "63643f288ac54794e7f91786"
            },
            "_id": "642464c28ac547060991e3b3",
            "ccid": "642464c28ac547060991e3b3"
        },
        {
            "type": "Feature",
            "geometry": {
                "type": "Point",
                "coordinates": [
                    33.07964742,
                    -111.97789677
                ]
            },
            "properties": {
                "cc_label": "p03-1S",
                "CHTD": [
                    {
                        "date": "2021-06-01",
                        "value": 0.18
                    },
                    {
                        "date": "2021-06-07",
                        "value": 0.3
                    },
                    {
                        "date": "2021-06-17",
                        "value": 0.44
                    },
                    {
                        "date": "2021-06-24",
                        "value": 0.59
                    },
                    {
                        "date": "2021-07-01",
                        "value": 0.71
                    },
                    {
                        "date": "2021-07-13",
                        "value": 0.99
                    },
                    {
                        "date": "2021-07-19",
                        "value": 1.22
                    },
                    {
                        "date": "2021-08-05",
                        "value": 1.43
                    },
                    {
                        "date": "2021-08-12",
                        "value": 1.6
                    },
                    {
                        "date": "2021-08-19",
                        "value": 1.74
                    },
                    {
                        "date": "2021-09-07",
                        "value": 1.9
                    }
                ],
                "CWID": [
                    {
                        "date": "2021-06-01",
                        "value": 0.16
                    },
                    {
                        "date": "2021-06-07",
                        "value": 0.28
                    },
                    {
                        "date": "2021-06-17",
                        "value": 0.43
                    },
                    {
                        "date": "2021-06-24",
                        "value": 0.54
                    },
                    {
                        "date": "2021-07-01",
                        "value": 0.68
                    },
                    {
                        "date": "2021-07-13",
                        "value": 0.85
                    },
                    {
                        "date": "2021-07-19",
                        "value": 0.91
                    },
                    {
                        "date": "2021-08-05",
                        "value": 1.02
                    },
                    {
                        "date": "2021-08-12",
                        "value": 1.02
                    },
                    {
                        "date": "2021-08-19",
                        "value": 1.02
                    },
                    {
                        "date": "2021-09-07",
                        "value": 1.02
                    }
                ],
                "pid": "63643f288ac54794e7f91786"
            },
            "_id": "642464c28ac547060991e3b4",
            "ccid": "642464c28ac547060991e3b4"
        },
        {
            "type": "Feature",
            "geometry": {
                "type": "Point",
                "coordinates": [
                    33.07975323,
                    -111.97786338
                ]
            },
            "properties": {
                "cc_label": "p03-1E",
                "EDATE": "2021-05-01",
                "PLYRE": 2021,
                "PLDOE": 121,
                "LF1D": "2021-05-15",
                "pid": "63643f288ac54794e7f91786"
            },
            "_id": "67ed5ffc8ac547a69e0373c3",
            "ccid": "67ed5ffc8ac547a69e0373c3"
        },
        {
            "type": "Feature",
            "geometry": {
                "type": "Point",
                "coordinates": [
                    33.07946704,
                    -111.97789803
                ]
            },
            "properties": {
                "cc_label": "p03-2N",
                "CHTD": [
                    {
                        "date": "2021-06-01",
                        "value": 0.21
                    },
                    {
                        "date": "2021-06-07",
                        "value": 0.21
                    },
                    {
                        "date": "2021-06-17",
                        "value": 0.21
                    },
                    {
                        "date": "2021-06-24",
                        "value": 0.58
                    },
                    {
                        "date": "2021-07-01",
                        "value": 0.73
                    },
                    {
                        "date": "2021-07-13",
                        "value": 1.0
                    },
                    {
                        "date": "2021-07-19",
                        "value": 1.39
                    },
                    {
                        "date": "2021-08-05",
                        "value": 1.59
                    },
                    {
                        "date": "2021-08-12",
                        "value": 1.83
                    },
                    {
                        "date": "2021-08-19",
                        "value": 2.03
                    },
                    {
                        "date": "2021-09-07",
                        "value": 2.0
                    }
                ],
                "CWID": [
                    {
                        "date": "2021-06-01",
                        "value": 0.18
                    },
                    {
                        "date": "2021-06-07",
                        "value": 0.3
                    },
                    {
                        "date": "2021-06-17",
                        "value": 0.44
                    },
                    {
                        "date": "2021-06-24",
                        "value": 0.56
                    },
                    {
                        "date": "2021-07-01",
                        "value": 0.66
                    },
                    {
                        "date": "2021-07-13",
                        "value": 0.82
                    },
                    {
                        "date": "2021-07-19",
                        "value": 0.87
                    },
                    {
                        "date": "2021-08-05",
                        "value": 1.02
                    },
                    {
                        "date": "2021-08-12",
                        "value": 1.02
                    },
                    {
                        "date": "2021-08-19",
                        "value": 1.02
                    },
                    {
                        "date": "2021-09-07",
                        "value": 1.02
                    }
                ],
                "pid": "63643f288ac54794e7f91787"
            },
            "_id": "642464c28ac547060991e3b5",
            "ccid": "642464c28ac547060991e3b5"
        },
        {
            "type": "Feature",
            "geometry": {
                "type": "Point",
                "coordinates": [
                    33.07937684,
                    -111.97789866
                ]
            },
            "properties": {
                "cc_label": "p03-2M",
                "CHTD": [
                    {
                        "date": "2021-06-01",
                        "value": 0.2
                    },
                    {
                        "date": "2021-06-07",
                        "value": 0.32
                    },
                    {
                        "date": "2021-06-17",
                        "value": 0.44
                    },
                    {
                        "date": "2021-06-24",
                        "value": 0.54
                    },
                    {
                        "date": "2021-07-01",
                        "value": 0.69
                    },
                    {
                        "date": "2021-07-13",
                        "value": 0.98
                    },
                    {
                        "date": "2021-07-19",
                        "value": 1.15
                    },
                    {
                        "date": "2021-08-05",
                        "value": 1.32
                    },
                    {
                        "date": "2021-08-12",
                        "value": 1.69
                    },
                    {
                        "date": "2021-08-19",
                        "value": 1.97
                    },
                    {
                        "date": "2021-09-07",
                        "value": 2.01
                    }
                ],
                "CWID": [
                    {
                        "date": "2021-06-01",
                        "value": 0.17
                    },
                    {
                        "date": "2021-06-07",
                        "value": 0.29
                    },
                    {
                        "date": "2021-06-17",
                        "value": 0.44
                    },
                    {
                        "date": "2021-06-24",
                        "value": 0.56
                    },
                    {
                        "date": "2021-07-01",
                        "value": 0.66
                    },
                    {
                        "date": "2021-07-13",
                        "value": 0.81
                    },
                    {
                        "date": "2021-07-19",
                        "value": 0.86
                    },
                    {
                        "date": "2021-08-05",
                        "value": 1.02
                    },
                    {
                        "date": "2021-08-12",
                        "value": 1.02
                    },
                    {
                        "date": "2021-08-19",
                        "value": 1.02
                    },
                    {
                        "date": "2021-09-07",
                        "value": 1.02
                    }
                ],
                "PLPD": 10.1,
                "ADAT": "2021-06-30",
                "ADOY": 181,
                "NAWF": [
                    {
                        "date": "2021-07-01",
                        "value": 8.8
                    },
                    {
                        "date": "2021-07-13",
                        "value": 6.6
                    },
                    {
                        "date": "2021-07-19",
                        "value": 5.2
                    },
                    {
                        "date": "2021-08-05",
                        "value": 5.7
                    },
                    {
                        "date": "2021-08-12",
                        "value": 5.2
                    },
                    {
                        "date": "2021-08-26",
                        "value": 5.0
                    },
                    {
                        "date": "2021-09-07",
                        "value": 3.6
                    }
                ],
                "pid": "63643f288ac54794e7f91787"
            },
            "_id": "642464c28ac547060991e3b6",
            "ccid": "642464c28ac547060991e3b6"
        },
        {
            "type": "Feature",
            "geometry": {
                "type": "Point",
                "coordinates": [
                    33.07928665,
                    -111.97789929
                ]
            },
            "properties": {
                "cc_label": "p03-2S",
                "CHTD": [
                    {
                        "date": "2021-06-01",
                        "value": 0.22
                    },
                    {
                        "date": "2021-06-07",
                        "value": 0.35
                    },
                    {
                        "date": "2021-06-17",
                        "value": 0.49
                    },
                    {
                        "date": "2021-06-24",
                        "value": 0.62
                    },
                    {
                        "date": "2021-07-01",
                        "value": 0.75
                    },
                    {
                        "date": "2021-07-13",
                        "value": 1.03
                    },
                    {
                        "date": "2021-07-19",
                        "value": 1.18
                    },
                    {
                        "date": "2021-08-05",
                        "value": 1.33
                    },
                    {
                        "date": "2021-08-12",
                        "value": 1.65
                    },
                    {
                        "date": "2021-08-19",
                        "value": 1.91
                    },
                    {
                        "date": "2021-09-07",
                        "value": 1.93
                    }
                ],
                "CWID": [
                    {
                        "date": "2021-06-01",
                        "value": 0.18
                    },
                    {
                        "date": "2021-06-07",
                        "value": 0.3
                    },
                    {
                        "date": "2021-06-17",
                        "value": 0.46
                    },
                    {
                        "date": "2021-06-24",
                        "value": 0.59
                    },
                    {
                        "date": "2021-07-01",
                        "value": 0.73
                    },
                    {
                        "date": "2021-07-13",
                        "value": 0.93
                    },
                    {
                        "date": "2021-07-19",
                        "value": 1.02
                    },
                    {
                        "date": "2021-08-05",
                        "value": 1.02
                    },
                    {
                        "date": "2021-08-12",
                        "value": 1.02
                    },
                    {
                        "date": "2021-08-19",
                        "value": 1.02
                    },
                    {
                        "date": "2021-09-07",
                        "value": 1.02
                    }
                ],
                "pid": "63643f288ac54794e7f91787"
            },
            "_id": "642464c28ac547060991e3b7",
            "ccid": "642464c28ac547060991e3b7"
        },
        {
            "type": "Feature",
            "geometry": {
                "type": "Point",
                "coordinates": [
                    33.07939247,
                    -111.9778659
                ]
            },
            "properties": {
                "cc_label": "p03-2E",
                "EDATE": "2021-05-01",
                "PLYRE": 2021,
                "PLDOE": 121,
                "LF1D": "2021-05-15",
                "pid": "63643f288ac54794e7f91787"
            },
            "_id": "67ed5ffc8ac547a69e0373c4",
            "ccid": "67ed5ffc8ac547a69e0373c4"
        },
        {
            "type": "Feature",
            "geometry": {
                "type": "Point",
                "coordinates": [
                    33.07910627,
                    -111.97790055
                ]
            },
            "properties": {
                "cc_label": "p03-3N",
                "CHTD": [
                    {
                        "date": "2021-06-01",
                        "value": 0.19
                    },
                    {
                        "date": "2021-06-07",
                        "value": 0.29
                    },
                    {
                        "date": "2021-06-17",
                        "value": 0.38
                    },
                    {
                        "date": "2021-06-24",
                        "value": 0.48
                    },
                    {
                        "date": "2021-07-01",
                        "value": 0.62
                    },
                    {
                        "date": "2021-07-13",
                        "value": 0.92
                    },
                    {
                        "date": "2021-07-19",
                        "value": 1.04
                    },
                    {
                        "date": "2021-08-05",
                        "value": 1.17
                    },
                    {
                        "date": "2021-08-12",
                        "value": 1.65
                    },
                    {
                        "date": "2021-08-19",
                        "value": 2.05
                    },
                    {
                        "date": "2021-09-07",
                        "value": 1.95
                    }
                ],
                "CWID": [
                    {
                        "date": "2021-06-01",
                        "value": 0.17
                    },
                    {
                        "date": "2021-06-07",
                        "value": 0.27
                    },
                    {
                        "date": "2021-06-17",
                        "value": 0.39
                    },
                    {
                        "date": "2021-06-24",
                        "value": 0.49
                    },
                    {
                        "date": "2021-07-01",
                        "value": 0.6
                    },
                    {
                        "date": "2021-07-13",
                        "value": 0.77
                    },
                    {
                        "date": "2021-07-19",
                        "value": 0.85
                    },
                    {
                        "date": "2021-08-05",
                        "value": 1.02
                    },
                    {
                        "date": "2021-08-12",
                        "value": 1.02
                    },
                    {
                        "date": "2021-08-19",
                        "value": 1.02
                    },
                    {
                        "date": "2021-09-07",
                        "value": 1.02
                    }
                ],
                "pid": "63643f288ac54794e7f91788"
            },
            "_id": "642464c28ac547060991e3b8",
            "ccid": "642464c28ac547060991e3b8"
        },
        {
            "type": "Feature",
            "geometry": {
                "type": "Point",
                "coordinates": [
                    33.07901608,
                    -111.97790118
                ]
            },
            "properties": {
                "cc_label": "p03-3M",
                "CHTD": [
                    {
                        "date": "2021-06-01",
                        "value": 0.19
                    },
                    {
                        "date": "2021-06-07",
                        "value": 0.29
                    },
                    {
                        "date": "2021-06-17",
                        "value": 0.42
                    },
                    {
                        "date": "2021-06-24",
                        "value": 0.51
                    },
                    {
                        "date": "2021-07-01",
                        "value": 0.68
                    },
                    {
                        "date": "2021-07-13",
                        "value": 1.04
                    },
                    {
                        "date": "2021-07-19",
                        "value": 1.25
                    },
                    {
                        "date": "2021-08-05",
                        "value": 1.47
                    },
                    {
                        "date": "2021-08-12",
                        "value": 1.73
                    },
                    {
                        "date": "2021-08-19",
                        "value": 1.97
                    },
                    {
                        "date": "2021-09-07",
                        "value": 1.94
                    }
                ],
                "CWID": [
                    {
                        "date": "2021-06-01",
                        "value": 0.17
                    },
                    {
                        "date": "2021-06-07",
                        "value": 0.27
                    },
                    {
                        "date": "2021-06-17",
                        "value": 0.39
                    },
                    {
                        "date": "2021-06-24",
                        "value": 0.48
                    },
                    {
                        "date": "2021-07-01",
                        "value": 0.52
                    },
                    {
                        "date": "2021-07-13",
                        "value": 0.81
                    },
                    {
                        "date": "2021-07-19",
                        "value": 0.89
                    },
                    {
                        "date": "2021-08-05",
                        "value": 1.02
                    },
                    {
                        "date": "2021-08-12",
                        "value": 1.02
                    },
                    {
                        "date": "2021-08-19",
                        "value": 1.02
                    },
                    {
                        "date": "2021-09-07",
                        "value": 1.02
                    }
                ],
                "PLPD": 9.4,
                "ADAT": "2021-06-30",
                "ADOY": 181,
                "NAWF": [
                    {
                        "date": "2021-07-01",
                        "value": 8.8
                    },
                    {
                        "date": "2021-07-13",
                        "value": 6.7
                    },
                    {
                        "date": "2021-07-19",
                        "value": 5.4
                    },
                    {
                        "date": "2021-08-05",
                        "value": 6.2
                    },
                    {
                        "date": "2021-08-12",
                        "value": 4.9
                    },
                    {
                        "date": "2021-08-26",
                        "value": 4.7
                    },
                    {
                        "date": "2021-09-07",
                        "value": 3.1
                    }
                ],
                "pid": "63643f288ac54794e7f91788"
            },
            "_id": "642464c28ac547060991e3b9",
            "ccid": "642464c28ac547060991e3b9"
        },
        {
            "type": "Feature",
            "geometry": {
                "type": "Point",
                "coordinates": [
                    33.07892589,
                    -111.97790181
                ]
            },
            "properties": {
                "cc_label": "p03-3S",
                "CHTD": [
                    {
                        "date": "2021-06-01",
                        "value": 0.19
                    },
                    {
                        "date": "2021-06-07",
                        "value": 0.31
                    },
                    {
                        "date": "2021-06-17",
                        "value": 0.43
                    },
                    {
                        "date": "2021-06-24",
                        "value": 0.54
                    },
                    {
                        "date": "2021-07-01",
                        "value": 0.69
                    },
                    {
                        "date": "2021-07-13",
                        "value": 1.03
                    },
                    {
                        "date": "2021-07-19",
                        "value": 1.25
                    },
                    {
                        "date": "2021-08-05",
                        "value": 1.46
                    },
                    {
                        "date": "2021-08-12",
                        "value": 1.72
                    },
                    {
                        "date": "2021-08-19",
                        "value": 1.95
                    },
                    {
                        "date": "2021-09-07",
                        "value": 2.01
                    }
                ],
                "CWID": [
                    {
                        "date": "2021-06-01",
                        "value": 0.18
                    },
                    {
                        "date": "2021-06-07",
                        "value": 0.3
                    },
                    {
                        "date": "2021-06-17",
                        "value": 0.44
                    },
                    {
                        "date": "2021-06-24",
                        "value": 0.55
                    },
                    {
                        "date": "2021-07-01",
                        "value": 0.7
                    },
                    {
                        "date": "2021-07-13",
                        "value": 0.92
                    },
                    {
                        "date": "2021-07-19",
                        "value": 0.86
                    },
                    {
                        "date": "2021-08-05",
                        "value": 1.02
                    },
                    {
                        "date": "2021-08-12",
                        "value": 1.02
                    },
                    {
                        "date": "2021-08-19",
                        "value": 1.02
                    },
                    {
                        "date": "2021-09-07",
                        "value": 1.02
                    }
                ],
                "pid": "63643f288ac54794e7f91788"
            },
            "_id": "642464c28ac547060991e3ba",
            "ccid": "642464c28ac547060991e3ba"
        },
        {
            "type": "Feature",
            "geometry": {
                "type": "Point",
                "coordinates": [
                    33.0790317,
                    -111.97786842
                ]
            },
            "properties": {
                "cc_label": "p03-3E",
                "EDATE": "2021-05-01",
                "PLYRE": 2021,
                "PLDOE": 121,
                "LF1D": "2021-05-15",
                "pid": "63643f288ac54794e7f91788"
            },
            "_id": "67ed5ffc8ac547a69e0373c5",
            "ccid": "67ed5ffc8ac547a69e0373c5"
        },
        {
            "type": "Feature",
            "geometry": {
                "type": "Point",
                "coordinates": [
                    33.0787455,
                    -111.97790307
                ]
            },
            "properties": {
                "cc_label": "p03-4N",
                "CHTD": [
                    {
                        "date": "2021-06-01",
                        "value": 0.18
                    },
                    {
                        "date": "2021-06-07",
                        "value": 0.18
                    },
                    {
                        "date": "2021-06-17",
                        "value": 0.39
                    },
                    {
                        "date": "2021-06-24",
                        "value": 0.48
                    },
                    {
                        "date": "2021-07-01",
                        "value": 0.62
                    },
                    {
                        "date": "2021-07-13",
                        "value": 0.91
                    },
                    {
                        "date": "2021-07-19",
                        "value": 1.02
                    },
                    {
                        "date": "2021-08-05",
                        "value": 1.14
                    },
                    {
                        "date": "2021-08-12",
                        "value": 1.44
                    },
                    {
                        "date": "2021-08-19",
                        "value": 1.7
                    },
                    {
                        "date": "2021-09-07",
                        "value": 1.85
                    }
                ],
                "CWID": [
                    {
                        "date": "2021-06-01",
                        "value": 0.18
                    },
                    {
                        "date": "2021-06-07",
                        "value": 0.26
                    },
                    {
                        "date": "2021-06-17",
                        "value": 0.35
                    },
                    {
                        "date": "2021-06-24",
                        "value": 0.43
                    },
                    {
                        "date": "2021-07-01",
                        "value": 0.56
                    },
                    {
                        "date": "2021-07-13",
                        "value": 0.75
                    },
                    {
                        "date": "2021-07-19",
                        "value": 0.82
                    },
                    {
                        "date": "2021-08-05",
                        "value": 0.96
                    },
                    {
                        "date": "2021-08-12",
                        "value": 1.02
                    },
                    {
                        "date": "2021-08-19",
                        "value": 1.02
                    },
                    {
                        "date": "2021-09-07",
                        "value": 1.02
                    }
                ],
                "pid": "63643f288ac54794e7f91789"
            },
            "_id": "642464c28ac547060991e3bb",
            "ccid": "642464c28ac547060991e3bb"
        },
        {
            "type": "Feature",
            "geometry": {
                "type": "Point",
                "coordinates": [
                    33.07865531,
                    -111.9779037
                ]
            },
            "properties": {
                "cc_label": "p03-4M",
                "CHTD": [
                    {
                        "date": "2021-06-01",
                        "value": 0.13
                    },
                    {
                        "date": "2021-06-07",
                        "value": 0.17
                    },
                    {
                        "date": "2021-06-17",
                        "value": 0.25
                    },
                    {
                        "date": "2021-06-24",
                        "value": 0.32
                    },
                    {
                        "date": "2021-07-01",
                        "value": 0.41
                    },
                    {
                        "date": "2021-07-13",
                        "value": 0.63
                    },
                    {
                        "date": "2021-07-19",
                        "value": 0.79
                    },
                    {
                        "date": "2021-08-05",
                        "value": 0.95
                    },
                    {
                        "date": "2021-08-12",
                        "value": 1.18
                    },
                    {
                        "date": "2021-08-19",
                        "value": 1.32
                    }
                ],
                "CWID": [
                    {
                        "date": "2021-06-01",
                        "value": 0.12
                    },
                    {
                        "date": "2021-06-07",
                        "value": 0.14
                    },
                    {
                        "date": "2021-06-17",
                        "value": 0.22
                    },
                    {
                        "date": "2021-06-24",
                        "value": 0.28
                    },
                    {
                        "date": "2021-07-01",
                        "value": 0.36
                    },
                    {
                        "date": "2021-07-13",
                        "value": 0.51
                    },
                    {
                        "date": "2021-07-19",
                        "value": 0.61
                    },
                    {
                        "date": "2021-08-05",
                        "value": 0.78
                    },
                    {
                        "date": "2021-08-12",
                        "value": 0.9
                    },
                    {
                        "date": "2021-08-19",
                        "value": 1.02
                    },
                    {
                        "date": "2021-09-07",
                        "value": 1.02
                    }
                ],
                "PLPD": 8.5,
                "ADAT": "2021-06-28",
                "ADOY": 179,
                "NAWF": [
                    {
                        "date": "2021-07-01",
                        "value": 7.8
                    },
                    {
                        "date": "2021-07-13",
                        "value": 5.6
                    },
                    {
                        "date": "2021-07-19",
                        "value": 5.0
                    },
                    {
                        "date": "2021-08-05",
                        "value": 4.9
                    },
                    {
                        "date": "2021-08-12",
                        "value": 5.1
                    },
                    {
                        "date": "2021-08-26",
                        "value": 4.9
                    },
                    {
                        "date": "2021-09-07",
                        "value": 3.1
                    }
                ],
                "pid": "63643f288ac54794e7f91789"
            },
            "_id": "642464c28ac547060991e3bc",
            "ccid": "642464c28ac547060991e3bc"
        },
        {
            "type": "Feature",
            "geometry": {
                "type": "Point",
                "coordinates": [
                    33.07856512,
                    -111.97790433
                ]
            },
            "properties": {
                "cc_label": "p03-4S",
                "CHTD": [
                    {
                        "date": "2021-06-01",
                        "value": 0.16
                    },
                    {
                        "date": "2021-06-07",
                        "value": 0.26
                    },
                    {
                        "date": "2021-06-17",
                        "value": 0.39
                    },
                    {
                        "date": "2021-06-24",
                        "value": 0.52
                    },
                    {
                        "date": "2021-07-01",
                        "value": 0.67
                    },
                    {
                        "date": "2021-07-13",
                        "value": 0.98
                    },
                    {
                        "date": "2021-07-19",
                        "value": 1.19
                    },
                    {
                        "date": "2021-08-05",
                        "value": 1.37
                    },
                    {
                        "date": "2021-08-12",
                        "value": 1.63
                    },
                    {
                        "date": "2021-08-19",
                        "value": 1.85
                    },
                    {
                        "date": "2021-09-07",
                        "value": 1.98
                    }
                ],
                "CWID": [
                    {
                        "date": "2021-06-01",
                        "value": 0.14
                    },
                    {
                        "date": "2021-06-07",
                        "value": 0.24
                    },
                    {
                        "date": "2021-06-17",
                        "value": 0.39
                    },
                    {
                        "date": "2021-06-24",
                        "value": 0.5
                    },
                    {
                        "date": "2021-07-01",
                        "value": 0.61
                    },
                    {
                        "date": "2021-07-13",
                        "value": 0.78
                    },
                    {
                        "date": "2021-07-19",
                        "value": 0.84
                    },
                    {
                        "date": "2021-08-05",
                        "value": 0.95
                    },
                    {
                        "date": "2021-08-12",
                        "value": 1.02
                    },
                    {
                        "date": "2021-08-19",
                        "value": 1.02
                    },
                    {
                        "date": "2021-09-07",
                        "value": 1.02
                    }
                ],
                "pid": "63643f288ac54794e7f91789"
            },
            "_id": "642464c28ac547060991e3bd",
            "ccid": "642464c28ac547060991e3bd"
        },
        {
            "type": "Feature",
            "geometry": {
                "type": "Point",
                "coordinates": [
                    33.07867093,
                    -111.97787094
                ]
            },
            "properties": {
                "cc_label": "p03-4E",
                "EDATE": "2021-05-01",
                "PLYRE": 2021,
                "PLDOE": 121,
                "LF1D": "2021-05-15",
                "pid": "63643f288ac54794e7f91789"
            },
            "_id": "67ed5ffc8ac547a69e0373c6",
            "ccid": "67ed5ffc8ac547a69e0373c6"
        },
        {
            "type": "Feature",
            "geometry": {
                "type": "Point",
                "coordinates": [
                    33.07982705,
                    -111.97774313
                ]
            },
            "properties": {
                "cc_label": "p04-1N",
                "CHTD": [
                    {
                        "date": "2021-06-01",
                        "value": 0.15
                    },
                    {
                        "date": "2021-06-07",
                        "value": 0.23
                    },
                    {
                        "date": "2021-06-17",
                        "value": 0.33
                    },
                    {
                        "date": "2021-06-24",
                        "value": 0.45
                    },
                    {
                        "date": "2021-07-01",
                        "value": 0.61
                    },
                    {
                        "date": "2021-07-13",
                        "value": 0.92
                    },
                    {
                        "date": "2021-07-19",
                        "value": 1.16
                    },
                    {
                        "date": "2021-08-05",
                        "value": 1.43
                    },
                    {
                        "date": "2021-08-12",
                        "value": 1.74
                    },
                    {
                        "date": "2021-08-19",
                        "value": 2.0
                    },
                    {
                        "date": "2021-09-07",
                        "value": 1.92
                    }
                ],
                "CWID": [
                    {
                        "date": "2021-06-01",
                        "value": 0.14
                    },
                    {
                        "date": "2021-06-07",
                        "value": 0.24
                    },
                    {
                        "date": "2021-06-17",
                        "value": 0.37
                    },
                    {
                        "date": "2021-06-24",
                        "value": 0.47
                    },
                    {
                        "date": "2021-07-01",
                        "value": 0.57
                    },
                    {
                        "date": "2021-07-13",
                        "value": 0.72
                    },
                    {
                        "date": "2021-07-19",
                        "value": 0.82
                    },
                    {
                        "date": "2021-08-05",
                        "value": 1.02
                    },
                    {
                        "date": "2021-08-12",
                        "value": 1.02
                    },
                    {
                        "date": "2021-08-19",
                        "value": 1.02
                    },
                    {
                        "date": "2021-09-07",
                        "value": 1.02
                    }
                ],
                "pid": "63643f288ac54794e7f9178a"
            },
            "_id": "642464c28ac547060991e3be",
            "ccid": "642464c28ac547060991e3be"
        },
        {
            "type": "Feature",
            "geometry": {
                "type": "Point",
                "coordinates": [
                    33.07973686,
                    -111.97774376
                ]
            },
            "properties": {
                "cc_label": "p04-1M",
                "CHTD": [
                    {
                        "date": "2021-06-01",
                        "value": 0.11
                    },
                    {
                        "date": "2021-06-07",
                        "value": 0.21
                    },
                    {
                        "date": "2021-06-17",
                        "value": 0.3
                    },
                    {
                        "date": "2021-06-24",
                        "value": 0.4
                    },
                    {
                        "date": "2021-07-01",
                        "value": 0.57
                    },
                    {
                        "date": "2021-07-13",
                        "value": 0.91
                    },
                    {
                        "date": "2021-07-19",
                        "value": 1.09
                    },
                    {
                        "date": "2021-08-05",
                        "value": 1.26
                    },
                    {
                        "date": "2021-08-12",
                        "value": 1.63
                    },
                    {
                        "date": "2021-08-19",
                        "value": 1.96
                    },
                    {
                        "date": "2021-09-07",
                        "value": 1.99
                    }
                ],
                "CWID": [
                    {
                        "date": "2021-06-01",
                        "value": 0.11
                    },
                    {
                        "date": "2021-06-07",
                        "value": 0.21
                    },
                    {
                        "date": "2021-06-17",
                        "value": 0.33
                    },
                    {
                        "date": "2021-06-24",
                        "value": 0.42
                    },
                    {
                        "date": "2021-07-01",
                        "value": 0.55
                    },
                    {
                        "date": "2021-07-13",
                        "value": 0.73
                    },
                    {
                        "date": "2021-07-19",
                        "value": 0.85
                    },
                    {
                        "date": "2021-08-05",
                        "value": 1.02
                    },
                    {
                        "date": "2021-08-12",
                        "value": 1.02
                    },
                    {
                        "date": "2021-08-19",
                        "value": 1.02
                    },
                    {
                        "date": "2021-09-07",
                        "value": 1.02
                    }
                ],
                "PLPD": 9.2,
                "ADAT": "2021-06-29",
                "ADOY": 180,
                "NAWF": [
                    {
                        "date": "2021-07-01",
                        "value": 8.2
                    },
                    {
                        "date": "2021-07-13",
                        "value": 6.9
                    },
                    {
                        "date": "2021-07-19",
                        "value": 5.6
                    },
                    {
                        "date": "2021-08-05",
                        "value": 6.3
                    },
                    {
                        "date": "2021-08-12",
                        "value": 5.2
                    },
                    {
                        "date": "2021-08-26",
                        "value": 5.2
                    },
                    {
                        "date": "2021-09-07",
                        "value": 3.7
                    }
                ],
                "pid": "63643f288ac54794e7f9178a"
            },
            "_id": "642464c28ac547060991e3bf",
            "ccid": "642464c28ac547060991e3bf"
        },
        {
            "type": "Feature",
            "geometry": {
                "type": "Point",
                "coordinates": [
                    33.07964667,
                    -111.97774439
                ]
            },
            "properties": {
                "cc_label": "p04-1S",
                "CHTD": [
                    {
                        "date": "2021-06-01",
                        "value": 0.11
                    },
                    {
                        "date": "2021-06-07",
                        "value": 0.11
                    },
                    {
                        "date": "2021-06-17",
                        "value": 0.11
                    },
                    {
                        "date": "2021-06-24",
                        "value": 0.38
                    },
                    {
                        "date": "2021-07-01",
                        "value": 0.54
                    },
                    {
                        "date": "2021-07-13",
                        "value": 0.83
                    },
                    {
                        "date": "2021-07-19",
                        "value": 1.06
                    },
                    {
                        "date": "2021-08-05",
                        "value": 1.29
                    },
                    {
                        "date": "2021-08-12",
                        "value": 1.63
                    },
                    {
                        "date": "2021-08-19",
                        "value": 1.91
                    },
                    {
                        "date": "2021-09-07",
                        "value": 2.0
                    }
                ],
                "CWID": [
                    {
                        "date": "2021-06-01",
                        "value": 0.1
                    },
                    {
                        "date": "2021-06-07",
                        "value": 0.19
                    },
                    {
                        "date": "2021-06-17",
                        "value": 0.3
                    },
                    {
                        "date": "2021-06-24",
                        "value": 0.38
                    },
                    {
                        "date": "2021-07-01",
                        "value": 0.53
                    },
                    {
                        "date": "2021-07-13",
                        "value": 0.75
                    },
                    {
                        "date": "2021-07-19",
                        "value": 0.83
                    },
                    {
                        "date": "2021-08-05",
                        "value": 0.97
                    },
                    {
                        "date": "2021-08-12",
                        "value": 1.02
                    },
                    {
                        "date": "2021-08-19",
                        "value": 1.02
                    },
                    {
                        "date": "2021-09-07",
                        "value": 1.02
                    }
                ],
                "pid": "63643f288ac54794e7f9178a"
            },
            "_id": "642464c28ac547060991e3c0",
            "ccid": "642464c28ac547060991e3c0"
        },
        {
            "type": "Feature",
            "geometry": {
                "type": "Point",
                "coordinates": [
                    33.07975248,
                    -111.977711
                ]
            },
            "properties": {
                "cc_label": "p04-1E",
                "EDATE": "2021-05-01",
                "PLYRE": 2021,
                "PLDOE": 121,
                "LF1D": "2021-05-16",
                "pid": "63643f288ac54794e7f9178a"
            },
            "_id": "67ed5ffc8ac547a69e0373c7",
            "ccid": "67ed5ffc8ac547a69e0373c7"
        },
        {
            "type": "Feature",
            "geometry": {
                "type": "Point",
                "coordinates": [
                    33.07946628,
                    -111.97774565
                ]
            },
            "properties": {
                "cc_label": "p04-2N",
                "CHTD": [
                    {
                        "date": "2021-06-01",
                        "value": 0.1
                    },
                    {
                        "date": "2021-06-07",
                        "value": 0.1
                    },
                    {
                        "date": "2021-06-17",
                        "value": 0.1
                    },
                    {
                        "date": "2021-06-24",
                        "value": 0.37
                    },
                    {
                        "date": "2021-07-01",
                        "value": 0.52
                    },
                    {
                        "date": "2021-07-13",
                        "value": 0.8
                    },
                    {
                        "date": "2021-07-19",
                        "value": 1.1
                    },
                    {
                        "date": "2021-08-05",
                        "value": 1.39
                    },
                    {
                        "date": "2021-08-12",
                        "value": 1.73
                    },
                    {
                        "date": "2021-08-19",
                        "value": 2.03
                    },
                    {
                        "date": "2021-09-07",
                        "value": 1.97
                    }
                ],
                "CWID": [
                    {
                        "date": "2021-06-01",
                        "value": 0.09
                    },
                    {
                        "date": "2021-06-07",
                        "value": 0.17
                    },
                    {
                        "date": "2021-06-17",
                        "value": 0.3
                    },
                    {
                        "date": "2021-06-24",
                        "value": 0.41
                    },
                    {
                        "date": "2021-07-01",
                        "value": 0.54
                    },
                    {
                        "date": "2021-07-13",
                        "value": 0.74
                    },
                    {
                        "date": "2021-07-19",
                        "value": 0.84
                    },
                    {
                        "date": "2021-08-05",
                        "value": 1.02
                    },
                    {
                        "date": "2021-08-12",
                        "value": 1.02
                    },
                    {
                        "date": "2021-08-19",
                        "value": 1.02
                    },
                    {
                        "date": "2021-09-07",
                        "value": 1.02
                    }
                ],
                "pid": "63643f288ac54794e7f9178b"
            },
            "_id": "642464c28ac547060991e3c1",
            "ccid": "642464c28ac547060991e3c1"
        },
        {
            "type": "Feature",
            "geometry": {
                "type": "Point",
                "coordinates": [
                    33.07937609,
                    -111.97774628
                ]
            },
            "properties": {
                "cc_label": "p04-2M",
                "CHTD": [
                    {
                        "date": "2021-06-01",
                        "value": 0.11
                    },
                    {
                        "date": "2021-06-07",
                        "value": 0.11
                    },
                    {
                        "date": "2021-06-17",
                        "value": 0.11
                    },
                    {
                        "date": "2021-06-24",
                        "value": 0.35
                    },
                    {
                        "date": "2021-07-01",
                        "value": 0.54
                    },
                    {
                        "date": "2021-07-13",
                        "value": 0.9
                    },
                    {
                        "date": "2021-07-19",
                        "value": 1.12
                    },
                    {
                        "date": "2021-08-05",
                        "value": 1.34
                    },
                    {
                        "date": "2021-08-12",
                        "value": 1.68
                    },
                    {
                        "date": "2021-08-19",
                        "value": 1.95
                    },
                    {
                        "date": "2021-09-07",
                        "value": 1.85
                    }
                ],
                "CWID": [
                    {
                        "date": "2021-06-01",
                        "value": 0.11
                    },
                    {
                        "date": "2021-06-07",
                        "value": 0.2
                    },
                    {
                        "date": "2021-06-17",
                        "value": 0.3
                    },
                    {
                        "date": "2021-06-24",
                        "value": 0.38
                    },
                    {
                        "date": "2021-07-01",
                        "value": 0.51
                    },
                    {
                        "date": "2021-07-13",
                        "value": 0.71
                    },
                    {
                        "date": "2021-07-19",
                        "value": 0.81
                    },
                    {
                        "date": "2021-08-05",
                        "value": 1.02
                    },
                    {
                        "date": "2021-08-12",
                        "value": 1.02
                    },
                    {
                        "date": "2021-08-19",
                        "value": 1.02
                    },
                    {
                        "date": "2021-09-07",
                        "value": 1.02
                    }
                ],
                "PLPD": 10.7,
                "ADAT": "2021-06-30",
                "ADOY": 180,
                "NAWF": [
                    {
                        "date": "2021-07-01",
                        "value": 8.3
                    },
                    {
                        "date": "2021-07-13",
                        "value": 7.1
                    },
                    {
                        "date": "2021-07-19",
                        "value": 5.7
                    },
                    {
                        "date": "2021-08-05",
                        "value": 6.0
                    },
                    {
                        "date": "2021-08-12",
                        "value": 5.1
                    },
                    {
                        "date": "2021-08-26",
                        "value": 4.9
                    },
                    {
                        "date": "2021-09-07",
                        "value": 3.7
                    }
                ],
                "pid": "63643f288ac54794e7f9178b"
            },
            "_id": "642464c28ac547060991e3c2",
            "ccid": "642464c28ac547060991e3c2"
        },
        {
            "type": "Feature",
            "geometry": {
                "type": "Point",
                "coordinates": [
                    33.0792859,
                    -111.97774691
                ]
            },
            "properties": {
                "cc_label": "p04-2S",
                "CHTD": [
                    {
                        "date": "2021-06-01",
                        "value": 0.13
                    },
                    {
                        "date": "2021-06-07",
                        "value": 0.22
                    },
                    {
                        "date": "2021-06-17",
                        "value": 0.31
                    },
                    {
                        "date": "2021-06-24",
                        "value": 0.38
                    },
                    {
                        "date": "2021-07-01",
                        "value": 0.52
                    },
                    {
                        "date": "2021-07-13",
                        "value": 0.79
                    },
                    {
                        "date": "2021-07-19",
                        "value": 1.04
                    },
                    {
                        "date": "2021-08-05",
                        "value": 1.29
                    },
                    {
                        "date": "2021-08-12",
                        "value": 1.58
                    },
                    {
                        "date": "2021-08-19",
                        "value": 1.82
                    },
                    {
                        "date": "2021-09-07",
                        "value": 1.89
                    }
                ],
                "CWID": [
                    {
                        "date": "2021-06-01",
                        "value": 0.13
                    },
                    {
                        "date": "2021-06-07",
                        "value": 0.24
                    },
                    {
                        "date": "2021-06-17",
                        "value": 0.37
                    },
                    {
                        "date": "2021-06-24",
                        "value": 0.47
                    },
                    {
                        "date": "2021-07-01",
                        "value": 0.6
                    },
                    {
                        "date": "2021-07-13",
                        "value": 0.78
                    },
                    {
                        "date": "2021-07-19",
                        "value": 0.86
                    },
                    {
                        "date": "2021-08-05",
                        "value": 1.02
                    },
                    {
                        "date": "2021-08-12",
                        "value": 1.02
                    },
                    {
                        "date": "2021-08-19",
                        "value": 1.02
                    },
                    {
                        "date": "2021-09-07",
                        "value": 1.02
                    }
                ],
                "pid": "63643f288ac54794e7f9178b"
            },
            "_id": "642464c28ac547060991e3c3",
            "ccid": "642464c28ac547060991e3c3"
        },
        {
            "type": "Feature",
            "geometry": {
                "type": "Point",
                "coordinates": [
                    33.07939171,
                    -111.97771352
                ]
            },
            "properties": {
                "cc_label": "p04-2E",
                "EDATE": "2021-05-02",
                "PLYRE": 2021,
                "PLDOE": 122,
                "LF1D": "2021-05-15",
                "pid": "63643f288ac54794e7f9178b"
            },
            "_id": "67ed5ffc8ac547a69e0373c8",
            "ccid": "67ed5ffc8ac547a69e0373c8"
        },
        {
            "type": "Feature",
            "geometry": {
                "type": "Point",
                "coordinates": [
                    33.07910551,
                    -111.97774817
                ]
            },
            "properties": {
                "cc_label": "p04-3N",
                "CHTD": [
                    {
                        "date": "2021-06-01",
                        "value": 0.12
                    },
                    {
                        "date": "2021-06-07",
                        "value": 0.22
                    },
                    {
                        "date": "2021-06-17",
                        "value": 0.34
                    },
                    {
                        "date": "2021-06-24",
                        "value": 0.46
                    },
                    {
                        "date": "2021-07-01",
                        "value": 0.61
                    },
                    {
                        "date": "2021-07-13",
                        "value": 0.93
                    },
                    {
                        "date": "2021-07-19",
                        "value": 1.07
                    },
                    {
                        "date": "2021-08-05",
                        "value": 1.25
                    },
                    {
                        "date": "2021-08-12",
                        "value": 1.57
                    },
                    {
                        "date": "2021-08-19",
                        "value": 1.83
                    },
                    {
                        "date": "2021-09-07",
                        "value": 1.94
                    }
                ],
                "CWID": [
                    {
                        "date": "2021-06-01",
                        "value": 0.1
                    },
                    {
                        "date": "2021-06-07",
                        "value": 0.21
                    },
                    {
                        "date": "2021-06-17",
                        "value": 0.35
                    },
                    {
                        "date": "2021-06-24",
                        "value": 0.45
                    },
                    {
                        "date": "2021-07-01",
                        "value": 0.58
                    },
                    {
                        "date": "2021-07-13",
                        "value": 0.78
                    },
                    {
                        "date": "2021-07-19",
                        "value": 0.88
                    },
                    {
                        "date": "2021-08-05",
                        "value": 1.02
                    },
                    {
                        "date": "2021-08-12",
                        "value": 1.02
                    },
                    {
                        "date": "2021-08-19",
                        "value": 1.02
                    },
                    {
                        "date": "2021-09-07",
                        "value": 1.02
                    }
                ],
                "pid": "63643f288ac54794e7f9178c"
            },
            "_id": "642464c28ac547060991e3c4",
            "ccid": "642464c28ac547060991e3c4"
        },
        {
            "type": "Feature",
            "geometry": {
                "type": "Point",
                "coordinates": [
                    33.07901532,
                    -111.9777488
                ]
            },
            "properties": {
                "cc_label": "p04-3M",
                "CHTD": [
                    {
                        "date": "2021-06-01",
                        "value": 0.15
                    },
                    {
                        "date": "2021-06-07",
                        "value": 0.25
                    },
                    {
                        "date": "2021-06-17",
                        "value": 0.36
                    },
                    {
                        "date": "2021-06-24",
                        "value": 0.49
                    },
                    {
                        "date": "2021-07-01",
                        "value": 0.63
                    },
                    {
                        "date": "2021-07-13",
                        "value": 0.95
                    },
                    {
                        "date": "2021-07-19",
                        "value": 1.11
                    },
                    {
                        "date": "2021-08-05",
                        "value": 1.27
                    },
                    {
                        "date": "2021-08-12",
                        "value": 1.6
                    },
                    {
                        "date": "2021-08-19",
                        "value": 1.87
                    },
                    {
                        "date": "2021-09-07",
                        "value": 1.91
                    }
                ],
                "CWID": [
                    {
                        "date": "2021-06-01",
                        "value": 0.15
                    },
                    {
                        "date": "2021-06-07",
                        "value": 0.25
                    },
                    {
                        "date": "2021-06-17",
                        "value": 0.37
                    },
                    {
                        "date": "2021-06-24",
                        "value": 0.44
                    },
                    {
                        "date": "2021-07-01",
                        "value": 0.56
                    },
                    {
                        "date": "2021-07-13",
                        "value": 0.74
                    },
                    {
                        "date": "2021-07-19",
                        "value": 0.84
                    },
                    {
                        "date": "2021-08-05",
                        "value": 1.02
                    },
                    {
                        "date": "2021-08-12",
                        "value": 1.02
                    },
                    {
                        "date": "2021-08-19",
                        "value": 1.02
                    },
                    {
                        "date": "2021-09-07",
                        "value": 1.02
                    }
                ],
                "PLPD": 7.9,
                "ADAT": "2021-06-25",
                "ADOY": 176,
                "NAWF": [
                    {
                        "date": "2021-07-01",
                        "value": 8.8
                    },
                    {
                        "date": "2021-07-13",
                        "value": 7.2
                    },
                    {
                        "date": "2021-07-19",
                        "value": 6.0
                    },
                    {
                        "date": "2021-08-05",
                        "value": 5.7
                    },
                    {
                        "date": "2021-08-12",
                        "value": 4.7
                    },
                    {
                        "date": "2021-08-26",
                        "value": 4.1
                    },
                    {
                        "date": "2021-09-07",
                        "value": 2.7
                    }
                ],
                "pid": "63643f288ac54794e7f9178c"
            },
            "_id": "642464c28ac547060991e3c5",
            "ccid": "642464c28ac547060991e3c5"
        },
        {
            "type": "Feature",
            "geometry": {
                "type": "Point",
                "coordinates": [
                    33.07892513,
                    -111.97774943
                ]
            },
            "properties": {
                "cc_label": "p04-3S",
                "CHTD": [
                    {
                        "date": "2021-06-01",
                        "value": 0.12
                    },
                    {
                        "date": "2021-06-07",
                        "value": 0.12
                    },
                    {
                        "date": "2021-06-17",
                        "value": 0.12
                    },
                    {
                        "date": "2021-06-24",
                        "value": 0.33
                    },
                    {
                        "date": "2021-07-01",
                        "value": 0.41
                    },
                    {
                        "date": "2021-07-13",
                        "value": 0.59
                    },
                    {
                        "date": "2021-07-19",
                        "value": 0.76
                    },
                    {
                        "date": "2021-08-05",
                        "value": 0.92
                    },
                    {
                        "date": "2021-08-12",
                        "value": 1.21
                    },
                    {
                        "date": "2021-08-19",
                        "value": 1.43
                    }
                ],
                "CWID": [
                    {
                        "date": "2021-06-01",
                        "value": 0.11
                    },
                    {
                        "date": "2021-06-07",
                        "value": 0.15
                    },
                    {
                        "date": "2021-06-17",
                        "value": 0.21
                    },
                    {
                        "date": "2021-06-24",
                        "value": 0.25
                    },
                    {
                        "date": "2021-07-01",
                        "value": 0.35
                    },
                    {
                        "date": "2021-07-13",
                        "value": 0.51
                    },
                    {
                        "date": "2021-07-19",
                        "value": 0.6
                    },
                    {
                        "date": "2021-08-05",
                        "value": 0.8
                    },
                    {
                        "date": "2021-08-12",
                        "value": 0.93
                    },
                    {
                        "date": "2021-08-19",
                        "value": 1.02
                    },
                    {
                        "date": "2021-09-07",
                        "value": 1.02
                    }
                ],
                "pid": "63643f288ac54794e7f9178c"
            },
            "_id": "642464c28ac547060991e3c6",
            "ccid": "642464c28ac547060991e3c6"
        },
        {
            "type": "Feature",
            "geometry": {
                "type": "Point",
                "coordinates": [
                    33.07903094,
                    -111.97771604
                ]
            },
            "properties": {
                "cc_label": "p04-3E",
                "EDATE": "2021-05-03",
                "PLYRE": 2021,
                "PLDOE": 122,
                "LF1D": "2021-05-17",
                "pid": "63643f288ac54794e7f9178c"
            },
            "_id": "67ed5ffc8ac547a69e0373c9",
            "ccid": "67ed5ffc8ac547a69e0373c9"
        },
        {
            "type": "Feature",
            "geometry": {
                "type": "Point",
                "coordinates": [
                    33.07874475,
                    -111.97775069
                ]
            },
            "properties": {
                "cc_label": "p04-4N",
                "CHTD": [
                    {
                        "date": "2021-06-01",
                        "value": 0.11
                    },
                    {
                        "date": "2021-06-07",
                        "value": 0.2
                    },
                    {
                        "date": "2021-06-17",
                        "value": 0.27
                    },
                    {
                        "date": "2021-06-24",
                        "value": 0.37
                    },
                    {
                        "date": "2021-07-01",
                        "value": 0.54
                    },
                    {
                        "date": "2021-07-13",
                        "value": 0.88
                    },
                    {
                        "date": "2021-07-19",
                        "value": 1.07
                    },
                    {
                        "date": "2021-08-05",
                        "value": 1.25
                    },
                    {
                        "date": "2021-08-12",
                        "value": 1.44
                    },
                    {
                        "date": "2021-08-19",
                        "value": 1.59
                    },
                    {
                        "date": "2021-09-07",
                        "value": 1.79
                    }
                ],
                "CWID": [
                    {
                        "date": "2021-06-01",
                        "value": 0.09
                    },
                    {
                        "date": "2021-06-07",
                        "value": 0.17
                    },
                    {
                        "date": "2021-06-17",
                        "value": 0.29
                    },
                    {
                        "date": "2021-06-24",
                        "value": 0.38
                    },
                    {
                        "date": "2021-07-01",
                        "value": 0.53
                    },
                    {
                        "date": "2021-07-13",
                        "value": 0.76
                    },
                    {
                        "date": "2021-07-19",
                        "value": 0.85
                    },
                    {
                        "date": "2021-08-05",
                        "value": 1.02
                    },
                    {
                        "date": "2021-08-12",
                        "value": 1.02
                    },
                    {
                        "date": "2021-08-19",
                        "value": 1.02
                    },
                    {
                        "date": "2021-09-07",
                        "value": 1.02
                    }
                ],
                "pid": "63643f288ac54794e7f9178d"
            },
            "_id": "642464c28ac547060991e3c7",
            "ccid": "642464c28ac547060991e3c7"
        },
        {
            "type": "Feature",
            "geometry": {
                "type": "Point",
                "coordinates": [
                    33.07865456,
                    -111.97775132
                ]
            },
            "properties": {
                "cc_label": "p04-4M",
                "CHTD": [
                    {
                        "date": "2021-06-01",
                        "value": 0.15
                    },
                    {
                        "date": "2021-06-07",
                        "value": 0.24
                    },
                    {
                        "date": "2021-06-17",
                        "value": 0.33
                    },
                    {
                        "date": "2021-06-24",
                        "value": 0.41
                    },
                    {
                        "date": "2021-07-01",
                        "value": 0.56
                    },
                    {
                        "date": "2021-07-13",
                        "value": 0.85
                    },
                    {
                        "date": "2021-07-19",
                        "value": 1.04
                    },
                    {
                        "date": "2021-08-05",
                        "value": 1.21
                    },
                    {
                        "date": "2021-08-12",
                        "value": 1.46
                    },
                    {
                        "date": "2021-08-19",
                        "value": 1.66
                    },
                    {
                        "date": "2021-09-07",
                        "value": 1.9
                    }
                ],
                "CWID": [
                    {
                        "date": "2021-06-01",
                        "value": 0.13
                    },
                    {
                        "date": "2021-06-07",
                        "value": 0.21
                    },
                    {
                        "date": "2021-06-17",
                        "value": 0.31
                    },
                    {
                        "date": "2021-06-24",
                        "value": 0.39
                    },
                    {
                        "date": "2021-07-01",
                        "value": 0.52
                    },
                    {
                        "date": "2021-07-13",
                        "value": 0.71
                    },
                    {
                        "date": "2021-07-19",
                        "value": 0.83
                    },
                    {
                        "date": "2021-08-05",
                        "value": 1.02
                    },
                    {
                        "date": "2021-08-12",
                        "value": 1.02
                    },
                    {
                        "date": "2021-08-19",
                        "value": 1.02
                    },
                    {
                        "date": "2021-09-07",
                        "value": 1.02
                    }
                ],
                "PLPD": 9.6,
                "ADAT": "2021-06-30",
                "ADOY": 181,
                "NAWF": [
                    {
                        "date": "2021-07-01",
                        "value": 8.4
                    },
                    {
                        "date": "2021-07-13",
                        "value": 6.7
                    },
                    {
                        "date": "2021-07-19",
                        "value": 5.2
                    },
                    {
                        "date": "2021-08-05",
                        "value": 4.9
                    },
                    {
                        "date": "2021-08-12",
                        "value": 4.7
                    },
                    {
                        "date": "2021-08-26",
                        "value": 3.3
                    },
                    {
                        "date": "2021-09-07",
                        "value": 3.0
                    }
                ],
                "pid": "63643f288ac54794e7f9178d"
            },
            "_id": "642464c28ac547060991e3c8",
            "ccid": "642464c28ac547060991e3c8"
        },
        {
            "type": "Feature",
            "geometry": {
                "type": "Point",
                "coordinates": [
                    33.07856436,
                    -111.97775195
                ]
            },
            "properties": {
                "cc_label": "p04-4S",
                "CHTD": [
                    {
                        "date": "2021-06-01",
                        "value": 0.17
                    },
                    {
                        "date": "2021-06-07",
                        "value": 0.23
                    },
                    {
                        "date": "2021-06-17",
                        "value": 0.3
                    },
                    {
                        "date": "2021-06-24",
                        "value": 0.38
                    },
                    {
                        "date": "2021-07-01",
                        "value": 0.54
                    },
                    {
                        "date": "2021-07-13",
                        "value": 0.85
                    },
                    {
                        "date": "2021-07-19",
                        "value": 1.05
                    },
                    {
                        "date": "2021-08-05",
                        "value": 1.23
                    },
                    {
                        "date": "2021-08-12",
                        "value": 1.41
                    },
                    {
                        "date": "2021-08-19",
                        "value": 1.56
                    },
                    {
                        "date": "2021-09-07",
                        "value": 1.82
                    }
                ],
                "CWID": [
                    {
                        "date": "2021-06-01",
                        "value": 0.14
                    },
                    {
                        "date": "2021-06-07",
                        "value": 0.22
                    },
                    {
                        "date": "2021-06-17",
                        "value": 0.32
                    },
                    {
                        "date": "2021-06-24",
                        "value": 0.39
                    },
                    {
                        "date": "2021-07-01",
                        "value": 0.52
                    },
                    {
                        "date": "2021-07-13",
                        "value": 0.72
                    },
                    {
                        "date": "2021-07-19",
                        "value": 0.82
                    },
                    {
                        "date": "2021-08-05",
                        "value": 0.96
                    },
                    {
                        "date": "2021-08-12",
                        "value": 1.02
                    },
                    {
                        "date": "2021-08-19",
                        "value": 1.02
                    },
                    {
                        "date": "2021-09-07",
                        "value": 1.02
                    }
                ],
                "pid": "63643f288ac54794e7f9178d"
            },
            "_id": "642464c28ac547060991e3c9",
            "ccid": "642464c28ac547060991e3c9"
        },
        {
            "type": "Feature",
            "geometry": {
                "type": "Point",
                "coordinates": [
                    33.07867018,
                    -111.97771855
                ]
            },
            "properties": {
                "cc_label": "p04-4E",
                "EDATE": "2021-05-03",
                "PLYRE": 2021,
                "PLDOE": 123,
                "LF1D": "2021-05-16",
                "pid": "63643f288ac54794e7f9178d"
            },
            "_id": "67ed5ffc8ac547a69e0373ca",
            "ccid": "67ed5ffc8ac547a69e0373ca"
        },
        {
            "type": "Feature",
            "geometry": {
                "type": "Point",
                "coordinates": [
                    33.07982629,
                    -111.97759168
                ]
            },
            "properties": {
                "cc_label": "p05-1N",
                "CHTD": [
                    {
                        "date": "2021-06-01",
                        "value": 0.21
                    },
                    {
                        "date": "2021-06-07",
                        "value": 0.31
                    },
                    {
                        "date": "2021-06-17",
                        "value": 0.44
                    },
                    {
                        "date": "2021-06-24",
                        "value": 0.57
                    },
                    {
                        "date": "2021-07-01",
                        "value": 0.71
                    },
                    {
                        "date": "2021-07-13",
                        "value": 0.99
                    },
                    {
                        "date": "2021-07-19",
                        "value": 1.19
                    },
                    {
                        "date": "2021-08-05",
                        "value": 1.4
                    },
                    {
                        "date": "2021-08-19",
                        "value": 1.66
                    },
                    {
                        "date": "2021-09-07",
                        "value": 1.84
                    }
                ],
                "CWID": [
                    {
                        "date": "2021-06-01",
                        "value": 0.21
                    },
                    {
                        "date": "2021-06-07",
                        "value": 0.33
                    },
                    {
                        "date": "2021-06-17",
                        "value": 0.48
                    },
                    {
                        "date": "2021-06-24",
                        "value": 0.6
                    },
                    {
                        "date": "2021-07-01",
                        "value": 0.71
                    },
                    {
                        "date": "2021-07-13",
                        "value": 0.87
                    },
                    {
                        "date": "2021-07-19",
                        "value": 1.02
                    },
                    {
                        "date": "2021-08-05",
                        "value": 1.02
                    },
                    {
                        "date": "2021-08-12",
                        "value": 1.02
                    },
                    {
                        "date": "2021-08-19",
                        "value": 1.02
                    },
                    {
                        "date": "2021-09-07",
                        "value": 1.02
                    }
                ],
                "pid": "63643f288ac54794e7f9178e"
            },
            "_id": "642464c28ac547060991e3ca",
            "ccid": "642464c28ac547060991e3ca"
        },
        {
            "type": "Feature",
            "geometry": {
                "type": "Point",
                "coordinates": [
                    33.0797361,
                    -111.97759231
                ]
            },
            "properties": {
                "cc_label": "p05-1M",
                "CHTD": [
                    {
                        "date": "2021-06-01",
                        "value": 0.2
                    },
                    {
                        "date": "2021-06-07",
                        "value": 0.3
                    },
                    {
                        "date": "2021-06-17",
                        "value": 0.42
                    },
                    {
                        "date": "2021-06-24",
                        "value": 0.53
                    },
                    {
                        "date": "2021-07-01",
                        "value": 0.7
                    },
                    {
                        "date": "2021-07-13",
                        "value": 1.01
                    },
                    {
                        "date": "2021-07-19",
                        "value": 1.19
                    },
                    {
                        "date": "2021-08-05",
                        "value": 1.37
                    },
                    {
                        "date": "2021-08-19",
                        "value": 1.6
                    },
                    {
                        "date": "2021-09-07",
                        "value": 1.75
                    }
                ],
                "CWID": [
                    {
                        "date": "2021-06-01",
                        "value": 0.18
                    },
                    {
                        "date": "2021-06-07",
                        "value": 0.29
                    },
                    {
                        "date": "2021-06-17",
                        "value": 0.45
                    },
                    {
                        "date": "2021-06-24",
                        "value": 0.57
                    },
                    {
                        "date": "2021-07-01",
                        "value": 0.69
                    },
                    {
                        "date": "2021-07-13",
                        "value": 0.89
                    },
                    {
                        "date": "2021-07-19",
                        "value": 0.94
                    },
                    {
                        "date": "2021-08-05",
                        "value": 1.02
                    },
                    {
                        "date": "2021-08-12",
                        "value": 1.02
                    },
                    {
                        "date": "2021-08-19",
                        "value": 1.02
                    },
                    {
                        "date": "2021-09-07",
                        "value": 1.02
                    }
                ],
                "PLPD": 9.4,
                "ADAT": "2021-06-30",
                "ADOY": 181,
                "NAWF": [
                    {
                        "date": "2021-07-01",
                        "value": 8.1
                    },
                    {
                        "date": "2021-07-13",
                        "value": 6.2
                    },
                    {
                        "date": "2021-07-19",
                        "value": 5.7
                    },
                    {
                        "date": "2021-08-05",
                        "value": 5.8
                    },
                    {
                        "date": "2021-08-12",
                        "value": 4.8
                    },
                    {
                        "date": "2021-08-26",
                        "value": 4.2
                    },
                    {
                        "date": "2021-09-07",
                        "value": 2.9
                    }
                ],
                "pid": "63643f288ac54794e7f9178e"
            },
            "_id": "642464c28ac547060991e3cb",
            "ccid": "642464c28ac547060991e3cb"
        },
        {
            "type": "Feature",
            "geometry": {
                "type": "Point",
                "coordinates": [
                    33.07964591,
                    -111.97759294
                ]
            },
            "properties": {
                "cc_label": "p05-1S",
                "CHTD": [
                    {
                        "date": "2021-06-01",
                        "value": 0.19
                    },
                    {
                        "date": "2021-06-07",
                        "value": 0.28
                    },
                    {
                        "date": "2021-06-17",
                        "value": 0.39
                    },
                    {
                        "date": "2021-06-24",
                        "value": 0.5
                    },
                    {
                        "date": "2021-07-01",
                        "value": 0.62
                    },
                    {
                        "date": "2021-07-13",
                        "value": 0.87
                    },
                    {
                        "date": "2021-07-19",
                        "value": 1.03
                    },
                    {
                        "date": "2021-08-05",
                        "value": 1.19
                    },
                    {
                        "date": "2021-08-19",
                        "value": 1.41
                    },
                    {
                        "date": "2021-09-07",
                        "value": 1.6
                    }
                ],
                "CWID": [
                    {
                        "date": "2021-06-01",
                        "value": 0.17
                    },
                    {
                        "date": "2021-06-07",
                        "value": 0.28
                    },
                    {
                        "date": "2021-06-17",
                        "value": 0.42
                    },
                    {
                        "date": "2021-06-24",
                        "value": 0.52
                    },
                    {
                        "date": "2021-07-01",
                        "value": 0.64
                    },
                    {
                        "date": "2021-07-13",
                        "value": 0.83
                    },
                    {
                        "date": "2021-07-19",
                        "value": 0.88
                    },
                    {
                        "date": "2021-08-05",
                        "value": 1.02
                    },
                    {
                        "date": "2021-08-12",
                        "value": 1.02
                    },
                    {
                        "date": "2021-08-19",
                        "value": 1.02
                    },
                    {
                        "date": "2021-09-07",
                        "value": 1.02
                    }
                ],
                "pid": "63643f288ac54794e7f9178e"
            },
            "_id": "642464c28ac547060991e3cc",
            "ccid": "642464c28ac547060991e3cc"
        },
        {
            "type": "Feature",
            "geometry": {
                "type": "Point",
                "coordinates": [
                    33.07975172,
                    -111.97755954
                ]
            },
            "properties": {
                "cc_label": "p05-1E",
                "EDATE": "2021-05-01",
                "PLYRE": 2021,
                "PLDOE": 121,
                "LF1D": "2021-05-14",
                "pid": "63643f288ac54794e7f9178e"
            },
            "_id": "67ed5ffc8ac547a69e0373cb",
            "ccid": "67ed5ffc8ac547a69e0373cb"
        },
        {
            "type": "Feature",
            "geometry": {
                "type": "Point",
                "coordinates": [
                    33.07946553,
                    -111.9775942
                ]
            },
            "properties": {
                "cc_label": "p05-2N",
                "CHTD": [
                    {
                        "date": "2021-06-01",
                        "value": 0.21
                    },
                    {
                        "date": "2021-06-07",
                        "value": 0.3
                    },
                    {
                        "date": "2021-06-17",
                        "value": 0.41
                    },
                    {
                        "date": "2021-06-24",
                        "value": 0.5
                    },
                    {
                        "date": "2021-07-01",
                        "value": 0.62
                    },
                    {
                        "date": "2021-07-13",
                        "value": 0.87
                    },
                    {
                        "date": "2021-07-19",
                        "value": 1.17
                    },
                    {
                        "date": "2021-08-05",
                        "value": 1.45
                    },
                    {
                        "date": "2021-08-19",
                        "value": 1.82
                    },
                    {
                        "date": "2021-09-07",
                        "value": 1.95
                    }
                ],
                "CWID": [
                    {
                        "date": "2021-06-01",
                        "value": 0.19
                    },
                    {
                        "date": "2021-06-07",
                        "value": 0.29
                    },
                    {
                        "date": "2021-06-17",
                        "value": 0.42
                    },
                    {
                        "date": "2021-06-24",
                        "value": 0.52
                    },
                    {
                        "date": "2021-07-01",
                        "value": 0.64
                    },
                    {
                        "date": "2021-07-13",
                        "value": 0.84
                    },
                    {
                        "date": "2021-07-19",
                        "value": 0.91
                    },
                    {
                        "date": "2021-08-05",
                        "value": 1.02
                    },
                    {
                        "date": "2021-08-12",
                        "value": 1.02
                    },
                    {
                        "date": "2021-08-19",
                        "value": 1.02
                    },
                    {
                        "date": "2021-09-07",
                        "value": 1.02
                    }
                ],
                "pid": "63643f288ac54794e7f9178f"
            },
            "_id": "642464c28ac547060991e3cd",
            "ccid": "642464c28ac547060991e3cd"
        },
        {
            "type": "Feature",
            "geometry": {
                "type": "Point",
                "coordinates": [
                    33.07937533,
                    -111.97759483
                ]
            },
            "properties": {
                "cc_label": "p05-2M",
                "CHTD": [
                    {
                        "date": "2021-06-01",
                        "value": 0.18
                    },
                    {
                        "date": "2021-06-07",
                        "value": 0.29
                    },
                    {
                        "date": "2021-06-17",
                        "value": 0.42
                    },
                    {
                        "date": "2021-06-24",
                        "value": 0.54
                    },
                    {
                        "date": "2021-07-01",
                        "value": 0.69
                    },
                    {
                        "date": "2021-07-13",
                        "value": 0.99
                    },
                    {
                        "date": "2021-07-19",
                        "value": 1.19
                    },
                    {
                        "date": "2021-08-05",
                        "value": 1.39
                    },
                    {
                        "date": "2021-08-19",
                        "value": 1.65
                    },
                    {
                        "date": "2021-09-07",
                        "value": 1.83
                    }
                ],
                "CWID": [
                    {
                        "date": "2021-06-01",
                        "value": 0.15
                    },
                    {
                        "date": "2021-06-07",
                        "value": 0.26
                    },
                    {
                        "date": "2021-06-17",
                        "value": 0.4
                    },
                    {
                        "date": "2021-06-24",
                        "value": 0.51
                    },
                    {
                        "date": "2021-07-01",
                        "value": 0.63
                    },
                    {
                        "date": "2021-07-13",
                        "value": 0.81
                    },
                    {
                        "date": "2021-07-19",
                        "value": 0.88
                    },
                    {
                        "date": "2021-08-05",
                        "value": 1.02
                    },
                    {
                        "date": "2021-08-12",
                        "value": 1.02
                    },
                    {
                        "date": "2021-08-19",
                        "value": 1.02
                    },
                    {
                        "date": "2021-09-07",
                        "value": 1.02
                    }
                ],
                "PLPD": 9.8,
                "ADAT": "2021-07-01",
                "ADOY": 182,
                "NAWF": [
                    {
                        "date": "2021-07-01",
                        "value": 8.4
                    },
                    {
                        "date": "2021-07-13",
                        "value": 6.7
                    },
                    {
                        "date": "2021-07-19",
                        "value": 5.7
                    },
                    {
                        "date": "2021-08-05",
                        "value": 6.1
                    },
                    {
                        "date": "2021-08-12",
                        "value": 5.1
                    },
                    {
                        "date": "2021-08-26",
                        "value": 4.6
                    },
                    {
                        "date": "2021-09-07",
                        "value": 3.0
                    }
                ],
                "pid": "63643f288ac54794e7f9178f"
            },
            "_id": "642464c28ac547060991e3ce",
            "ccid": "642464c28ac547060991e3ce"
        },
        {
            "type": "Feature",
            "geometry": {
                "type": "Point",
                "coordinates": [
                    33.07928514,
                    -111.97759546
                ]
            },
            "properties": {
                "cc_label": "p05-2S",
                "CHTD": [
                    {
                        "date": "2021-06-01",
                        "value": 0.17
                    },
                    {
                        "date": "2021-06-07",
                        "value": 0.26
                    },
                    {
                        "date": "2021-06-17",
                        "value": 0.35
                    },
                    {
                        "date": "2021-06-24",
                        "value": 0.44
                    },
                    {
                        "date": "2021-07-01",
                        "value": 0.57
                    },
                    {
                        "date": "2021-07-13",
                        "value": 0.88
                    },
                    {
                        "date": "2021-07-19",
                        "value": 1.02
                    },
                    {
                        "date": "2021-08-05",
                        "value": 1.15
                    },
                    {
                        "date": "2021-08-19",
                        "value": 1.33
                    },
                    {
                        "date": "2021-09-07",
                        "value": 1.58
                    }
                ],
                "CWID": [
                    {
                        "date": "2021-06-01",
                        "value": 0.15
                    },
                    {
                        "date": "2021-06-07",
                        "value": 0.23
                    },
                    {
                        "date": "2021-06-17",
                        "value": 0.32
                    },
                    {
                        "date": "2021-06-24",
                        "value": 0.39
                    },
                    {
                        "date": "2021-07-01",
                        "value": 0.53
                    },
                    {
                        "date": "2021-07-13",
                        "value": 0.76
                    },
                    {
                        "date": "2021-07-19",
                        "value": 0.83
                    },
                    {
                        "date": "2021-08-05",
                        "value": 0.95
                    },
                    {
                        "date": "2021-08-12",
                        "value": 1.02
                    },
                    {
                        "date": "2021-08-19",
                        "value": 1.02
                    },
                    {
                        "date": "2021-09-07",
                        "value": 1.02
                    }
                ],
                "pid": "63643f288ac54794e7f9178f"
            },
            "_id": "642464c28ac547060991e3cf",
            "ccid": "642464c28ac547060991e3cf"
        },
        {
            "type": "Feature",
            "geometry": {
                "type": "Point",
                "coordinates": [
                    33.07939096,
                    -111.97756206
                ]
            },
            "properties": {
                "cc_label": "p05-2E",
                "EDATE": "2021-05-02",
                "PLYRE": 2021,
                "PLDOE": 122,
                "LF1D": "2021-05-15",
                "pid": "63643f288ac54794e7f9178f"
            },
            "_id": "67ed5ffc8ac547a69e0373cc",
            "ccid": "67ed5ffc8ac547a69e0373cc"
        },
        {
            "type": "Feature",
            "geometry": {
                "type": "Point",
                "coordinates": [
                    33.07910476,
                    -111.97759672
                ]
            },
            "properties": {
                "cc_label": "p05-3N",
                "CHTD": [
                    {
                        "date": "2021-06-01",
                        "value": 0.17
                    },
                    {
                        "date": "2021-06-07",
                        "value": 0.26
                    },
                    {
                        "date": "2021-06-17",
                        "value": 0.25
                    },
                    {
                        "date": "2021-06-24",
                        "value": 0.46
                    },
                    {
                        "date": "2021-07-01",
                        "value": 0.56
                    },
                    {
                        "date": "2021-07-13",
                        "value": 0.77
                    },
                    {
                        "date": "2021-07-19",
                        "value": 0.92
                    },
                    {
                        "date": "2021-08-05",
                        "value": 1.06
                    },
                    {
                        "date": "2021-08-19",
                        "value": 1.25
                    }
                ],
                "CWID": [
                    {
                        "date": "2021-06-01",
                        "value": 0.16
                    },
                    {
                        "date": "2021-06-07",
                        "value": 0.24
                    },
                    {
                        "date": "2021-06-17",
                        "value": 0.34
                    },
                    {
                        "date": "2021-06-24",
                        "value": 0.42
                    },
                    {
                        "date": "2021-07-01",
                        "value": 0.53
                    },
                    {
                        "date": "2021-07-13",
                        "value": 0.73
                    },
                    {
                        "date": "2021-07-19",
                        "value": 0.79
                    },
                    {
                        "date": "2021-08-05",
                        "value": 0.91
                    },
                    {
                        "date": "2021-08-12",
                        "value": 1.02
                    },
                    {
                        "date": "2021-08-19",
                        "value": 1.02
                    },
                    {
                        "date": "2021-09-07",
                        "value": 1.02
                    }
                ],
                "pid": "63643f288ac54794e7f91790"
            },
            "_id": "642464c28ac547060991e3d0",
            "ccid": "642464c28ac547060991e3d0"
        },
        {
            "type": "Feature",
            "geometry": {
                "type": "Point",
                "coordinates": [
                    33.07901457,
                    -111.97759735
                ]
            },
            "properties": {
                "cc_label": "p05-3M",
                "CHTD": [
                    {
                        "date": "2021-06-01",
                        "value": 0.13
                    },
                    {
                        "date": "2021-06-07",
                        "value": 0.16
                    },
                    {
                        "date": "2021-06-17",
                        "value": 0.18
                    },
                    {
                        "date": "2021-06-24",
                        "value": 0.23
                    },
                    {
                        "date": "2021-07-01",
                        "value": 0.36
                    },
                    {
                        "date": "2021-07-13",
                        "value": 0.59
                    },
                    {
                        "date": "2021-07-19",
                        "value": 0.74
                    },
                    {
                        "date": "2021-08-05",
                        "value": 0.89
                    },
                    {
                        "date": "2021-08-19",
                        "value": 1.11
                    }
                ],
                "CWID": [
                    {
                        "date": "2021-06-01",
                        "value": 0.1
                    },
                    {
                        "date": "2021-06-07",
                        "value": 0.13
                    },
                    {
                        "date": "2021-06-17",
                        "value": 0.19
                    },
                    {
                        "date": "2021-06-24",
                        "value": 0.23
                    },
                    {
                        "date": "2021-07-01",
                        "value": 0.31
                    },
                    {
                        "date": "2021-07-13",
                        "value": 0.43
                    },
                    {
                        "date": "2021-07-19",
                        "value": 0.52
                    },
                    {
                        "date": "2021-08-05",
                        "value": 0.68
                    },
                    {
                        "date": "2021-08-12",
                        "value": 0.78
                    },
                    {
                        "date": "2021-08-19",
                        "value": 0.94
                    },
                    {
                        "date": "2021-09-07",
                        "value": 1.02
                    }
                ],
                "PLPD": 11.2,
                "ADAT": "2021-06-30",
                "ADOY": 180,
                "NAWF": [
                    {
                        "date": "2021-07-01",
                        "value": 8.7
                    },
                    {
                        "date": "2021-07-13",
                        "value": 5.7
                    },
                    {
                        "date": "2021-07-19",
                        "value": 6.4
                    },
                    {
                        "date": "2021-08-05",
                        "value": 5.0
                    },
                    {
                        "date": "2021-08-12",
                        "value": 5.3
                    },
                    {
                        "date": "2021-08-26",
                        "value": 4.9
                    },
                    {
                        "date": "2021-09-07",
                        "value": 3.1
                    }
                ],
                "pid": "63643f288ac54794e7f91790"
            },
            "_id": "642464c28ac547060991e3d1",
            "ccid": "642464c28ac547060991e3d1"
        },
        {
            "type": "Feature",
            "geometry": {
                "type": "Point",
                "coordinates": [
                    33.07892437,
                    -111.97759797
                ]
            },
            "properties": {
                "cc_label": "p05-3S",
                "CHTD": [
                    {
                        "date": "2021-06-01",
                        "value": 0.15
                    },
                    {
                        "date": "2021-06-07",
                        "value": 0.28
                    },
                    {
                        "date": "2021-06-17",
                        "value": 0.42
                    },
                    {
                        "date": "2021-06-24",
                        "value": 0.55
                    },
                    {
                        "date": "2021-07-01",
                        "value": 0.64
                    },
                    {
                        "date": "2021-07-13",
                        "value": 0.83
                    },
                    {
                        "date": "2021-07-19",
                        "value": 1.02
                    },
                    {
                        "date": "2021-08-05",
                        "value": 1.22
                    },
                    {
                        "date": "2021-08-19",
                        "value": 1.48
                    }
                ],
                "CWID": [
                    {
                        "date": "2021-06-01",
                        "value": 0.15
                    },
                    {
                        "date": "2021-06-07",
                        "value": 0.27
                    },
                    {
                        "date": "2021-06-17",
                        "value": 0.41
                    },
                    {
                        "date": "2021-06-24",
                        "value": 0.53
                    },
                    {
                        "date": "2021-07-01",
                        "value": 0.63
                    },
                    {
                        "date": "2021-07-13",
                        "value": 0.77
                    },
                    {
                        "date": "2021-07-19",
                        "value": 0.85
                    },
                    {
                        "date": "2021-08-05",
                        "value": 0.99
                    },
                    {
                        "date": "2021-08-12",
                        "value": 1.02
                    },
                    {
                        "date": "2021-08-19",
                        "value": 1.02
                    },
                    {
                        "date": "2021-09-07",
                        "value": 1.02
                    }
                ],
                "pid": "63643f288ac54794e7f91790"
            },
            "_id": "642464c28ac547060991e3d2",
            "ccid": "642464c28ac547060991e3d2"
        },
        {
            "type": "Feature",
            "geometry": {
                "type": "Point",
                "coordinates": [
                    33.07903019,
                    -111.97756458
                ]
            },
            "properties": {
                "cc_label": "p05-3E",
                "EDATE": "2021-05-02",
                "PLYRE": 2021,
                "PLDOE": 122,
                "LF1D": "2021-05-16",
                "pid": "63643f288ac54794e7f91790"
            },
            "_id": "67ed5ffc8ac547a69e0373cd",
            "ccid": "67ed5ffc8ac547a69e0373cd"
        },
        {
            "type": "Feature",
            "geometry": {
                "type": "Point",
                "coordinates": [
                    33.07874399,
                    -111.97759923
                ]
            },
            "properties": {
                "cc_label": "p05-4N",
                "CHTD": [
                    {
                        "date": "2021-06-01",
                        "value": 0.15
                    },
                    {
                        "date": "2021-06-07",
                        "value": 0.15
                    },
                    {
                        "date": "2021-06-17",
                        "value": 0.15
                    },
                    {
                        "date": "2021-06-24",
                        "value": 0.45
                    },
                    {
                        "date": "2021-07-01",
                        "value": 0.57
                    },
                    {
                        "date": "2021-07-13",
                        "value": 0.84
                    },
                    {
                        "date": "2021-07-19",
                        "value": 1.0
                    },
                    {
                        "date": "2021-08-05",
                        "value": 1.15
                    },
                    {
                        "date": "2021-08-19",
                        "value": 1.36
                    }
                ],
                "CWID": [
                    {
                        "date": "2021-06-01",
                        "value": 0.14
                    },
                    {
                        "date": "2021-06-07",
                        "value": 0.23
                    },
                    {
                        "date": "2021-06-17",
                        "value": 0.34
                    },
                    {
                        "date": "2021-06-24",
                        "value": 0.43
                    },
                    {
                        "date": "2021-07-01",
                        "value": 0.55
                    },
                    {
                        "date": "2021-07-13",
                        "value": 0.74
                    },
                    {
                        "date": "2021-07-19",
                        "value": 0.8
                    },
                    {
                        "date": "2021-08-05",
                        "value": 0.91
                    },
                    {
                        "date": "2021-08-12",
                        "value": 1.02
                    },
                    {
                        "date": "2021-08-19",
                        "value": 1.02
                    },
                    {
                        "date": "2021-09-07",
                        "value": 1.02
                    }
                ],
                "pid": "63643f288ac54794e7f91791"
            },
            "_id": "642464c28ac547060991e3d3",
            "ccid": "642464c28ac547060991e3d3"
        },
        {
            "type": "Feature",
            "geometry": {
                "type": "Point",
                "coordinates": [
                    33.0786538,
                    -111.97759986
                ]
            },
            "properties": {
                "cc_label": "p05-4M",
                "CHTD": [
                    {
                        "date": "2021-06-01",
                        "value": 0.18
                    },
                    {
                        "date": "2021-06-07",
                        "value": 0.3
                    },
                    {
                        "date": "2021-06-17",
                        "value": 0.41
                    },
                    {
                        "date": "2021-06-24",
                        "value": 0.52
                    },
                    {
                        "date": "2021-07-01",
                        "value": 0.64
                    },
                    {
                        "date": "2021-07-13",
                        "value": 0.89
                    },
                    {
                        "date": "2021-07-19",
                        "value": 1.02
                    },
                    {
                        "date": "2021-08-05",
                        "value": 1.15
                    },
                    {
                        "date": "2021-08-19",
                        "value": 1.33
                    }
                ],
                "CWID": [
                    {
                        "date": "2021-06-01",
                        "value": 0.16
                    },
                    {
                        "date": "2021-06-07",
                        "value": 0.27
                    },
                    {
                        "date": "2021-06-17",
                        "value": 0.39
                    },
                    {
                        "date": "2021-06-24",
                        "value": 0.5
                    },
                    {
                        "date": "2021-07-01",
                        "value": 0.63
                    },
                    {
                        "date": "2021-07-13",
                        "value": 0.83
                    },
                    {
                        "date": "2021-07-19",
                        "value": 0.86
                    },
                    {
                        "date": "2021-08-05",
                        "value": 0.97
                    },
                    {
                        "date": "2021-08-12",
                        "value": 1.02
                    },
                    {
                        "date": "2021-08-19",
                        "value": 1.02
                    },
                    {
                        "date": "2021-09-07",
                        "value": 1.02
                    }
                ],
                "PLPD": 8.3,
                "ADAT": "2021-06-29",
                "ADOY": 180,
                "NAWF": [
                    {
                        "date": "2021-07-01",
                        "value": 7.9
                    },
                    {
                        "date": "2021-07-13",
                        "value": 6.1
                    },
                    {
                        "date": "2021-07-19",
                        "value": 5.8
                    },
                    {
                        "date": "2021-08-05",
                        "value": 5.6
                    },
                    {
                        "date": "2021-08-12",
                        "value": 5.4
                    },
                    {
                        "date": "2021-08-26",
                        "value": 4.9
                    },
                    {
                        "date": "2021-09-07",
                        "value": 3.4
                    }
                ],
                "pid": "63643f288ac54794e7f91791"
            },
            "_id": "642464c28ac547060991e3d4",
            "ccid": "642464c28ac547060991e3d4"
        },
        {
            "type": "Feature",
            "geometry": {
                "type": "Point",
                "coordinates": [
                    33.07856361,
                    -111.97760049
                ]
            },
            "properties": {
                "cc_label": "p05-4S",
                "CHTD": [
                    {
                        "date": "2021-06-01",
                        "value": 0.16
                    },
                    {
                        "date": "2021-06-07",
                        "value": 0.25
                    },
                    {
                        "date": "2021-06-17",
                        "value": 0.35
                    },
                    {
                        "date": "2021-06-24",
                        "value": 0.47
                    },
                    {
                        "date": "2021-07-01",
                        "value": 0.56
                    },
                    {
                        "date": "2021-07-13",
                        "value": 0.73
                    },
                    {
                        "date": "2021-07-19",
                        "value": 0.87
                    },
                    {
                        "date": "2021-08-05",
                        "value": 1.01
                    },
                    {
                        "date": "2021-08-19",
                        "value": 1.2
                    }
                ],
                "CWID": [
                    {
                        "date": "2021-06-01",
                        "value": 0.13
                    },
                    {
                        "date": "2021-06-07",
                        "value": 0.21
                    },
                    {
                        "date": "2021-06-17",
                        "value": 0.29
                    },
                    {
                        "date": "2021-06-24",
                        "value": 0.37
                    },
                    {
                        "date": "2021-07-01",
                        "value": 0.49
                    },
                    {
                        "date": "2021-07-13",
                        "value": 0.65
                    },
                    {
                        "date": "2021-07-19",
                        "value": 0.71
                    },
                    {
                        "date": "2021-08-05",
                        "value": 0.82
                    },
                    {
                        "date": "2021-08-12",
                        "value": 0.9
                    },
                    {
                        "date": "2021-08-19",
                        "value": 1.02
                    },
                    {
                        "date": "2021-09-07",
                        "value": 1.02
                    }
                ],
                "pid": "63643f288ac54794e7f91791"
            },
            "_id": "642464c28ac547060991e3d5",
            "ccid": "642464c28ac547060991e3d5"
        },
        {
            "type": "Feature",
            "geometry": {
                "type": "Point",
                "coordinates": [
                    33.07866942,
                    -111.9775671
                ]
            },
            "properties": {
                "cc_label": "p05-4E",
                "EDATE": "2021-05-01",
                "PLYRE": 2021,
                "PLDOE": 120,
                "LF1D": "2021-05-14",
                "pid": "63643f288ac54794e7f91791"
            },
            "_id": "67ed5ffc8ac547a69e0373ce",
            "ccid": "67ed5ffc8ac547a69e0373ce"
        },
        {
            "type": "Feature",
            "geometry": {
                "type": "Point",
                "coordinates": [
                    33.07982554,
                    -111.97743929
                ]
            },
            "properties": {
                "cc_label": "p06-1N",
                "CHTD": [
                    {
                        "date": "2021-06-01",
                        "value": 0.16
                    },
                    {
                        "date": "2021-06-07",
                        "value": 0.27
                    },
                    {
                        "date": "2021-06-17",
                        "value": 0.38
                    },
                    {
                        "date": "2021-06-24",
                        "value": 0.49
                    },
                    {
                        "date": "2021-07-01",
                        "value": 0.58
                    },
                    {
                        "date": "2021-07-13",
                        "value": 0.88
                    },
                    {
                        "date": "2021-07-19",
                        "value": 1.08
                    },
                    {
                        "date": "2021-08-05",
                        "value": 1.27
                    },
                    {
                        "date": "2021-08-19",
                        "value": 1.41
                    }
                ],
                "CWID": [
                    {
                        "date": "2021-06-01",
                        "value": 0.15
                    },
                    {
                        "date": "2021-06-07",
                        "value": 0.26
                    },
                    {
                        "date": "2021-06-17",
                        "value": 0.39
                    },
                    {
                        "date": "2021-06-24",
                        "value": 0.49
                    },
                    {
                        "date": "2021-07-01",
                        "value": 0.59
                    },
                    {
                        "date": "2021-07-13",
                        "value": 0.76
                    },
                    {
                        "date": "2021-07-19",
                        "value": 0.83
                    },
                    {
                        "date": "2021-08-05",
                        "value": 0.97
                    },
                    {
                        "date": "2021-08-12",
                        "value": 1.02
                    },
                    {
                        "date": "2021-08-19",
                        "value": 1.02
                    },
                    {
                        "date": "2021-09-07",
                        "value": 1.02
                    }
                ],
                "ADAT": "2021-06-28",
                "ADOY": 179,
                "pid": "63643f288ac54794e7f91792"
            },
            "_id": "642464c28ac547060991e3d6",
            "ccid": "642464c28ac547060991e3d6"
        },
        {
            "type": "Feature",
            "geometry": {
                "type": "Point",
                "coordinates": [
                    33.07973535,
                    -111.97743992
                ]
            },
            "properties": {
                "cc_label": "p06-1M",
                "CHTD": [
                    {
                        "date": "2021-06-01",
                        "value": 0.14
                    },
                    {
                        "date": "2021-06-07",
                        "value": 0.22
                    },
                    {
                        "date": "2021-06-17",
                        "value": 0.33
                    },
                    {
                        "date": "2021-06-24",
                        "value": 0.42
                    },
                    {
                        "date": "2021-07-01",
                        "value": 0.63
                    },
                    {
                        "date": "2021-07-13",
                        "value": 1.05
                    },
                    {
                        "date": "2021-07-19",
                        "value": 1.25
                    },
                    {
                        "date": "2021-08-05",
                        "value": 1.47
                    },
                    {
                        "date": "2021-08-19",
                        "value": 1.77
                    },
                    {
                        "date": "2021-09-07",
                        "value": 1.95
                    }
                ],
                "CWID": [
                    {
                        "date": "2021-06-01",
                        "value": 0.13
                    },
                    {
                        "date": "2021-06-07",
                        "value": 0.26
                    },
                    {
                        "date": "2021-06-17",
                        "value": 0.41
                    },
                    {
                        "date": "2021-06-24",
                        "value": 0.54
                    },
                    {
                        "date": "2021-07-01",
                        "value": 0.67
                    },
                    {
                        "date": "2021-07-13",
                        "value": 0.87
                    },
                    {
                        "date": "2021-07-19",
                        "value": 0.93
                    },
                    {
                        "date": "2021-08-05",
                        "value": 1.02
                    },
                    {
                        "date": "2021-08-12",
                        "value": 1.02
                    },
                    {
                        "date": "2021-08-19",
                        "value": 1.02
                    },
                    {
                        "date": "2021-09-07",
                        "value": 1.02
                    }
                ],
                "PLPD": 8.7,
                "ADAT": "2021-06-28",
                "ADOY": 179,
                "NAWF": [
                    {
                        "date": "2021-07-01",
                        "value": 8.9
                    },
                    {
                        "date": "2021-07-13",
                        "value": 8.0
                    },
                    {
                        "date": "2021-07-19",
                        "value": 6.0
                    },
                    {
                        "date": "2021-08-05",
                        "value": 6.0
                    },
                    {
                        "date": "2021-08-12",
                        "value": 5.1
                    },
                    {
                        "date": "2021-08-26",
                        "value": 5.2
                    },
                    {
                        "date": "2021-09-07",
                        "value": 3.1
                    }
                ],
                "pid": "63643f288ac54794e7f91792"
            },
            "_id": "642464c28ac547060991e3d7",
            "ccid": "642464c28ac547060991e3d7"
        },
        {
            "type": "Feature",
            "geometry": {
                "type": "Point",
                "coordinates": [
                    33.07964515,
                    -111.97744055
                ]
            },
            "properties": {
                "cc_label": "p06-1S",
                "CHTD": [
                    {
                        "date": "2021-06-01",
                        "value": 0.13
                    },
                    {
                        "date": "2021-06-07",
                        "value": 0.22
                    },
                    {
                        "date": "2021-06-17",
                        "value": 0.32
                    },
                    {
                        "date": "2021-06-24",
                        "value": 0.42
                    },
                    {
                        "date": "2021-07-01",
                        "value": 0.64
                    },
                    {
                        "date": "2021-07-13",
                        "value": 0.98
                    },
                    {
                        "date": "2021-07-19",
                        "value": 1.19
                    },
                    {
                        "date": "2021-08-05",
                        "value": 1.39
                    },
                    {
                        "date": "2021-08-19",
                        "value": 1.66
                    },
                    {
                        "date": "2021-09-07",
                        "value": 1.86
                    }
                ],
                "CWID": [
                    {
                        "date": "2021-06-01",
                        "value": 0.12
                    },
                    {
                        "date": "2021-06-07",
                        "value": 0.25
                    },
                    {
                        "date": "2021-06-17",
                        "value": 0.4
                    },
                    {
                        "date": "2021-06-24",
                        "value": 0.52
                    },
                    {
                        "date": "2021-07-01",
                        "value": 0.65
                    },
                    {
                        "date": "2021-07-13",
                        "value": 0.85
                    },
                    {
                        "date": "2021-07-19",
                        "value": 0.89
                    },
                    {
                        "date": "2021-08-05",
                        "value": 0.97
                    },
                    {
                        "date": "2021-08-12",
                        "value": 1.02
                    },
                    {
                        "date": "2021-08-19",
                        "value": 1.02
                    },
                    {
                        "date": "2021-09-07",
                        "value": 1.02
                    }
                ],
                "ADAT": "2021-06-25",
                "ADOY": 176,
                "pid": "63643f288ac54794e7f91792"
            },
            "_id": "642464c28ac547060991e3d8",
            "ccid": "642464c28ac547060991e3d8"
        },
        {
            "type": "Feature",
            "geometry": {
                "type": "Point",
                "coordinates": [
                    33.07975097,
                    -111.97740716
                ]
            },
            "properties": {
                "cc_label": "p06-1E",
                "EDATE": "2021-05-02",
                "PLYRE": 2021,
                "PLDOE": 122,
                "LF1D": "2021-05-14",
                "pid": "63643f288ac54794e7f91792"
            },
            "_id": "67ed5ffc8ac547a69e0373cf",
            "ccid": "67ed5ffc8ac547a69e0373cf"
        },
        {
            "type": "Feature",
            "geometry": {
                "type": "Point",
                "coordinates": [
                    33.07946477,
                    -111.97744181
                ]
            },
            "properties": {
                "cc_label": "p06-2N",
                "CHTD": [
                    {
                        "date": "2021-06-01",
                        "value": 0.11
                    },
                    {
                        "date": "2021-06-07",
                        "value": 0.26
                    },
                    {
                        "date": "2021-06-17",
                        "value": 0.41
                    },
                    {
                        "date": "2021-06-24",
                        "value": 0.54
                    },
                    {
                        "date": "2021-07-01",
                        "value": 0.62
                    },
                    {
                        "date": "2021-07-13",
                        "value": 1.02
                    },
                    {
                        "date": "2021-07-19",
                        "value": 1.22
                    },
                    {
                        "date": "2021-08-05",
                        "value": 1.42
                    },
                    {
                        "date": "2021-08-19",
                        "value": 1.67
                    },
                    {
                        "date": "2021-09-07",
                        "value": 1.84
                    }
                ],
                "CWID": [
                    {
                        "date": "2021-06-01",
                        "value": 0.12
                    },
                    {
                        "date": "2021-06-07",
                        "value": 0.24
                    },
                    {
                        "date": "2021-06-17",
                        "value": 0.38
                    },
                    {
                        "date": "2021-06-24",
                        "value": 0.5
                    },
                    {
                        "date": "2021-07-01",
                        "value": 0.66
                    },
                    {
                        "date": "2021-07-13",
                        "value": 0.89
                    },
                    {
                        "date": "2021-07-19",
                        "value": 0.95
                    },
                    {
                        "date": "2021-08-05",
                        "value": 1.02
                    },
                    {
                        "date": "2021-08-12",
                        "value": 1.02
                    },
                    {
                        "date": "2021-08-19",
                        "value": 1.02
                    },
                    {
                        "date": "2021-09-07",
                        "value": 1.02
                    }
                ],
                "ADAT": "2021-06-28",
                "ADOY": 179,
                "pid": "63643f288ac54794e7f91793"
            },
            "_id": "642464c28ac547060991e3d9",
            "ccid": "642464c28ac547060991e3d9"
        },
        {
            "type": "Feature",
            "geometry": {
                "type": "Point",
                "coordinates": [
                    33.07937458,
                    -111.97744244
                ]
            },
            "properties": {
                "cc_label": "p06-2M",
                "CHTD": [
                    {
                        "date": "2021-06-01",
                        "value": 0.12
                    },
                    {
                        "date": "2021-06-07",
                        "value": 0.2
                    },
                    {
                        "date": "2021-06-17",
                        "value": 0.31
                    },
                    {
                        "date": "2021-06-24",
                        "value": 0.4
                    },
                    {
                        "date": "2021-07-01",
                        "value": 0.64
                    },
                    {
                        "date": "2021-07-13",
                        "value": 1.0
                    },
                    {
                        "date": "2021-07-19",
                        "value": 1.22
                    },
                    {
                        "date": "2021-08-05",
                        "value": 1.44
                    },
                    {
                        "date": "2021-08-19",
                        "value": 1.72
                    },
                    {
                        "date": "2021-09-07",
                        "value": 1.99
                    }
                ],
                "CWID": [
                    {
                        "date": "2021-06-01",
                        "value": 0.11
                    },
                    {
                        "date": "2021-06-07",
                        "value": 0.22
                    },
                    {
                        "date": "2021-06-17",
                        "value": 0.36
                    },
                    {
                        "date": "2021-06-24",
                        "value": 0.47
                    },
                    {
                        "date": "2021-07-01",
                        "value": 0.61
                    },
                    {
                        "date": "2021-07-13",
                        "value": 0.81
                    },
                    {
                        "date": "2021-07-19",
                        "value": 0.87
                    },
                    {
                        "date": "2021-08-05",
                        "value": 0.98
                    },
                    {
                        "date": "2021-08-12",
                        "value": 1.02
                    },
                    {
                        "date": "2021-08-19",
                        "value": 1.02
                    },
                    {
                        "date": "2021-09-07",
                        "value": 1.02
                    }
                ],
                "PLPD": 8.3,
                "ADAT": "2021-07-01",
                "ADOY": 182,
                "NAWF": [
                    {
                        "date": "2021-07-01",
                        "value": 8.8
                    },
                    {
                        "date": "2021-07-13",
                        "value": 7.4
                    },
                    {
                        "date": "2021-07-19",
                        "value": 6.4
                    },
                    {
                        "date": "2021-08-05",
                        "value": 5.9
                    },
                    {
                        "date": "2021-08-12",
                        "value": 4.9
                    },
                    {
                        "date": "2021-08-26",
                        "value": 4.1
                    },
                    {
                        "date": "2021-09-07",
                        "value": 2.6
                    }
                ],
                "pid": "63643f288ac54794e7f91793"
            },
            "_id": "642464c28ac547060991e3da",
            "ccid": "642464c28ac547060991e3da"
        },
        {
            "type": "Feature",
            "geometry": {
                "type": "Point",
                "coordinates": [
                    33.07928439,
                    -111.97744307
                ]
            },
            "properties": {
                "cc_label": "p06-2S",
                "CHTD": [
                    {
                        "date": "2021-06-01",
                        "value": 0.13
                    },
                    {
                        "date": "2021-06-07",
                        "value": 0.2
                    },
                    {
                        "date": "2021-06-17",
                        "value": 0.32
                    },
                    {
                        "date": "2021-06-24",
                        "value": 0.41
                    },
                    {
                        "date": "2021-07-01",
                        "value": 0.64
                    },
                    {
                        "date": "2021-07-13",
                        "value": 0.92
                    },
                    {
                        "date": "2021-07-19",
                        "value": 1.11
                    },
                    {
                        "date": "2021-08-05",
                        "value": 1.3
                    },
                    {
                        "date": "2021-08-19",
                        "value": 1.56
                    },
                    {
                        "date": "2021-09-07",
                        "value": 1.75
                    }
                ],
                "CWID": [
                    {
                        "date": "2021-06-01",
                        "value": 0.13
                    },
                    {
                        "date": "2021-06-07",
                        "value": 0.23
                    },
                    {
                        "date": "2021-06-17",
                        "value": 0.34
                    },
                    {
                        "date": "2021-06-24",
                        "value": 0.44
                    },
                    {
                        "date": "2021-07-01",
                        "value": 0.57
                    },
                    {
                        "date": "2021-07-13",
                        "value": 0.76
                    },
                    {
                        "date": "2021-07-19",
                        "value": 0.85
                    },
                    {
                        "date": "2021-08-05",
                        "value": 0.96
                    },
                    {
                        "date": "2021-08-12",
                        "value": 1.02
                    },
                    {
                        "date": "2021-08-19",
                        "value": 1.02
                    },
                    {
                        "date": "2021-09-07",
                        "value": 1.02
                    }
                ],
                "ADAT": "2021-06-29",
                "ADOY": 180,
                "pid": "63643f288ac54794e7f91793"
            },
            "_id": "642464c28ac547060991e3db",
            "ccid": "642464c28ac547060991e3db"
        },
        {
            "type": "Feature",
            "geometry": {
                "type": "Point",
                "coordinates": [
                    33.0793902,
                    -111.97740968
                ]
            },
            "properties": {
                "cc_label": "p06-2E",
                "EDATE": "2021-05-02",
                "PLYRE": 2021,
                "PLDOE": 122,
                "LF1D": "2021-05-16",
                "pid": "63643f288ac54794e7f91793"
            },
            "_id": "67ed5ffc8ac547a69e0373d0",
            "ccid": "67ed5ffc8ac547a69e0373d0"
        },
        {
            "type": "Feature",
            "geometry": {
                "type": "Point",
                "coordinates": [
                    33.079104,
                    -111.97744433
                ]
            },
            "properties": {
                "cc_label": "p06-3N",
                "CHTD": [
                    {
                        "date": "2021-06-01",
                        "value": 0.12
                    },
                    {
                        "date": "2021-06-07",
                        "value": 0.2
                    },
                    {
                        "date": "2021-06-17",
                        "value": 0.3
                    },
                    {
                        "date": "2021-06-24",
                        "value": 0.39
                    },
                    {
                        "date": "2021-07-01",
                        "value": 0.61
                    },
                    {
                        "date": "2021-07-13",
                        "value": 0.99
                    },
                    {
                        "date": "2021-07-19",
                        "value": 1.2
                    },
                    {
                        "date": "2021-08-05",
                        "value": 1.43
                    },
                    {
                        "date": "2021-08-19",
                        "value": 1.75
                    },
                    {
                        "date": "2021-09-07",
                        "value": 1.91
                    }
                ],
                "CWID": [
                    {
                        "date": "2021-06-01",
                        "value": 0.12
                    },
                    {
                        "date": "2021-06-07",
                        "value": 0.23
                    },
                    {
                        "date": "2021-06-17",
                        "value": 0.37
                    },
                    {
                        "date": "2021-06-24",
                        "value": 0.48
                    },
                    {
                        "date": "2021-07-01",
                        "value": 0.62
                    },
                    {
                        "date": "2021-07-13",
                        "value": 0.83
                    },
                    {
                        "date": "2021-07-19",
                        "value": 0.89
                    },
                    {
                        "date": "2021-08-05",
                        "value": 1.02
                    },
                    {
                        "date": "2021-08-12",
                        "value": 1.02
                    },
                    {
                        "date": "2021-08-19",
                        "value": 1.02
                    },
                    {
                        "date": "2021-09-07",
                        "value": 1.02
                    }
                ],
                "pid": "63643f288ac54794e7f91794"
            },
            "_id": "642464c28ac547060991e3dc",
            "ccid": "642464c28ac547060991e3dc"
        },
        {
            "type": "Feature",
            "geometry": {
                "type": "Point",
                "coordinates": [
                    33.07901381,
                    -111.97744496
                ]
            },
            "properties": {
                "cc_label": "p06-3M",
                "CHTD": [
                    {
                        "date": "2021-06-01",
                        "value": 0.1
                    },
                    {
                        "date": "2021-06-07",
                        "value": 0.17
                    },
                    {
                        "date": "2021-06-17",
                        "value": 0.25
                    },
                    {
                        "date": "2021-06-24",
                        "value": 0.33
                    },
                    {
                        "date": "2021-07-01",
                        "value": 0.5
                    },
                    {
                        "date": "2021-07-13",
                        "value": 0.87
                    },
                    {
                        "date": "2021-07-19",
                        "value": 1.09
                    },
                    {
                        "date": "2021-08-05",
                        "value": 1.31
                    },
                    {
                        "date": "2021-08-19",
                        "value": 1.6
                    },
                    {
                        "date": "2021-09-07",
                        "value": 1.84
                    }
                ],
                "CWID": [
                    {
                        "date": "2021-06-01",
                        "value": 0.1
                    },
                    {
                        "date": "2021-06-07",
                        "value": 0.18
                    },
                    {
                        "date": "2021-06-17",
                        "value": 0.29
                    },
                    {
                        "date": "2021-06-24",
                        "value": 0.37
                    },
                    {
                        "date": "2021-07-01",
                        "value": 0.54
                    },
                    {
                        "date": "2021-07-13",
                        "value": 0.78
                    },
                    {
                        "date": "2021-07-19",
                        "value": 0.84
                    },
                    {
                        "date": "2021-08-05",
                        "value": 0.95
                    },
                    {
                        "date": "2021-08-12",
                        "value": 1.02
                    },
                    {
                        "date": "2021-08-19",
                        "value": 1.02
                    },
                    {
                        "date": "2021-09-07",
                        "value": 1.02
                    }
                ],
                "PLPD": 8.5,
                "ADAT": "2021-06-30",
                "ADOY": 181,
                "NAWF": [
                    {
                        "date": "2021-07-01",
                        "value": 8.3
                    },
                    {
                        "date": "2021-07-13",
                        "value": 7.2
                    },
                    {
                        "date": "2021-07-19",
                        "value": 6.3
                    },
                    {
                        "date": "2021-08-05",
                        "value": 5.0
                    },
                    {
                        "date": "2021-08-12",
                        "value": 5.2
                    },
                    {
                        "date": "2021-08-26",
                        "value": 4.8
                    },
                    {
                        "date": "2021-09-07",
                        "value": 3.3
                    }
                ],
                "pid": "63643f288ac54794e7f91794"
            },
            "_id": "642464c28ac547060991e3dd",
            "ccid": "642464c28ac547060991e3dd"
        },
        {
            "type": "Feature",
            "geometry": {
                "type": "Point",
                "coordinates": [
                    33.07892362,
                    -111.97744559
                ]
            },
            "properties": {
                "cc_label": "p06-3S",
                "CHTD": [
                    {
                        "date": "2021-06-01",
                        "value": 0.14
                    },
                    {
                        "date": "2021-06-07",
                        "value": 0.23
                    },
                    {
                        "date": "2021-06-17",
                        "value": 0.34
                    },
                    {
                        "date": "2021-06-24",
                        "value": 0.43
                    },
                    {
                        "date": "2021-07-01",
                        "value": 0.65
                    },
                    {
                        "date": "2021-07-13",
                        "value": 0.98
                    },
                    {
                        "date": "2021-07-19",
                        "value": 1.13
                    },
                    {
                        "date": "2021-08-05",
                        "value": 1.27
                    },
                    {
                        "date": "2021-08-19",
                        "value": 1.47
                    }
                ],
                "CWID": [
                    {
                        "date": "2021-06-01",
                        "value": 0.13
                    },
                    {
                        "date": "2021-06-07",
                        "value": 0.25
                    },
                    {
                        "date": "2021-06-17",
                        "value": 0.39
                    },
                    {
                        "date": "2021-06-24",
                        "value": 0.51
                    },
                    {
                        "date": "2021-07-01",
                        "value": 0.64
                    },
                    {
                        "date": "2021-07-13",
                        "value": 0.83
                    },
                    {
                        "date": "2021-07-19",
                        "value": 0.9
                    },
                    {
                        "date": "2021-08-05",
                        "value": 1.02
                    },
                    {
                        "date": "2021-08-12",
                        "value": 1.02
                    },
                    {
                        "date": "2021-08-19",
                        "value": 1.02
                    },
                    {
                        "date": "2021-09-07",
                        "value": 1.02
                    }
                ],
                "pid": "63643f288ac54794e7f91794"
            },
            "_id": "642464c28ac547060991e3de",
            "ccid": "642464c28ac547060991e3de"
        },
        {
            "type": "Feature",
            "geometry": {
                "type": "Point",
                "coordinates": [
                    33.07902943,
                    -111.9774122
                ]
            },
            "properties": {
                "cc_label": "p06-3E",
                "EDATE": "2021-05-02",
                "PLYRE": 2021,
                "PLDOE": 122,
                "LF1D": "2021-05-14",
                "pid": "63643f288ac54794e7f91794"
            },
            "_id": "67ed5ffc8ac547a69e0373d1",
            "ccid": "67ed5ffc8ac547a69e0373d1"
        },
        {
            "type": "Feature",
            "geometry": {
                "type": "Point",
                "coordinates": [
                    33.07874324,
                    -111.97744685
                ]
            },
            "properties": {
                "cc_label": "p06-4N",
                "CHTD": [
                    {
                        "date": "2021-06-01",
                        "value": 0.11
                    },
                    {
                        "date": "2021-06-07",
                        "value": 0.22
                    },
                    {
                        "date": "2021-06-17",
                        "value": 0.34
                    },
                    {
                        "date": "2021-06-24",
                        "value": 0.45
                    },
                    {
                        "date": "2021-07-01",
                        "value": 0.61
                    },
                    {
                        "date": "2021-07-13",
                        "value": 0.93
                    },
                    {
                        "date": "2021-07-19",
                        "value": 1.13
                    },
                    {
                        "date": "2021-08-05",
                        "value": 1.33
                    },
                    {
                        "date": "2021-08-19",
                        "value": 1.61
                    },
                    {
                        "date": "2021-09-07",
                        "value": 1.89
                    }
                ],
                "CWID": [
                    {
                        "date": "2021-06-01",
                        "value": 0.1
                    },
                    {
                        "date": "2021-06-07",
                        "value": 0.19
                    },
                    {
                        "date": "2021-06-17",
                        "value": 0.31
                    },
                    {
                        "date": "2021-06-24",
                        "value": 0.42
                    },
                    {
                        "date": "2021-07-01",
                        "value": 0.57
                    },
                    {
                        "date": "2021-07-13",
                        "value": 0.79
                    },
                    {
                        "date": "2021-07-19",
                        "value": 0.8
                    },
                    {
                        "date": "2021-08-05",
                        "value": 0.85
                    },
                    {
                        "date": "2021-08-12",
                        "value": 0.9
                    },
                    {
                        "date": "2021-08-19",
                        "value": 1.02
                    },
                    {
                        "date": "2021-09-07",
                        "value": 1.02
                    }
                ],
                "pid": "63643f288ac54794e7f91795"
            },
            "_id": "642464c28ac547060991e3df",
            "ccid": "642464c28ac547060991e3df"
        },
        {
            "type": "Feature",
            "geometry": {
                "type": "Point",
                "coordinates": [
                    33.07865304,
                    -111.97744748
                ]
            },
            "properties": {
                "cc_label": "p06-4M",
                "CHTD": [
                    {
                        "date": "2021-06-01",
                        "value": 0.1
                    },
                    {
                        "date": "2021-06-07",
                        "value": 0.2
                    },
                    {
                        "date": "2021-06-17",
                        "value": 0.29
                    },
                    {
                        "date": "2021-06-24",
                        "value": 0.38
                    },
                    {
                        "date": "2021-07-01",
                        "value": 0.52
                    },
                    {
                        "date": "2021-07-13",
                        "value": 0.78
                    },
                    {
                        "date": "2021-07-19",
                        "value": 0.92
                    },
                    {
                        "date": "2021-08-05",
                        "value": 1.06
                    },
                    {
                        "date": "2021-08-19",
                        "value": 1.25
                    }
                ],
                "CWID": [
                    {
                        "date": "2021-06-01",
                        "value": 0.11
                    },
                    {
                        "date": "2021-06-07",
                        "value": 0.18
                    },
                    {
                        "date": "2021-06-17",
                        "value": 0.26
                    },
                    {
                        "date": "2021-06-24",
                        "value": 0.33
                    },
                    {
                        "date": "2021-07-01",
                        "value": 0.47
                    },
                    {
                        "date": "2021-07-13",
                        "value": 0.67
                    },
                    {
                        "date": "2021-07-19",
                        "value": 0.73
                    },
                    {
                        "date": "2021-08-05",
                        "value": 0.84
                    },
                    {
                        "date": "2021-08-12",
                        "value": 0.93
                    },
                    {
                        "date": "2021-08-19",
                        "value": 1.02
                    },
                    {
                        "date": "2021-09-07",
                        "value": 1.02
                    }
                ],
                "PLPD": 8.7,
                "ADAT": "2021-06-28",
                "ADOY": 179,
                "NAWF": [
                    {
                        "date": "2021-07-01",
                        "value": 7.9
                    },
                    {
                        "date": "2021-07-13",
                        "value": 6.2
                    },
                    {
                        "date": "2021-07-19",
                        "value": 5.7
                    },
                    {
                        "date": "2021-08-05",
                        "value": 5.9
                    },
                    {
                        "date": "2021-08-12",
                        "value": 5.8
                    },
                    {
                        "date": "2021-08-26",
                        "value": 5.7
                    },
                    {
                        "date": "2021-09-07",
                        "value": 3.8
                    }
                ],
                "pid": "63643f288ac54794e7f91795"
            },
            "_id": "642464c28ac547060991e3e0",
            "ccid": "642464c28ac547060991e3e0"
        },
        {
            "type": "Feature",
            "geometry": {
                "type": "Point",
                "coordinates": [
                    33.07856285,
                    -111.97744811
                ]
            },
            "properties": {
                "cc_label": "p06-4S",
                "CHTD": [
                    {
                        "date": "2021-06-01",
                        "value": 0.15
                    },
                    {
                        "date": "2021-06-07",
                        "value": 0.25
                    },
                    {
                        "date": "2021-06-17",
                        "value": 0.36
                    },
                    {
                        "date": "2021-06-24",
                        "value": 0.46
                    },
                    {
                        "date": "2021-07-01",
                        "value": 0.58
                    },
                    {
                        "date": "2021-07-13",
                        "value": 0.8
                    },
                    {
                        "date": "2021-07-19",
                        "value": 0.92
                    },
                    {
                        "date": "2021-08-05",
                        "value": 1.03
                    },
                    {
                        "date": "2021-08-19",
                        "value": 1.17
                    }
                ],
                "CWID": [
                    {
                        "date": "2021-06-01",
                        "value": 0.15
                    },
                    {
                        "date": "2021-06-07",
                        "value": 0.24
                    },
                    {
                        "date": "2021-06-17",
                        "value": 0.35
                    },
                    {
                        "date": "2021-06-24",
                        "value": 0.44
                    },
                    {
                        "date": "2021-07-01",
                        "value": 0.56
                    },
                    {
                        "date": "2021-07-13",
                        "value": 0.74
                    },
                    {
                        "date": "2021-07-19",
                        "value": 0.77
                    },
                    {
                        "date": "2021-08-05",
                        "value": 0.83
                    },
                    {
                        "date": "2021-08-12",
                        "value": 0.89
                    },
                    {
                        "date": "2021-08-19",
                        "value": 1.02
                    },
                    {
                        "date": "2021-09-07",
                        "value": 1.02
                    }
                ],
                "pid": "63643f288ac54794e7f91795"
            },
            "_id": "642464c28ac547060991e3e1",
            "ccid": "642464c28ac547060991e3e1"
        },
        {
            "type": "Feature",
            "geometry": {
                "type": "Point",
                "coordinates": [
                    33.07866867,
                    -111.97741472
                ]
            },
            "properties": {
                "cc_label": "p06-4E",
                "EDATE": "2021-05-01",
                "PLYRE": 2021,
                "PLDOE": 121,
                "LF1D": "2021-05-15",
                "pid": "63643f288ac54794e7f91795"
            },
            "_id": "67ed5ffc8ac547a69e0373d2",
            "ccid": "67ed5ffc8ac547a69e0373d2"
        },
        {
            "type": "Feature",
            "geometry": {
                "type": "Point",
                "coordinates": [
                    33.07982478,
                    -111.97728691
                ]
            },
            "properties": {
                "cc_label": "p07-1N",
                "CHTD": [
                    {
                        "date": "2021-06-01",
                        "value": 0.12
                    },
                    {
                        "date": "2021-06-07",
                        "value": 0.21
                    },
                    {
                        "date": "2021-06-17",
                        "value": 0.32
                    },
                    {
                        "date": "2021-06-24",
                        "value": 0.42
                    },
                    {
                        "date": "2021-07-01",
                        "value": 0.52
                    },
                    {
                        "date": "2021-07-13",
                        "value": 0.7
                    },
                    {
                        "date": "2021-07-19",
                        "value": 0.86
                    },
                    {
                        "date": "2021-08-05",
                        "value": 1.02
                    },
                    {
                        "date": "2021-08-19",
                        "value": 1.24
                    }
                ],
                "CWID": [
                    {
                        "date": "2021-06-01",
                        "value": 0.1
                    },
                    {
                        "date": "2021-06-07",
                        "value": 0.2
                    },
                    {
                        "date": "2021-06-17",
                        "value": 0.32
                    },
                    {
                        "date": "2021-06-24",
                        "value": 0.41
                    },
                    {
                        "date": "2021-07-01",
                        "value": 0.52
                    },
                    {
                        "date": "2021-07-13",
                        "value": 0.71
                    },
                    {
                        "date": "2021-07-19",
                        "value": 0.76
                    },
                    {
                        "date": "2021-08-05",
                        "value": 0.89
                    },
                    {
                        "date": "2021-08-12",
                        "value": 0.95
                    },
                    {
                        "date": "2021-08-19",
                        "value": 1.02
                    },
                    {
                        "date": "2021-09-07",
                        "value": 1.02
                    }
                ],
                "pid": "63643f288ac54794e7f91796"
            },
            "_id": "642464c28ac547060991e3e2",
            "ccid": "642464c28ac547060991e3e2"
        },
        {
            "type": "Feature",
            "geometry": {
                "type": "Point",
                "coordinates": [
                    33.07973459,
                    -111.97728754
                ]
            },
            "properties": {
                "cc_label": "p07-1M",
                "CHTD": [
                    {
                        "date": "2021-06-01",
                        "value": 0.13
                    },
                    {
                        "date": "2021-06-07",
                        "value": 0.22
                    },
                    {
                        "date": "2021-06-17",
                        "value": 0.33
                    },
                    {
                        "date": "2021-06-24",
                        "value": 0.44
                    },
                    {
                        "date": "2021-07-01",
                        "value": 0.54
                    },
                    {
                        "date": "2021-07-13",
                        "value": 0.75
                    },
                    {
                        "date": "2021-07-19",
                        "value": 0.9
                    },
                    {
                        "date": "2021-08-05",
                        "value": 1.05
                    },
                    {
                        "date": "2021-08-19",
                        "value": 1.26
                    }
                ],
                "CWID": [
                    {
                        "date": "2021-06-01",
                        "value": 0.12
                    },
                    {
                        "date": "2021-06-07",
                        "value": 0.19
                    },
                    {
                        "date": "2021-06-17",
                        "value": 0.3
                    },
                    {
                        "date": "2021-06-24",
                        "value": 0.39
                    },
                    {
                        "date": "2021-07-01",
                        "value": 0.51
                    },
                    {
                        "date": "2021-07-13",
                        "value": 0.71
                    },
                    {
                        "date": "2021-07-19",
                        "value": 0.74
                    },
                    {
                        "date": "2021-08-05",
                        "value": 0.82
                    },
                    {
                        "date": "2021-08-12",
                        "value": 0.9
                    },
                    {
                        "date": "2021-08-19",
                        "value": 1.02
                    },
                    {
                        "date": "2021-09-07",
                        "value": 1.02
                    }
                ],
                "PLPD": 7.7,
                "ADAT": "2021-07-01",
                "ADOY": 182,
                "NAWF": [
                    {
                        "date": "2021-07-01",
                        "value": 7.7
                    },
                    {
                        "date": "2021-07-13",
                        "value": 5.6
                    },
                    {
                        "date": "2021-07-19",
                        "value": 5.9
                    },
                    {
                        "date": "2021-08-05",
                        "value": 5.8
                    },
                    {
                        "date": "2021-08-12",
                        "value": 5.8
                    },
                    {
                        "date": "2021-08-26",
                        "value": 5.7
                    },
                    {
                        "date": "2021-09-07",
                        "value": 3.7
                    }
                ],
                "pid": "63643f288ac54794e7f91796"
            },
            "_id": "642464c28ac547060991e3e3",
            "ccid": "642464c28ac547060991e3e3"
        },
        {
            "type": "Feature",
            "geometry": {
                "type": "Point",
                "coordinates": [
                    33.0796444,
                    -111.97728817
                ]
            },
            "properties": {
                "cc_label": "p07-1S",
                "CHTD": [
                    {
                        "date": "2021-06-01",
                        "value": 0.12
                    },
                    {
                        "date": "2021-06-07",
                        "value": 0.23
                    },
                    {
                        "date": "2021-06-17",
                        "value": 0.32
                    },
                    {
                        "date": "2021-06-24",
                        "value": 0.43
                    },
                    {
                        "date": "2021-07-01",
                        "value": 0.54
                    },
                    {
                        "date": "2021-07-13",
                        "value": 0.75
                    },
                    {
                        "date": "2021-07-19",
                        "value": 0.88
                    },
                    {
                        "date": "2021-08-05",
                        "value": 0.98
                    },
                    {
                        "date": "2021-08-19",
                        "value": 1.11
                    }
                ],
                "CWID": [
                    {
                        "date": "2021-06-01",
                        "value": 0.11
                    },
                    {
                        "date": "2021-06-07",
                        "value": 0.2
                    },
                    {
                        "date": "2021-06-17",
                        "value": 0.31
                    },
                    {
                        "date": "2021-06-24",
                        "value": 0.4
                    },
                    {
                        "date": "2021-07-01",
                        "value": 0.49
                    },
                    {
                        "date": "2021-07-13",
                        "value": 0.63
                    },
                    {
                        "date": "2021-07-19",
                        "value": 0.7
                    },
                    {
                        "date": "2021-08-05",
                        "value": 0.82
                    },
                    {
                        "date": "2021-08-12",
                        "value": 0.89
                    },
                    {
                        "date": "2021-08-19",
                        "value": 1.02
                    },
                    {
                        "date": "2021-09-07",
                        "value": 1.02
                    }
                ],
                "pid": "63643f288ac54794e7f91796"
            },
            "_id": "642464c28ac547060991e3e4",
            "ccid": "642464c28ac547060991e3e4"
        },
        {
            "type": "Feature",
            "geometry": {
                "type": "Point",
                "coordinates": [
                    33.07975021,
                    -111.97725477
                ]
            },
            "properties": {
                "cc_label": "p07-1E",
                "EDATE": "2021-05-02",
                "PLYRE": 2021,
                "PLDOE": 122,
                "LF1D": "2021-05-16",
                "pid": "63643f288ac54794e7f91796"
            },
            "_id": "67ed5ffc8ac547a69e0373d3",
            "ccid": "67ed5ffc8ac547a69e0373d3"
        },
        {
            "type": "Feature",
            "geometry": {
                "type": "Point",
                "coordinates": [
                    33.07946402,
                    -111.97728943
                ]
            },
            "properties": {
                "cc_label": "p07-2N",
                "CHTD": [
                    {
                        "date": "2021-06-01",
                        "value": 0.11
                    },
                    {
                        "date": "2021-06-07",
                        "value": 0.19
                    },
                    {
                        "date": "2021-06-17",
                        "value": 0.28
                    },
                    {
                        "date": "2021-06-24",
                        "value": 0.38
                    },
                    {
                        "date": "2021-07-01",
                        "value": 0.51
                    },
                    {
                        "date": "2021-07-13",
                        "value": 0.81
                    },
                    {
                        "date": "2021-07-19",
                        "value": 1.05
                    },
                    {
                        "date": "2021-08-05",
                        "value": 1.26
                    },
                    {
                        "date": "2021-08-19",
                        "value": 1.55
                    }
                ],
                "CWID": [
                    {
                        "date": "2021-06-01",
                        "value": 0.11
                    },
                    {
                        "date": "2021-06-07",
                        "value": 0.2
                    },
                    {
                        "date": "2021-06-17",
                        "value": 0.32
                    },
                    {
                        "date": "2021-06-24",
                        "value": 0.4
                    },
                    {
                        "date": "2021-07-01",
                        "value": 0.52
                    },
                    {
                        "date": "2021-07-13",
                        "value": 0.71
                    },
                    {
                        "date": "2021-07-19",
                        "value": 0.8
                    },
                    {
                        "date": "2021-08-05",
                        "value": 0.95
                    },
                    {
                        "date": "2021-08-12",
                        "value": 1.02
                    },
                    {
                        "date": "2021-08-19",
                        "value": 1.02
                    },
                    {
                        "date": "2021-09-07",
                        "value": 1.02
                    }
                ],
                "pid": "63643f288ac54794e7f91797"
            },
            "_id": "642464c28ac547060991e3e5",
            "ccid": "642464c28ac547060991e3e5"
        },
        {
            "type": "Feature",
            "geometry": {
                "type": "Point",
                "coordinates": [
                    33.07937382,
                    -111.97729006
                ]
            },
            "properties": {
                "cc_label": "p07-2M",
                "CHTD": [
                    {
                        "date": "2021-06-01",
                        "value": 0.09
                    },
                    {
                        "date": "2021-06-07",
                        "value": 0.13
                    },
                    {
                        "date": "2021-06-17",
                        "value": 0.2
                    },
                    {
                        "date": "2021-06-24",
                        "value": 0.26
                    },
                    {
                        "date": "2021-07-01",
                        "value": 0.4
                    },
                    {
                        "date": "2021-07-13",
                        "value": 0.72
                    },
                    {
                        "date": "2021-07-19",
                        "value": 0.91
                    },
                    {
                        "date": "2021-08-05",
                        "value": 1.09
                    },
                    {
                        "date": "2021-08-19",
                        "value": 1.32
                    }
                ],
                "CWID": [
                    {
                        "date": "2021-06-01",
                        "value": 0.1
                    },
                    {
                        "date": "2021-06-07",
                        "value": 0.17
                    },
                    {
                        "date": "2021-06-17",
                        "value": 0.25
                    },
                    {
                        "date": "2021-06-24",
                        "value": 0.32
                    },
                    {
                        "date": "2021-07-01",
                        "value": 0.49
                    },
                    {
                        "date": "2021-07-13",
                        "value": 0.72
                    },
                    {
                        "date": "2021-07-19",
                        "value": 0.81
                    },
                    {
                        "date": "2021-08-05",
                        "value": 0.98
                    },
                    {
                        "date": "2021-08-12",
                        "value": 1.02
                    },
                    {
                        "date": "2021-08-19",
                        "value": 1.02
                    },
                    {
                        "date": "2021-09-07",
                        "value": 1.02
                    }
                ],
                "PLPD": 9.2,
                "ADAT": "2021-06-30",
                "ADOY": 181,
                "NAWF": [
                    {
                        "date": "2021-07-01",
                        "value": 8.0
                    },
                    {
                        "date": "2021-07-13",
                        "value": 6.9
                    },
                    {
                        "date": "2021-07-19",
                        "value": 5.9
                    },
                    {
                        "date": "2021-08-05",
                        "value": 5.8
                    },
                    {
                        "date": "2021-08-12",
                        "value": 5.3
                    },
                    {
                        "date": "2021-08-26",
                        "value": 5.2
                    },
                    {
                        "date": "2021-09-07",
                        "value": 3.3
                    }
                ],
                "pid": "63643f288ac54794e7f91797"
            },
            "_id": "642464c28ac547060991e3e6",
            "ccid": "642464c28ac547060991e3e6"
        },
        {
            "type": "Feature",
            "geometry": {
                "type": "Point",
                "coordinates": [
                    33.07928363,
                    -111.97729069
                ]
            },
            "properties": {
                "cc_label": "p07-2S",
                "CHTD": [
                    {
                        "date": "2021-06-01",
                        "value": 0.12
                    },
                    {
                        "date": "2021-06-07",
                        "value": 0.19
                    },
                    {
                        "date": "2021-06-17",
                        "value": 0.3
                    },
                    {
                        "date": "2021-06-24",
                        "value": 0.4
                    },
                    {
                        "date": "2021-07-01",
                        "value": 0.54
                    },
                    {
                        "date": "2021-07-13",
                        "value": 0.81
                    },
                    {
                        "date": "2021-07-19",
                        "value": 0.98
                    },
                    {
                        "date": "2021-08-05",
                        "value": 1.14
                    },
                    {
                        "date": "2021-08-19",
                        "value": 1.36
                    }
                ],
                "CWID": [
                    {
                        "date": "2021-06-01",
                        "value": 0.11
                    },
                    {
                        "date": "2021-06-07",
                        "value": 0.21
                    },
                    {
                        "date": "2021-06-17",
                        "value": 0.31
                    },
                    {
                        "date": "2021-06-24",
                        "value": 0.45
                    },
                    {
                        "date": "2021-07-01",
                        "value": 0.56
                    },
                    {
                        "date": "2021-07-13",
                        "value": 0.76
                    },
                    {
                        "date": "2021-07-19",
                        "value": 0.8
                    },
                    {
                        "date": "2021-08-05",
                        "value": 0.88
                    },
                    {
                        "date": "2021-08-12",
                        "value": 0.97
                    },
                    {
                        "date": "2021-08-19",
                        "value": 1.02
                    },
                    {
                        "date": "2021-09-07",
                        "value": 1.02
                    }
                ],
                "pid": "63643f288ac54794e7f91797"
            },
            "_id": "642464c28ac547060991e3e7",
            "ccid": "642464c28ac547060991e3e7"
        },
        {
            "type": "Feature",
            "geometry": {
                "type": "Point",
                "coordinates": [
                    33.07938945,
                    -111.97725729
                ]
            },
            "properties": {
                "cc_label": "p07-2E",
                "EDATE": "2021-05-01",
                "PLYRE": 2021,
                "PLDOE": 121,
                "LF1D": "2021-05-14",
                "pid": "63643f288ac54794e7f91797"
            },
            "_id": "67ed5ffc8ac547a69e0373d4",
            "ccid": "67ed5ffc8ac547a69e0373d4"
        },
        {
            "type": "Feature",
            "geometry": {
                "type": "Point",
                "coordinates": [
                    33.07910325,
                    -111.97729195
                ]
            },
            "properties": {
                "cc_label": "p07-3N",
                "CHTD": [
                    {
                        "date": "2021-06-01",
                        "value": 0.12
                    },
                    {
                        "date": "2021-06-07",
                        "value": 0.2
                    },
                    {
                        "date": "2021-06-17",
                        "value": 0.27
                    },
                    {
                        "date": "2021-06-24",
                        "value": 0.38
                    },
                    {
                        "date": "2021-07-01",
                        "value": 0.49
                    },
                    {
                        "date": "2021-07-13",
                        "value": 0.74
                    },
                    {
                        "date": "2021-07-19",
                        "value": 0.9
                    },
                    {
                        "date": "2021-08-05",
                        "value": 1.05
                    },
                    {
                        "date": "2021-08-19",
                        "value": 1.25
                    }
                ],
                "CWID": [
                    {
                        "date": "2021-06-01",
                        "value": 0.13
                    },
                    {
                        "date": "2021-06-07",
                        "value": 0.22
                    },
                    {
                        "date": "2021-06-17",
                        "value": 0.33
                    },
                    {
                        "date": "2021-06-24",
                        "value": 0.42
                    },
                    {
                        "date": "2021-07-01",
                        "value": 0.54
                    },
                    {
                        "date": "2021-07-13",
                        "value": 0.71
                    },
                    {
                        "date": "2021-07-19",
                        "value": 0.79
                    },
                    {
                        "date": "2021-08-05",
                        "value": 0.9
                    },
                    {
                        "date": "2021-08-12",
                        "value": 1.02
                    },
                    {
                        "date": "2021-08-19",
                        "value": 1.02
                    },
                    {
                        "date": "2021-09-07",
                        "value": 1.02
                    }
                ],
                "pid": "63643f288ac54794e7f91798"
            },
            "_id": "642464c28ac547060991e3e8",
            "ccid": "642464c28ac547060991e3e8"
        },
        {
            "type": "Feature",
            "geometry": {
                "type": "Point",
                "coordinates": [
                    33.07901306,
                    -111.97729258
                ]
            },
            "properties": {
                "cc_label": "p07-3M",
                "CHTD": [
                    {
                        "date": "2021-06-01",
                        "value": 0.13
                    },
                    {
                        "date": "2021-06-07",
                        "value": 0.2
                    },
                    {
                        "date": "2021-06-17",
                        "value": 0.31
                    },
                    {
                        "date": "2021-06-24",
                        "value": 0.39
                    },
                    {
                        "date": "2021-07-01",
                        "value": 0.49
                    },
                    {
                        "date": "2021-07-13",
                        "value": 0.7
                    },
                    {
                        "date": "2021-07-19",
                        "value": 0.87
                    },
                    {
                        "date": "2021-08-05",
                        "value": 1.04
                    },
                    {
                        "date": "2021-08-19",
                        "value": 1.27
                    }
                ],
                "CWID": [
                    {
                        "date": "2021-06-01",
                        "value": 0.12
                    },
                    {
                        "date": "2021-06-07",
                        "value": 0.22
                    },
                    {
                        "date": "2021-06-17",
                        "value": 0.34
                    },
                    {
                        "date": "2021-06-24",
                        "value": 0.45
                    },
                    {
                        "date": "2021-07-01",
                        "value": 0.53
                    },
                    {
                        "date": "2021-07-13",
                        "value": 0.65
                    },
                    {
                        "date": "2021-07-19",
                        "value": 0.74
                    },
                    {
                        "date": "2021-08-05",
                        "value": 0.92
                    },
                    {
                        "date": "2021-08-12",
                        "value": 1.02
                    },
                    {
                        "date": "2021-08-19",
                        "value": 1.02
                    },
                    {
                        "date": "2021-09-07",
                        "value": 1.02
                    }
                ],
                "PLPD": 9.2,
                "ADAT": "2021-06-30",
                "ADOY": 181,
                "NAWF": [
                    {
                        "date": "2021-07-01",
                        "value": 8.1
                    },
                    {
                        "date": "2021-07-13",
                        "value": 5.6
                    },
                    {
                        "date": "2021-07-19",
                        "value": 5.9
                    },
                    {
                        "date": "2021-08-05",
                        "value": 4.9
                    },
                    {
                        "date": "2021-08-12",
                        "value": 5.4
                    },
                    {
                        "date": "2021-08-26",
                        "value": 4.8
                    },
                    {
                        "date": "2021-09-07",
                        "value": 3.2
                    }
                ],
                "pid": "63643f288ac54794e7f91798"
            },
            "_id": "642464c28ac547060991e3e9",
            "ccid": "642464c28ac547060991e3e9"
        },
        {
            "type": "Feature",
            "geometry": {
                "type": "Point",
                "coordinates": [
                    33.07892287,
                    -111.97729321
                ]
            },
            "properties": {
                "cc_label": "p07-3S",
                "CHTD": [
                    {
                        "date": "2021-06-01",
                        "value": 0.11
                    },
                    {
                        "date": "2021-06-07",
                        "value": 0.19
                    },
                    {
                        "date": "2021-06-17",
                        "value": 0.25
                    },
                    {
                        "date": "2021-06-24",
                        "value": 0.32
                    },
                    {
                        "date": "2021-07-01",
                        "value": 0.45
                    },
                    {
                        "date": "2021-07-13",
                        "value": 0.71
                    },
                    {
                        "date": "2021-07-19",
                        "value": 0.83
                    },
                    {
                        "date": "2021-08-05",
                        "value": 0.95
                    },
                    {
                        "date": "2021-08-19",
                        "value": 1.12
                    }
                ],
                "CWID": [
                    {
                        "date": "2021-06-01",
                        "value": 0.11
                    },
                    {
                        "date": "2021-06-07",
                        "value": 0.19
                    },
                    {
                        "date": "2021-06-17",
                        "value": 0.3
                    },
                    {
                        "date": "2021-06-24",
                        "value": 0.38
                    },
                    {
                        "date": "2021-07-01",
                        "value": 0.5
                    },
                    {
                        "date": "2021-07-13",
                        "value": 0.67
                    },
                    {
                        "date": "2021-07-19",
                        "value": 0.72
                    },
                    {
                        "date": "2021-08-05",
                        "value": 0.84
                    },
                    {
                        "date": "2021-08-12",
                        "value": 0.91
                    },
                    {
                        "date": "2021-08-19",
                        "value": 1.02
                    },
                    {
                        "date": "2021-09-07",
                        "value": 1.02
                    }
                ],
                "pid": "63643f288ac54794e7f91798"
            },
            "_id": "642464c28ac547060991e3ea",
            "ccid": "642464c28ac547060991e3ea"
        },
        {
            "type": "Feature",
            "geometry": {
                "type": "Point",
                "coordinates": [
                    33.07902868,
                    -111.97725982
                ]
            },
            "properties": {
                "cc_label": "p07-3E",
                "EDATE": "2021-05-06",
                "PLYRE": 2021,
                "PLDOE": 126,
                "LF1D": "2021-05-18",
                "pid": "63643f288ac54794e7f91798"
            },
            "_id": "67ed5ffc8ac547a69e0373d5",
            "ccid": "67ed5ffc8ac547a69e0373d5"
        },
        {
            "type": "Feature",
            "geometry": {
                "type": "Point",
                "coordinates": [
                    33.07874248,
                    -111.97729447
                ]
            },
            "properties": {
                "cc_label": "p07-4N",
                "CHTD": [
                    {
                        "date": "2021-06-01",
                        "value": 0.11
                    },
                    {
                        "date": "2021-06-07",
                        "value": 0.15
                    },
                    {
                        "date": "2021-06-17",
                        "value": 0.21
                    },
                    {
                        "date": "2021-06-24",
                        "value": 0.28
                    },
                    {
                        "date": "2021-07-01",
                        "value": 0.48
                    },
                    {
                        "date": "2021-07-13",
                        "value": 0.87
                    },
                    {
                        "date": "2021-07-19",
                        "value": 1.03
                    },
                    {
                        "date": "2021-08-05",
                        "value": 1.17
                    },
                    {
                        "date": "2021-08-19",
                        "value": 1.34
                    }
                ],
                "CWID": [
                    {
                        "date": "2021-06-01",
                        "value": 0.1
                    },
                    {
                        "date": "2021-06-07",
                        "value": 0.17
                    },
                    {
                        "date": "2021-06-17",
                        "value": 0.26
                    },
                    {
                        "date": "2021-06-24",
                        "value": 0.33
                    },
                    {
                        "date": "2021-07-01",
                        "value": 0.49
                    },
                    {
                        "date": "2021-07-13",
                        "value": 0.72
                    },
                    {
                        "date": "2021-07-19",
                        "value": 0.85
                    },
                    {
                        "date": "2021-08-05",
                        "value": 1.02
                    },
                    {
                        "date": "2021-08-12",
                        "value": 1.02
                    },
                    {
                        "date": "2021-08-19",
                        "value": 1.02
                    },
                    {
                        "date": "2021-09-07",
                        "value": 1.02
                    }
                ],
                "pid": "63643f288ac54794e7f91799"
            },
            "_id": "642464c28ac547060991e3eb",
            "ccid": "642464c28ac547060991e3eb"
        },
        {
            "type": "Feature",
            "geometry": {
                "type": "Point",
                "coordinates": [
                    33.07865229,
                    -111.9772951
                ]
            },
            "properties": {
                "cc_label": "p07-4M",
                "CHTD": [
                    {
                        "date": "2021-06-01",
                        "value": 0.13
                    },
                    {
                        "date": "2021-06-07",
                        "value": 0.21
                    },
                    {
                        "date": "2021-06-17",
                        "value": 0.28
                    },
                    {
                        "date": "2021-06-24",
                        "value": 0.37
                    },
                    {
                        "date": "2021-07-01",
                        "value": 0.56
                    },
                    {
                        "date": "2021-07-13",
                        "value": 0.93
                    },
                    {
                        "date": "2021-07-19",
                        "value": 1.12
                    },
                    {
                        "date": "2021-08-05",
                        "value": 1.32
                    },
                    {
                        "date": "2021-08-19",
                        "value": 1.6
                    },
                    {
                        "date": "2021-09-07",
                        "value": 1.76
                    }
                ],
                "CWID": [
                    {
                        "date": "2021-06-01",
                        "value": 0.12
                    },
                    {
                        "date": "2021-06-07",
                        "value": 0.22
                    },
                    {
                        "date": "2021-06-17",
                        "value": 0.33
                    },
                    {
                        "date": "2021-06-24",
                        "value": 0.42
                    },
                    {
                        "date": "2021-07-01",
                        "value": 0.56
                    },
                    {
                        "date": "2021-07-13",
                        "value": 0.77
                    },
                    {
                        "date": "2021-07-19",
                        "value": 0.87
                    },
                    {
                        "date": "2021-08-05",
                        "value": 1.02
                    },
                    {
                        "date": "2021-08-12",
                        "value": 1.02
                    },
                    {
                        "date": "2021-08-19",
                        "value": 1.02
                    },
                    {
                        "date": "2021-09-07",
                        "value": 1.02
                    }
                ],
                "PLPD": 6.8,
                "ADAT": "2021-06-30",
                "ADOY": 180,
                "NAWF": [
                    {
                        "date": "2021-07-01",
                        "value": 8.3
                    },
                    {
                        "date": "2021-07-13",
                        "value": 7.1
                    },
                    {
                        "date": "2021-07-19",
                        "value": 6.0
                    },
                    {
                        "date": "2021-08-05",
                        "value": 5.9
                    },
                    {
                        "date": "2021-08-12",
                        "value": 4.8
                    },
                    {
                        "date": "2021-08-26",
                        "value": 4.4
                    },
                    {
                        "date": "2021-09-07",
                        "value": 2.7
                    }
                ],
                "pid": "63643f288ac54794e7f91799"
            },
            "_id": "642464c28ac547060991e3ec",
            "ccid": "642464c28ac547060991e3ec"
        },
        {
            "type": "Feature",
            "geometry": {
                "type": "Point",
                "coordinates": [
                    33.0785621,
                    -111.97729573
                ]
            },
            "properties": {
                "cc_label": "p07-4S",
                "CHTD": [
                    {
                        "date": "2021-06-01",
                        "value": 0.13
                    },
                    {
                        "date": "2021-06-07",
                        "value": 0.25
                    },
                    {
                        "date": "2021-06-17",
                        "value": 0.38
                    },
                    {
                        "date": "2021-06-24",
                        "value": 0.5
                    },
                    {
                        "date": "2021-07-01",
                        "value": 0.68
                    },
                    {
                        "date": "2021-07-13",
                        "value": 1.03
                    },
                    {
                        "date": "2021-07-19",
                        "value": 1.14
                    },
                    {
                        "date": "2021-08-05",
                        "value": 1.24
                    },
                    {
                        "date": "2021-08-19",
                        "value": 1.4
                    },
                    {
                        "date": "2021-09-07",
                        "value": 1.6
                    }
                ],
                "CWID": [
                    {
                        "date": "2021-06-01",
                        "value": 0.13
                    },
                    {
                        "date": "2021-06-07",
                        "value": 0.26
                    },
                    {
                        "date": "2021-06-17",
                        "value": 0.43
                    },
                    {
                        "date": "2021-06-24",
                        "value": 0.54
                    },
                    {
                        "date": "2021-07-01",
                        "value": 0.66
                    },
                    {
                        "date": "2021-07-13",
                        "value": 0.83
                    },
                    {
                        "date": "2021-07-19",
                        "value": 0.84
                    },
                    {
                        "date": "2021-08-05",
                        "value": 0.89
                    },
                    {
                        "date": "2021-08-12",
                        "value": 1.02
                    },
                    {
                        "date": "2021-08-19",
                        "value": 1.02
                    },
                    {
                        "date": "2021-09-07",
                        "value": 1.02
                    }
                ],
                "pid": "63643f288ac54794e7f91799"
            },
            "_id": "642464c28ac547060991e3ed",
            "ccid": "642464c28ac547060991e3ed"
        },
        {
            "type": "Feature",
            "geometry": {
                "type": "Point",
                "coordinates": [
                    33.07866791,
                    -111.97726234
                ]
            },
            "properties": {
                "cc_label": "p07-4E",
                "EDATE": "2021-05-05",
                "PLYRE": 2021,
                "PLDOE": 124,
                "LF1D": "2021-05-18",
                "pid": "63643f288ac54794e7f91799"
            },
            "_id": "67ed5ffc8ac547a69e0373d6",
            "ccid": "67ed5ffc8ac547a69e0373d6"
        },
        {
            "type": "Feature",
            "geometry": {
                "type": "Point",
                "coordinates": [
                    33.07982403,
                    -111.97713452
                ]
            },
            "properties": {
                "cc_label": "p08-1N",
                "CHTD": [
                    {
                        "date": "2021-06-01",
                        "value": 0.17
                    },
                    {
                        "date": "2021-06-07",
                        "value": 0.27
                    },
                    {
                        "date": "2021-06-17",
                        "value": 0.36
                    },
                    {
                        "date": "2021-06-24",
                        "value": 0.49
                    },
                    {
                        "date": "2021-07-01",
                        "value": 0.55
                    },
                    {
                        "date": "2021-07-13",
                        "value": 0.64
                    },
                    {
                        "date": "2021-07-19",
                        "value": 0.83
                    },
                    {
                        "date": "2021-08-05",
                        "value": 1.04
                    },
                    {
                        "date": "2021-08-19",
                        "value": 1.31
                    }
                ],
                "CWID": [
                    {
                        "date": "2021-06-01",
                        "value": 0.15
                    },
                    {
                        "date": "2021-06-07",
                        "value": 0.24
                    },
                    {
                        "date": "2021-06-17",
                        "value": 0.35
                    },
                    {
                        "date": "2021-06-24",
                        "value": 0.44
                    },
                    {
                        "date": "2021-07-01",
                        "value": 0.54
                    },
                    {
                        "date": "2021-07-13",
                        "value": 0.69
                    },
                    {
                        "date": "2021-07-19",
                        "value": 0.77
                    },
                    {
                        "date": "2021-08-05",
                        "value": 0.91
                    },
                    {
                        "date": "2021-08-12",
                        "value": 1.02
                    },
                    {
                        "date": "2021-08-19",
                        "value": 1.02
                    },
                    {
                        "date": "2021-09-07",
                        "value": 1.02
                    }
                ],
                "pid": "63643f288ac54794e7f9179a"
            },
            "_id": "642464c28ac547060991e3ee",
            "ccid": "642464c28ac547060991e3ee"
        },
        {
            "type": "Feature",
            "geometry": {
                "type": "Point",
                "coordinates": [
                    33.07973384,
                    -111.97713515
                ]
            },
            "properties": {
                "cc_label": "p08-1M",
                "CHTD": [
                    {
                        "date": "2021-06-01",
                        "value": 0.16
                    },
                    {
                        "date": "2021-06-07",
                        "value": 0.28
                    },
                    {
                        "date": "2021-06-17",
                        "value": 0.42
                    },
                    {
                        "date": "2021-06-24",
                        "value": 0.55
                    },
                    {
                        "date": "2021-07-01",
                        "value": 0.64
                    },
                    {
                        "date": "2021-07-13",
                        "value": 0.83
                    },
                    {
                        "date": "2021-07-19",
                        "value": 0.98
                    },
                    {
                        "date": "2021-08-05",
                        "value": 1.13
                    },
                    {
                        "date": "2021-08-19",
                        "value": 1.33
                    }
                ],
                "CWID": [
                    {
                        "date": "2021-06-01",
                        "value": 0.14
                    },
                    {
                        "date": "2021-06-07",
                        "value": 0.26
                    },
                    {
                        "date": "2021-06-17",
                        "value": 0.4
                    },
                    {
                        "date": "2021-06-24",
                        "value": 0.51
                    },
                    {
                        "date": "2021-07-01",
                        "value": 0.6
                    },
                    {
                        "date": "2021-07-13",
                        "value": 0.74
                    },
                    {
                        "date": "2021-07-19",
                        "value": 0.82
                    },
                    {
                        "date": "2021-08-05",
                        "value": 0.97
                    },
                    {
                        "date": "2021-08-12",
                        "value": 1.02
                    },
                    {
                        "date": "2021-08-19",
                        "value": 1.02
                    },
                    {
                        "date": "2021-09-07",
                        "value": 1.02
                    }
                ],
                "PLPD": 9.4,
                "ADAT": "2021-07-01",
                "ADOY": 182,
                "NAWF": [
                    {
                        "date": "2021-07-01",
                        "value": 7.4
                    },
                    {
                        "date": "2021-07-13",
                        "value": 5.8
                    },
                    {
                        "date": "2021-07-19",
                        "value": 6.4
                    },
                    {
                        "date": "2021-08-05",
                        "value": 5.3
                    },
                    {
                        "date": "2021-08-12",
                        "value": 5.0
                    },
                    {
                        "date": "2021-08-26",
                        "value": 4.8
                    },
                    {
                        "date": "2021-09-07",
                        "value": 3.1
                    }
                ],
                "pid": "63643f288ac54794e7f9179a"
            },
            "_id": "642464c28ac547060991e3ef",
            "ccid": "642464c28ac547060991e3ef"
        },
        {
            "type": "Feature",
            "geometry": {
                "type": "Point",
                "coordinates": [
                    33.07964364,
                    -111.97713578
                ]
            },
            "properties": {
                "cc_label": "p08-1S",
                "CHTD": [
                    {
                        "date": "2021-06-01",
                        "value": 0.15
                    },
                    {
                        "date": "2021-06-07",
                        "value": 0.26
                    },
                    {
                        "date": "2021-06-17",
                        "value": 0.35
                    },
                    {
                        "date": "2021-06-24",
                        "value": 0.47
                    },
                    {
                        "date": "2021-07-01",
                        "value": 0.58
                    },
                    {
                        "date": "2021-07-13",
                        "value": 0.77
                    },
                    {
                        "date": "2021-07-19",
                        "value": 0.98
                    },
                    {
                        "date": "2021-08-05",
                        "value": 1.21
                    },
                    {
                        "date": "2021-08-19",
                        "value": 1.53
                    }
                ],
                "CWID": [
                    {
                        "date": "2021-06-01",
                        "value": 0.14
                    },
                    {
                        "date": "2021-06-07",
                        "value": 0.23
                    },
                    {
                        "date": "2021-06-17",
                        "value": 0.34
                    },
                    {
                        "date": "2021-06-24",
                        "value": 0.42
                    },
                    {
                        "date": "2021-07-01",
                        "value": 0.53
                    },
                    {
                        "date": "2021-07-13",
                        "value": 0.7
                    },
                    {
                        "date": "2021-07-19",
                        "value": 0.81
                    },
                    {
                        "date": "2021-08-05",
                        "value": 1.02
                    },
                    {
                        "date": "2021-08-12",
                        "value": 1.02
                    },
                    {
                        "date": "2021-08-19",
                        "value": 1.02
                    },
                    {
                        "date": "2021-09-07",
                        "value": 1.02
                    }
                ],
                "pid": "63643f288ac54794e7f9179a"
            },
            "_id": "642464c28ac547060991e3f0",
            "ccid": "642464c28ac547060991e3f0"
        },
        {
            "type": "Feature",
            "geometry": {
                "type": "Point",
                "coordinates": [
                    33.07974946,
                    -111.97710239
                ]
            },
            "properties": {
                "cc_label": "p08-1E",
                "EDATE": "2021-05-01",
                "PLYRE": 2021,
                "PLDOE": 120,
                "LF1D": "2021-05-15",
                "pid": "63643f288ac54794e7f9179a"
            },
            "_id": "67ed5ffc8ac547a69e0373d7",
            "ccid": "67ed5ffc8ac547a69e0373d7"
        },
        {
            "type": "Feature",
            "geometry": {
                "type": "Point",
                "coordinates": [
                    33.07946326,
                    -111.97713704
                ]
            },
            "properties": {
                "cc_label": "p08-2N",
                "CHTD": [
                    {
                        "date": "2021-06-01",
                        "value": 0.15
                    },
                    {
                        "date": "2021-06-07",
                        "value": 0.29
                    },
                    {
                        "date": "2021-06-17",
                        "value": 0.41
                    },
                    {
                        "date": "2021-06-24",
                        "value": 0.56
                    },
                    {
                        "date": "2021-07-01",
                        "value": 0.71
                    },
                    {
                        "date": "2021-07-13",
                        "value": 1.02
                    },
                    {
                        "date": "2021-07-19",
                        "value": 1.12
                    },
                    {
                        "date": "2021-08-05",
                        "value": 1.24
                    },
                    {
                        "date": "2021-08-19",
                        "value": 1.7
                    },
                    {
                        "date": "2021-09-07",
                        "value": 1.88
                    }
                ],
                "CWID": [
                    {
                        "date": "2021-06-01",
                        "value": 0.13
                    },
                    {
                        "date": "2021-06-07",
                        "value": 0.24
                    },
                    {
                        "date": "2021-06-17",
                        "value": 0.37
                    },
                    {
                        "date": "2021-06-24",
                        "value": 0.48
                    },
                    {
                        "date": "2021-07-01",
                        "value": 0.61
                    },
                    {
                        "date": "2021-07-13",
                        "value": 0.79
                    },
                    {
                        "date": "2021-07-19",
                        "value": 0.88
                    },
                    {
                        "date": "2021-08-05",
                        "value": 1.02
                    },
                    {
                        "date": "2021-08-12",
                        "value": 1.02
                    },
                    {
                        "date": "2021-08-19",
                        "value": 1.02
                    },
                    {
                        "date": "2021-09-07",
                        "value": 1.02
                    }
                ],
                "pid": "63643f288ac54794e7f9179b"
            },
            "_id": "642464c28ac547060991e3f1",
            "ccid": "642464c28ac547060991e3f1"
        },
        {
            "type": "Feature",
            "geometry": {
                "type": "Point",
                "coordinates": [
                    33.07937307,
                    -111.97713767
                ]
            },
            "properties": {
                "cc_label": "p08-2M",
                "CHTD": [
                    {
                        "date": "2021-06-01",
                        "value": 0.15
                    },
                    {
                        "date": "2021-06-07",
                        "value": 0.25
                    },
                    {
                        "date": "2021-06-17",
                        "value": 0.35
                    },
                    {
                        "date": "2021-06-24",
                        "value": 0.46
                    },
                    {
                        "date": "2021-07-01",
                        "value": 0.61
                    },
                    {
                        "date": "2021-07-13",
                        "value": 0.88
                    },
                    {
                        "date": "2021-07-19",
                        "value": 1.08
                    },
                    {
                        "date": "2021-08-05",
                        "value": 1.26
                    },
                    {
                        "date": "2021-08-19",
                        "value": 1.51
                    }
                ],
                "CWID": [
                    {
                        "date": "2021-06-01",
                        "value": 0.13
                    },
                    {
                        "date": "2021-06-07",
                        "value": 0.24
                    },
                    {
                        "date": "2021-06-17",
                        "value": 0.37
                    },
                    {
                        "date": "2021-06-24",
                        "value": 0.47
                    },
                    {
                        "date": "2021-07-01",
                        "value": 0.59
                    },
                    {
                        "date": "2021-07-13",
                        "value": 0.76
                    },
                    {
                        "date": "2021-07-19",
                        "value": 0.85
                    },
                    {
                        "date": "2021-08-05",
                        "value": 1.02
                    },
                    {
                        "date": "2021-08-12",
                        "value": 1.02
                    },
                    {
                        "date": "2021-08-19",
                        "value": 1.02
                    },
                    {
                        "date": "2021-09-07",
                        "value": 1.02
                    }
                ],
                "PLPD": 10.1,
                "ADAT": "2021-06-30",
                "ADOY": 180,
                "NAWF": [
                    {
                        "date": "2021-07-01",
                        "value": 7.6
                    },
                    {
                        "date": "2021-07-13",
                        "value": 6.0
                    },
                    {
                        "date": "2021-07-19",
                        "value": 6.0
                    },
                    {
                        "date": "2021-08-05",
                        "value": 6.3
                    },
                    {
                        "date": "2021-08-12",
                        "value": 5.6
                    },
                    {
                        "date": "2021-08-26",
                        "value": 4.8
                    },
                    {
                        "date": "2021-09-07",
                        "value": 3.1
                    }
                ],
                "pid": "63643f288ac54794e7f9179b"
            },
            "_id": "642464c28ac547060991e3f2",
            "ccid": "642464c28ac547060991e3f2"
        },
        {
            "type": "Feature",
            "geometry": {
                "type": "Point",
                "coordinates": [
                    33.07928288,
                    -111.9771383
                ]
            },
            "properties": {
                "cc_label": "p08-2S",
                "CHTD": [
                    {
                        "date": "2021-06-01",
                        "value": 0.13
                    },
                    {
                        "date": "2021-06-07",
                        "value": 0.24
                    },
                    {
                        "date": "2021-06-17",
                        "value": 0.35
                    },
                    {
                        "date": "2021-06-24",
                        "value": 0.47
                    },
                    {
                        "date": "2021-07-01",
                        "value": 0.59
                    },
                    {
                        "date": "2021-07-13",
                        "value": 0.83
                    },
                    {
                        "date": "2021-07-19",
                        "value": 1.02
                    },
                    {
                        "date": "2021-08-05",
                        "value": 1.2
                    },
                    {
                        "date": "2021-08-19",
                        "value": 1.44
                    }
                ],
                "CWID": [
                    {
                        "date": "2021-06-01",
                        "value": 0.12
                    },
                    {
                        "date": "2021-06-07",
                        "value": 0.24
                    },
                    {
                        "date": "2021-06-17",
                        "value": 0.41
                    },
                    {
                        "date": "2021-06-24",
                        "value": 0.52
                    },
                    {
                        "date": "2021-07-01",
                        "value": 0.61
                    },
                    {
                        "date": "2021-07-13",
                        "value": 0.73
                    },
                    {
                        "date": "2021-07-19",
                        "value": 0.83
                    },
                    {
                        "date": "2021-08-05",
                        "value": 1.02
                    },
                    {
                        "date": "2021-08-12",
                        "value": 1.02
                    },
                    {
                        "date": "2021-08-19",
                        "value": 1.02
                    },
                    {
                        "date": "2021-09-07",
                        "value": 1.02
                    }
                ],
                "pid": "63643f288ac54794e7f9179b"
            },
            "_id": "642464c28ac547060991e3f3",
            "ccid": "642464c28ac547060991e3f3"
        },
        {
            "type": "Feature",
            "geometry": {
                "type": "Point",
                "coordinates": [
                    33.07938869,
                    -111.97710491
                ]
            },
            "properties": {
                "cc_label": "p08-2E",
                "EDATE": "2021-05-01",
                "PLYRE": 2021,
                "PLDOE": 121,
                "LF1D": "2021-05-13",
                "pid": "63643f288ac54794e7f9179b"
            },
            "_id": "67ed5ffc8ac547a69e0373d8",
            "ccid": "67ed5ffc8ac547a69e0373d8"
        },
        {
            "type": "Feature",
            "geometry": {
                "type": "Point",
                "coordinates": [
                    33.07910249,
                    -111.97713957
                ]
            },
            "properties": {
                "cc_label": "p08-3N",
                "CHTD": [
                    {
                        "date": "2021-06-01",
                        "value": 0.17
                    },
                    {
                        "date": "2021-06-07",
                        "value": 0.25
                    },
                    {
                        "date": "2021-06-17",
                        "value": 0.35
                    },
                    {
                        "date": "2021-06-24",
                        "value": 0.46
                    },
                    {
                        "date": "2021-07-01",
                        "value": 0.58
                    },
                    {
                        "date": "2021-07-13",
                        "value": 0.82
                    },
                    {
                        "date": "2021-07-19",
                        "value": 0.94
                    },
                    {
                        "date": "2021-08-05",
                        "value": 1.07
                    },
                    {
                        "date": "2021-08-19",
                        "value": 1.25
                    }
                ],
                "CWID": [
                    {
                        "date": "2021-06-01",
                        "value": 0.16
                    },
                    {
                        "date": "2021-06-07",
                        "value": 0.27
                    },
                    {
                        "date": "2021-06-17",
                        "value": 0.39
                    },
                    {
                        "date": "2021-06-24",
                        "value": 0.49
                    },
                    {
                        "date": "2021-07-01",
                        "value": 0.61
                    },
                    {
                        "date": "2021-07-13",
                        "value": 0.77
                    },
                    {
                        "date": "2021-07-19",
                        "value": 0.86
                    },
                    {
                        "date": "2021-08-05",
                        "value": 1.02
                    },
                    {
                        "date": "2021-08-12",
                        "value": 1.02
                    },
                    {
                        "date": "2021-08-19",
                        "value": 1.02
                    },
                    {
                        "date": "2021-09-07",
                        "value": 1.02
                    }
                ],
                "pid": "63643f288ac54794e7f9179c"
            },
            "_id": "642464c28ac547060991e3f4",
            "ccid": "642464c28ac547060991e3f4"
        },
        {
            "type": "Feature",
            "geometry": {
                "type": "Point",
                "coordinates": [
                    33.0790123,
                    -111.9771402
                ]
            },
            "properties": {
                "cc_label": "p08-3M",
                "CHTD": [
                    {
                        "date": "2021-06-01",
                        "value": 0.14
                    },
                    {
                        "date": "2021-06-07",
                        "value": 0.22
                    },
                    {
                        "date": "2021-06-17",
                        "value": 0.31
                    },
                    {
                        "date": "2021-06-24",
                        "value": 0.42
                    },
                    {
                        "date": "2021-07-01",
                        "value": 0.54
                    },
                    {
                        "date": "2021-07-13",
                        "value": 0.84
                    },
                    {
                        "date": "2021-07-19",
                        "value": 0.98
                    },
                    {
                        "date": "2021-08-05",
                        "value": 1.12
                    },
                    {
                        "date": "2021-08-19",
                        "value": 1.3
                    }
                ],
                "CWID": [
                    {
                        "date": "2021-06-01",
                        "value": 0.15
                    },
                    {
                        "date": "2021-06-07",
                        "value": 0.24
                    },
                    {
                        "date": "2021-06-17",
                        "value": 0.36
                    },
                    {
                        "date": "2021-06-24",
                        "value": 0.45
                    },
                    {
                        "date": "2021-07-01",
                        "value": 0.58
                    },
                    {
                        "date": "2021-07-13",
                        "value": 0.78
                    },
                    {
                        "date": "2021-07-19",
                        "value": 0.87
                    },
                    {
                        "date": "2021-08-05",
                        "value": 1.02
                    },
                    {
                        "date": "2021-08-12",
                        "value": 1.02
                    },
                    {
                        "date": "2021-08-19",
                        "value": 1.02
                    },
                    {
                        "date": "2021-09-07",
                        "value": 1.02
                    }
                ],
                "PLPD": 8.5,
                "ADAT": "2021-06-30",
                "ADOY": 180,
                "NAWF": [
                    {
                        "date": "2021-07-01",
                        "value": 8.2
                    },
                    {
                        "date": "2021-07-13",
                        "value": 5.8
                    },
                    {
                        "date": "2021-07-19",
                        "value": 5.9
                    },
                    {
                        "date": "2021-08-05",
                        "value": 5.0
                    },
                    {
                        "date": "2021-08-12",
                        "value": 5.2
                    },
                    {
                        "date": "2021-08-26",
                        "value": 4.8
                    },
                    {
                        "date": "2021-09-07",
                        "value": 2.8
                    }
                ],
                "pid": "63643f288ac54794e7f9179c"
            },
            "_id": "642464c28ac547060991e3f5",
            "ccid": "642464c28ac547060991e3f5"
        },
        {
            "type": "Feature",
            "geometry": {
                "type": "Point",
                "coordinates": [
                    33.07892211,
                    -111.97714083
                ]
            },
            "properties": {
                "cc_label": "p08-3S",
                "CHTD": [
                    {
                        "date": "2021-06-01",
                        "value": 0.13
                    },
                    {
                        "date": "2021-06-07",
                        "value": 0.22
                    },
                    {
                        "date": "2021-06-17",
                        "value": 0.3
                    },
                    {
                        "date": "2021-06-24",
                        "value": 0.39
                    },
                    {
                        "date": "2021-07-01",
                        "value": 0.49
                    },
                    {
                        "date": "2021-07-13",
                        "value": 0.7
                    },
                    {
                        "date": "2021-07-19",
                        "value": 0.79
                    },
                    {
                        "date": "2021-08-05",
                        "value": 0.9
                    },
                    {
                        "date": "2021-08-19",
                        "value": 1.05
                    }
                ],
                "CWID": [
                    {
                        "date": "2021-06-01",
                        "value": 0.12
                    },
                    {
                        "date": "2021-06-07",
                        "value": 0.21
                    },
                    {
                        "date": "2021-06-17",
                        "value": 0.32
                    },
                    {
                        "date": "2021-06-24",
                        "value": 0.4
                    },
                    {
                        "date": "2021-07-01",
                        "value": 0.53
                    },
                    {
                        "date": "2021-07-13",
                        "value": 0.72
                    },
                    {
                        "date": "2021-07-19",
                        "value": 0.76
                    },
                    {
                        "date": "2021-08-05",
                        "value": 0.85
                    },
                    {
                        "date": "2021-08-12",
                        "value": 0.91
                    },
                    {
                        "date": "2021-08-19",
                        "value": 1.02
                    },
                    {
                        "date": "2021-09-07",
                        "value": 1.02
                    }
                ],
                "pid": "63643f288ac54794e7f9179c"
            },
            "_id": "642464c28ac547060991e3f6",
            "ccid": "642464c28ac547060991e3f6"
        },
        {
            "type": "Feature",
            "geometry": {
                "type": "Point",
                "coordinates": [
                    33.07902792,
                    -111.97710743
                ]
            },
            "properties": {
                "cc_label": "p08-3E",
                "EDATE": "2021-05-02",
                "PLYRE": 2021,
                "PLDOE": 122,
                "LF1D": "2021-05-15",
                "pid": "63643f288ac54794e7f9179c"
            },
            "_id": "67ed5ffc8ac547a69e0373d9",
            "ccid": "67ed5ffc8ac547a69e0373d9"
        },
        {
            "type": "Feature",
            "geometry": {
                "type": "Point",
                "coordinates": [
                    33.07874173,
                    -111.97714209
                ]
            },
            "properties": {
                "cc_label": "p08-4N",
                "CHTD": [
                    {
                        "date": "2021-06-01",
                        "value": 0.15
                    },
                    {
                        "date": "2021-06-07",
                        "value": 0.24
                    },
                    {
                        "date": "2021-06-17",
                        "value": 0.34
                    },
                    {
                        "date": "2021-06-24",
                        "value": 0.45
                    },
                    {
                        "date": "2021-07-01",
                        "value": 0.61
                    },
                    {
                        "date": "2021-07-13",
                        "value": 0.94
                    },
                    {
                        "date": "2021-07-19",
                        "value": 1.1
                    },
                    {
                        "date": "2021-08-05",
                        "value": 1.26
                    },
                    {
                        "date": "2021-08-19",
                        "value": 1.48
                    }
                ],
                "CWID": [
                    {
                        "date": "2021-06-01",
                        "value": 0.12
                    },
                    {
                        "date": "2021-06-07",
                        "value": 0.22
                    },
                    {
                        "date": "2021-06-17",
                        "value": 0.34
                    },
                    {
                        "date": "2021-06-24",
                        "value": 0.43
                    },
                    {
                        "date": "2021-07-01",
                        "value": 0.57
                    },
                    {
                        "date": "2021-07-13",
                        "value": 0.79
                    },
                    {
                        "date": "2021-07-19",
                        "value": 0.89
                    },
                    {
                        "date": "2021-08-05",
                        "value": 1.02
                    },
                    {
                        "date": "2021-08-12",
                        "value": 1.02
                    },
                    {
                        "date": "2021-08-19",
                        "value": 1.02
                    },
                    {
                        "date": "2021-09-07",
                        "value": 1.02
                    }
                ],
                "pid": "63643f288ac54794e7f9179d"
            },
            "_id": "642464c28ac547060991e3f7",
            "ccid": "642464c28ac547060991e3f7"
        },
        {
            "type": "Feature",
            "geometry": {
                "type": "Point",
                "coordinates": [
                    33.07865153,
                    -111.97714272
                ]
            },
            "properties": {
                "cc_label": "p08-4M",
                "CHTD": [
                    {
                        "date": "2021-06-01",
                        "value": 0.17
                    },
                    {
                        "date": "2021-06-07",
                        "value": 0.26
                    },
                    {
                        "date": "2021-06-17",
                        "value": 0.37
                    },
                    {
                        "date": "2021-06-24",
                        "value": 0.49
                    },
                    {
                        "date": "2021-07-01",
                        "value": 0.64
                    },
                    {
                        "date": "2021-07-13",
                        "value": 0.93
                    },
                    {
                        "date": "2021-07-19",
                        "value": 1.06
                    },
                    {
                        "date": "2021-08-05",
                        "value": 1.19
                    },
                    {
                        "date": "2021-08-19",
                        "value": 1.68
                    },
                    {
                        "date": "2021-09-07",
                        "value": 1.8
                    }
                ],
                "CWID": [
                    {
                        "date": "2021-06-01",
                        "value": 0.16
                    },
                    {
                        "date": "2021-06-07",
                        "value": 0.25
                    },
                    {
                        "date": "2021-06-17",
                        "value": 0.36
                    },
                    {
                        "date": "2021-06-24",
                        "value": 0.45
                    },
                    {
                        "date": "2021-07-01",
                        "value": 0.56
                    },
                    {
                        "date": "2021-07-13",
                        "value": 0.76
                    },
                    {
                        "date": "2021-07-19",
                        "value": 0.86
                    },
                    {
                        "date": "2021-08-05",
                        "value": 1.02
                    },
                    {
                        "date": "2021-08-12",
                        "value": 1.02
                    },
                    {
                        "date": "2021-08-19",
                        "value": 1.02
                    },
                    {
                        "date": "2021-09-07",
                        "value": 1.02
                    }
                ],
                "PLPD": 8.7,
                "ADAT": "2021-06-28",
                "ADOY": 179,
                "NAWF": [
                    {
                        "date": "2021-07-01",
                        "value": 7.8
                    },
                    {
                        "date": "2021-07-13",
                        "value": 7.3
                    },
                    {
                        "date": "2021-07-19",
                        "value": 5.7
                    },
                    {
                        "date": "2021-08-05",
                        "value": 5.9
                    },
                    {
                        "date": "2021-08-12",
                        "value": 5.4
                    },
                    {
                        "date": "2021-08-26",
                        "value": 4.7
                    },
                    {
                        "date": "2021-09-07",
                        "value": 3.1
                    }
                ],
                "pid": "63643f288ac54794e7f9179d"
            },
            "_id": "642464c28ac547060991e3f8",
            "ccid": "642464c28ac547060991e3f8"
        },
        {
            "type": "Feature",
            "geometry": {
                "type": "Point",
                "coordinates": [
                    33.07856134,
                    -111.97714335
                ]
            },
            "properties": {
                "cc_label": "p08-4S",
                "CHTD": [
                    {
                        "date": "2021-06-01",
                        "value": 0.14
                    },
                    {
                        "date": "2021-06-07",
                        "value": 0.23
                    },
                    {
                        "date": "2021-06-17",
                        "value": 0.34
                    },
                    {
                        "date": "2021-06-24",
                        "value": 0.43
                    },
                    {
                        "date": "2021-07-01",
                        "value": 0.58
                    },
                    {
                        "date": "2021-07-13",
                        "value": 0.89
                    },
                    {
                        "date": "2021-07-19",
                        "value": 1.05
                    },
                    {
                        "date": "2021-08-05",
                        "value": 1.23
                    },
                    {
                        "date": "2021-08-19",
                        "value": 1.46
                    },
                    {
                        "date": "2021-09-07",
                        "value": 1.66
                    }
                ],
                "CWID": [
                    {
                        "date": "2021-06-01",
                        "value": 0.11
                    },
                    {
                        "date": "2021-06-07",
                        "value": 0.21
                    },
                    {
                        "date": "2021-06-17",
                        "value": 0.34
                    },
                    {
                        "date": "2021-06-24",
                        "value": 0.44
                    },
                    {
                        "date": "2021-07-01",
                        "value": 0.58
                    },
                    {
                        "date": "2021-07-13",
                        "value": 0.8
                    },
                    {
                        "date": "2021-07-19",
                        "value": 0.85
                    },
                    {
                        "date": "2021-08-05",
                        "value": 0.96
                    },
                    {
                        "date": "2021-08-12",
                        "value": 1.02
                    },
                    {
                        "date": "2021-08-19",
                        "value": 1.02
                    },
                    {
                        "date": "2021-09-07",
                        "value": 1.02
                    }
                ],
                "pid": "63643f288ac54794e7f9179d"
            },
            "_id": "642464c28ac547060991e3f9",
            "ccid": "642464c28ac547060991e3f9"
        },
        {
            "type": "Feature",
            "geometry": {
                "type": "Point",
                "coordinates": [
                    33.07866716,
                    -111.97710995
                ]
            },
            "properties": {
                "cc_label": "p08-4E",
                "EDATE": "2021-05-01",
                "PLYRE": 2021,
                "PLDOE": 121,
                "LF1D": "2021-05-14",
                "pid": "63643f288ac54794e7f9179d"
            },
            "_id": "67ed5ffc8ac547a69e0373da",
            "ccid": "67ed5ffc8ac547a69e0373da"
        },
        {
            "type": "Feature",
            "geometry": {
                "type": "Point",
                "coordinates": [
                    33.07982327,
                    -111.97698298
                ]
            },
            "properties": {
                "cc_label": "p09-1N",
                "CHTD": [
                    {
                        "date": "2021-06-01",
                        "value": 0.16
                    },
                    {
                        "date": "2021-06-07",
                        "value": 0.24
                    },
                    {
                        "date": "2021-06-17",
                        "value": 0.33
                    },
                    {
                        "date": "2021-06-24",
                        "value": 0.41
                    },
                    {
                        "date": "2021-07-01",
                        "value": 0.56
                    },
                    {
                        "date": "2021-07-13",
                        "value": 0.85
                    },
                    {
                        "date": "2021-07-19",
                        "value": 1.09
                    },
                    {
                        "date": "2021-08-05",
                        "value": 1.32
                    },
                    {
                        "date": "2021-08-19",
                        "value": 1.63
                    },
                    {
                        "date": "2021-09-07",
                        "value": 1.8
                    }
                ],
                "CWID": [
                    {
                        "date": "2021-06-01",
                        "value": 0.14
                    },
                    {
                        "date": "2021-06-07",
                        "value": 0.22
                    },
                    {
                        "date": "2021-06-17",
                        "value": 0.33
                    },
                    {
                        "date": "2021-06-24",
                        "value": 0.41
                    },
                    {
                        "date": "2021-07-01",
                        "value": 0.53
                    },
                    {
                        "date": "2021-07-13",
                        "value": 0.74
                    },
                    {
                        "date": "2021-07-19",
                        "value": 0.81
                    },
                    {
                        "date": "2021-08-05",
                        "value": 0.95
                    },
                    {
                        "date": "2021-08-12",
                        "value": 1.02
                    },
                    {
                        "date": "2021-08-19",
                        "value": 1.02
                    },
                    {
                        "date": "2021-09-07",
                        "value": 1.02
                    }
                ],
                "ADAT": "2021-06-30",
                "ADOY": 181,
                "pid": "63643f288ac54794e7f9179e"
            },
            "_id": "642464c28ac547060991e3fa",
            "ccid": "642464c28ac547060991e3fa"
        },
        {
            "type": "Feature",
            "geometry": {
                "type": "Point",
                "coordinates": [
                    33.07973308,
                    -111.97698361
                ]
            },
            "properties": {
                "cc_label": "p09-1M",
                "CHTD": [
                    {
                        "date": "2021-06-01",
                        "value": 0.17
                    },
                    {
                        "date": "2021-06-07",
                        "value": 0.25
                    },
                    {
                        "date": "2021-06-17",
                        "value": 0.33
                    },
                    {
                        "date": "2021-06-24",
                        "value": 0.42
                    },
                    {
                        "date": "2021-07-01",
                        "value": 0.55
                    },
                    {
                        "date": "2021-07-13",
                        "value": 0.86
                    },
                    {
                        "date": "2021-07-19",
                        "value": 1.07
                    },
                    {
                        "date": "2021-08-05",
                        "value": 1.27
                    },
                    {
                        "date": "2021-08-19",
                        "value": 1.56
                    },
                    {
                        "date": "2021-09-07",
                        "value": 1.74
                    }
                ],
                "CWID": [
                    {
                        "date": "2021-06-01",
                        "value": 0.15
                    },
                    {
                        "date": "2021-06-07",
                        "value": 0.23
                    },
                    {
                        "date": "2021-06-17",
                        "value": 0.34
                    },
                    {
                        "date": "2021-06-24",
                        "value": 0.42
                    },
                    {
                        "date": "2021-07-01",
                        "value": 0.51
                    },
                    {
                        "date": "2021-07-13",
                        "value": 0.77
                    },
                    {
                        "date": "2021-07-19",
                        "value": 0.84
                    },
                    {
                        "date": "2021-08-05",
                        "value": 0.97
                    },
                    {
                        "date": "2021-08-12",
                        "value": 1.02
                    },
                    {
                        "date": "2021-08-19",
                        "value": 1.02
                    },
                    {
                        "date": "2021-09-07",
                        "value": 1.02
                    }
                ],
                "PLPD": 8.3,
                "ADAT": "2021-06-28",
                "ADOY": 179,
                "NAWF": [
                    {
                        "date": "2021-07-01",
                        "value": 8.4
                    },
                    {
                        "date": "2021-07-13",
                        "value": 7.3
                    },
                    {
                        "date": "2021-07-19",
                        "value": 6.6
                    },
                    {
                        "date": "2021-08-05",
                        "value": 5.4
                    },
                    {
                        "date": "2021-08-12",
                        "value": 4.9
                    },
                    {
                        "date": "2021-08-26",
                        "value": 4.6
                    },
                    {
                        "date": "2021-09-07",
                        "value": 2.7
                    }
                ],
                "pid": "63643f288ac54794e7f9179e"
            },
            "_id": "642464c28ac547060991e3fb",
            "ccid": "642464c28ac547060991e3fb"
        },
        {
            "type": "Feature",
            "geometry": {
                "type": "Point",
                "coordinates": [
                    33.07964289,
                    -111.97698424
                ]
            },
            "properties": {
                "cc_label": "p09-1S",
                "CHTD": [
                    {
                        "date": "2021-06-01",
                        "value": 0.12
                    },
                    {
                        "date": "2021-06-07",
                        "value": 0.18
                    },
                    {
                        "date": "2021-06-17",
                        "value": 0.23
                    },
                    {
                        "date": "2021-06-24",
                        "value": 0.3
                    },
                    {
                        "date": "2021-07-01",
                        "value": 0.52
                    },
                    {
                        "date": "2021-07-13",
                        "value": 0.88
                    },
                    {
                        "date": "2021-07-19",
                        "value": 1.16
                    },
                    {
                        "date": "2021-08-05",
                        "value": 1.41
                    },
                    {
                        "date": "2021-08-19",
                        "value": 1.75
                    },
                    {
                        "date": "2021-09-07",
                        "value": 1.82
                    }
                ],
                "CWID": [
                    {
                        "date": "2021-06-01",
                        "value": 0.1
                    },
                    {
                        "date": "2021-06-07",
                        "value": 0.18
                    },
                    {
                        "date": "2021-06-17",
                        "value": 0.27
                    },
                    {
                        "date": "2021-06-24",
                        "value": 0.35
                    },
                    {
                        "date": "2021-07-01",
                        "value": 0.48
                    },
                    {
                        "date": "2021-07-13",
                        "value": 0.69
                    },
                    {
                        "date": "2021-07-19",
                        "value": 0.81
                    },
                    {
                        "date": "2021-08-05",
                        "value": 1.02
                    },
                    {
                        "date": "2021-08-12",
                        "value": 1.02
                    },
                    {
                        "date": "2021-08-19",
                        "value": 1.02
                    },
                    {
                        "date": "2021-09-07",
                        "value": 1.02
                    }
                ],
                "ADAT": "2021-07-01",
                "ADOY": 182,
                "pid": "63643f288ac54794e7f9179e"
            },
            "_id": "642464c28ac547060991e3fc",
            "ccid": "642464c28ac547060991e3fc"
        },
        {
            "type": "Feature",
            "geometry": {
                "type": "Point",
                "coordinates": [
                    33.0797487,
                    -111.97695084
                ]
            },
            "properties": {
                "cc_label": "p09-1E",
                "EDATE": "2021-05-01",
                "PLYRE": 2021,
                "PLDOE": 121,
                "LF1D": "2021-05-16",
                "pid": "63643f288ac54794e7f9179e"
            },
            "_id": "67ed5ffc8ac547a69e0373db",
            "ccid": "67ed5ffc8ac547a69e0373db"
        },
        {
            "type": "Feature",
            "geometry": {
                "type": "Point",
                "coordinates": [
                    33.0794625,
                    -111.9769855
                ]
            },
            "properties": {
                "cc_label": "p09-2N",
                "CHTD": [
                    {
                        "date": "2021-06-01",
                        "value": 0.16
                    },
                    {
                        "date": "2021-06-07",
                        "value": 0.22
                    },
                    {
                        "date": "2021-06-17",
                        "value": 0.27
                    },
                    {
                        "date": "2021-06-24",
                        "value": 0.34
                    },
                    {
                        "date": "2021-07-01",
                        "value": 0.45
                    },
                    {
                        "date": "2021-07-13",
                        "value": 0.69
                    },
                    {
                        "date": "2021-07-19",
                        "value": 0.88
                    },
                    {
                        "date": "2021-08-05",
                        "value": 1.06
                    },
                    {
                        "date": "2021-08-19",
                        "value": 1.3
                    }
                ],
                "CWID": [
                    {
                        "date": "2021-06-01",
                        "value": 0.13
                    },
                    {
                        "date": "2021-06-07",
                        "value": 0.2
                    },
                    {
                        "date": "2021-06-17",
                        "value": 0.28
                    },
                    {
                        "date": "2021-06-24",
                        "value": 0.34
                    },
                    {
                        "date": "2021-07-01",
                        "value": 0.43
                    },
                    {
                        "date": "2021-07-13",
                        "value": 0.57
                    },
                    {
                        "date": "2021-07-19",
                        "value": 0.63
                    },
                    {
                        "date": "2021-08-05",
                        "value": 0.74
                    },
                    {
                        "date": "2021-08-12",
                        "value": 0.82
                    },
                    {
                        "date": "2021-08-19",
                        "value": 0.98
                    },
                    {
                        "date": "2021-09-07",
                        "value": 1.02
                    }
                ],
                "pid": "63643f288ac54794e7f9179f"
            },
            "_id": "642464c28ac547060991e3fd",
            "ccid": "642464c28ac547060991e3fd"
        },
        {
            "type": "Feature",
            "geometry": {
                "type": "Point",
                "coordinates": [
                    33.07937231,
                    -111.97698613
                ]
            },
            "properties": {
                "cc_label": "p09-2M",
                "CHTD": [
                    {
                        "date": "2021-06-01",
                        "value": 0.11
                    },
                    {
                        "date": "2021-06-07",
                        "value": 0.19
                    },
                    {
                        "date": "2021-06-17",
                        "value": 0.28
                    },
                    {
                        "date": "2021-06-24",
                        "value": 0.38
                    },
                    {
                        "date": "2021-07-01",
                        "value": 0.56
                    },
                    {
                        "date": "2021-07-13",
                        "value": 0.92
                    },
                    {
                        "date": "2021-07-19",
                        "value": 1.12
                    },
                    {
                        "date": "2021-08-05",
                        "value": 1.34
                    },
                    {
                        "date": "2021-08-19",
                        "value": 1.67
                    },
                    {
                        "date": "2021-09-07",
                        "value": 1.83
                    }
                ],
                "CWID": [
                    {
                        "date": "2021-06-01",
                        "value": 0.11
                    },
                    {
                        "date": "2021-06-07",
                        "value": 0.19
                    },
                    {
                        "date": "2021-06-17",
                        "value": 0.31
                    },
                    {
                        "date": "2021-06-24",
                        "value": 0.41
                    },
                    {
                        "date": "2021-07-01",
                        "value": 0.54
                    },
                    {
                        "date": "2021-07-13",
                        "value": 0.73
                    },
                    {
                        "date": "2021-07-19",
                        "value": 0.84
                    },
                    {
                        "date": "2021-08-05",
                        "value": 1.02
                    },
                    {
                        "date": "2021-08-12",
                        "value": 1.02
                    },
                    {
                        "date": "2021-08-19",
                        "value": 1.02
                    },
                    {
                        "date": "2021-09-07",
                        "value": 1.02
                    }
                ],
                "PLPD": 9.4,
                "ADAT": "2021-06-30",
                "ADOY": 181,
                "NAWF": [
                    {
                        "date": "2021-07-01",
                        "value": 8.2
                    },
                    {
                        "date": "2021-07-13",
                        "value": 6.2
                    },
                    {
                        "date": "2021-07-19",
                        "value": 6.6
                    },
                    {
                        "date": "2021-08-05",
                        "value": 5.0
                    },
                    {
                        "date": "2021-08-12",
                        "value": 5.1
                    },
                    {
                        "date": "2021-08-26",
                        "value": 5.2
                    },
                    {
                        "date": "2021-09-07",
                        "value": 2.7
                    }
                ],
                "pid": "63643f288ac54794e7f9179f"
            },
            "_id": "642464c28ac547060991e3fe",
            "ccid": "642464c28ac547060991e3fe"
        },
        {
            "type": "Feature",
            "geometry": {
                "type": "Point",
                "coordinates": [
                    33.07928212,
                    -111.97698676
                ]
            },
            "properties": {
                "cc_label": "p09-2S",
                "CHTD": [
                    {
                        "date": "2021-06-01",
                        "value": 0.11
                    },
                    {
                        "date": "2021-06-07",
                        "value": 0.18
                    },
                    {
                        "date": "2021-06-17",
                        "value": 0.23
                    },
                    {
                        "date": "2021-06-24",
                        "value": 0.29
                    },
                    {
                        "date": "2021-07-01",
                        "value": 0.4
                    },
                    {
                        "date": "2021-07-13",
                        "value": 0.61
                    },
                    {
                        "date": "2021-07-19",
                        "value": 0.74
                    },
                    {
                        "date": "2021-08-05",
                        "value": 0.86
                    },
                    {
                        "date": "2021-08-19",
                        "value": 1.03
                    }
                ],
                "CWID": [
                    {
                        "date": "2021-06-01",
                        "value": 0.12
                    },
                    {
                        "date": "2021-06-07",
                        "value": 0.19
                    },
                    {
                        "date": "2021-06-17",
                        "value": 0.27
                    },
                    {
                        "date": "2021-06-24",
                        "value": 0.33
                    },
                    {
                        "date": "2021-07-01",
                        "value": 0.41
                    },
                    {
                        "date": "2021-07-13",
                        "value": 0.53
                    },
                    {
                        "date": "2021-07-19",
                        "value": 0.61
                    },
                    {
                        "date": "2021-08-05",
                        "value": 0.77
                    },
                    {
                        "date": "2021-08-12",
                        "value": 0.85
                    },
                    {
                        "date": "2021-08-19",
                        "value": 1.02
                    },
                    {
                        "date": "2021-09-07",
                        "value": 1.02
                    }
                ],
                "pid": "63643f288ac54794e7f9179f"
            },
            "_id": "642464c28ac547060991e3ff",
            "ccid": "642464c28ac547060991e3ff"
        },
        {
            "type": "Feature",
            "geometry": {
                "type": "Point",
                "coordinates": [
                    33.07938793,
                    -111.97695336
                ]
            },
            "properties": {
                "cc_label": "p09-2E",
                "EDATE": "2021-05-01",
                "PLYRE": 2021,
                "PLDOE": 121,
                "LF1D": "2021-05-14",
                "pid": "63643f288ac54794e7f9179f"
            },
            "_id": "67ed5ffc8ac547a69e0373dc",
            "ccid": "67ed5ffc8ac547a69e0373dc"
        },
        {
            "type": "Feature",
            "geometry": {
                "type": "Point",
                "coordinates": [
                    33.07910174,
                    -111.97698802
                ]
            },
            "properties": {
                "cc_label": "p09-3N",
                "CHTD": [
                    {
                        "date": "2021-06-01",
                        "value": 0.13
                    },
                    {
                        "date": "2021-06-07",
                        "value": 0.24
                    },
                    {
                        "date": "2021-06-17",
                        "value": 0.36
                    },
                    {
                        "date": "2021-06-24",
                        "value": 0.48
                    },
                    {
                        "date": "2021-07-01",
                        "value": 0.64
                    },
                    {
                        "date": "2021-07-13",
                        "value": 0.97
                    },
                    {
                        "date": "2021-07-19",
                        "value": 1.16
                    },
                    {
                        "date": "2021-08-05",
                        "value": 1.36
                    },
                    {
                        "date": "2021-08-19",
                        "value": 1.64
                    },
                    {
                        "date": "2021-09-07",
                        "value": 1.84
                    }
                ],
                "CWID": [
                    {
                        "date": "2021-06-01",
                        "value": 0.12
                    },
                    {
                        "date": "2021-06-07",
                        "value": 0.21
                    },
                    {
                        "date": "2021-06-17",
                        "value": 0.35
                    },
                    {
                        "date": "2021-06-24",
                        "value": 0.46
                    },
                    {
                        "date": "2021-07-01",
                        "value": 0.6
                    },
                    {
                        "date": "2021-07-13",
                        "value": 0.8
                    },
                    {
                        "date": "2021-07-19",
                        "value": 0.89
                    },
                    {
                        "date": "2021-08-05",
                        "value": 1.02
                    },
                    {
                        "date": "2021-08-12",
                        "value": 1.02
                    },
                    {
                        "date": "2021-08-19",
                        "value": 1.02
                    },
                    {
                        "date": "2021-09-07",
                        "value": 1.02
                    }
                ],
                "pid": "63643f288ac54794e7f917a0"
            },
            "_id": "642464c28ac547060991e400",
            "ccid": "642464c28ac547060991e400"
        },
        {
            "type": "Feature",
            "geometry": {
                "type": "Point",
                "coordinates": [
                    33.07901155,
                    -111.97698865
                ]
            },
            "properties": {
                "cc_label": "p09-3M",
                "CHTD": [
                    {
                        "date": "2021-06-01",
                        "value": 0.11
                    },
                    {
                        "date": "2021-06-07",
                        "value": 0.21
                    },
                    {
                        "date": "2021-06-17",
                        "value": 0.32
                    },
                    {
                        "date": "2021-06-24",
                        "value": 0.43
                    },
                    {
                        "date": "2021-07-01",
                        "value": 0.59
                    },
                    {
                        "date": "2021-07-13",
                        "value": 0.88
                    },
                    {
                        "date": "2021-07-19",
                        "value": 1.07
                    },
                    {
                        "date": "2021-08-05",
                        "value": 1.28
                    },
                    {
                        "date": "2021-08-19",
                        "value": 1.56
                    },
                    {
                        "date": "2021-09-07",
                        "value": 1.77
                    }
                ],
                "CWID": [
                    {
                        "date": "2021-06-01",
                        "value": 0.12
                    },
                    {
                        "date": "2021-06-07",
                        "value": 0.21
                    },
                    {
                        "date": "2021-06-17",
                        "value": 0.34
                    },
                    {
                        "date": "2021-06-24",
                        "value": 0.42
                    },
                    {
                        "date": "2021-07-01",
                        "value": 0.56
                    },
                    {
                        "date": "2021-07-13",
                        "value": 0.76
                    },
                    {
                        "date": "2021-07-19",
                        "value": 0.85
                    },
                    {
                        "date": "2021-08-05",
                        "value": 1.02
                    },
                    {
                        "date": "2021-08-12",
                        "value": 1.02
                    },
                    {
                        "date": "2021-08-19",
                        "value": 1.02
                    },
                    {
                        "date": "2021-09-07",
                        "value": 1.02
                    }
                ],
                "PLPD": 8.1,
                "ADAT": "2021-06-30",
                "ADOY": 181,
                "NAWF": [
                    {
                        "date": "2021-07-01",
                        "value": 8.6
                    },
                    {
                        "date": "2021-07-13",
                        "value": 7.4
                    },
                    {
                        "date": "2021-07-19",
                        "value": 6.2
                    },
                    {
                        "date": "2021-08-05",
                        "value": 6.3
                    },
                    {
                        "date": "2021-08-12",
                        "value": 5.2
                    },
                    {
                        "date": "2021-08-26",
                        "value": 5.1
                    },
                    {
                        "date": "2021-09-07",
                        "value": 2.7
                    }
                ],
                "pid": "63643f288ac54794e7f917a0"
            },
            "_id": "642464c28ac547060991e401",
            "ccid": "642464c28ac547060991e401"
        },
        {
            "type": "Feature",
            "geometry": {
                "type": "Point",
                "coordinates": [
                    33.07892135,
                    -111.97698928
                ]
            },
            "properties": {
                "cc_label": "p09-3S",
                "CHTD": [
                    {
                        "date": "2021-06-01",
                        "value": 0.12
                    },
                    {
                        "date": "2021-06-07",
                        "value": 0.22
                    },
                    {
                        "date": "2021-06-17",
                        "value": 0.34
                    },
                    {
                        "date": "2021-06-24",
                        "value": 0.45
                    },
                    {
                        "date": "2021-07-01",
                        "value": 0.6
                    },
                    {
                        "date": "2021-07-13",
                        "value": 0.89
                    },
                    {
                        "date": "2021-07-19",
                        "value": 1.07
                    },
                    {
                        "date": "2021-08-05",
                        "value": 1.24
                    },
                    {
                        "date": "2021-08-19",
                        "value": 1.5
                    }
                ],
                "CWID": [
                    {
                        "date": "2021-06-01",
                        "value": 0.11
                    },
                    {
                        "date": "2021-06-07",
                        "value": 0.22
                    },
                    {
                        "date": "2021-06-17",
                        "value": 0.35
                    },
                    {
                        "date": "2021-06-24",
                        "value": 0.45
                    },
                    {
                        "date": "2021-07-01",
                        "value": 0.58
                    },
                    {
                        "date": "2021-07-13",
                        "value": 0.78
                    },
                    {
                        "date": "2021-07-19",
                        "value": 0.85
                    },
                    {
                        "date": "2021-08-05",
                        "value": 0.98
                    },
                    {
                        "date": "2021-08-12",
                        "value": 1.02
                    },
                    {
                        "date": "2021-08-19",
                        "value": 1.02
                    },
                    {
                        "date": "2021-09-07",
                        "value": 1.02
                    }
                ],
                "pid": "63643f288ac54794e7f917a0"
            },
            "_id": "642464c28ac547060991e402",
            "ccid": "642464c28ac547060991e402"
        },
        {
            "type": "Feature",
            "geometry": {
                "type": "Point",
                "coordinates": [
                    33.07902717,
                    -111.97695589
                ]
            },
            "properties": {
                "cc_label": "p09-3E",
                "EDATE": "2021-05-02",
                "PLYRE": 2021,
                "PLDOE": 122,
                "LF1D": "2021-05-15",
                "pid": "63643f288ac54794e7f917a0"
            },
            "_id": "67ed5ffc8ac547a69e0373dd",
            "ccid": "67ed5ffc8ac547a69e0373dd"
        },
        {
            "type": "Feature",
            "geometry": {
                "type": "Point",
                "coordinates": [
                    33.07874097,
                    -111.97699054
                ]
            },
            "properties": {
                "cc_label": "p09-4N",
                "CHTD": [
                    {
                        "date": "2021-06-01",
                        "value": 0.12
                    },
                    {
                        "date": "2021-06-07",
                        "value": 0.19
                    },
                    {
                        "date": "2021-06-17",
                        "value": 0.3
                    },
                    {
                        "date": "2021-06-24",
                        "value": 0.42
                    },
                    {
                        "date": "2021-07-01",
                        "value": 0.55
                    },
                    {
                        "date": "2021-07-13",
                        "value": 0.82
                    },
                    {
                        "date": "2021-07-19",
                        "value": 0.93
                    },
                    {
                        "date": "2021-08-05",
                        "value": 1.04
                    },
                    {
                        "date": "2021-08-19",
                        "value": 1.19
                    }
                ],
                "CWID": [
                    {
                        "date": "2021-06-01",
                        "value": 0.1
                    },
                    {
                        "date": "2021-06-07",
                        "value": 0.19
                    },
                    {
                        "date": "2021-06-17",
                        "value": 0.31
                    },
                    {
                        "date": "2021-06-24",
                        "value": 0.4
                    },
                    {
                        "date": "2021-07-01",
                        "value": 0.52
                    },
                    {
                        "date": "2021-07-13",
                        "value": 0.69
                    },
                    {
                        "date": "2021-07-19",
                        "value": 0.73
                    },
                    {
                        "date": "2021-08-05",
                        "value": 0.83
                    },
                    {
                        "date": "2021-08-12",
                        "value": 0.89
                    },
                    {
                        "date": "2021-08-19",
                        "value": 1.02
                    },
                    {
                        "date": "2021-09-07",
                        "value": 1.02
                    }
                ],
                "pid": "63643f288ac54794e7f917a1"
            },
            "_id": "642464c28ac547060991e403",
            "ccid": "642464c28ac547060991e403"
        },
        {
            "type": "Feature",
            "geometry": {
                "type": "Point",
                "coordinates": [
                    33.07865078,
                    -111.97699117
                ]
            },
            "properties": {
                "cc_label": "p09-4M",
                "CHTD": [
                    {
                        "date": "2021-06-01",
                        "value": 0.13
                    },
                    {
                        "date": "2021-06-07",
                        "value": 0.23
                    },
                    {
                        "date": "2021-06-17",
                        "value": 0.32
                    },
                    {
                        "date": "2021-06-24",
                        "value": 0.42
                    },
                    {
                        "date": "2021-07-01",
                        "value": 0.56
                    },
                    {
                        "date": "2021-07-13",
                        "value": 0.85
                    },
                    {
                        "date": "2021-07-19",
                        "value": 1.0
                    },
                    {
                        "date": "2021-08-05",
                        "value": 1.16
                    },
                    {
                        "date": "2021-08-19",
                        "value": 1.38
                    }
                ],
                "CWID": [
                    {
                        "date": "2021-06-01",
                        "value": 0.11
                    },
                    {
                        "date": "2021-06-07",
                        "value": 0.19
                    },
                    {
                        "date": "2021-06-17",
                        "value": 0.3
                    },
                    {
                        "date": "2021-06-24",
                        "value": 0.38
                    },
                    {
                        "date": "2021-07-01",
                        "value": 0.49
                    },
                    {
                        "date": "2021-07-13",
                        "value": 0.68
                    },
                    {
                        "date": "2021-07-19",
                        "value": 0.74
                    },
                    {
                        "date": "2021-08-05",
                        "value": 0.85
                    },
                    {
                        "date": "2021-08-12",
                        "value": 0.9
                    },
                    {
                        "date": "2021-08-19",
                        "value": 1.02
                    },
                    {
                        "date": "2021-09-07",
                        "value": 1.02
                    }
                ],
                "PLPD": 9.2,
                "ADAT": "2021-06-30",
                "ADOY": 180,
                "NAWF": [
                    {
                        "date": "2021-07-01",
                        "value": 8.0
                    },
                    {
                        "date": "2021-07-13",
                        "value": 7.0
                    },
                    {
                        "date": "2021-07-19",
                        "value": 5.9
                    },
                    {
                        "date": "2021-08-05",
                        "value": 5.1
                    },
                    {
                        "date": "2021-08-12",
                        "value": 5.8
                    },
                    {
                        "date": "2021-08-26",
                        "value": 5.4
                    },
                    {
                        "date": "2021-09-07",
                        "value": 3.3
                    }
                ],
                "pid": "63643f288ac54794e7f917a1"
            },
            "_id": "642464c28ac547060991e404",
            "ccid": "642464c28ac547060991e404"
        },
        {
            "type": "Feature",
            "geometry": {
                "type": "Point",
                "coordinates": [
                    33.07856059,
                    -111.9769918
                ]
            },
            "properties": {
                "cc_label": "p09-4S",
                "CHTD": [
                    {
                        "date": "2021-06-01",
                        "value": 0.12
                    },
                    {
                        "date": "2021-06-07",
                        "value": 0.22
                    },
                    {
                        "date": "2021-06-17",
                        "value": 0.32
                    },
                    {
                        "date": "2021-06-24",
                        "value": 0.43
                    },
                    {
                        "date": "2021-07-01",
                        "value": 0.56
                    },
                    {
                        "date": "2021-07-13",
                        "value": 0.84
                    },
                    {
                        "date": "2021-07-19",
                        "value": 1.01
                    },
                    {
                        "date": "2021-08-05",
                        "value": 1.2
                    },
                    {
                        "date": "2021-08-19",
                        "value": 1.44
                    }
                ],
                "CWID": [
                    {
                        "date": "2021-06-01",
                        "value": 0.11
                    },
                    {
                        "date": "2021-06-07",
                        "value": 0.2
                    },
                    {
                        "date": "2021-06-17",
                        "value": 0.32
                    },
                    {
                        "date": "2021-06-24",
                        "value": 0.42
                    },
                    {
                        "date": "2021-07-01",
                        "value": 0.52
                    },
                    {
                        "date": "2021-07-13",
                        "value": 0.68
                    },
                    {
                        "date": "2021-07-19",
                        "value": 0.76
                    },
                    {
                        "date": "2021-08-05",
                        "value": 0.91
                    },
                    {
                        "date": "2021-08-12",
                        "value": 0.94
                    },
                    {
                        "date": "2021-08-19",
                        "value": 1.02
                    },
                    {
                        "date": "2021-09-07",
                        "value": 1.02
                    }
                ],
                "pid": "63643f288ac54794e7f917a1"
            },
            "_id": "642464c28ac547060991e405",
            "ccid": "642464c28ac547060991e405"
        },
        {
            "type": "Feature",
            "geometry": {
                "type": "Point",
                "coordinates": [
                    33.0786664,
                    -111.97695841
                ]
            },
            "properties": {
                "cc_label": "p09-4E",
                "EDATE": "2021-05-01",
                "PLYRE": 2021,
                "PLDOE": 121,
                "LF1D": "2021-05-16",
                "pid": "63643f288ac54794e7f917a1"
            },
            "_id": "67ed5ffc8ac547a69e0373de",
            "ccid": "67ed5ffc8ac547a69e0373de"
        },
        {
            "type": "Feature",
            "geometry": {
                "type": "Point",
                "coordinates": [
                    33.07982252,
                    -111.97683059
                ]
            },
            "properties": {
                "cc_label": "p10-1N",
                "CHTD": [
                    {
                        "date": "2021-06-01",
                        "value": 0.16
                    },
                    {
                        "date": "2021-06-07",
                        "value": 0.27
                    },
                    {
                        "date": "2021-06-17",
                        "value": 0.38
                    },
                    {
                        "date": "2021-06-24",
                        "value": 0.49
                    },
                    {
                        "date": "2021-07-01",
                        "value": 0.6
                    },
                    {
                        "date": "2021-07-13",
                        "value": 0.91
                    },
                    {
                        "date": "2021-07-19",
                        "value": 1.09
                    },
                    {
                        "date": "2021-08-05",
                        "value": 1.31
                    },
                    {
                        "date": "2021-08-19",
                        "value": 1.61
                    },
                    {
                        "date": "2021-09-07",
                        "value": 1.8
                    }
                ],
                "CWID": [
                    {
                        "date": "2021-06-01",
                        "value": 0.13
                    },
                    {
                        "date": "2021-06-07",
                        "value": 0.24
                    },
                    {
                        "date": "2021-06-17",
                        "value": 0.38
                    },
                    {
                        "date": "2021-06-24",
                        "value": 0.49
                    },
                    {
                        "date": "2021-07-01",
                        "value": 0.61
                    },
                    {
                        "date": "2021-07-13",
                        "value": 0.78
                    },
                    {
                        "date": "2021-07-19",
                        "value": 0.86
                    },
                    {
                        "date": "2021-08-05",
                        "value": 1.02
                    },
                    {
                        "date": "2021-08-12",
                        "value": 1.02
                    },
                    {
                        "date": "2021-08-19",
                        "value": 1.02
                    },
                    {
                        "date": "2021-09-07",
                        "value": 1.02
                    }
                ],
                "pid": "63643f288ac54794e7f917a2"
            },
            "_id": "642464c28ac547060991e406",
            "ccid": "642464c28ac547060991e406"
        },
        {
            "type": "Feature",
            "geometry": {
                "type": "Point",
                "coordinates": [
                    33.07973232,
                    -111.97683122
                ]
            },
            "properties": {
                "cc_label": "p10-1M",
                "CHTD": [
                    {
                        "date": "2021-06-01",
                        "value": 0.16
                    },
                    {
                        "date": "2021-06-07",
                        "value": 0.28
                    },
                    {
                        "date": "2021-06-17",
                        "value": 0.4
                    },
                    {
                        "date": "2021-06-24",
                        "value": 0.52
                    },
                    {
                        "date": "2021-07-01",
                        "value": 0.68
                    },
                    {
                        "date": "2021-07-13",
                        "value": 0.98
                    },
                    {
                        "date": "2021-07-19",
                        "value": 1.23
                    },
                    {
                        "date": "2021-08-05",
                        "value": 1.46
                    },
                    {
                        "date": "2021-08-19",
                        "value": 1.76
                    },
                    {
                        "date": "2021-09-07",
                        "value": 1.89
                    }
                ],
                "CWID": [
                    {
                        "date": "2021-06-01",
                        "value": 0.14
                    },
                    {
                        "date": "2021-06-07",
                        "value": 0.28
                    },
                    {
                        "date": "2021-06-17",
                        "value": 0.46
                    },
                    {
                        "date": "2021-06-24",
                        "value": 0.61
                    },
                    {
                        "date": "2021-07-01",
                        "value": 0.73
                    },
                    {
                        "date": "2021-07-13",
                        "value": 0.92
                    },
                    {
                        "date": "2021-07-19",
                        "value": 1.02
                    },
                    {
                        "date": "2021-08-05",
                        "value": 1.02
                    },
                    {
                        "date": "2021-08-12",
                        "value": 1.02
                    },
                    {
                        "date": "2021-08-19",
                        "value": 1.02
                    },
                    {
                        "date": "2021-09-07",
                        "value": 1.02
                    }
                ],
                "PLPD": 9.2,
                "ADAT": "2021-06-27",
                "ADOY": 178,
                "NAWF": [
                    {
                        "date": "2021-07-01",
                        "value": 8.0
                    },
                    {
                        "date": "2021-07-13",
                        "value": 6.7
                    },
                    {
                        "date": "2021-07-19",
                        "value": 6.0
                    },
                    {
                        "date": "2021-08-05",
                        "value": 5.8
                    },
                    {
                        "date": "2021-08-12",
                        "value": 5.2
                    },
                    {
                        "date": "2021-08-26",
                        "value": 5.3
                    },
                    {
                        "date": "2021-09-07",
                        "value": 3.1
                    }
                ],
                "pid": "63643f288ac54794e7f917a2"
            },
            "_id": "642464c28ac547060991e407",
            "ccid": "642464c28ac547060991e407"
        },
        {
            "type": "Feature",
            "geometry": {
                "type": "Point",
                "coordinates": [
                    33.07964213,
                    -111.97683185
                ]
            },
            "properties": {
                "cc_label": "p10-1S",
                "CHTD": [
                    {
                        "date": "2021-06-01",
                        "value": 0.15
                    },
                    {
                        "date": "2021-06-07",
                        "value": 0.27
                    },
                    {
                        "date": "2021-06-17",
                        "value": 0.4
                    },
                    {
                        "date": "2021-06-24",
                        "value": 0.51
                    },
                    {
                        "date": "2021-07-01",
                        "value": 0.6
                    },
                    {
                        "date": "2021-07-13",
                        "value": 0.79
                    },
                    {
                        "date": "2021-07-19",
                        "value": 1.01
                    },
                    {
                        "date": "2021-08-05",
                        "value": 1.19
                    },
                    {
                        "date": "2021-08-19",
                        "value": 1.43
                    }
                ],
                "CWID": [
                    {
                        "date": "2021-06-01",
                        "value": 0.14
                    },
                    {
                        "date": "2021-06-07",
                        "value": 0.25
                    },
                    {
                        "date": "2021-06-17",
                        "value": 0.37
                    },
                    {
                        "date": "2021-06-24",
                        "value": 0.48
                    },
                    {
                        "date": "2021-07-01",
                        "value": 0.6
                    },
                    {
                        "date": "2021-07-13",
                        "value": 0.77
                    },
                    {
                        "date": "2021-07-19",
                        "value": 0.84
                    },
                    {
                        "date": "2021-08-05",
                        "value": 1.02
                    },
                    {
                        "date": "2021-08-12",
                        "value": 1.02
                    },
                    {
                        "date": "2021-08-19",
                        "value": 1.02
                    },
                    {
                        "date": "2021-09-07",
                        "value": 1.02
                    }
                ],
                "pid": "63643f288ac54794e7f917a2"
            },
            "_id": "642464c28ac547060991e408",
            "ccid": "642464c28ac547060991e408"
        },
        {
            "type": "Feature",
            "geometry": {
                "type": "Point",
                "coordinates": [
                    33.07974795,
                    -111.97679846
                ]
            },
            "properties": {
                "cc_label": "p10-1E",
                "EDATE": "2021-05-01",
                "PLYRE": 2021,
                "PLDOE": 121,
                "LF1D": "2021-05-16",
                "pid": "63643f288ac54794e7f917a2"
            },
            "_id": "67ed5ffc8ac547a69e0373df",
            "ccid": "67ed5ffc8ac547a69e0373df"
        },
        {
            "type": "Feature",
            "geometry": {
                "type": "Point",
                "coordinates": [
                    33.07946175,
                    -111.97683311
                ]
            },
            "properties": {
                "cc_label": "p10-2N",
                "CHTD": [
                    {
                        "date": "2021-06-01",
                        "value": 0.16
                    },
                    {
                        "date": "2021-06-07",
                        "value": 0.29
                    },
                    {
                        "date": "2021-06-17",
                        "value": 0.43
                    },
                    {
                        "date": "2021-06-24",
                        "value": 0.56
                    },
                    {
                        "date": "2021-07-01",
                        "value": 0.71
                    },
                    {
                        "date": "2021-07-13",
                        "value": 1.01
                    },
                    {
                        "date": "2021-07-19",
                        "value": 1.21
                    },
                    {
                        "date": "2021-08-05",
                        "value": 1.42
                    },
                    {
                        "date": "2021-08-19",
                        "value": 1.66
                    },
                    {
                        "date": "2021-09-07",
                        "value": 1.84
                    }
                ],
                "CWID": [
                    {
                        "date": "2021-06-01",
                        "value": 0.13
                    },
                    {
                        "date": "2021-06-07",
                        "value": 0.27
                    },
                    {
                        "date": "2021-06-17",
                        "value": 0.44
                    },
                    {
                        "date": "2021-06-24",
                        "value": 0.57
                    },
                    {
                        "date": "2021-07-01",
                        "value": 0.72
                    },
                    {
                        "date": "2021-07-13",
                        "value": 0.96
                    },
                    {
                        "date": "2021-07-19",
                        "value": 1.02
                    },
                    {
                        "date": "2021-08-05",
                        "value": 1.02
                    },
                    {
                        "date": "2021-08-12",
                        "value": 1.02
                    },
                    {
                        "date": "2021-08-19",
                        "value": 1.02
                    },
                    {
                        "date": "2021-09-07",
                        "value": 1.02
                    }
                ],
                "pid": "63643f288ac54794e7f917a3"
            },
            "_id": "642464c28ac547060991e409",
            "ccid": "642464c28ac547060991e409"
        },
        {
            "type": "Feature",
            "geometry": {
                "type": "Point",
                "coordinates": [
                    33.07937156,
                    -111.97683375
                ]
            },
            "properties": {
                "cc_label": "p10-2M",
                "CHTD": [
                    {
                        "date": "2021-06-01",
                        "value": 0.15
                    },
                    {
                        "date": "2021-06-07",
                        "value": 0.24
                    },
                    {
                        "date": "2021-06-17",
                        "value": 0.33
                    },
                    {
                        "date": "2021-06-24",
                        "value": 0.44
                    },
                    {
                        "date": "2021-07-01",
                        "value": 0.53
                    },
                    {
                        "date": "2021-07-13",
                        "value": 0.72
                    },
                    {
                        "date": "2021-07-19",
                        "value": 0.9
                    },
                    {
                        "date": "2021-08-05",
                        "value": 1.08
                    },
                    {
                        "date": "2021-08-19",
                        "value": 1.31
                    }
                ],
                "CWID": [
                    {
                        "date": "2021-06-01",
                        "value": 0.12
                    },
                    {
                        "date": "2021-06-07",
                        "value": 0.21
                    },
                    {
                        "date": "2021-06-17",
                        "value": 0.32
                    },
                    {
                        "date": "2021-06-24",
                        "value": 0.41
                    },
                    {
                        "date": "2021-07-01",
                        "value": 0.51
                    },
                    {
                        "date": "2021-07-13",
                        "value": 0.65
                    },
                    {
                        "date": "2021-07-19",
                        "value": 0.77
                    },
                    {
                        "date": "2021-08-05",
                        "value": 0.98
                    },
                    {
                        "date": "2021-08-12",
                        "value": 1.02
                    },
                    {
                        "date": "2021-08-19",
                        "value": 1.02
                    },
                    {
                        "date": "2021-09-07",
                        "value": 1.02
                    }
                ],
                "PLPD": 9.8,
                "ADAT": "2021-06-28",
                "ADOY": 179,
                "NAWF": [
                    {
                        "date": "2021-07-01",
                        "value": 8.1
                    },
                    {
                        "date": "2021-07-13",
                        "value": 6.1
                    },
                    {
                        "date": "2021-07-19",
                        "value": 6.2
                    },
                    {
                        "date": "2021-08-05",
                        "value": 5.6
                    },
                    {
                        "date": "2021-08-12",
                        "value": 5.4
                    },
                    {
                        "date": "2021-08-26",
                        "value": 5.3
                    },
                    {
                        "date": "2021-09-07",
                        "value": 3.0
                    }
                ],
                "pid": "63643f288ac54794e7f917a3"
            },
            "_id": "642464c28ac547060991e40a",
            "ccid": "642464c28ac547060991e40a"
        },
        {
            "type": "Feature",
            "geometry": {
                "type": "Point",
                "coordinates": [
                    33.07928137,
                    -111.97683438
                ]
            },
            "properties": {
                "cc_label": "p10-2S",
                "CHTD": [
                    {
                        "date": "2021-06-01",
                        "value": 0.17
                    },
                    {
                        "date": "2021-06-07",
                        "value": 0.3
                    },
                    {
                        "date": "2021-06-17",
                        "value": 0.44
                    },
                    {
                        "date": "2021-06-24",
                        "value": 0.57
                    },
                    {
                        "date": "2021-07-01",
                        "value": 0.73
                    },
                    {
                        "date": "2021-07-13",
                        "value": 1.04
                    },
                    {
                        "date": "2021-07-19",
                        "value": 1.18
                    },
                    {
                        "date": "2021-08-05",
                        "value": 1.33
                    },
                    {
                        "date": "2021-08-19",
                        "value": 1.53
                    }
                ],
                "CWID": [
                    {
                        "date": "2021-06-01",
                        "value": 0.14
                    },
                    {
                        "date": "2021-06-07",
                        "value": 0.28
                    },
                    {
                        "date": "2021-06-17",
                        "value": 0.45
                    },
                    {
                        "date": "2021-06-24",
                        "value": 0.58
                    },
                    {
                        "date": "2021-07-01",
                        "value": 0.68
                    },
                    {
                        "date": "2021-07-13",
                        "value": 0.83
                    },
                    {
                        "date": "2021-07-19",
                        "value": 0.87
                    },
                    {
                        "date": "2021-08-05",
                        "value": 0.96
                    },
                    {
                        "date": "2021-08-12",
                        "value": 1.02
                    },
                    {
                        "date": "2021-08-19",
                        "value": 1.02
                    },
                    {
                        "date": "2021-09-07",
                        "value": 1.02
                    }
                ],
                "pid": "63643f288ac54794e7f917a3"
            },
            "_id": "642464c28ac547060991e40b",
            "ccid": "642464c28ac547060991e40b"
        },
        {
            "type": "Feature",
            "geometry": {
                "type": "Point",
                "coordinates": [
                    33.07938718,
                    -111.97680098
                ]
            },
            "properties": {
                "cc_label": "p10-2E",
                "EDATE": "2021-05-01",
                "PLYRE": 2021,
                "PLDOE": 121,
                "LF1D": "2021-05-15",
                "pid": "63643f288ac54794e7f917a3"
            },
            "_id": "67ed5ffc8ac547a69e0373e0",
            "ccid": "67ed5ffc8ac547a69e0373e0"
        },
        {
            "type": "Feature",
            "geometry": {
                "type": "Point",
                "coordinates": [
                    33.07910098,
                    -111.97683564
                ]
            },
            "properties": {
                "cc_label": "p10-3N",
                "CHTD": [
                    {
                        "date": "2021-06-01",
                        "value": 0.14
                    },
                    {
                        "date": "2021-06-07",
                        "value": 0.23
                    },
                    {
                        "date": "2021-06-17",
                        "value": 0.34
                    },
                    {
                        "date": "2021-06-24",
                        "value": 0.43
                    },
                    {
                        "date": "2021-07-01",
                        "value": 0.63
                    },
                    {
                        "date": "2021-07-13",
                        "value": 0.84
                    },
                    {
                        "date": "2021-07-19",
                        "value": 0.99
                    },
                    {
                        "date": "2021-08-05",
                        "value": 1.16
                    },
                    {
                        "date": "2021-08-19",
                        "value": 1.34
                    }
                ],
                "CWID": [
                    {
                        "date": "2021-06-01",
                        "value": 0.12
                    },
                    {
                        "date": "2021-06-07",
                        "value": 0.23
                    },
                    {
                        "date": "2021-06-17",
                        "value": 0.37
                    },
                    {
                        "date": "2021-06-24",
                        "value": 0.49
                    },
                    {
                        "date": "2021-07-01",
                        "value": 0.6
                    },
                    {
                        "date": "2021-07-13",
                        "value": 0.76
                    },
                    {
                        "date": "2021-07-19",
                        "value": 0.87
                    },
                    {
                        "date": "2021-08-05",
                        "value": 1.02
                    },
                    {
                        "date": "2021-08-12",
                        "value": 1.02
                    },
                    {
                        "date": "2021-08-19",
                        "value": 1.02
                    },
                    {
                        "date": "2021-09-07",
                        "value": 1.02
                    }
                ],
                "pid": "63643f288ac54794e7f917a4"
            },
            "_id": "642464c28ac547060991e40c",
            "ccid": "642464c28ac547060991e40c"
        },
        {
            "type": "Feature",
            "geometry": {
                "type": "Point",
                "coordinates": [
                    33.07901079,
                    -111.97683627
                ]
            },
            "properties": {
                "cc_label": "p10-3M",
                "CHTD": [
                    {
                        "date": "2021-06-01",
                        "value": 0.15
                    },
                    {
                        "date": "2021-06-07",
                        "value": 0.25
                    },
                    {
                        "date": "2021-06-17",
                        "value": 0.35
                    },
                    {
                        "date": "2021-06-24",
                        "value": 0.44
                    },
                    {
                        "date": "2021-07-01",
                        "value": 0.64
                    },
                    {
                        "date": "2021-07-13",
                        "value": 0.95
                    },
                    {
                        "date": "2021-07-19",
                        "value": 1.14
                    },
                    {
                        "date": "2021-08-05",
                        "value": 1.31
                    },
                    {
                        "date": "2021-08-19",
                        "value": 1.54
                    }
                ],
                "CWID": [
                    {
                        "date": "2021-06-01",
                        "value": 0.13
                    },
                    {
                        "date": "2021-06-07",
                        "value": 0.23
                    },
                    {
                        "date": "2021-06-17",
                        "value": 0.36
                    },
                    {
                        "date": "2021-06-24",
                        "value": 0.46
                    },
                    {
                        "date": "2021-07-01",
                        "value": 0.56
                    },
                    {
                        "date": "2021-07-13",
                        "value": 0.71
                    },
                    {
                        "date": "2021-07-19",
                        "value": 0.81
                    },
                    {
                        "date": "2021-08-05",
                        "value": 1.02
                    },
                    {
                        "date": "2021-08-12",
                        "value": 1.02
                    },
                    {
                        "date": "2021-08-19",
                        "value": 1.02
                    },
                    {
                        "date": "2021-09-07",
                        "value": 1.02
                    }
                ],
                "PLPD": 8.1,
                "ADAT": "2021-06-30",
                "ADOY": 181,
                "NAWF": [
                    {
                        "date": "2021-07-01",
                        "value": 8.1
                    },
                    {
                        "date": "2021-07-13",
                        "value": 7.0
                    },
                    {
                        "date": "2021-07-19",
                        "value": 5.8
                    },
                    {
                        "date": "2021-08-05",
                        "value": 5.2
                    },
                    {
                        "date": "2021-08-12",
                        "value": 4.8
                    },
                    {
                        "date": "2021-08-26",
                        "value": 4.2
                    },
                    {
                        "date": "2021-09-07",
                        "value": 2.8
                    }
                ],
                "pid": "63643f288ac54794e7f917a4"
            },
            "_id": "642464c28ac547060991e40d",
            "ccid": "642464c28ac547060991e40d"
        },
        {
            "type": "Feature",
            "geometry": {
                "type": "Point",
                "coordinates": [
                    33.0789206,
                    -111.9768369
                ]
            },
            "properties": {
                "cc_label": "p10-3S",
                "CHTD": [
                    {
                        "date": "2021-06-01",
                        "value": 0.15
                    },
                    {
                        "date": "2021-06-07",
                        "value": 0.23
                    },
                    {
                        "date": "2021-06-17",
                        "value": 0.34
                    },
                    {
                        "date": "2021-06-24",
                        "value": 0.43
                    },
                    {
                        "date": "2021-07-01",
                        "value": 0.59
                    },
                    {
                        "date": "2021-07-13",
                        "value": 0.92
                    },
                    {
                        "date": "2021-07-19",
                        "value": 1.05
                    },
                    {
                        "date": "2021-08-05",
                        "value": 1.18
                    },
                    {
                        "date": "2021-08-19",
                        "value": 1.36
                    }
                ],
                "CWID": [
                    {
                        "date": "2021-06-01",
                        "value": 0.14
                    },
                    {
                        "date": "2021-06-07",
                        "value": 0.24
                    },
                    {
                        "date": "2021-06-17",
                        "value": 0.37
                    },
                    {
                        "date": "2021-06-24",
                        "value": 0.47
                    },
                    {
                        "date": "2021-07-01",
                        "value": 0.59
                    },
                    {
                        "date": "2021-07-13",
                        "value": 0.76
                    },
                    {
                        "date": "2021-07-19",
                        "value": 0.82
                    },
                    {
                        "date": "2021-08-05",
                        "value": 0.92
                    },
                    {
                        "date": "2021-08-12",
                        "value": 1.02
                    },
                    {
                        "date": "2021-08-19",
                        "value": 1.02
                    },
                    {
                        "date": "2021-09-07",
                        "value": 1.02
                    }
                ],
                "pid": "63643f288ac54794e7f917a4"
            },
            "_id": "642464c28ac547060991e40e",
            "ccid": "642464c28ac547060991e40e"
        },
        {
            "type": "Feature",
            "geometry": {
                "type": "Point",
                "coordinates": [
                    33.07902641,
                    -111.9768035
                ]
            },
            "properties": {
                "cc_label": "p10-3E",
                "EDATE": "2021-05-01",
                "PLYRE": 2021,
                "PLDOE": 120,
                "LF1D": "2021-05-15",
                "pid": "63643f288ac54794e7f917a4"
            },
            "_id": "67ed5ffc8ac547a69e0373e1",
            "ccid": "67ed5ffc8ac547a69e0373e1"
        },
        {
            "type": "Feature",
            "geometry": {
                "type": "Point",
                "coordinates": [
                    33.07874021,
                    -111.97683816
                ]
            },
            "properties": {
                "cc_label": "p10-4N",
                "CHTD": [
                    {
                        "date": "2021-06-01",
                        "value": 0.12
                    },
                    {
                        "date": "2021-06-07",
                        "value": 0.23
                    },
                    {
                        "date": "2021-06-17",
                        "value": 0.35
                    },
                    {
                        "date": "2021-06-24",
                        "value": 0.46
                    },
                    {
                        "date": "2021-07-01",
                        "value": 0.61
                    },
                    {
                        "date": "2021-07-13",
                        "value": 0.86
                    },
                    {
                        "date": "2021-07-19",
                        "value": 1.01
                    },
                    {
                        "date": "2021-08-05",
                        "value": 1.16
                    },
                    {
                        "date": "2021-08-19",
                        "value": 1.35
                    }
                ],
                "CWID": [
                    {
                        "date": "2021-06-01",
                        "value": 0.1
                    },
                    {
                        "date": "2021-06-07",
                        "value": 0.2
                    },
                    {
                        "date": "2021-06-17",
                        "value": 0.34
                    },
                    {
                        "date": "2021-06-24",
                        "value": 0.45
                    },
                    {
                        "date": "2021-07-01",
                        "value": 0.89
                    },
                    {
                        "date": "2021-07-13",
                        "value": 0.79
                    },
                    {
                        "date": "2021-07-19",
                        "value": 0.84
                    },
                    {
                        "date": "2021-08-05",
                        "value": 0.93
                    },
                    {
                        "date": "2021-08-12",
                        "value": 1.02
                    },
                    {
                        "date": "2021-08-19",
                        "value": 1.02
                    },
                    {
                        "date": "2021-09-07",
                        "value": 1.02
                    }
                ],
                "pid": "63643f288ac54794e7f917a5"
            },
            "_id": "642464c28ac547060991e40f",
            "ccid": "642464c28ac547060991e40f"
        },
        {
            "type": "Feature",
            "geometry": {
                "type": "Point",
                "coordinates": [
                    33.07865002,
                    -111.97683879
                ]
            },
            "properties": {
                "cc_label": "p10-4M",
                "CHTD": [
                    {
                        "date": "2021-06-01",
                        "value": 0.14
                    },
                    {
                        "date": "2021-06-07",
                        "value": 0.23
                    },
                    {
                        "date": "2021-06-17",
                        "value": 0.33
                    },
                    {
                        "date": "2021-06-24",
                        "value": 0.43
                    },
                    {
                        "date": "2021-07-01",
                        "value": 0.51
                    },
                    {
                        "date": "2021-07-13",
                        "value": 0.65
                    },
                    {
                        "date": "2021-07-19",
                        "value": 0.75
                    },
                    {
                        "date": "2021-08-05",
                        "value": 0.85
                    },
                    {
                        "date": "2021-08-19",
                        "value": 0.99
                    },
                    {
                        "date": "2021-09-07",
                        "value": 1.23
                    }
                ],
                "CWID": [
                    {
                        "date": "2021-06-01",
                        "value": 0.12
                    },
                    {
                        "date": "2021-06-07",
                        "value": 0.2
                    },
                    {
                        "date": "2021-06-17",
                        "value": 0.32
                    },
                    {
                        "date": "2021-06-24",
                        "value": 0.39
                    },
                    {
                        "date": "2021-07-01",
                        "value": 0.48
                    },
                    {
                        "date": "2021-07-13",
                        "value": 0.62
                    },
                    {
                        "date": "2021-07-19",
                        "value": 0.67
                    },
                    {
                        "date": "2021-08-05",
                        "value": 0.76
                    },
                    {
                        "date": "2021-08-12",
                        "value": 0.84
                    },
                    {
                        "date": "2021-08-19",
                        "value": 1.02
                    },
                    {
                        "date": "2021-09-07",
                        "value": 1.02
                    }
                ],
                "PLPD": 8.7,
                "ADAT": "2021-06-28",
                "ADOY": 179,
                "NAWF": [
                    {
                        "date": "2021-07-01",
                        "value": 7.7
                    },
                    {
                        "date": "2021-07-13",
                        "value": 5.8
                    },
                    {
                        "date": "2021-07-19",
                        "value": 5.2
                    },
                    {
                        "date": "2021-08-05",
                        "value": 4.6
                    },
                    {
                        "date": "2021-08-12",
                        "value": 5.3
                    },
                    {
                        "date": "2021-08-26",
                        "value": 5.0
                    },
                    {
                        "date": "2021-09-07",
                        "value": 3.0
                    }
                ],
                "pid": "63643f288ac54794e7f917a5"
            },
            "_id": "642464c28ac547060991e410",
            "ccid": "642464c28ac547060991e410"
        },
        {
            "type": "Feature",
            "geometry": {
                "type": "Point",
                "coordinates": [
                    33.07855983,
                    -111.97683942
                ]
            },
            "properties": {
                "cc_label": "p10-4S",
                "CHTD": [
                    {
                        "date": "2021-06-01",
                        "value": 0.14
                    },
                    {
                        "date": "2021-06-07",
                        "value": 0.22
                    },
                    {
                        "date": "2021-06-17",
                        "value": 0.31
                    },
                    {
                        "date": "2021-06-24",
                        "value": 0.4
                    },
                    {
                        "date": "2021-07-01",
                        "value": 0.53
                    },
                    {
                        "date": "2021-07-13",
                        "value": 0.78
                    },
                    {
                        "date": "2021-07-19",
                        "value": 0.88
                    },
                    {
                        "date": "2021-08-05",
                        "value": 0.97
                    },
                    {
                        "date": "2021-08-19",
                        "value": 1.1
                    }
                ],
                "CWID": [
                    {
                        "date": "2021-06-01",
                        "value": 0.13
                    },
                    {
                        "date": "2021-06-07",
                        "value": 0.21
                    },
                    {
                        "date": "2021-06-17",
                        "value": 0.3
                    },
                    {
                        "date": "2021-06-24",
                        "value": 0.36
                    },
                    {
                        "date": "2021-07-01",
                        "value": 0.46
                    },
                    {
                        "date": "2021-07-13",
                        "value": 0.62
                    },
                    {
                        "date": "2021-07-19",
                        "value": 0.68
                    },
                    {
                        "date": "2021-08-05",
                        "value": 0.78
                    },
                    {
                        "date": "2021-08-12",
                        "value": 0.85
                    },
                    {
                        "date": "2021-08-19",
                        "value": 1.02
                    },
                    {
                        "date": "2021-09-07",
                        "value": 1.02
                    }
                ],
                "pid": "63643f288ac54794e7f917a5"
            },
            "_id": "642464c28ac547060991e411",
            "ccid": "642464c28ac547060991e411"
        },
        {
            "type": "Feature",
            "geometry": {
                "type": "Point",
                "coordinates": [
                    33.07866564,
                    -111.97680603
                ]
            },
            "properties": {
                "cc_label": "p10-4E",
                "EDATE": "2021-05-01",
                "PLYRE": 2021,
                "PLDOE": 120,
                "LF1D": "2021-05-14",
                "pid": "63643f288ac54794e7f917a5"
            },
            "_id": "67ed5ffc8ac547a69e0373e2",
            "ccid": "67ed5ffc8ac547a69e0373e2"
        },
        {
            "type": "Feature",
            "geometry": {
                "type": "Point",
                "coordinates": [
                    33.07982176,
                    -111.97667821
                ]
            },
            "properties": {
                "cc_label": "p11-1N",
                "CHTD": [
                    {
                        "date": "2021-06-01",
                        "value": 0.22
                    },
                    {
                        "date": "2021-06-07",
                        "value": 0.31
                    },
                    {
                        "date": "2021-06-17",
                        "value": 0.4
                    },
                    {
                        "date": "2021-06-24",
                        "value": 0.48
                    },
                    {
                        "date": "2021-07-01",
                        "value": 0.58
                    },
                    {
                        "date": "2021-07-13",
                        "value": 0.77
                    },
                    {
                        "date": "2021-07-19",
                        "value": 0.92
                    },
                    {
                        "date": "2021-08-05",
                        "value": 1.07
                    },
                    {
                        "date": "2021-08-19",
                        "value": 1.28
                    }
                ],
                "CWID": [
                    {
                        "date": "2021-06-01",
                        "value": 0.2
                    },
                    {
                        "date": "2021-06-07",
                        "value": 0.29
                    },
                    {
                        "date": "2021-06-17",
                        "value": 0.4
                    },
                    {
                        "date": "2021-06-24",
                        "value": 0.48
                    },
                    {
                        "date": "2021-07-01",
                        "value": 0.61
                    },
                    {
                        "date": "2021-07-13",
                        "value": 0.75
                    },
                    {
                        "date": "2021-07-19",
                        "value": 0.83
                    },
                    {
                        "date": "2021-08-05",
                        "value": 0.95
                    },
                    {
                        "date": "2021-08-12",
                        "value": 1.02
                    },
                    {
                        "date": "2021-08-19",
                        "value": 1.02
                    },
                    {
                        "date": "2021-09-07",
                        "value": 1.02
                    }
                ],
                "pid": "63643f288ac54794e7f917a6"
            },
            "_id": "642464c28ac547060991e412",
            "ccid": "642464c28ac547060991e412"
        },
        {
            "type": "Feature",
            "geometry": {
                "type": "Point",
                "coordinates": [
                    33.07973157,
                    -111.97667884
                ]
            },
            "properties": {
                "cc_label": "p11-1M",
                "CHTD": [
                    {
                        "date": "2021-06-01",
                        "value": 0.16
                    },
                    {
                        "date": "2021-06-07",
                        "value": 0.27
                    },
                    {
                        "date": "2021-06-17",
                        "value": 0.36
                    },
                    {
                        "date": "2021-06-24",
                        "value": 0.46
                    },
                    {
                        "date": "2021-07-01",
                        "value": 0.57
                    },
                    {
                        "date": "2021-07-13",
                        "value": 0.78
                    },
                    {
                        "date": "2021-07-19",
                        "value": 0.94
                    },
                    {
                        "date": "2021-08-05",
                        "value": 1.1
                    },
                    {
                        "date": "2021-08-19",
                        "value": 1.32
                    }
                ],
                "CWID": [
                    {
                        "date": "2021-06-01",
                        "value": 0.14
                    },
                    {
                        "date": "2021-06-07",
                        "value": 0.26
                    },
                    {
                        "date": "2021-06-17",
                        "value": 0.39
                    },
                    {
                        "date": "2021-06-24",
                        "value": 0.51
                    },
                    {
                        "date": "2021-07-01",
                        "value": 0.6
                    },
                    {
                        "date": "2021-07-13",
                        "value": 0.73
                    },
                    {
                        "date": "2021-07-19",
                        "value": 0.8
                    },
                    {
                        "date": "2021-08-05",
                        "value": 0.93
                    },
                    {
                        "date": "2021-08-12",
                        "value": 1.02
                    },
                    {
                        "date": "2021-08-19",
                        "value": 1.02
                    },
                    {
                        "date": "2021-09-07",
                        "value": 1.02
                    }
                ],
                "PLPD": 9.8,
                "ADAT": "2021-07-01",
                "ADOY": 182,
                "NAWF": [
                    {
                        "date": "2021-07-01",
                        "value": 8.4
                    },
                    {
                        "date": "2021-07-13",
                        "value": 6.6
                    },
                    {
                        "date": "2021-07-19",
                        "value": 6.1
                    },
                    {
                        "date": "2021-08-05",
                        "value": 4.9
                    },
                    {
                        "date": "2021-08-12",
                        "value": 4.9
                    },
                    {
                        "date": "2021-08-26",
                        "value": 5.1
                    },
                    {
                        "date": "2021-09-07",
                        "value": 2.4
                    }
                ],
                "pid": "63643f288ac54794e7f917a6"
            },
            "_id": "642464c28ac547060991e413",
            "ccid": "642464c28ac547060991e413"
        },
        {
            "type": "Feature",
            "geometry": {
                "type": "Point",
                "coordinates": [
                    33.07964138,
                    -111.97667947
                ]
            },
            "properties": {
                "cc_label": "p11-1S",
                "CHTD": [
                    {
                        "date": "2021-06-01",
                        "value": 0.2
                    },
                    {
                        "date": "2021-06-07",
                        "value": 0.3
                    },
                    {
                        "date": "2021-06-17",
                        "value": 0.39
                    },
                    {
                        "date": "2021-06-24",
                        "value": 0.5
                    },
                    {
                        "date": "2021-07-01",
                        "value": 0.64
                    },
                    {
                        "date": "2021-07-13",
                        "value": 0.92
                    },
                    {
                        "date": "2021-07-19",
                        "value": 1.04
                    },
                    {
                        "date": "2021-08-05",
                        "value": 1.15
                    },
                    {
                        "date": "2021-08-19",
                        "value": 1.27
                    }
                ],
                "CWID": [
                    {
                        "date": "2021-06-01",
                        "value": 0.18
                    },
                    {
                        "date": "2021-06-07",
                        "value": 0.29
                    },
                    {
                        "date": "2021-06-17",
                        "value": 0.43
                    },
                    {
                        "date": "2021-06-24",
                        "value": 0.55
                    },
                    {
                        "date": "2021-07-01",
                        "value": 0.64
                    },
                    {
                        "date": "2021-07-13",
                        "value": 0.78
                    },
                    {
                        "date": "2021-07-19",
                        "value": 0.85
                    },
                    {
                        "date": "2021-08-05",
                        "value": 0.98
                    },
                    {
                        "date": "2021-08-12",
                        "value": 1.02
                    },
                    {
                        "date": "2021-08-19",
                        "value": 1.02
                    },
                    {
                        "date": "2021-09-07",
                        "value": 1.02
                    }
                ],
                "pid": "63643f288ac54794e7f917a6"
            },
            "_id": "642464c28ac547060991e414",
            "ccid": "642464c28ac547060991e414"
        },
        {
            "type": "Feature",
            "geometry": {
                "type": "Point",
                "coordinates": [
                    33.07974719,
                    -111.97664607
                ]
            },
            "properties": {
                "cc_label": "p11-1E",
                "EDATE": "2021-05-04",
                "PLYRE": 2021,
                "PLDOE": 124,
                "LF1D": "2021-05-16",
                "pid": "63643f288ac54794e7f917a6"
            },
            "_id": "67ed5ffc8ac547a69e0373e3",
            "ccid": "67ed5ffc8ac547a69e0373e3"
        },
        {
            "type": "Feature",
            "geometry": {
                "type": "Point",
                "coordinates": [
                    33.07946099,
                    -111.97668073
                ]
            },
            "properties": {
                "cc_label": "p11-2N",
                "CHTD": [
                    {
                        "date": "2021-06-01",
                        "value": 0.19
                    },
                    {
                        "date": "2021-06-07",
                        "value": 0.31
                    },
                    {
                        "date": "2021-06-17",
                        "value": 0.42
                    },
                    {
                        "date": "2021-06-24",
                        "value": 0.55
                    },
                    {
                        "date": "2021-07-01",
                        "value": 0.71
                    },
                    {
                        "date": "2021-07-13",
                        "value": 1.06
                    },
                    {
                        "date": "2021-07-19",
                        "value": 1.26
                    },
                    {
                        "date": "2021-08-05",
                        "value": 1.45
                    },
                    {
                        "date": "2021-08-19",
                        "value": 1.71
                    },
                    {
                        "date": "2021-09-07",
                        "value": 1.87
                    }
                ],
                "CWID": [
                    {
                        "date": "2021-06-01",
                        "value": 0.16
                    },
                    {
                        "date": "2021-06-07",
                        "value": 0.29
                    },
                    {
                        "date": "2021-06-17",
                        "value": 0.43
                    },
                    {
                        "date": "2021-06-24",
                        "value": 0.55
                    },
                    {
                        "date": "2021-07-01",
                        "value": 0.72
                    },
                    {
                        "date": "2021-07-13",
                        "value": 0.98
                    },
                    {
                        "date": "2021-07-19",
                        "value": 1.02
                    },
                    {
                        "date": "2021-08-05",
                        "value": 1.02
                    },
                    {
                        "date": "2021-08-12",
                        "value": 1.02
                    },
                    {
                        "date": "2021-08-19",
                        "value": 1.02
                    },
                    {
                        "date": "2021-09-07",
                        "value": 1.02
                    }
                ],
                "pid": "63643f288ac54794e7f917a7"
            },
            "_id": "642464c28ac547060991e415",
            "ccid": "642464c28ac547060991e415"
        },
        {
            "type": "Feature",
            "geometry": {
                "type": "Point",
                "coordinates": [
                    33.0793708,
                    -111.97668136
                ]
            },
            "properties": {
                "cc_label": "p11-2M",
                "CHTD": [
                    {
                        "date": "2021-06-01",
                        "value": 0.16
                    },
                    {
                        "date": "2021-06-07",
                        "value": 0.27
                    },
                    {
                        "date": "2021-06-17",
                        "value": 0.39
                    },
                    {
                        "date": "2021-06-24",
                        "value": 0.51
                    },
                    {
                        "date": "2021-07-01",
                        "value": 0.7
                    },
                    {
                        "date": "2021-07-13",
                        "value": 1.08
                    },
                    {
                        "date": "2021-07-19",
                        "value": 1.25
                    },
                    {
                        "date": "2021-08-05",
                        "value": 1.43
                    },
                    {
                        "date": "2021-08-19",
                        "value": 1.67
                    },
                    {
                        "date": "2021-09-07",
                        "value": 1.85
                    }
                ],
                "CWID": [
                    {
                        "date": "2021-06-01",
                        "value": 0.15
                    },
                    {
                        "date": "2021-06-07",
                        "value": 0.28
                    },
                    {
                        "date": "2021-06-17",
                        "value": 0.45
                    },
                    {
                        "date": "2021-06-24",
                        "value": 0.6
                    },
                    {
                        "date": "2021-07-01",
                        "value": 0.74
                    },
                    {
                        "date": "2021-07-13",
                        "value": 0.95
                    },
                    {
                        "date": "2021-07-19",
                        "value": 1.02
                    },
                    {
                        "date": "2021-08-05",
                        "value": 1.02
                    },
                    {
                        "date": "2021-08-12",
                        "value": 1.02
                    },
                    {
                        "date": "2021-08-19",
                        "value": 1.02
                    },
                    {
                        "date": "2021-09-07",
                        "value": 1.02
                    }
                ],
                "PLPD": 9.0,
                "ADAT": "2021-07-01",
                "ADOY": 182,
                "NAWF": [
                    {
                        "date": "2021-07-01",
                        "value": 8.1
                    },
                    {
                        "date": "2021-07-13",
                        "value": 6.3
                    },
                    {
                        "date": "2021-07-19",
                        "value": 5.9
                    },
                    {
                        "date": "2021-08-05",
                        "value": 4.9
                    },
                    {
                        "date": "2021-08-12",
                        "value": 4.6
                    },
                    {
                        "date": "2021-08-26",
                        "value": 4.6
                    },
                    {
                        "date": "2021-09-07",
                        "value": 2.6
                    }
                ],
                "pid": "63643f288ac54794e7f917a7"
            },
            "_id": "642464c28ac547060991e416",
            "ccid": "642464c28ac547060991e416"
        },
        {
            "type": "Feature",
            "geometry": {
                "type": "Point",
                "coordinates": [
                    33.07928061,
                    -111.97668199
                ]
            },
            "properties": {
                "cc_label": "p11-2S",
                "CHTD": [
                    {
                        "date": "2021-06-01",
                        "value": 0.14
                    },
                    {
                        "date": "2021-06-07",
                        "value": 0.24
                    },
                    {
                        "date": "2021-06-17",
                        "value": 0.35
                    },
                    {
                        "date": "2021-06-24",
                        "value": 0.47
                    },
                    {
                        "date": "2021-07-01",
                        "value": 0.59
                    },
                    {
                        "date": "2021-07-13",
                        "value": 0.83
                    },
                    {
                        "date": "2021-07-19",
                        "value": 0.9
                    },
                    {
                        "date": "2021-08-05",
                        "value": 0.98
                    },
                    {
                        "date": "2021-08-19",
                        "value": 1.08
                    }
                ],
                "CWID": [
                    {
                        "date": "2021-06-01",
                        "value": 0.12
                    },
                    {
                        "date": "2021-06-07",
                        "value": 0.23
                    },
                    {
                        "date": "2021-06-17",
                        "value": 0.38
                    },
                    {
                        "date": "2021-06-24",
                        "value": 0.48
                    },
                    {
                        "date": "2021-07-01",
                        "value": 0.56
                    },
                    {
                        "date": "2021-07-13",
                        "value": 0.67
                    },
                    {
                        "date": "2021-07-19",
                        "value": 0.71
                    },
                    {
                        "date": "2021-08-05",
                        "value": 0.75
                    },
                    {
                        "date": "2021-08-12",
                        "value": 0.85
                    },
                    {
                        "date": "2021-08-19",
                        "value": 1.02
                    },
                    {
                        "date": "2021-09-07",
                        "value": 1.02
                    }
                ],
                "pid": "63643f288ac54794e7f917a7"
            },
            "_id": "642464c28ac547060991e417",
            "ccid": "642464c28ac547060991e417"
        },
        {
            "type": "Feature",
            "geometry": {
                "type": "Point",
                "coordinates": [
                    33.07938642,
                    -111.9766486
                ]
            },
            "properties": {
                "cc_label": "p11-2E",
                "EDATE": "2021-05-01",
                "PLYRE": 2021,
                "PLDOE": 121,
                "LF1D": "2021-05-14",
                "pid": "63643f288ac54794e7f917a7"
            },
            "_id": "67ed5ffc8ac547a69e0373e4",
            "ccid": "67ed5ffc8ac547a69e0373e4"
        },
        {
            "type": "Feature",
            "geometry": {
                "type": "Point",
                "coordinates": [
                    33.07910023,
                    -111.97668325
                ]
            },
            "properties": {
                "cc_label": "p11-3N",
                "CHTD": [
                    {
                        "date": "2021-06-01",
                        "value": 0.15
                    },
                    {
                        "date": "2021-06-07",
                        "value": 0.26
                    },
                    {
                        "date": "2021-06-17",
                        "value": 0.37
                    },
                    {
                        "date": "2021-06-24",
                        "value": 0.47
                    },
                    {
                        "date": "2021-07-01",
                        "value": 0.63
                    },
                    {
                        "date": "2021-07-13",
                        "value": 0.95
                    },
                    {
                        "date": "2021-07-19",
                        "value": 1.15
                    },
                    {
                        "date": "2021-08-05",
                        "value": 1.34
                    },
                    {
                        "date": "2021-08-19",
                        "value": 1.6
                    }
                ],
                "CWID": [
                    {
                        "date": "2021-06-01",
                        "value": 0.13
                    },
                    {
                        "date": "2021-06-07",
                        "value": 0.24
                    },
                    {
                        "date": "2021-06-17",
                        "value": 0.37
                    },
                    {
                        "date": "2021-06-24",
                        "value": 0.47
                    },
                    {
                        "date": "2021-07-01",
                        "value": 0.63
                    },
                    {
                        "date": "2021-07-13",
                        "value": 0.86
                    },
                    {
                        "date": "2021-07-19",
                        "value": 0.93
                    },
                    {
                        "date": "2021-08-05",
                        "value": 1.02
                    },
                    {
                        "date": "2021-08-12",
                        "value": 1.02
                    },
                    {
                        "date": "2021-08-19",
                        "value": 1.02
                    },
                    {
                        "date": "2021-09-07",
                        "value": 1.02
                    }
                ],
                "pid": "63643f288ac54794e7f917a8"
            },
            "_id": "642464c28ac547060991e418",
            "ccid": "642464c28ac547060991e418"
        },
        {
            "type": "Feature",
            "geometry": {
                "type": "Point",
                "coordinates": [
                    33.07901003,
                    -111.97668388
                ]
            },
            "properties": {
                "cc_label": "p11-3M",
                "CHTD": [
                    {
                        "date": "2021-06-01",
                        "value": 0.16
                    },
                    {
                        "date": "2021-06-07",
                        "value": 0.26
                    },
                    {
                        "date": "2021-06-17",
                        "value": 0.35
                    },
                    {
                        "date": "2021-06-24",
                        "value": 0.46
                    },
                    {
                        "date": "2021-07-01",
                        "value": 0.58
                    },
                    {
                        "date": "2021-07-13",
                        "value": 0.81
                    },
                    {
                        "date": "2021-07-19",
                        "value": 1.02
                    },
                    {
                        "date": "2021-08-05",
                        "value": 1.22
                    },
                    {
                        "date": "2021-08-19",
                        "value": 1.49
                    }
                ],
                "CWID": [
                    {
                        "date": "2021-06-01",
                        "value": 0.13
                    },
                    {
                        "date": "2021-06-07",
                        "value": 0.24
                    },
                    {
                        "date": "2021-06-17",
                        "value": 0.37
                    },
                    {
                        "date": "2021-06-24",
                        "value": 0.48
                    },
                    {
                        "date": "2021-07-01",
                        "value": 0.61
                    },
                    {
                        "date": "2021-07-13",
                        "value": 0.78
                    },
                    {
                        "date": "2021-07-19",
                        "value": 0.86
                    },
                    {
                        "date": "2021-08-05",
                        "value": 0.95
                    },
                    {
                        "date": "2021-08-12",
                        "value": 1.02
                    },
                    {
                        "date": "2021-08-19",
                        "value": 1.02
                    },
                    {
                        "date": "2021-09-07",
                        "value": 1.02
                    }
                ],
                "PLPD": 7.2,
                "ADAT": "2021-06-30",
                "ADOY": 181,
                "NAWF": [
                    {
                        "date": "2021-07-01",
                        "value": 8.1
                    },
                    {
                        "date": "2021-07-13",
                        "value": 7.0
                    },
                    {
                        "date": "2021-07-19",
                        "value": 6.1
                    },
                    {
                        "date": "2021-08-05",
                        "value": 4.6
                    },
                    {
                        "date": "2021-08-12",
                        "value": 4.9
                    },
                    {
                        "date": "2021-08-26",
                        "value": 4.6
                    },
                    {
                        "date": "2021-09-07",
                        "value": 2.8
                    }
                ],
                "pid": "63643f288ac54794e7f917a8"
            },
            "_id": "642464c28ac547060991e419",
            "ccid": "642464c28ac547060991e419"
        },
        {
            "type": "Feature",
            "geometry": {
                "type": "Point",
                "coordinates": [
                    33.07891984,
                    -111.97668452
                ]
            },
            "properties": {
                "cc_label": "p11-3S",
                "CHTD": [
                    {
                        "date": "2021-06-01",
                        "value": 0.17
                    },
                    {
                        "date": "2021-06-07",
                        "value": 0.28
                    },
                    {
                        "date": "2021-06-17",
                        "value": 0.37
                    },
                    {
                        "date": "2021-06-24",
                        "value": 0.49
                    },
                    {
                        "date": "2021-07-01",
                        "value": 0.64
                    },
                    {
                        "date": "2021-07-13",
                        "value": 0.94
                    },
                    {
                        "date": "2021-07-19",
                        "value": 1.08
                    },
                    {
                        "date": "2021-08-05",
                        "value": 1.21
                    },
                    {
                        "date": "2021-08-19",
                        "value": 1.41
                    }
                ],
                "CWID": [
                    {
                        "date": "2021-06-01",
                        "value": 0.15
                    },
                    {
                        "date": "2021-06-07",
                        "value": 0.25
                    },
                    {
                        "date": "2021-06-17",
                        "value": 0.38
                    },
                    {
                        "date": "2021-06-24",
                        "value": 0.49
                    },
                    {
                        "date": "2021-07-01",
                        "value": 0.6
                    },
                    {
                        "date": "2021-07-13",
                        "value": 0.77
                    },
                    {
                        "date": "2021-07-19",
                        "value": 0.83
                    },
                    {
                        "date": "2021-08-05",
                        "value": 0.91
                    },
                    {
                        "date": "2021-08-12",
                        "value": 0.94
                    },
                    {
                        "date": "2021-08-19",
                        "value": 1.02
                    },
                    {
                        "date": "2021-09-07",
                        "value": 1.02
                    }
                ],
                "pid": "63643f288ac54794e7f917a8"
            },
            "_id": "642464c28ac547060991e41a",
            "ccid": "642464c28ac547060991e41a"
        },
        {
            "type": "Feature",
            "geometry": {
                "type": "Point",
                "coordinates": [
                    33.07902566,
                    -111.97665112
                ]
            },
            "properties": {
                "cc_label": "p11-3E",
                "EDATE": "2021-05-03",
                "PLYRE": 2021,
                "PLDOE": 123,
                "LF1D": "2021-05-15",
                "pid": "63643f288ac54794e7f917a8"
            },
            "_id": "67ed5ffc8ac547a69e0373e5",
            "ccid": "67ed5ffc8ac547a69e0373e5"
        },
        {
            "type": "Feature",
            "geometry": {
                "type": "Point",
                "coordinates": [
                    33.07873946,
                    -111.97668578
                ]
            },
            "properties": {
                "cc_label": "p11-4N",
                "CHTD": [
                    {
                        "date": "2021-06-01",
                        "value": 0.14
                    },
                    {
                        "date": "2021-06-07",
                        "value": 0.25
                    },
                    {
                        "date": "2021-06-17",
                        "value": 0.34
                    },
                    {
                        "date": "2021-06-24",
                        "value": 0.44
                    },
                    {
                        "date": "2021-07-01",
                        "value": 0.56
                    },
                    {
                        "date": "2021-07-13",
                        "value": 0.81
                    },
                    {
                        "date": "2021-07-19",
                        "value": 0.89
                    },
                    {
                        "date": "2021-08-05",
                        "value": 0.99
                    },
                    {
                        "date": "2021-08-19",
                        "value": 1.13
                    }
                ],
                "CWID": [
                    {
                        "date": "2021-06-01",
                        "value": 0.12
                    },
                    {
                        "date": "2021-06-07",
                        "value": 0.21
                    },
                    {
                        "date": "2021-06-17",
                        "value": 0.32
                    },
                    {
                        "date": "2021-06-24",
                        "value": 0.41
                    },
                    {
                        "date": "2021-07-01",
                        "value": 0.52
                    },
                    {
                        "date": "2021-07-13",
                        "value": 0.68
                    },
                    {
                        "date": "2021-07-19",
                        "value": 0.71
                    },
                    {
                        "date": "2021-08-05",
                        "value": 0.77
                    },
                    {
                        "date": "2021-08-12",
                        "value": 0.85
                    },
                    {
                        "date": "2021-08-19",
                        "value": 1.02
                    },
                    {
                        "date": "2021-09-07",
                        "value": 1.02
                    }
                ],
                "pid": "63643f288ac54794e7f917a9"
            },
            "_id": "642464c28ac547060991e41b",
            "ccid": "642464c28ac547060991e41b"
        },
        {
            "type": "Feature",
            "geometry": {
                "type": "Point",
                "coordinates": [
                    33.07864927,
                    -111.97668641
                ]
            },
            "properties": {
                "cc_label": "p11-4M",
                "CHTD": [
                    {
                        "date": "2021-06-01",
                        "value": 0.15
                    },
                    {
                        "date": "2021-06-07",
                        "value": 0.25
                    },
                    {
                        "date": "2021-06-17",
                        "value": 0.36
                    },
                    {
                        "date": "2021-06-24",
                        "value": 0.47
                    },
                    {
                        "date": "2021-07-01",
                        "value": 0.62
                    },
                    {
                        "date": "2021-07-13",
                        "value": 0.93
                    },
                    {
                        "date": "2021-07-19",
                        "value": 1.02
                    },
                    {
                        "date": "2021-08-05",
                        "value": 1.14
                    },
                    {
                        "date": "2021-08-19",
                        "value": 1.31
                    }
                ],
                "CWID": [
                    {
                        "date": "2021-06-01",
                        "value": 0.14
                    },
                    {
                        "date": "2021-06-07",
                        "value": 0.24
                    },
                    {
                        "date": "2021-06-17",
                        "value": 0.37
                    },
                    {
                        "date": "2021-06-24",
                        "value": 0.47
                    },
                    {
                        "date": "2021-07-01",
                        "value": 0.56
                    },
                    {
                        "date": "2021-07-13",
                        "value": 0.69
                    },
                    {
                        "date": "2021-07-19",
                        "value": 0.73
                    },
                    {
                        "date": "2021-08-05",
                        "value": 0.8
                    },
                    {
                        "date": "2021-08-12",
                        "value": 0.88
                    },
                    {
                        "date": "2021-08-19",
                        "value": 1.02
                    },
                    {
                        "date": "2021-09-07",
                        "value": 1.02
                    }
                ],
                "PLPD": 8.3,
                "ADAT": "2021-06-27",
                "ADOY": 178,
                "NAWF": [
                    {
                        "date": "2021-07-01",
                        "value": 7.6
                    },
                    {
                        "date": "2021-07-13",
                        "value": 5.9
                    },
                    {
                        "date": "2021-07-19",
                        "value": 6.0
                    },
                    {
                        "date": "2021-08-05",
                        "value": 3.8
                    },
                    {
                        "date": "2021-08-12",
                        "value": 5.4
                    },
                    {
                        "date": "2021-08-26",
                        "value": 5.0
                    },
                    {
                        "date": "2021-09-07",
                        "value": 2.9
                    }
                ],
                "pid": "63643f288ac54794e7f917a9"
            },
            "_id": "642464c28ac547060991e41c",
            "ccid": "642464c28ac547060991e41c"
        },
        {
            "type": "Feature",
            "geometry": {
                "type": "Point",
                "coordinates": [
                    33.07855907,
                    -111.97668704
                ]
            },
            "properties": {
                "cc_label": "p11-4S",
                "CHTD": [
                    {
                        "date": "2021-06-01",
                        "value": 0.15
                    },
                    {
                        "date": "2021-06-07",
                        "value": 0.23
                    },
                    {
                        "date": "2021-06-17",
                        "value": 0.31
                    },
                    {
                        "date": "2021-06-24",
                        "value": 0.38
                    },
                    {
                        "date": "2021-07-01",
                        "value": 0.46
                    },
                    {
                        "date": "2021-07-13",
                        "value": 0.66
                    },
                    {
                        "date": "2021-07-19",
                        "value": 0.72
                    },
                    {
                        "date": "2021-08-05",
                        "value": 0.81
                    },
                    {
                        "date": "2021-08-19",
                        "value": 0.95
                    },
                    {
                        "date": "2021-09-07",
                        "value": 1.28
                    }
                ],
                "CWID": [
                    {
                        "date": "2021-06-01",
                        "value": 0.14
                    },
                    {
                        "date": "2021-06-07",
                        "value": 0.23
                    },
                    {
                        "date": "2021-06-17",
                        "value": 0.32
                    },
                    {
                        "date": "2021-06-24",
                        "value": 0.39
                    },
                    {
                        "date": "2021-07-01",
                        "value": 0.45
                    },
                    {
                        "date": "2021-07-13",
                        "value": 0.54
                    },
                    {
                        "date": "2021-07-19",
                        "value": 0.58
                    },
                    {
                        "date": "2021-08-05",
                        "value": 0.65
                    },
                    {
                        "date": "2021-08-12",
                        "value": 0.77
                    },
                    {
                        "date": "2021-08-19",
                        "value": 1.02
                    },
                    {
                        "date": "2021-09-07",
                        "value": 1.02
                    }
                ],
                "pid": "63643f288ac54794e7f917a9"
            },
            "_id": "642464c28ac547060991e41d",
            "ccid": "642464c28ac547060991e41d"
        },
        {
            "type": "Feature",
            "geometry": {
                "type": "Point",
                "coordinates": [
                    33.07866489,
                    -111.97665364
                ]
            },
            "properties": {
                "cc_label": "p11-4E",
                "EDATE": "2021-05-03",
                "PLYRE": 2021,
                "PLDOE": 122,
                "LF1D": "2021-05-18",
                "pid": "63643f288ac54794e7f917a9"
            },
            "_id": "67ed5ffc8ac547a69e0373e6",
            "ccid": "67ed5ffc8ac547a69e0373e6"
        },
        {
            "type": "Feature",
            "geometry": {
                "type": "Point",
                "coordinates": [
                    33.079821,
                    -111.97652582
                ]
            },
            "properties": {
                "cc_label": "p12-1N",
                "CHTD": [
                    {
                        "date": "2021-06-01",
                        "value": 0.14
                    },
                    {
                        "date": "2021-06-07",
                        "value": 0.2
                    },
                    {
                        "date": "2021-06-17",
                        "value": 0.27
                    },
                    {
                        "date": "2021-06-24",
                        "value": 0.35
                    },
                    {
                        "date": "2021-07-01",
                        "value": 0.52
                    },
                    {
                        "date": "2021-07-13",
                        "value": 0.87
                    },
                    {
                        "date": "2021-07-19",
                        "value": 1.05
                    },
                    {
                        "date": "2021-08-05",
                        "value": 1.22
                    },
                    {
                        "date": "2021-08-19",
                        "value": 1.46
                    }
                ],
                "CWID": [
                    {
                        "date": "2021-06-01",
                        "value": 0.11
                    },
                    {
                        "date": "2021-06-07",
                        "value": 0.21
                    },
                    {
                        "date": "2021-06-17",
                        "value": 0.33
                    },
                    {
                        "date": "2021-06-24",
                        "value": 0.42
                    },
                    {
                        "date": "2021-07-01",
                        "value": 0.54
                    },
                    {
                        "date": "2021-07-13",
                        "value": 0.71
                    },
                    {
                        "date": "2021-07-19",
                        "value": 0.81
                    },
                    {
                        "date": "2021-08-05",
                        "value": 0.95
                    },
                    {
                        "date": "2021-08-12",
                        "value": 1.02
                    },
                    {
                        "date": "2021-08-19",
                        "value": 1.02
                    },
                    {
                        "date": "2021-09-07",
                        "value": 1.02
                    }
                ],
                "pid": "63643f288ac54794e7f917aa"
            },
            "_id": "642464c28ac547060991e41e",
            "ccid": "642464c28ac547060991e41e"
        },
        {
            "type": "Feature",
            "geometry": {
                "type": "Point",
                "coordinates": [
                    33.07973081,
                    -111.97652645
                ]
            },
            "properties": {
                "cc_label": "p12-1M",
                "CHTD": [
                    {
                        "date": "2021-06-01",
                        "value": 0.1
                    },
                    {
                        "date": "2021-06-07",
                        "value": 0.13
                    },
                    {
                        "date": "2021-06-17",
                        "value": 0.19
                    },
                    {
                        "date": "2021-06-24",
                        "value": 0.25
                    },
                    {
                        "date": "2021-07-01",
                        "value": 0.36
                    },
                    {
                        "date": "2021-07-13",
                        "value": 0.59
                    },
                    {
                        "date": "2021-07-19",
                        "value": 0.78
                    },
                    {
                        "date": "2021-08-05",
                        "value": 0.99
                    },
                    {
                        "date": "2021-08-19",
                        "value": 1.28
                    }
                ],
                "CWID": [
                    {
                        "date": "2021-06-01",
                        "value": 0.08
                    },
                    {
                        "date": "2021-06-07",
                        "value": 0.14
                    },
                    {
                        "date": "2021-06-17",
                        "value": 0.23
                    },
                    {
                        "date": "2021-06-24",
                        "value": 0.31
                    },
                    {
                        "date": "2021-07-01",
                        "value": 0.41
                    },
                    {
                        "date": "2021-07-13",
                        "value": 0.57
                    },
                    {
                        "date": "2021-07-19",
                        "value": 0.69
                    },
                    {
                        "date": "2021-08-05",
                        "value": 0.87
                    },
                    {
                        "date": "2021-08-12",
                        "value": 1.02
                    },
                    {
                        "date": "2021-08-19",
                        "value": 1.02
                    },
                    {
                        "date": "2021-09-07",
                        "value": 1.02
                    }
                ],
                "PLPD": 8.3,
                "ADAT": "2021-06-30",
                "ADOY": 180,
                "NAWF": [
                    {
                        "date": "2021-07-01",
                        "value": 8.1
                    },
                    {
                        "date": "2021-07-13",
                        "value": 7.6
                    },
                    {
                        "date": "2021-07-19",
                        "value": 6.3
                    },
                    {
                        "date": "2021-08-05",
                        "value": 5.2
                    },
                    {
                        "date": "2021-08-12",
                        "value": 4.9
                    },
                    {
                        "date": "2021-08-26",
                        "value": 3.8
                    },
                    {
                        "date": "2021-09-07",
                        "value": 2.7
                    }
                ],
                "pid": "63643f288ac54794e7f917aa"
            },
            "_id": "642464c28ac547060991e41f",
            "ccid": "642464c28ac547060991e41f"
        },
        {
            "type": "Feature",
            "geometry": {
                "type": "Point",
                "coordinates": [
                    33.07964062,
                    -111.97652708
                ]
            },
            "properties": {
                "cc_label": "p12-1S",
                "CHTD": [
                    {
                        "date": "2021-06-01",
                        "value": 0.05
                    },
                    {
                        "date": "2021-06-07",
                        "value": 0.08
                    },
                    {
                        "date": "2021-06-17",
                        "value": 0.12
                    },
                    {
                        "date": "2021-06-24",
                        "value": 0.17
                    },
                    {
                        "date": "2021-07-01",
                        "value": 0.31
                    },
                    {
                        "date": "2021-07-13",
                        "value": 0.6
                    },
                    {
                        "date": "2021-07-19",
                        "value": 0.72
                    },
                    {
                        "date": "2021-08-05",
                        "value": 0.83
                    },
                    {
                        "date": "2021-08-19",
                        "value": 0.98
                    },
                    {
                        "date": "2021-09-07",
                        "value": 1.19
                    }
                ],
                "CWID": [
                    {
                        "date": "2021-06-01",
                        "value": 0.04
                    },
                    {
                        "date": "2021-06-07",
                        "value": 0.11
                    },
                    {
                        "date": "2021-06-17",
                        "value": 0.39
                    },
                    {
                        "date": "2021-06-24",
                        "value": 0.25
                    },
                    {
                        "date": "2021-07-01",
                        "value": 0.37
                    },
                    {
                        "date": "2021-07-13",
                        "value": 0.55
                    },
                    {
                        "date": "2021-07-19",
                        "value": 0.62
                    },
                    {
                        "date": "2021-08-05",
                        "value": 0.73
                    },
                    {
                        "date": "2021-08-12",
                        "value": 0.86
                    },
                    {
                        "date": "2021-08-19",
                        "value": 1.02
                    },
                    {
                        "date": "2021-09-07",
                        "value": 1.02
                    }
                ],
                "pid": "63643f288ac54794e7f917aa"
            },
            "_id": "642464c28ac547060991e420",
            "ccid": "642464c28ac547060991e420"
        },
        {
            "type": "Feature",
            "geometry": {
                "type": "Point",
                "coordinates": [
                    33.07974643,
                    -111.97649369
                ]
            },
            "properties": {
                "cc_label": "p12-1E",
                "EDATE": "2021-05-02",
                "PLYRE": 2021,
                "PLDOE": 122,
                "LF1D": "2021-05-15",
                "pid": "63643f288ac54794e7f917aa"
            },
            "_id": "67ed5ffc8ac547a69e0373e7",
            "ccid": "67ed5ffc8ac547a69e0373e7"
        },
        {
            "type": "Feature",
            "geometry": {
                "type": "Point",
                "coordinates": [
                    33.07946024,
                    -111.97652835
                ]
            },
            "properties": {
                "cc_label": "p12-2N",
                "CHTD": [
                    {
                        "date": "2021-06-01",
                        "value": 0.11
                    },
                    {
                        "date": "2021-06-07",
                        "value": 0.18
                    },
                    {
                        "date": "2021-06-17",
                        "value": 0.26
                    },
                    {
                        "date": "2021-06-24",
                        "value": 0.33
                    },
                    {
                        "date": "2021-07-01",
                        "value": 0.5
                    },
                    {
                        "date": "2021-07-13",
                        "value": 0.96
                    },
                    {
                        "date": "2021-07-19",
                        "value": 1.12
                    },
                    {
                        "date": "2021-08-05",
                        "value": 1.27
                    },
                    {
                        "date": "2021-08-19",
                        "value": 1.49
                    }
                ],
                "CWID": [
                    {
                        "date": "2021-06-01",
                        "value": 0.09
                    },
                    {
                        "date": "2021-06-07",
                        "value": 0.2
                    },
                    {
                        "date": "2021-06-17",
                        "value": 0.34
                    },
                    {
                        "date": "2021-06-24",
                        "value": 0.44
                    },
                    {
                        "date": "2021-07-01",
                        "value": 0.58
                    },
                    {
                        "date": "2021-07-13",
                        "value": 0.79
                    },
                    {
                        "date": "2021-07-19",
                        "value": 0.87
                    },
                    {
                        "date": "2021-08-05",
                        "value": 1.02
                    },
                    {
                        "date": "2021-08-12",
                        "value": 1.02
                    },
                    {
                        "date": "2021-08-19",
                        "value": 1.02
                    },
                    {
                        "date": "2021-09-07",
                        "value": 1.02
                    }
                ],
                "pid": "63643f288ac54794e7f917ab"
            },
            "_id": "642464c28ac547060991e421",
            "ccid": "642464c28ac547060991e421"
        },
        {
            "type": "Feature",
            "geometry": {
                "type": "Point",
                "coordinates": [
                    33.07937005,
                    -111.97652898
                ]
            },
            "properties": {
                "cc_label": "p12-2M",
                "CHTD": [
                    {
                        "date": "2021-06-01",
                        "value": 0.09
                    },
                    {
                        "date": "2021-06-07",
                        "value": 0.16
                    },
                    {
                        "date": "2021-06-17",
                        "value": 0.23
                    },
                    {
                        "date": "2021-06-24",
                        "value": 0.31
                    },
                    {
                        "date": "2021-07-01",
                        "value": 0.45
                    },
                    {
                        "date": "2021-07-13",
                        "value": 0.72
                    },
                    {
                        "date": "2021-07-19",
                        "value": 0.92
                    },
                    {
                        "date": "2021-08-05",
                        "value": 1.13
                    },
                    {
                        "date": "2021-08-19",
                        "value": 1.41
                    }
                ],
                "CWID": [
                    {
                        "date": "2021-06-01",
                        "value": 0.07
                    },
                    {
                        "date": "2021-06-07",
                        "value": 0.17
                    },
                    {
                        "date": "2021-06-17",
                        "value": 0.33
                    },
                    {
                        "date": "2021-06-24",
                        "value": 0.45
                    },
                    {
                        "date": "2021-07-01",
                        "value": 0.51
                    },
                    {
                        "date": "2021-07-13",
                        "value": 0.59
                    },
                    {
                        "date": "2021-07-19",
                        "value": 0.74
                    },
                    {
                        "date": "2021-08-05",
                        "value": 1.02
                    },
                    {
                        "date": "2021-08-12",
                        "value": 1.02
                    },
                    {
                        "date": "2021-08-19",
                        "value": 1.02
                    },
                    {
                        "date": "2021-09-07",
                        "value": 1.02
                    }
                ],
                "PLPD": 8.5,
                "ADAT": "2021-06-30",
                "ADOY": 181,
                "NAWF": [
                    {
                        "date": "2021-07-01",
                        "value": 7.8
                    },
                    {
                        "date": "2021-07-13",
                        "value": 7.2
                    },
                    {
                        "date": "2021-07-19",
                        "value": 6.2
                    },
                    {
                        "date": "2021-08-05",
                        "value": 4.6
                    },
                    {
                        "date": "2021-08-12",
                        "value": 5.2
                    },
                    {
                        "date": "2021-08-26",
                        "value": 5.0
                    },
                    {
                        "date": "2021-09-07",
                        "value": 3.4
                    }
                ],
                "pid": "63643f288ac54794e7f917ab"
            },
            "_id": "642464c28ac547060991e422",
            "ccid": "642464c28ac547060991e422"
        },
        {
            "type": "Feature",
            "geometry": {
                "type": "Point",
                "coordinates": [
                    33.07927985,
                    -111.97652961
                ]
            },
            "properties": {
                "cc_label": "p12-2S",
                "CHTD": [
                    {
                        "date": "2021-06-01",
                        "value": 0.13
                    },
                    {
                        "date": "2021-06-07",
                        "value": 0.2
                    },
                    {
                        "date": "2021-06-17",
                        "value": 0.28
                    },
                    {
                        "date": "2021-06-24",
                        "value": 0.37
                    },
                    {
                        "date": "2021-07-01",
                        "value": 0.52
                    },
                    {
                        "date": "2021-07-13",
                        "value": 0.83
                    },
                    {
                        "date": "2021-07-19",
                        "value": 1.08
                    },
                    {
                        "date": "2021-08-05",
                        "value": 1.31
                    },
                    {
                        "date": "2021-08-19",
                        "value": 1.62
                    },
                    {
                        "date": "2021-09-07",
                        "value": 1.91
                    }
                ],
                "CWID": [
                    {
                        "date": "2021-06-01",
                        "value": 0.13
                    },
                    {
                        "date": "2021-06-07",
                        "value": 0.24
                    },
                    {
                        "date": "2021-06-17",
                        "value": 0.37
                    },
                    {
                        "date": "2021-06-24",
                        "value": 0.47
                    },
                    {
                        "date": "2021-07-01",
                        "value": 0.6
                    },
                    {
                        "date": "2021-07-13",
                        "value": 0.79
                    },
                    {
                        "date": "2021-07-19",
                        "value": 0.85
                    },
                    {
                        "date": "2021-08-05",
                        "value": 1.02
                    },
                    {
                        "date": "2021-08-12",
                        "value": 1.02
                    },
                    {
                        "date": "2021-08-19",
                        "value": 1.02
                    },
                    {
                        "date": "2021-09-07",
                        "value": 1.02
                    }
                ],
                "pid": "63643f288ac54794e7f917ab"
            },
            "_id": "642464c28ac547060991e423",
            "ccid": "642464c28ac547060991e423"
        },
        {
            "type": "Feature",
            "geometry": {
                "type": "Point",
                "coordinates": [
                    33.07938567,
                    -111.97649621
                ]
            },
            "properties": {
                "cc_label": "p12-2E",
                "EDATE": "2021-05-02",
                "PLYRE": 2021,
                "PLDOE": 122,
                "LF1D": "2021-05-16",
                "pid": "63643f288ac54794e7f917ab"
            },
            "_id": "67ed5ffc8ac547a69e0373e8",
            "ccid": "67ed5ffc8ac547a69e0373e8"
        },
        {
            "type": "Feature",
            "geometry": {
                "type": "Point",
                "coordinates": [
                    33.07909947,
                    -111.97653087
                ]
            },
            "properties": {
                "cc_label": "p12-3N",
                "CHTD": [
                    {
                        "date": "2021-06-01",
                        "value": 0.13
                    },
                    {
                        "date": "2021-06-07",
                        "value": 0.17
                    },
                    {
                        "date": "2021-06-17",
                        "value": 0.24
                    },
                    {
                        "date": "2021-06-24",
                        "value": 0.29
                    },
                    {
                        "date": "2021-07-01",
                        "value": 0.45
                    },
                    {
                        "date": "2021-07-13",
                        "value": 0.73
                    },
                    {
                        "date": "2021-07-19",
                        "value": 0.92
                    },
                    {
                        "date": "2021-08-05",
                        "value": 1.11
                    },
                    {
                        "date": "2021-08-19",
                        "value": 1.36
                    }
                ],
                "CWID": [
                    {
                        "date": "2021-06-01",
                        "value": 0.1
                    },
                    {
                        "date": "2021-06-07",
                        "value": 0.15
                    },
                    {
                        "date": "2021-06-17",
                        "value": 0.26
                    },
                    {
                        "date": "2021-06-24",
                        "value": 0.36
                    },
                    {
                        "date": "2021-07-01",
                        "value": 0.48
                    },
                    {
                        "date": "2021-07-13",
                        "value": 0.68
                    },
                    {
                        "date": "2021-07-19",
                        "value": 0.76
                    },
                    {
                        "date": "2021-08-05",
                        "value": 0.89
                    },
                    {
                        "date": "2021-08-12",
                        "value": 1.02
                    },
                    {
                        "date": "2021-08-19",
                        "value": 1.02
                    },
                    {
                        "date": "2021-09-07",
                        "value": 1.02
                    }
                ],
                "pid": "63643f288ac54794e7f917ac"
            },
            "_id": "642464c28ac547060991e424",
            "ccid": "642464c28ac547060991e424"
        },
        {
            "type": "Feature",
            "geometry": {
                "type": "Point",
                "coordinates": [
                    33.07900928,
                    -111.9765315
                ]
            },
            "properties": {
                "cc_label": "p12-3M",
                "CHTD": [
                    {
                        "date": "2021-06-01",
                        "value": 0.12
                    },
                    {
                        "date": "2021-06-07",
                        "value": 0.17
                    },
                    {
                        "date": "2021-06-17",
                        "value": 0.23
                    },
                    {
                        "date": "2021-06-24",
                        "value": 0.28
                    },
                    {
                        "date": "2021-07-01",
                        "value": 0.45
                    },
                    {
                        "date": "2021-07-13",
                        "value": 0.78
                    },
                    {
                        "date": "2021-07-19",
                        "value": 0.92
                    },
                    {
                        "date": "2021-08-05",
                        "value": 1.05
                    },
                    {
                        "date": "2021-08-19",
                        "value": 1.23
                    }
                ],
                "CWID": [
                    {
                        "date": "2021-06-01",
                        "value": 0.1
                    },
                    {
                        "date": "2021-06-07",
                        "value": 0.15
                    },
                    {
                        "date": "2021-06-17",
                        "value": 0.27
                    },
                    {
                        "date": "2021-06-24",
                        "value": 0.36
                    },
                    {
                        "date": "2021-07-01",
                        "value": 0.47
                    },
                    {
                        "date": "2021-07-13",
                        "value": 0.67
                    },
                    {
                        "date": "2021-07-19",
                        "value": 0.74
                    },
                    {
                        "date": "2021-08-05",
                        "value": 0.88
                    },
                    {
                        "date": "2021-08-12",
                        "value": 1.02
                    },
                    {
                        "date": "2021-08-19",
                        "value": 1.02
                    },
                    {
                        "date": "2021-09-07",
                        "value": 1.02
                    }
                ],
                "PLPD": 8.5,
                "ADAT": "2021-07-01",
                "ADOY": 182,
                "NAWF": [
                    {
                        "date": "2021-07-01",
                        "value": 8.6
                    },
                    {
                        "date": "2021-07-13",
                        "value": 7.6
                    },
                    {
                        "date": "2021-07-19",
                        "value": 6.7
                    },
                    {
                        "date": "2021-08-05",
                        "value": 5.8
                    },
                    {
                        "date": "2021-08-12",
                        "value": 5.0
                    },
                    {
                        "date": "2021-08-26",
                        "value": 4.0
                    },
                    {
                        "date": "2021-09-07",
                        "value": 2.4
                    }
                ],
                "pid": "63643f288ac54794e7f917ac"
            },
            "_id": "642464c28ac547060991e425",
            "ccid": "642464c28ac547060991e425"
        },
        {
            "type": "Feature",
            "geometry": {
                "type": "Point",
                "coordinates": [
                    33.07891909,
                    -111.97653213
                ]
            },
            "properties": {
                "cc_label": "p12-3S",
                "CHTD": [
                    {
                        "date": "2021-06-01",
                        "value": 0.08
                    },
                    {
                        "date": "2021-06-07",
                        "value": 0.11
                    },
                    {
                        "date": "2021-06-17",
                        "value": 0.15
                    },
                    {
                        "date": "2021-06-24",
                        "value": 0.2
                    },
                    {
                        "date": "2021-07-01",
                        "value": 0.67
                    },
                    {
                        "date": "2021-07-13",
                        "value": 0.7
                    },
                    {
                        "date": "2021-07-19",
                        "value": 0.79
                    },
                    {
                        "date": "2021-08-05",
                        "value": 0.89
                    },
                    {
                        "date": "2021-08-19",
                        "value": 1.03
                    }
                ],
                "CWID": [
                    {
                        "date": "2021-06-01",
                        "value": 0.09
                    },
                    {
                        "date": "2021-06-07",
                        "value": 0.15
                    },
                    {
                        "date": "2021-06-17",
                        "value": 0.22
                    },
                    {
                        "date": "2021-06-24",
                        "value": 0.27
                    },
                    {
                        "date": "2021-07-01",
                        "value": 0.39
                    },
                    {
                        "date": "2021-07-13",
                        "value": 0.58
                    },
                    {
                        "date": "2021-07-19",
                        "value": 0.66
                    },
                    {
                        "date": "2021-08-05",
                        "value": 0.8
                    },
                    {
                        "date": "2021-08-12",
                        "value": 1.02
                    },
                    {
                        "date": "2021-08-19",
                        "value": 1.02
                    },
                    {
                        "date": "2021-09-07",
                        "value": 1.02
                    }
                ],
                "pid": "63643f288ac54794e7f917ac"
            },
            "_id": "642464c28ac547060991e426",
            "ccid": "642464c28ac547060991e426"
        },
        {
            "type": "Feature",
            "geometry": {
                "type": "Point",
                "coordinates": [
                    33.0790249,
                    -111.97649874
                ]
            },
            "properties": {
                "cc_label": "p12-3E",
                "EDATE": "2021-05-02",
                "PLYRE": 2021,
                "PLDOE": 122,
                "LF1D": "2021-05-15",
                "pid": "63643f288ac54794e7f917ac"
            },
            "_id": "67ed5ffc8ac547a69e0373e9",
            "ccid": "67ed5ffc8ac547a69e0373e9"
        },
        {
            "type": "Feature",
            "geometry": {
                "type": "Point",
                "coordinates": [
                    33.0787387,
                    -111.97653339
                ]
            },
            "properties": {
                "cc_label": "p12-4N",
                "CHTD": [
                    {
                        "date": "2021-06-01",
                        "value": 0.1
                    },
                    {
                        "date": "2021-06-07",
                        "value": 0.15
                    },
                    {
                        "date": "2021-06-17",
                        "value": 0.22
                    },
                    {
                        "date": "2021-06-24",
                        "value": 0.28
                    },
                    {
                        "date": "2021-07-01",
                        "value": 0.45
                    },
                    {
                        "date": "2021-07-13",
                        "value": 0.78
                    },
                    {
                        "date": "2021-07-19",
                        "value": 0.91
                    },
                    {
                        "date": "2021-08-05",
                        "value": 1.04
                    },
                    {
                        "date": "2021-08-19",
                        "value": 1.22
                    }
                ],
                "CWID": [
                    {
                        "date": "2021-06-01",
                        "value": 0.09
                    },
                    {
                        "date": "2021-06-07",
                        "value": 0.16
                    },
                    {
                        "date": "2021-06-17",
                        "value": 0.24
                    },
                    {
                        "date": "2021-06-24",
                        "value": 0.31
                    },
                    {
                        "date": "2021-07-01",
                        "value": 0.44
                    },
                    {
                        "date": "2021-07-13",
                        "value": 0.64
                    },
                    {
                        "date": "2021-07-19",
                        "value": 0.7
                    },
                    {
                        "date": "2021-08-05",
                        "value": 0.78
                    },
                    {
                        "date": "2021-08-12",
                        "value": 0.86
                    },
                    {
                        "date": "2021-08-19",
                        "value": 1.02
                    },
                    {
                        "date": "2021-09-07",
                        "value": 1.02
                    }
                ],
                "pid": "63643f288ac54794e7f917ad"
            },
            "_id": "642464c28ac547060991e427",
            "ccid": "642464c28ac547060991e427"
        },
        {
            "type": "Feature",
            "geometry": {
                "type": "Point",
                "coordinates": [
                    33.07864851,
                    -111.97653403
                ]
            },
            "properties": {
                "cc_label": "p12-4M",
                "CHTD": [
                    {
                        "date": "2021-06-01",
                        "value": 0.1
                    },
                    {
                        "date": "2021-06-07",
                        "value": 0.14
                    },
                    {
                        "date": "2021-06-17",
                        "value": 0.19
                    },
                    {
                        "date": "2021-06-24",
                        "value": 0.24
                    },
                    {
                        "date": "2021-07-01",
                        "value": 0.34
                    },
                    {
                        "date": "2021-07-13",
                        "value": 0.53
                    },
                    {
                        "date": "2021-07-19",
                        "value": 0.58
                    },
                    {
                        "date": "2021-08-05",
                        "value": 0.66
                    },
                    {
                        "date": "2021-08-19",
                        "value": 0.76
                    },
                    {
                        "date": "2021-09-07",
                        "value": 1.0
                    }
                ],
                "CWID": [
                    {
                        "date": "2021-06-01",
                        "value": 0.1
                    },
                    {
                        "date": "2021-06-07",
                        "value": 0.17
                    },
                    {
                        "date": "2021-06-17",
                        "value": 0.25
                    },
                    {
                        "date": "2021-06-24",
                        "value": 0.32
                    },
                    {
                        "date": "2021-07-01",
                        "value": 0.37
                    },
                    {
                        "date": "2021-07-13",
                        "value": 0.44
                    },
                    {
                        "date": "2021-07-19",
                        "value": 0.45
                    },
                    {
                        "date": "2021-08-05",
                        "value": 0.51
                    },
                    {
                        "date": "2021-08-12",
                        "value": 0.49
                    },
                    {
                        "date": "2021-08-19",
                        "value": 0.81
                    },
                    {
                        "date": "2021-09-07",
                        "value": 1.02
                    }
                ],
                "PLPD": 6.8,
                "ADAT": "2021-06-30",
                "ADOY": 181,
                "NAWF": [
                    {
                        "date": "2021-07-01",
                        "value": 8.3
                    },
                    {
                        "date": "2021-07-13",
                        "value": 6.1
                    },
                    {
                        "date": "2021-07-19",
                        "value": 6.6
                    },
                    {
                        "date": "2021-08-05",
                        "value": 4.4
                    },
                    {
                        "date": "2021-08-12",
                        "value": 5.3
                    },
                    {
                        "date": "2021-08-26",
                        "value": 5.1
                    },
                    {
                        "date": "2021-09-07",
                        "value": 2.9
                    }
                ],
                "pid": "63643f288ac54794e7f917ad"
            },
            "_id": "642464c28ac547060991e428",
            "ccid": "642464c28ac547060991e428"
        },
        {
            "type": "Feature",
            "geometry": {
                "type": "Point",
                "coordinates": [
                    33.07855832,
                    -111.97653466
                ]
            },
            "properties": {
                "cc_label": "p12-4S",
                "CHTD": [
                    {
                        "date": "2021-06-01",
                        "value": 0.13
                    },
                    {
                        "date": "2021-06-07",
                        "value": 0.2
                    },
                    {
                        "date": "2021-06-17",
                        "value": 0.27
                    },
                    {
                        "date": "2021-06-24",
                        "value": 0.35
                    },
                    {
                        "date": "2021-07-01",
                        "value": 0.53
                    },
                    {
                        "date": "2021-07-13",
                        "value": 0.87
                    },
                    {
                        "date": "2021-07-19",
                        "value": 1.0
                    },
                    {
                        "date": "2021-08-05",
                        "value": 1.12
                    },
                    {
                        "date": "2021-08-19",
                        "value": 1.59
                    },
                    {
                        "date": "2021-09-07",
                        "value": 1.76
                    }
                ],
                "CWID": [
                    {
                        "date": "2021-06-01",
                        "value": 0.11
                    },
                    {
                        "date": "2021-06-07",
                        "value": 0.22
                    },
                    {
                        "date": "2021-06-17",
                        "value": 0.35
                    },
                    {
                        "date": "2021-06-24",
                        "value": 0.45
                    },
                    {
                        "date": "2021-07-01",
                        "value": 0.57
                    },
                    {
                        "date": "2021-07-13",
                        "value": 0.76
                    },
                    {
                        "date": "2021-07-19",
                        "value": 0.7
                    },
                    {
                        "date": "2021-08-05",
                        "value": 0.6
                    },
                    {
                        "date": "2021-08-12",
                        "value": 0.63
                    },
                    {
                        "date": "2021-08-19",
                        "value": 0.92
                    },
                    {
                        "date": "2021-09-07",
                        "value": 1.02
                    }
                ],
                "pid": "63643f288ac54794e7f917ad"
            },
            "_id": "642464c28ac547060991e429",
            "ccid": "642464c28ac547060991e429"
        },
        {
            "type": "Feature",
            "geometry": {
                "type": "Point",
                "coordinates": [
                    33.07866413,
                    -111.97650126
                ]
            },
            "properties": {
                "cc_label": "p12-4E",
                "EDATE": "2021-05-02",
                "PLYRE": 2021,
                "PLDOE": 122,
                "LF1D": "2021-05-16",
                "pid": "63643f288ac54794e7f917ad"
            },
            "_id": "67ed5ffc8ac547a69e0373ea",
            "ccid": "67ed5ffc8ac547a69e0373ea"
        }
    ]
}