{
    "type": "FeatureCollection",
    "features": [
        {
            "type": "Feature",
            "geometry": {
                "type": "Point",
                "coordinates": [
                    33.07978821,
                    -111.9748469
                ]
            },
            "properties": {
                "sa_label": "2014-p01-1",
                "SOIL_DATE": "05/2014",
                "SLSND": {
                    "15": 55.12,
                    "45": 57.12,
                    "75": 63.12,
                    "105": 57.12,
                    "135": 67.12,
                    "165": 63.12
                },
                "SLSLT": {
                    "15": 16.72,
                    "45": 18.72,
                    "75": 12.72,
                    "105": 10.72,
                    "135": 14.0,
                    "165": 12.0
                },
                "SLCLY": {
                    "15": 28.16,
                    "45": 24.16,
                    "75": 24.16,
                    "105": 32.16,
                    "135": 18.88,
                    "165": 24.88
                },
                "SLTX": {
                    "15": "Sandy Clay Loam",
                    "45": "Sandy Clay Loam",
                    "75": "Sandy Clay Loam",
                    "105": "Sandy Clay Loam",
                    "135": "Sandy Loam",
                    "165": "Sandy Clay Loam"
                },
                "SLWP1": {
                    "15": 0.137,
                    "45": 0.149,
                    "75": 0.189,
                    "105": 0.14,
                    "135": 0.111,
                    "165": 0.115
                },
                "SLWP2": {
                    "15": 0.163,
                    "45": 0.154,
                    "75": 0.211,
                    "105": 0.155,
                    "135": 0.163,
                    "165": 0.131
                },
                "SLFC1": {
                    "15": 0.316,
                    "45": 0.255,
                    "75": 0.339,
                    "105": 0.262,
                    "135": 0.212,
                    "165": 0.211
                }
            },
            "_id": "684b226e8ac5476ed06f0cb3",
            "said": "684b226e8ac5476ed06f0cb3"
        },
        {
            "type": "Feature",
            "geometry": {
                "type": "Point",
                "coordinates": [
                    33.07952479,
                    -111.97484973
                ]
            },
            "properties": {
                "sa_label": "2014-p01-2",
                "SOIL_DATE": "05/2014",
                "SLSND": {
                    "15": 55.12,
                    "45": 51.12,
                    "75": 55.84,
                    "105": 63.84,
                    "135": 67.84,
                    "165": 69.84
                },
                "SLSLT": {
                    "15": 18.0,
                    "45": 16.0,
                    "75": 18.0,
                    "105": 10.0,
                    "135": 10.0,
                    "165": 10.0
                },
                "SLCLY": {
                    "15": 26.88,
                    "45": 32.88,
                    "75": 26.16,
                    "105": 26.16,
                    "135": 22.16,
                    "165": 20.16
                },
                "SLTX": {
                    "15": "Sandy Clay Loam",
                    "45": "Sandy Clay Loam",
                    "75": "Sandy Clay Loam",
                    "105": "Sandy Clay Loam",
                    "135": "Sandy Clay Loam",
                    "165": "Sandy Clay Loam"
                },
                "SLWP1": {
                    "15": 0.156,
                    "45": 0.199,
                    "75": 0.169,
                    "105": 0.125,
                    "135": 0.155,
                    "165": 0.104
                },
                "SLWP2": {
                    "15": 0.163,
                    "45": 0.199,
                    "75": 0.165,
                    "105": 0.166,
                    "135": 0.131,
                    "165": 0.12
                },
                "SLFC1": {
                    "15": 0.249,
                    "45": 0.324,
                    "75": 0.304,
                    "105": 0.235,
                    "135": 0.245,
                    "165": 0.227
                }
            },
            "_id": "684b226e8ac5476ed06f0cb4",
            "said": "684b226e8ac5476ed06f0cb4"
        },
        {
            "type": "Feature",
            "geometry": {
                "type": "Point",
                "coordinates": [
                    33.07926137,
                    -111.97485069
                ]
            },
            "properties": {
                "sa_label": "2014-p01-3",
                "SOIL_DATE": "05/2014",
                "SLSND": {
                    "15": 55.12,
                    "45": 55.12,
                    "75": 57.12,
                    "105": 59.12,
                    "135": 57.12,
                    "165": 65.12
                },
                "SLSLT": {
                    "15": 16.72,
                    "45": 14.72,
                    "75": 31.84,
                    "105": 10.72,
                    "135": 18.72,
                    "165": 14.72
                },
                "SLCLY": {
                    "15": 28.16,
                    "45": 30.16,
                    "75": 11.04,
                    "105": 30.16,
                    "135": 24.16,
                    "165": 20.16
                },
                "SLTX": {
                    "15": "Sandy Clay Loam",
                    "45": "Sandy Clay Loam",
                    "75": "Sandy Loam",
                    "105": "Sandy Clay Loam",
                    "135": "Sandy Clay Loam",
                    "165": "Sandy Clay Loam"
                },
                "SLWP1": {
                    "15": 0.206,
                    "45": 0.177,
                    "75": 0.171,
                    "105": 0.143,
                    "135": 0.148,
                    "165": 0.12
                },
                "SLWP2": {
                    "15": 0.233,
                    "45": 0.19,
                    "75": 0.148,
                    "105": 0.17,
                    "135": 0.143,
                    "165": 0.144
                },
                "SLFC1": {
                    "15": 0.362,
                    "45": 0.294,
                    "75": 0.329,
                    "105": 0.269,
                    "135": 0.278,
                    "165": 0.235
                }
            },
            "_id": "684b226e8ac5476ed06f0cb5",
            "said": "684b226e8ac5476ed06f0cb5"
        },
        {
            "type": "Feature",
            "geometry": {
                "type": "Point",
                "coordinates": [
                    33.07899795,
                    -111.97485311
                ]
            },
            "properties": {
                "sa_label": "2014-p01-4",
                "SOIL_DATE": "05/2014",
                "SLSND": {
                    "15": 53.12,
                    "45": 63.12,
                    "75": 65.12,
                    "105": 67.12,
                    "135": 67.12,
                    "165": 71.12
                },
                "SLSLT": {
                    "15": 22.72,
                    "45": 12.72,
                    "75": 12.72,
                    "105": 14.72,
                    "135": 12.72,
                    "165": 8.72
                },
                "SLCLY": {
                    "15": 24.16,
                    "45": 24.16,
                    "75": 22.16,
                    "105": 18.16,
                    "135": 20.16,
                    "165": 20.16
                },
                "SLTX": {
                    "15": "Sandy Clay Loam",
                    "45": "Sandy Clay Loam",
                    "75": "Sandy Clay Loam",
                    "105": "Sandy Loam",
                    "135": "Sandy Clay Loam",
                    "165": "Sandy Clay Loam"
                },
                "SLWP1": {
                    "15": 0.153,
                    "45": 0.13,
                    "75": 0.16,
                    "105": 0.118,
                    "135": 0.12,
                    "165": 0.102
                },
                "SLWP2": {
                    "15": 0.164,
                    "45": 0.141,
                    "75": 0.137,
                    "105": 0.121,
                    "135": 0.144,
                    "165": 0.12
                },
                "SLFC1": {
                    "15": 0.272,
                    "45": 0.24,
                    "75": 0.23,
                    "105": 0.215,
                    "135": 0.217,
                    "165": 0.181
                }
            },
            "_id": "684b226e8ac5476ed06f0cb6",
            "said": "684b226e8ac5476ed06f0cb6"
        },
        {
            "type": "Feature",
            "geometry": {
                "type": "Point",
                "coordinates": [
                    33.07873452,
                    -111.97485462
                ]
            },
            "properties": {
                "sa_label": "2014-p01-5",
                "SOIL_DATE": "05/2014",
                "SLSND": {
                    "15": 53.12,
                    "45": 57.12,
                    "75": 57.12,
                    "105": 59.12,
                    "135": 65.12,
                    "165": 53.12
                },
                "SLSLT": {
                    "15": 18.0,
                    "45": 18.0,
                    "75": 20.0,
                    "105": 10.0,
                    "135": 12.0,
                    "165": 20.0
                },
                "SLCLY": {
                    "15": 28.88,
                    "45": 24.88,
                    "75": 22.88,
                    "105": 30.88,
                    "135": 22.88,
                    "165": 26.88
                },
                "SLTX": {
                    "15": "Sandy Clay Loam",
                    "45": "Sandy Clay Loam",
                    "75": "Sandy Clay Loam",
                    "105": "Sandy Clay Loam",
                    "135": "Sandy Clay Loam",
                    "165": "Sandy Clay Loam"
                },
                "SLWP1": {
                    "15": 0.201,
                    "45": 0.218,
                    "75": 0.185,
                    "105": 0.164,
                    "135": 0.156,
                    "165": 0.138
                },
                "SLWP2": {
                    "15": 0.201,
                    "45": 0.2,
                    "75": 0.193,
                    "105": 0.165,
                    "135": 0.163
                },
                "SLFC1": {
                    "15": 0.317,
                    "45": 0.353,
                    "75": 0.297,
                    "105": 0.276,
                    "135": 0.312,
                    "165": 0.494
                }
            },
            "_id": "684b226e8ac5476ed06f0cb7",
            "said": "684b226e8ac5476ed06f0cb7"
        },
        {
            "type": "Feature",
            "geometry": {
                "type": "Point",
                "coordinates": [
                    33.07847111,
                    -111.9748564
                ]
            },
            "properties": {
                "sa_label": "2014-p01-6",
                "SOIL_DATE": "05/2014",
                "SLSND": {
                    "15": 57.12,
                    "45": 55.12,
                    "75": 60.4,
                    "105": 56.4,
                    "135": 52.4,
                    "165": 62.4
                },
                "SLSLT": {
                    "15": 14.0,
                    "45": 12.0,
                    "75": 22.72,
                    "105": 20.72,
                    "135": 26.72,
                    "165": 12.72
                },
                "SLCLY": {
                    "15": 28.88,
                    "45": 32.88,
                    "75": 16.88,
                    "105": 22.88,
                    "135": 20.88,
                    "165": 24.88
                },
                "SLTX": {
                    "15": "Sandy Clay Loam",
                    "45": "Sandy Clay Loam",
                    "75": "Sandy Loam",
                    "105": "Sandy Clay Loam",
                    "135": "Sandy Clay Loam",
                    "165": "Sandy Clay Loam"
                },
                "SLWP1": {
                    "15": 0.178,
                    "45": 0.203,
                    "75": 0.147,
                    "105": 0.147,
                    "135": 0.16,
                    "165": 0.133
                },
                "SLWP2": {
                    "15": 0.169,
                    "45": 0.206,
                    "105": 0.137,
                    "135": 0.161,
                    "165": 0.127
                },
                "SLFC1": {
                    "15": 0.274,
                    "45": 0.333,
                    "75": 0.214,
                    "105": 0.228,
                    "135": 0.258,
                    "165": 0.198
                }
            },
            "_id": "684b226e8ac5476ed06f0cb8",
            "said": "684b226e8ac5476ed06f0cb8"
        },
        {
            "type": "Feature",
            "geometry": {
                "type": "Point",
                "coordinates": [
                    33.07847263,
                    -111.9751613
                ]
            },
            "properties": {
                "sa_label": "2014-p02-1",
                "SOIL_DATE": "05/2014",
                "SLSND": {
                    "15": 50.4,
                    "45": 48.4,
                    "75": 50.4,
                    "105": 60.4,
                    "135": 55.12,
                    "165": 33.12
                },
                "SLSLT": {
                    "15": 22.72,
                    "45": 26.72,
                    "75": 18.72,
                    "105": 12.72,
                    "135": 18.0,
                    "165": 26.0
                },
                "SLCLY": {
                    "15": 26.88,
                    "45": 24.88,
                    "75": 30.88,
                    "105": 26.88,
                    "135": 26.88,
                    "165": 40.88
                },
                "SLTX": {
                    "15": "Sandy Clay Loam",
                    "45": "Sandy Clay Loam",
                    "75": "Sandy Clay Loam",
                    "105": "Sandy Clay Loam",
                    "135": "Sandy Clay Loam",
                    "165": "Clay"
                },
                "SLWP1": {
                    "15": 0.154,
                    "45": 0.195,
                    "75": 0.155,
                    "105": 0.113,
                    "135": 0.157,
                    "165": 0.21
                },
                "SLWP2": {
                    "15": 0.173,
                    "45": 0.218,
                    "75": 0.184,
                    "105": 0.135,
                    "135": 0.169,
                    "165": 0.237
                },
                "SLFC1": {
                    "15": 0.256,
                    "45": 0.311,
                    "75": 0.3,
                    "105": 0.304,
                    "135": 0.305,
                    "165": 0.398
                }
            },
            "_id": "684b226e8ac5476ed06f0cb9",
            "said": "684b226e8ac5476ed06f0cb9"
        },
        {
            "type": "Feature",
            "geometry": {
                "type": "Point",
                "coordinates": [
                    33.07873605,
                    -111.97515924
                ]
            },
            "properties": {
                "sa_label": "2014-p02-2",
                "SOIL_DATE": "05/2014",
                "SLSND": {
                    "15": 53.12,
                    "45": 43.12,
                    "75": 52.4,
                    "105": 54.4,
                    "135": 60.4,
                    "165": 58.4
                },
                "SLSLT": {
                    "15": 16.0,
                    "45": 16.0,
                    "75": 20.72,
                    "105": 12.72,
                    "135": 20.72,
                    "165": 14.72
                },
                "SLCLY": {
                    "15": 30.88,
                    "45": 40.88,
                    "75": 26.88,
                    "105": 32.88,
                    "135": 18.88,
                    "165": 26.88
                },
                "SLTX": {
                    "15": "Sandy Clay Loam",
                    "45": "Clay",
                    "75": "Sandy Clay Loam",
                    "105": "Sandy Clay Loam",
                    "135": "Sandy Loam",
                    "165": "Sandy Clay Loam"
                },
                "SLWP1": {
                    "15": 0.154,
                    "45": 0.203,
                    "75": 0.149,
                    "105": 0.145,
                    "135": 0.151,
                    "165": 0.156
                },
                "SLWP2": {
                    "15": 0.168,
                    "45": 0.234,
                    "75": 0.17,
                    "105": 0.167,
                    "135": 0.165,
                    "165": 0.21
                },
                "SLFC1": {
                    "15": 0.286,
                    "45": 0.371,
                    "75": 0.283,
                    "105": 0.267,
                    "135": 0.285,
                    "165": 0.322
                }
            },
            "_id": "684b226e8ac5476ed06f0cba",
            "said": "684b226e8ac5476ed06f0cba"
        },
        {
            "type": "Feature",
            "geometry": {
                "type": "Point",
                "coordinates": [
                    33.07899947,
                    -111.97515777
                ]
            },
            "properties": {
                "sa_label": "2014-p02-3",
                "SOIL_DATE": "05/2014",
                "SLSND": {
                    "15": 54.4,
                    "45": 56.4,
                    "75": 52.4,
                    "105": 46.4,
                    "135": 61.12,
                    "165": 69.12
                },
                "SLSLT": {
                    "15": 18.72,
                    "45": 16.72,
                    "75": 20.72,
                    "105": 20.72,
                    "135": 18.0,
                    "165": 10.0
                },
                "SLCLY": {
                    "15": 26.88,
                    "45": 26.88,
                    "75": 26.88,
                    "105": 32.88,
                    "135": 20.88,
                    "165": 20.88
                },
                "SLTX": {
                    "15": "Sandy Clay Loam",
                    "45": "Sandy Clay Loam",
                    "75": "Sandy Clay Loam",
                    "105": "Sandy Clay Loam",
                    "135": "Sandy Clay Loam",
                    "165": "Sandy Clay Loam"
                },
                "SLWP1": {
                    "15": 0.175,
                    "45": 0.166,
                    "75": 0.21,
                    "105": 0.16,
                    "135": 0.126,
                    "165": 0.133
                },
                "SLWP2": {
                    "15": 0.184,
                    "45": 0.177,
                    "75": 0.229,
                    "105": 0.171,
                    "135": 0.125,
                    "165": 0.215
                },
                "SLFC1": {
                    "15": 0.291,
                    "45": 0.253,
                    "75": 0.366,
                    "105": 0.301,
                    "135": 0.197,
                    "165": 0.261
                }
            },
            "_id": "684b226e8ac5476ed06f0cbb",
            "said": "684b226e8ac5476ed06f0cbb"
        },
        {
            "type": "Feature",
            "geometry": {
                "type": "Point",
                "coordinates": [
                    33.07926289,
                    -111.97515544
                ]
            },
            "properties": {
                "sa_label": "2014-p02-4",
                "SOIL_DATE": "05/2014",
                "SLSND": {
                    "15": 51.12,
                    "45": 51.12,
                    "75": 50.4,
                    "105": 42.4,
                    "135": 48.4,
                    "165": 62.4
                },
                "SLSLT": {
                    "15": 18.0,
                    "45": 14.0,
                    "75": 22.72,
                    "105": 22.72,
                    "135": 20.72,
                    "165": 12.72
                },
                "SLCLY": {
                    "15": 30.88,
                    "45": 34.88,
                    "75": 26.88,
                    "105": 34.88,
                    "135": 30.88,
                    "165": 24.88
                },
                "SLTX": {
                    "15": "Sandy Clay Loam",
                    "45": "Sandy Clay Loam",
                    "75": "Sandy Clay Loam",
                    "105": "Clay Loam",
                    "135": "Sandy Clay Loam",
                    "165": "Sandy Clay Loam"
                },
                "SLWP1": {
                    "15": 0.178,
                    "45": 0.223,
                    "75": 0.221,
                    "105": 0.191,
                    "135": 0.159,
                    "165": 0.126
                },
                "SLWP2": {
                    "15": 0.195,
                    "45": 0.22,
                    "75": 0.225,
                    "105": 0.2,
                    "135": 0.159,
                    "165": 0.13
                },
                "SLFC1": {
                    "15": 0.289,
                    "45": 0.363,
                    "75": 0.364,
                    "105": 0.38,
                    "135": 0.335,
                    "165": 0.191
                }
            },
            "_id": "684b226e8ac5476ed06f0cbc",
            "said": "684b226e8ac5476ed06f0cbc"
        },
        {
            "type": "Feature",
            "geometry": {
                "type": "Point",
                "coordinates": [
                    33.07952631,
                    -111.97515382
                ]
            },
            "properties": {
                "sa_label": "2014-p02-5",
                "SOIL_DATE": "05/2014",
                "SLSND": {
                    "15": 49.12,
                    "45": 51.12,
                    "75": 47.12,
                    "105": 49.12,
                    "135": 57.12,
                    "165": 67.12
                },
                "SLSLT": {
                    "15": 22.0,
                    "45": 16.0,
                    "75": 20.0,
                    "105": 14.0,
                    "135": 14.0,
                    "165": 10.0
                },
                "SLCLY": {
                    "15": 28.88,
                    "45": 32.88,
                    "75": 32.88,
                    "105": 36.88,
                    "135": 28.88,
                    "165": 22.88
                },
                "SLTX": {
                    "15": "Sandy Clay Loam",
                    "45": "Sandy Clay Loam",
                    "75": "Sandy Clay Loam",
                    "105": "Sandy Clay",
                    "135": "Sandy Clay Loam",
                    "165": "Sandy Clay Loam"
                },
                "SLWP1": {
                    "15": 0.172,
                    "45": 0.195,
                    "75": 0.213,
                    "105": 0.206,
                    "135": 0.173,
                    "165": 0.133
                },
                "SLWP2": {
                    "15": 0.194,
                    "45": 0.227,
                    "75": 0.251,
                    "105": 0.229,
                    "135": 0.183,
                    "165": 0.166
                },
                "SLFC1": {
                    "15": 0.29,
                    "45": 0.326,
                    "75": 0.383,
                    "105": 0.35,
                    "135": 0.29,
                    "165": 0.212
                }
            },
            "_id": "684b226e8ac5476ed06f0cbd",
            "said": "684b226e8ac5476ed06f0cbd"
        },
        {
            "type": "Feature",
            "geometry": {
                "type": "Point",
                "coordinates": [
                    33.07978973,
                    -111.97515206
                ]
            },
            "properties": {
                "sa_label": "2014-p02-6",
                "SOIL_DATE": "05/2014",
                "SLSND": {
                    "15": 51.12,
                    "45": 47.12,
                    "75": 37.12,
                    "105": 27.12,
                    "135": 37.12,
                    "165": 63.12
                },
                "SLSLT": {
                    "15": 20.0,
                    "45": 18.0,
                    "75": 24.0,
                    "105": 32.0,
                    "135": 30.0,
                    "165": 14.0
                },
                "SLCLY": {
                    "15": 28.88,
                    "45": 34.88,
                    "75": 38.88,
                    "105": 40.88,
                    "135": 32.88,
                    "165": 22.88
                },
                "SLTX": {
                    "15": "Sandy Clay Loam",
                    "45": "Sandy Clay Loam",
                    "75": "Clay Loam",
                    "105": "Clay",
                    "135": "Clay Loam",
                    "165": "Sandy Clay Loam"
                },
                "SLWP1": {
                    "15": 0.149,
                    "45": 0.191,
                    "75": 0.213,
                    "105": 0.177,
                    "135": 0.146,
                    "165": 0.107
                },
                "SLWP2": {
                    "15": 0.166,
                    "45": 0.228,
                    "75": 0.237,
                    "105": 0.242,
                    "135": 0.186,
                    "165": 0.124
                },
                "SLFC1": {
                    "15": 0.261,
                    "45": 0.345,
                    "75": 0.374,
                    "105": 0.38,
                    "165": 0.231
                }
            },
            "_id": "684b226e8ac5476ed06f0cbe",
            "said": "684b226e8ac5476ed06f0cbe"
        },
        {
            "type": "Feature",
            "geometry": {
                "type": "Point",
                "coordinates": [
                    33.07979125,
                    -111.97545703
                ]
            },
            "properties": {
                "sa_label": "2014-p03-1",
                "SOIL_DATE": "05/2014",
                "SLSND": {
                    "15": 57.12,
                    "45": 57.12,
                    "75": 51.12,
                    "105": 51.12,
                    "135": 57.12,
                    "165": 53.12
                },
                "SLSLT": {
                    "15": 15.44,
                    "45": 11.44,
                    "75": 15.44,
                    "105": 11.44,
                    "135": 13.44,
                    "165": 17.44
                },
                "SLCLY": {
                    "15": 27.44,
                    "45": 31.44,
                    "75": 33.44,
                    "105": 37.44,
                    "135": 29.44,
                    "165": 29.44
                },
                "SLTX": {
                    "15": "Sandy Clay Loam",
                    "45": "Sandy Clay Loam",
                    "75": "Sandy Clay Loam",
                    "105": "Sandy Clay",
                    "135": "Sandy Clay Loam",
                    "165": "Sandy Clay Loam"
                },
                "SLWP1": {
                    "15": 0.15,
                    "45": 0.18,
                    "75": 0.187,
                    "105": 0.176,
                    "135": 0.135,
                    "165": 0.177
                },
                "SLWP2": {
                    "15": 0.18,
                    "45": 0.22,
                    "75": 0.237,
                    "105": 0.208,
                    "135": 0.168,
                    "165": 0.228
                },
                "SLFC1": {
                    "15": 0.261,
                    "45": 0.3,
                    "75": 0.322,
                    "105": 0.291,
                    "135": 0.254,
                    "165": 0.327
                }
            },
            "_id": "684b226e8ac5476ed06f0cbf",
            "said": "684b226e8ac5476ed06f0cbf"
        },
        {
            "type": "Feature",
            "geometry": {
                "type": "Point",
                "coordinates": [
                    33.07952783,
                    -111.9754586
                ]
            },
            "properties": {
                "sa_label": "2014-p03-2",
                "SOIL_DATE": "05/2014",
                "SLSND": {
                    "15": 57.12,
                    "45": 63.12,
                    "75": 55.12,
                    "105": 57.12,
                    "135": 57.12,
                    "165": 55.12
                },
                "SLSLT": {
                    "15": 15.44,
                    "45": 7.44,
                    "75": 7.44,
                    "105": 13.44,
                    "135": 9.44,
                    "165": 13.44
                },
                "SLCLY": {
                    "15": 27.44,
                    "45": 29.44,
                    "75": 37.44,
                    "105": 29.44,
                    "135": 33.44,
                    "165": 31.44
                },
                "SLTX": {
                    "15": "Sandy Clay Loam",
                    "45": "Sandy Clay Loam",
                    "75": "Sandy Clay",
                    "105": "Sandy Clay Loam",
                    "135": "Sandy Clay Loam",
                    "165": "Sandy Clay Loam"
                },
                "SLWP1": {
                    "15": 0.158,
                    "45": 0.15,
                    "75": 0.231,
                    "105": 0.195,
                    "135": 0.157,
                    "165": 0.136
                },
                "SLWP2": {
                    "15": 0.186,
                    "45": 0.18,
                    "75": 0.256,
                    "105": 0.214,
                    "135": 0.198,
                    "165": 0.181
                },
                "SLFC1": {
                    "15": 0.294,
                    "45": 0.259,
                    "75": 0.345,
                    "105": 0.293,
                    "135": 0.306,
                    "165": 0.272
                }
            },
            "_id": "684b226e8ac5476ed06f0cc0",
            "said": "684b226e8ac5476ed06f0cc0"
        },
        {
            "type": "Feature",
            "geometry": {
                "type": "Point",
                "coordinates": [
                    33.07926441,
                    -111.97546064
                ]
            },
            "properties": {
                "sa_label": "2014-p03-3",
                "SOIL_DATE": "05/2014",
                "SLSND": {
                    "15": 61.84,
                    "45": 65.84,
                    "75": 57.84,
                    "105": 63.84,
                    "135": 49.84,
                    "165": 67.84
                },
                "SLSLT": {
                    "15": 12.72,
                    "45": 8.72,
                    "75": 10.72,
                    "105": 6.72,
                    "135": 18.72,
                    "165": 10.72
                },
                "SLCLY": {
                    "15": 25.44,
                    "45": 25.44,
                    "75": 31.44,
                    "105": 29.44,
                    "135": 31.44,
                    "165": 21.44
                },
                "SLTX": {
                    "15": "Sandy Clay Loam",
                    "45": "Sandy Clay Loam",
                    "75": "Sandy Clay Loam",
                    "105": "Sandy Clay Loam",
                    "135": "Sandy Clay Loam",
                    "165": "Sandy Clay Loam"
                },
                "SLWP1": {
                    "15": 0.147,
                    "45": 0.143,
                    "75": 0.159,
                    "105": 0.138,
                    "135": 0.129,
                    "165": 0.098
                },
                "SLWP2": {
                    "15": 0.175,
                    "45": 0.184,
                    "75": 0.191,
                    "105": 0.174,
                    "135": 0.149,
                    "165": 0.114
                },
                "SLFC1": {
                    "15": 0.259,
                    "45": 0.257,
                    "75": 0.297,
                    "105": 0.266,
                    "135": 0.235,
                    "165": 0.157
                }
            },
            "_id": "684b226e8ac5476ed06f0cc1",
            "said": "684b226e8ac5476ed06f0cc1"
        },
        {
            "type": "Feature",
            "geometry": {
                "type": "Point",
                "coordinates": [
                    33.07900099,
                    -111.97546192
                ]
            },
            "properties": {
                "sa_label": "2014-p03-4",
                "SOIL_DATE": "05/2014",
                "SLSND": {
                    "15": 57.12,
                    "45": 67.12,
                    "75": 73.12,
                    "105": 59.12,
                    "135": 73.12,
                    "165": 73.12
                },
                "SLSLT": {
                    "15": 14.16,
                    "45": 10.16,
                    "75": 6.16,
                    "105": 18.16,
                    "135": 7.44,
                    "165": 3.44
                },
                "SLCLY": {
                    "15": 28.72,
                    "45": 22.72,
                    "75": 20.72,
                    "105": 22.72,
                    "135": 19.44,
                    "165": 23.44
                },
                "SLTX": {
                    "15": "Sandy Clay Loam",
                    "45": "Sandy Clay Loam",
                    "75": "Sandy Clay Loam",
                    "105": "Sandy Clay Loam",
                    "135": "Sandy Loam",
                    "165": "Sandy Clay Loam"
                },
                "SLWP1": {
                    "15": 0.138,
                    "45": 0.113,
                    "75": 0.108,
                    "105": 0.122,
                    "135": 0.14,
                    "165": 0.149
                },
                "SLWP2": {
                    "15": 0.169,
                    "45": 0.149,
                    "75": 0.132,
                    "105": 0.142,
                    "135": 0.145,
                    "165": 0.153
                },
                "SLFC1": {
                    "15": 0.264,
                    "45": 0.209,
                    "75": 0.19,
                    "105": 0.199,
                    "135": 0.219,
                    "165": 0.238
                }
            },
            "_id": "684b226e8ac5476ed06f0cc2",
            "said": "684b226e8ac5476ed06f0cc2"
        },
        {
            "type": "Feature",
            "geometry": {
                "type": "Point",
                "coordinates": [
                    33.07873757,
                    -111.97546407
                ]
            },
            "properties": {
                "sa_label": "2014-p03-5",
                "SOIL_DATE": "05/2014",
                "SLSND": {
                    "15": 57.12,
                    "45": 57.12,
                    "75": 55.12,
                    "105": 53.12,
                    "135": 63.12,
                    "165": 77.12
                },
                "SLSLT": {
                    "15": 15.44,
                    "45": 13.44,
                    "75": 17.44,
                    "105": 13.44,
                    "135": 11.44,
                    "165": 11.44
                },
                "SLCLY": {
                    "15": 27.44,
                    "45": 29.44,
                    "75": 27.44,
                    "105": 33.44,
                    "135": 25.44,
                    "165": 11.44
                },
                "SLTX": {
                    "15": "Sandy Clay Loam",
                    "45": "Sandy Clay Loam",
                    "75": "Sandy Clay Loam",
                    "105": "Sandy Clay Loam",
                    "135": "Sandy Clay Loam",
                    "165": "Sandy Loam"
                },
                "SLWP1": {
                    "15": 0.186,
                    "45": 0.165,
                    "75": 0.151,
                    "105": 0.161,
                    "135": 0.135,
                    "165": 0.137
                },
                "SLWP2": {
                    "15": 0.169,
                    "45": 0.2,
                    "75": 0.219,
                    "105": 0.182,
                    "135": 0.153,
                    "165": 0.137
                },
                "SLFC1": {
                    "15": 0.239,
                    "45": 0.303,
                    "75": 0.353,
                    "105": 0.268,
                    "135": 0.26,
                    "165": 0.215
                }
            },
            "_id": "684b226e8ac5476ed06f0cc3",
            "said": "684b226e8ac5476ed06f0cc3"
        },
        {
            "type": "Feature",
            "geometry": {
                "type": "Point",
                "coordinates": [
                    33.07847415,
                    -111.97546578
                ]
            },
            "properties": {
                "sa_label": "2014-p03-6",
                "SOIL_DATE": "05/2014",
                "SLSND": {
                    "15": 61.84,
                    "45": 53.84,
                    "75": 49.12,
                    "105": 59.12,
                    "135": 59.12,
                    "165": 49.12
                },
                "SLSLT": {
                    "15": 10.72,
                    "45": 10.72,
                    "75": 17.44,
                    "105": 19.44,
                    "135": 13.44,
                    "165": 25.44
                },
                "SLCLY": {
                    "15": 27.44,
                    "45": 35.44,
                    "75": 33.44,
                    "105": 21.44,
                    "135": 27.44,
                    "165": 25.44
                },
                "SLTX": {
                    "15": "Sandy Clay Loam",
                    "45": "Sandy Clay",
                    "75": "Sandy Clay Loam",
                    "105": "Sandy Clay Loam",
                    "135": "Sandy Clay Loam",
                    "165": "Sandy Clay Loam"
                },
                "SLWP1": {
                    "15": 0.152,
                    "45": 0.178,
                    "75": 0.163,
                    "105": 0.173,
                    "135": 0.17,
                    "165": 0.192
                },
                "SLWP2": {
                    "15": 0.171,
                    "45": 0.198,
                    "75": 0.214,
                    "105": 0.192,
                    "135": 0.196,
                    "165": 0.235
                },
                "SLFC1": {
                    "15": 0.276,
                    "45": 0.305,
                    "75": 0.342,
                    "105": 0.307,
                    "135": 0.303,
                    "165": 0.39
                }
            },
            "_id": "684b226e8ac5476ed06f0cc4",
            "said": "684b226e8ac5476ed06f0cc4"
        },
        {
            "type": "Feature",
            "geometry": {
                "type": "Point",
                "coordinates": [
                    33.07847567,
                    -111.97577065
                ]
            },
            "properties": {
                "sa_label": "2014-p04-1",
                "SOIL_DATE": "05/2014",
                "SLSND": {
                    "15": 50.4,
                    "45": 56.4,
                    "75": 50.4,
                    "105": 42.4,
                    "135": 55.12,
                    "165": 35.12
                },
                "SLSLT": {
                    "15": 22.72,
                    "45": 14.72,
                    "75": 20.72,
                    "105": 18.72,
                    "135": 20.0,
                    "165": 26.0
                },
                "SLCLY": {
                    "15": 26.88,
                    "45": 28.88,
                    "75": 28.88,
                    "105": 38.88,
                    "135": 24.88,
                    "165": 38.88
                },
                "SLTX": {
                    "15": "Sandy Clay Loam",
                    "45": "Sandy Clay Loam",
                    "75": "Sandy Clay Loam",
                    "105": "Clay Loam",
                    "135": "Sandy Clay Loam",
                    "165": "Clay Loam"
                },
                "SLWP1": {
                    "15": 0.163,
                    "45": 0.164,
                    "75": 0.19,
                    "105": 0.169,
                    "135": 0.175,
                    "165": 0.227
                },
                "SLWP2": {
                    "15": 0.176,
                    "45": 0.199,
                    "75": 0.213,
                    "105": 0.212,
                    "135": 0.201,
                    "165": 0.254
                },
                "SLFC1": {
                    "15": 0.278,
                    "45": 0.261,
                    "75": 0.299,
                    "105": 0.36,
                    "135": 0.306,
                    "165": 0.395
                }
            },
            "_id": "684b226e8ac5476ed06f0cc5",
            "said": "684b226e8ac5476ed06f0cc5"
        },
        {
            "type": "Feature",
            "geometry": {
                "type": "Point",
                "coordinates": [
                    33.0787391,
                    -111.97576903
                ]
            },
            "properties": {
                "sa_label": "2014-p04-2",
                "SOIL_DATE": "05/2014",
                "SLSND": {
                    "15": 55.12,
                    "45": 59.12,
                    "75": 64.4,
                    "105": 52.4,
                    "135": 52.4,
                    "165": 50.4
                },
                "SLSLT": {
                    "15": 16.0,
                    "45": 12.0,
                    "75": 12.72,
                    "105": 18.72,
                    "135": 22.72,
                    "165": 14.72
                },
                "SLCLY": {
                    "15": 28.88,
                    "45": 28.88,
                    "75": 22.88,
                    "105": 28.88,
                    "135": 24.88,
                    "165": 34.88
                },
                "SLTX": {
                    "15": "Sandy Clay Loam",
                    "45": "Sandy Clay Loam",
                    "75": "Sandy Clay Loam",
                    "105": "Sandy Clay Loam",
                    "135": "Sandy Clay Loam",
                    "165": "Sandy Clay Loam"
                },
                "SLWP1": {
                    "15": 0.159,
                    "45": 0.143,
                    "75": 0.183,
                    "105": 0.159,
                    "135": 0.152,
                    "165": 0.208
                },
                "SLWP2": {
                    "15": 0.189,
                    "45": 0.19,
                    "75": 0.144,
                    "105": 0.178,
                    "135": 0.171,
                    "165": 0.231
                },
                "SLFC1": {
                    "15": 0.291,
                    "45": 0.211,
                    "75": 0.239,
                    "105": 0.284,
                    "135": 0.268,
                    "165": 0.382
                }
            },
            "_id": "684b226e8ac5476ed06f0cc6",
            "said": "684b226e8ac5476ed06f0cc6"
        },
        {
            "type": "Feature",
            "geometry": {
                "type": "Point",
                "coordinates": [
                    33.07900252,
                    -111.97576713
                ]
            },
            "properties": {
                "sa_label": "2014-p04-3",
                "SOIL_DATE": "05/2014",
                "SLSND": {
                    "15": 46.4,
                    "45": 50.4,
                    "75": 50.4,
                    "105": 52.4,
                    "135": 58.4,
                    "165": 60.4
                },
                "SLSLT": {
                    "15": 24.72,
                    "45": 16.72,
                    "75": 26.72,
                    "105": 16.72,
                    "135": 22.72,
                    "165": 16.72
                },
                "SLCLY": {
                    "15": 28.88,
                    "45": 32.88,
                    "75": 22.88,
                    "105": 30.88,
                    "135": 18.88,
                    "165": 22.88
                },
                "SLTX": {
                    "15": "Sandy Clay Loam",
                    "45": "Sandy Clay Loam",
                    "75": "Sandy Clay Loam",
                    "105": "Sandy Clay Loam",
                    "135": "Sandy Loam",
                    "165": "Sandy Clay Loam"
                },
                "SLWP1": {
                    "15": 0.171,
                    "45": 0.188,
                    "75": 0.223,
                    "105": 0.156,
                    "135": 0.162
                },
                "SLWP2": {
                    "15": 0.204,
                    "45": 0.245,
                    "75": 0.235,
                    "105": 0.178,
                    "135": 0.183,
                    "165": 0.162
                },
                "SLFC1": {
                    "15": 0.378,
                    "45": 0.337,
                    "75": 0.372,
                    "105": 0.322,
                    "135": 0.331,
                    "165": 0.287
                }
            },
            "_id": "684b226e8ac5476ed06f0cc7",
            "said": "684b226e8ac5476ed06f0cc7"
        },
        {
            "type": "Feature",
            "geometry": {
                "type": "Point",
                "coordinates": [
                    33.07926593,
                    -111.9757652
                ]
            },
            "properties": {
                "sa_label": "2014-p04-4",
                "SOIL_DATE": "05/2014",
                "SLSND": {
                    "15": 50.4,
                    "45": 50.4,
                    "75": 52.4,
                    "105": 50.4,
                    "135": 52.4,
                    "165": 62.4
                },
                "SLSLT": {
                    "15": 16.72,
                    "45": 16.72,
                    "75": 12.72,
                    "105": 14.72,
                    "135": 20.72,
                    "165": 12.72
                },
                "SLCLY": {
                    "15": 32.88,
                    "45": 32.88,
                    "75": 34.88,
                    "105": 34.88,
                    "135": 26.88,
                    "165": 24.88
                },
                "SLTX": {
                    "15": "Sandy Clay Loam",
                    "45": "Sandy Clay Loam",
                    "75": "Sandy Clay Loam",
                    "105": "Sandy Clay Loam",
                    "135": "Sandy Clay Loam",
                    "165": "Sandy Clay Loam"
                },
                "SLWP1": {
                    "15": 0.194,
                    "45": 0.179,
                    "75": 0.207,
                    "105": 0.235,
                    "135": 0.172,
                    "165": 0.267
                },
                "SLWP2": {
                    "15": 0.205,
                    "45": 0.185,
                    "75": 0.23,
                    "105": 0.228,
                    "135": 0.213,
                    "165": 0.158
                },
                "SLFC1": {
                    "15": 0.283,
                    "45": 0.296,
                    "75": 0.357,
                    "105": 0.367,
                    "135": 0.32,
                    "165": 0.239
                }
            },
            "_id": "684b226e8ac5476ed06f0cc8",
            "said": "684b226e8ac5476ed06f0cc8"
        },
        {
            "type": "Feature",
            "geometry": {
                "type": "Point",
                "coordinates": [
                    33.07952935,
                    -111.97576344
                ]
            },
            "properties": {
                "sa_label": "2014-p04-5",
                "SOIL_DATE": "05/2014",
                "SLSND": {
                    "15": 48.4,
                    "45": 50.4,
                    "75": 56.4,
                    "105": 44.4,
                    "135": 52.4,
                    "165": 52.4
                },
                "SLSLT": {
                    "15": 20.72,
                    "45": 18.72,
                    "75": 16.72,
                    "105": 14.72,
                    "135": 21.44,
                    "165": 19.44
                },
                "SLCLY": {
                    "15": 30.88,
                    "45": 30.88,
                    "75": 26.88,
                    "105": 40.88,
                    "135": 26.16,
                    "165": 28.16
                },
                "SLTX": {
                    "15": "Sandy Clay Loam",
                    "45": "Sandy Clay Loam",
                    "75": "Sandy Clay Loam",
                    "105": "Clay",
                    "135": "Sandy Clay Loam",
                    "165": "Sandy Clay Loam"
                },
                "SLWP1": {
                    "15": 0.171,
                    "45": 0.166,
                    "75": 0.17,
                    "105": 0.21,
                    "135": 0.181,
                    "165": 0.143
                },
                "SLWP2": {
                    "15": 0.181,
                    "45": 0.177,
                    "75": 0.19,
                    "105": 0.244,
                    "135": 0.202,
                    "165": 0.171
                },
                "SLFC1": {
                    "15": 0.257,
                    "45": 0.261,
                    "75": 0.245,
                    "105": 0.4,
                    "135": 0.306,
                    "165": 0.24
                }
            },
            "_id": "684b226e8ac5476ed06f0cc9",
            "said": "684b226e8ac5476ed06f0cc9"
        },
        {
            "type": "Feature",
            "geometry": {
                "type": "Point",
                "coordinates": [
                    33.07979277,
                    -111.97576134
                ]
            },
            "properties": {
                "sa_label": "2014-p04-6",
                "SOIL_DATE": "05/2014",
                "SLSND": {
                    "15": 50.4,
                    "45": 50.4,
                    "75": 50.4,
                    "105": 48.4,
                    "135": 48.4,
                    "165": 54.4
                },
                "SLSLT": {
                    "15": 21.44,
                    "45": 19.44,
                    "75": 22.72,
                    "105": 18.72,
                    "135": 22.72,
                    "165": 18.72
                },
                "SLCLY": {
                    "15": 28.16,
                    "45": 30.16,
                    "75": 26.88,
                    "105": 32.88,
                    "135": 28.88,
                    "165": 26.88
                },
                "SLTX": {
                    "15": "Sandy Clay Loam",
                    "45": "Sandy Clay Loam",
                    "75": "Sandy Clay Loam",
                    "105": "Sandy Clay Loam",
                    "135": "Sandy Clay Loam",
                    "165": "Sandy Clay Loam"
                },
                "SLWP1": {
                    "15": 0.159,
                    "45": 0.151,
                    "75": 0.204,
                    "105": 0.193,
                    "135": 0.174,
                    "165": 0.131
                },
                "SLWP2": {
                    "15": 0.182,
                    "45": 0.176,
                    "75": 0.229,
                    "105": 0.225,
                    "135": 0.196,
                    "165": 0.149
                },
                "SLFC1": {
                    "15": 0.269,
                    "45": 0.242,
                    "75": 0.351,
                    "105": 0.302,
                    "135": 0.308,
                    "165": 0.25
                }
            },
            "_id": "684b226e8ac5476ed06f0cca",
            "said": "684b226e8ac5476ed06f0cca"
        },
        {
            "type": "Feature",
            "geometry": {
                "type": "Point",
                "coordinates": [
                    33.07979424,
                    -111.97605546
                ]
            },
            "properties": {
                "sa_label": "2014-p05-1",
                "SOIL_DATE": "05/2014",
                "SLSND": {
                    "15": 50.4,
                    "45": 54.4,
                    "75": 48.4,
                    "105": 44.4,
                    "135": 45.84,
                    "165": 43.84
                },
                "SLSLT": {
                    "15": 19.44,
                    "45": 15.44,
                    "75": 23.44,
                    "105": 17.44,
                    "135": 26.0,
                    "165": 24.0
                },
                "SLCLY": {
                    "15": 30.16,
                    "45": 30.16,
                    "75": 28.16,
                    "105": 38.16,
                    "135": 28.16,
                    "165": 32.16
                },
                "SLTX": {
                    "15": "Sandy Clay Loam",
                    "45": "Sandy Clay Loam",
                    "75": "Sandy Clay Loam",
                    "105": "Clay Loam",
                    "135": "Sandy Clay Loam",
                    "165": "Clay Loam"
                },
                "SLWP1": {
                    "15": 0.157,
                    "45": 0.149,
                    "75": 0.189,
                    "105": 0.215,
                    "135": 0.172,
                    "165": 0.185
                },
                "SLWP2": {
                    "15": 0.183,
                    "45": 0.193,
                    "75": 0.233,
                    "105": 0.238,
                    "135": 0.202,
                    "165": 0.201
                },
                "SLFC1": {
                    "15": 0.309,
                    "45": 0.247,
                    "75": 0.389,
                    "105": 0.383,
                    "135": 0.33,
                    "165": 0.328
                }
            },
            "_id": "684b226e8ac5476ed06f0ccb",
            "said": "684b226e8ac5476ed06f0ccb"
        },
        {
            "type": "Feature",
            "geometry": {
                "type": "Point",
                "coordinates": [
                    33.07953082,
                    -111.97605716
                ]
            },
            "properties": {
                "sa_label": "2014-p05-2",
                "SOIL_DATE": "05/2014",
                "SLSND": {
                    "15": 49.84,
                    "45": 51.84,
                    "75": 59.12,
                    "105": 41.12,
                    "135": 43.12,
                    "165": 49.12
                },
                "SLSLT": {
                    "15": 20.0,
                    "45": 16.0,
                    "75": 16.72,
                    "105": 24.72,
                    "135": 28.72,
                    "165": 22.72
                },
                "SLCLY": {
                    "15": 30.16,
                    "45": 32.16,
                    "75": 24.16,
                    "105": 34.16,
                    "135": 28.16,
                    "165": 28.16
                },
                "SLTX": {
                    "15": "Sandy Clay Loam",
                    "45": "Sandy Clay Loam",
                    "75": "Sandy Clay Loam",
                    "105": "Clay Loam",
                    "135": "Clay Loam",
                    "165": "Sandy Clay Loam"
                },
                "SLWP1": {
                    "15": 0.162,
                    "45": 0.157,
                    "75": 0.144,
                    "105": 0.211,
                    "135": 0.156,
                    "165": 0.141
                },
                "SLWP2": {
                    "15": 0.182,
                    "45": 0.185,
                    "75": 0.176,
                    "105": 0.207,
                    "135": 0.182,
                    "165": 0.161
                },
                "SLFC1": {
                    "15": 0.307,
                    "45": 0.27,
                    "75": 0.247,
                    "105": 0.36,
                    "135": 0.324,
                    "165": 0.3
                }
            },
            "_id": "684b226e8ac5476ed06f0ccc",
            "said": "684b226e8ac5476ed06f0ccc"
        },
        {
            "type": "Feature",
            "geometry": {
                "type": "Point",
                "coordinates": [
                    33.0792674,
                    -111.97605919
                ]
            },
            "properties": {
                "sa_label": "2014-p05-3",
                "SOIL_DATE": "05/2014",
                "SLSND": {
                    "15": 51.12,
                    "45": 57.12,
                    "75": 49.12,
                    "105": 51.12,
                    "135": 50.4,
                    "165": 66.4
                },
                "SLSLT": {
                    "15": 20.0,
                    "45": 14.0,
                    "75": 26.0,
                    "105": 20.0,
                    "135": 26.72,
                    "165": 12.72
                },
                "SLCLY": {
                    "15": 28.88,
                    "45": 28.88,
                    "75": 24.88,
                    "105": 28.88,
                    "135": 22.88,
                    "165": 20.88
                },
                "SLTX": {
                    "15": "Sandy Clay Loam",
                    "45": "Sandy Clay Loam",
                    "75": "Sandy Clay Loam",
                    "105": "Sandy Clay Loam",
                    "135": "Sandy Clay Loam",
                    "165": "Sandy Clay Loam"
                },
                "SLWP1": {
                    "15": 0.163,
                    "45": 0.157,
                    "75": 0.191,
                    "105": 0.138,
                    "135": 0.151,
                    "165": 0.128
                },
                "SLWP2": {
                    "15": 0.19,
                    "45": 0.189,
                    "75": 0.232,
                    "105": 0.164,
                    "135": 0.194,
                    "165": 0.158
                },
                "SLFC1": {
                    "15": 0.284,
                    "45": 0.282,
                    "75": 0.353,
                    "105": 0.304,
                    "135": 0.323,
                    "165": 0.207
                }
            },
            "_id": "684b226e8ac5476ed06f0ccd",
            "said": "684b226e8ac5476ed06f0ccd"
        },
        {
            "type": "Feature",
            "geometry": {
                "type": "Point",
                "coordinates": [
                    33.07900398,
                    -111.97606102
                ]
            },
            "properties": {
                "sa_label": "2014-p05-4",
                "SOIL_DATE": "05/2014",
                "SLSND": {
                    "15": 50.4,
                    "45": 50.4,
                    "75": 56.4,
                    "105": 46.4,
                    "135": 50.4,
                    "165": 56.4
                },
                "SLSLT": {
                    "15": 20.72,
                    "45": 14.72,
                    "75": 18.72,
                    "105": 22.72,
                    "135": 22.72,
                    "165": 16.72
                },
                "SLCLY": {
                    "15": 28.88,
                    "45": 34.88,
                    "75": 24.88,
                    "105": 30.88,
                    "135": 26.88,
                    "165": 26.88
                },
                "SLTX": {
                    "15": "Sandy Clay Loam",
                    "45": "Sandy Clay Loam",
                    "75": "Sandy Clay Loam",
                    "105": "Sandy Clay Loam",
                    "135": "Sandy Clay Loam",
                    "165": "Sandy Clay Loam"
                },
                "SLWP1": {
                    "15": 0.152,
                    "45": 0.194,
                    "75": 0.201,
                    "105": 0.161,
                    "135": 0.137,
                    "165": 0.144
                },
                "SLWP2": {
                    "15": 0.177,
                    "45": 0.231,
                    "75": 0.223,
                    "105": 0.186,
                    "135": 0.17,
                    "165": 0.154
                },
                "SLFC1": {
                    "15": 0.281,
                    "45": 0.329,
                    "75": 0.242,
                    "105": 0.3,
                    "135": 0.28,
                    "165": 0.272
                }
            },
            "_id": "684b226e8ac5476ed06f0cce",
            "said": "684b226e8ac5476ed06f0cce"
        },
        {
            "type": "Feature",
            "geometry": {
                "type": "Point",
                "coordinates": [
                    33.07874056,
                    -111.9760626
                ]
            },
            "properties": {
                "sa_label": "2014-p05-5",
                "SOIL_DATE": "05/2014",
                "SLSND": {
                    "15": 49.12,
                    "45": 51.12,
                    "75": 47.12,
                    "105": 45.12,
                    "135": 49.12,
                    "165": 55.12
                },
                "SLSLT": {
                    "15": 20.72,
                    "45": 16.72,
                    "75": 22.72,
                    "105": 16.72,
                    "135": 22.72,
                    "165": 18.72
                },
                "SLCLY": {
                    "15": 30.16,
                    "45": 32.16,
                    "75": 30.16,
                    "105": 38.16,
                    "135": 28.16,
                    "165": 26.16
                },
                "SLTX": {
                    "15": "Sandy Clay Loam",
                    "45": "Sandy Clay Loam",
                    "75": "Sandy Clay Loam",
                    "105": "Sandy Clay",
                    "135": "Sandy Clay Loam",
                    "165": "Sandy Clay Loam"
                },
                "SLWP1": {
                    "15": 0.178,
                    "45": 0.2,
                    "75": 0.207,
                    "105": 0.205,
                    "135": 0.187,
                    "165": 0.154
                },
                "SLWP2": {
                    "15": 0.184,
                    "45": 0.21,
                    "75": 0.207,
                    "105": 0.217,
                    "135": 0.199,
                    "165": 0.16
                },
                "SLFC1": {
                    "15": 0.274,
                    "45": 0.315,
                    "75": 0.32,
                    "105": 0.314,
                    "135": 0.299,
                    "165": 0.29
                }
            },
            "_id": "684b226e8ac5476ed06f0ccf",
            "said": "684b226e8ac5476ed06f0ccf"
        },
        {
            "type": "Feature",
            "geometry": {
                "type": "Point",
                "coordinates": [
                    33.07847714,
                    -111.97606473
                ]
            },
            "properties": {
                "sa_label": "2014-p05-6",
                "SOIL_DATE": "05/2014",
                "SLSND": {
                    "15": 49.12,
                    "45": 47.12,
                    "75": 53.12,
                    "105": 49.12,
                    "135": 55.12,
                    "165": 49.12
                },
                "SLSLT": {
                    "15": 24.72,
                    "45": 18.72,
                    "75": 26.72,
                    "105": 20.72,
                    "135": 22.72,
                    "165": 18.72
                },
                "SLCLY": {
                    "15": 26.16,
                    "45": 34.16,
                    "75": 20.16,
                    "105": 30.16,
                    "135": 22.16,
                    "165": 32.16
                },
                "SLTX": {
                    "15": "Sandy Clay Loam",
                    "45": "Sandy Clay Loam",
                    "75": "Sandy Clay Loam",
                    "105": "Sandy Clay Loam",
                    "135": "Sandy Clay Loam",
                    "165": "Sandy Clay Loam"
                },
                "SLWP1": {
                    "15": 0.173,
                    "45": 0.214,
                    "75": 0.221,
                    "105": 0.18,
                    "135": 0.2,
                    "165": 0.173
                },
                "SLWP2": {
                    "15": 0.163,
                    "45": 0.215,
                    "75": 0.224,
                    "105": 0.182,
                    "135": 0.172,
                    "165": 0.183
                },
                "SLFC1": {
                    "15": 0.277,
                    "45": 0.328,
                    "75": 0.351,
                    "105": 0.281,
                    "135": 0.276,
                    "165": 0.318
                }
            },
            "_id": "684b226e8ac5476ed06f0cd0",
            "said": "684b226e8ac5476ed06f0cd0"
        },
        {
            "type": "Feature",
            "geometry": {
                "type": "Point",
                "coordinates": [
                    33.07847866,
                    -111.97636934
                ]
            },
            "properties": {
                "sa_label": "2014-p06-1",
                "SOIL_DATE": "05/2014",
                "SLSND": {
                    "15": 50.4,
                    "45": 48.4,
                    "75": 46.4,
                    "105": 46.4,
                    "135": 50.4,
                    "165": 50.4
                },
                "SLSLT": {
                    "15": 23.44,
                    "45": 21.44,
                    "75": 25.44,
                    "105": 19.44,
                    "135": 23.44,
                    "165": 21.44
                },
                "SLCLY": {
                    "15": 26.16,
                    "45": 30.16,
                    "75": 28.16,
                    "105": 34.16,
                    "135": 26.16,
                    "165": 28.16
                },
                "SLTX": {
                    "15": "Sandy Clay Loam",
                    "45": "Sandy Clay Loam",
                    "75": "Sandy Clay Loam",
                    "105": "Sandy Clay Loam",
                    "135": "Sandy Clay Loam",
                    "165": "Sandy Clay Loam"
                },
                "SLWP1": {
                    "15": 0.145,
                    "45": 0.168,
                    "75": 0.182,
                    "105": 0.18,
                    "165": 0.167
                },
                "SLWP2": {
                    "15": 0.177,
                    "45": 0.197,
                    "75": 0.215,
                    "105": 0.194,
                    "135": 0.188,
                    "165": 0.172
                },
                "SLFC1": {
                    "15": 0.262,
                    "45": 0.28,
                    "75": 0.342,
                    "105": 0.319,
                    "135": 0.321,
                    "165": 0.296
                }
            },
            "_id": "684b226e8ac5476ed06f0cd1",
            "said": "684b226e8ac5476ed06f0cd1"
        },
        {
            "type": "Feature",
            "geometry": {
                "type": "Point",
                "coordinates": [
                    33.07874208,
                    -111.97636736
                ]
            },
            "properties": {
                "sa_label": "2014-p06-2",
                "SOIL_DATE": "05/2014",
                "SLSND": {
                    "15": 48.4,
                    "45": 50.4,
                    "75": 49.84,
                    "105": 49.84,
                    "135": 49.84,
                    "165": 51.84
                },
                "SLSLT": {
                    "15": 23.44,
                    "45": 21.44,
                    "75": 26.0,
                    "105": 22.0,
                    "135": 26.0,
                    "165": 18.0
                },
                "SLCLY": {
                    "15": 28.16,
                    "45": 28.16,
                    "75": 24.16,
                    "105": 28.16,
                    "135": 24.16,
                    "165": 30.16
                },
                "SLTX": {
                    "15": "Sandy Clay Loam",
                    "45": "Sandy Clay Loam",
                    "75": "Sandy Clay Loam",
                    "105": "Sandy Clay Loam",
                    "135": "Sandy Clay Loam",
                    "165": "Sandy Clay Loam"
                },
                "SLWP1": {
                    "15": 0.143,
                    "45": 0.137,
                    "75": 0.155,
                    "105": 0.081,
                    "135": 0.219,
                    "165": 0.156
                },
                "SLWP2": {
                    "15": 0.165,
                    "45": 0.177,
                    "75": 0.187,
                    "105": 0.191,
                    "135": 0.197,
                    "165": 0.167
                },
                "SLFC1": {
                    "15": 0.287,
                    "45": 0.278,
                    "75": 0.335,
                    "105": 0.32,
                    "135": 0.346,
                    "165": 0.257
                }
            },
            "_id": "684b226e8ac5476ed06f0cd2",
            "said": "684b226e8ac5476ed06f0cd2"
        },
        {
            "type": "Feature",
            "geometry": {
                "type": "Point",
                "coordinates": [
                    33.0790055,
                    -111.97636553
                ]
            },
            "properties": {
                "sa_label": "2014-p06-3",
                "SOIL_DATE": "05/2014",
                "SLSND": {
                    "15": 49.12,
                    "45": 51.12,
                    "75": 53.12,
                    "105": 41.12,
                    "135": 43.12,
                    "165": 57.12
                },
                "SLSLT": {
                    "15": 22.72,
                    "45": 18.72,
                    "75": 20.72,
                    "105": 16.72,
                    "135": 26.72,
                    "165": 18.72
                },
                "SLCLY": {
                    "15": 28.16,
                    "45": 30.16,
                    "75": 26.16,
                    "105": 42.16,
                    "135": 30.16,
                    "165": 24.16
                },
                "SLTX": {
                    "15": "Sandy Clay Loam",
                    "45": "Sandy Clay Loam",
                    "75": "Sandy Clay Loam",
                    "105": "Clay ",
                    "135": "Clay Loam",
                    "165": "Sandy Clay Loam"
                },
                "SLWP1": {
                    "15": 0.169,
                    "45": 0.176,
                    "75": 0.192,
                    "105": 0.213,
                    "135": 0.2,
                    "165": 0.133
                },
                "SLWP2": {
                    "15": 0.185,
                    "45": 0.142,
                    "75": 0.226,
                    "105": 0.233,
                    "135": 0.262,
                    "165": 0.162
                },
                "SLFC1": {
                    "15": 0.268,
                    "45": 0.246,
                    "75": 0.293,
                    "105": 0.361,
                    "135": 0.345,
                    "165": 0.239
                }
            },
            "_id": "684b226e8ac5476ed06f0cd3",
            "said": "684b226e8ac5476ed06f0cd3"
        },
        {
            "type": "Feature",
            "geometry": {
                "type": "Point",
                "coordinates": [
                    33.07926891,
                    -111.97636384
                ]
            },
            "properties": {
                "sa_label": "2014-p06-4",
                "SOIL_DATE": "05/2014",
                "SLSND": {
                    "15": 49.12,
                    "45": 51.12,
                    "75": 51.12,
                    "105": 53.12,
                    "135": 53.12,
                    "165": 57.12
                },
                "SLSLT": {
                    "15": 20.72,
                    "45": 16.72,
                    "75": 20.72,
                    "105": 14.72,
                    "135": 20.72,
                    "165": 14.72
                },
                "SLCLY": {
                    "15": 30.16,
                    "45": 32.16,
                    "75": 28.16,
                    "105": 32.16,
                    "135": 26.16,
                    "165": 28.16
                },
                "SLTX": {
                    "15": "Sandy Clay Loam",
                    "45": "Sandy Clay Loam",
                    "75": "Sandy Clay Loam",
                    "105": "Sandy Clay Loam",
                    "135": "Sandy Clay Loam",
                    "165": "Sandy Clay Loam"
                },
                "SLWP1": {
                    "15": 0.26,
                    "45": 0.163,
                    "75": 0.225,
                    "135": 0.197,
                    "165": 0.139
                },
                "SLWP2": {
                    "15": 0.183,
                    "45": 0.178,
                    "75": 0.245,
                    "105": 0.211,
                    "135": 0.216,
                    "165": 0.169
                },
                "SLFC1": {
                    "15": 0.28,
                    "45": 0.261,
                    "75": 0.34,
                    "105": 0.279,
                    "135": 0.312,
                    "165": 0.302
                }
            },
            "_id": "684b226e8ac5476ed06f0cd4",
            "said": "684b226e8ac5476ed06f0cd4"
        },
        {
            "type": "Feature",
            "geometry": {
                "type": "Point",
                "coordinates": [
                    33.07953234,
                    -111.97636199
                ]
            },
            "properties": {
                "sa_label": "2014-p06-5",
                "SOIL_DATE": "05/2014",
                "SLSND": {
                    "15": 49.12,
                    "45": 53.12,
                    "75": 59.12,
                    "105": 51.12,
                    "135": 43.84,
                    "165": 43.84
                },
                "SLSLT": {
                    "15": 22.72,
                    "45": 18.72,
                    "75": 14.72,
                    "105": 14.72,
                    "135": 26.0,
                    "165": 24.0
                },
                "SLCLY": {
                    "15": 28.16,
                    "45": 28.16,
                    "75": 26.16,
                    "105": 34.16,
                    "135": 30.16,
                    "165": 32.16
                },
                "SLTX": {
                    "15": "Sandy Clay Loam",
                    "45": "Sandy Clay Loam",
                    "75": "Sandy Clay Loam",
                    "105": "Sandy Clay Loam",
                    "135": "Clay Loam",
                    "165": "Clay Loam"
                },
                "SLWP1": {
                    "15": 0.161,
                    "45": 0.138,
                    "75": 0.145,
                    "105": 0.158,
                    "135": 0.175,
                    "165": 0.14
                },
                "SLWP2": {
                    "15": 0.186,
                    "45": 0.164,
                    "75": 0.178,
                    "105": 0.199,
                    "135": 0.239,
                    "165": 0.188
                },
                "SLFC1": {
                    "15": 0.294,
                    "45": 0.267,
                    "75": 0.252,
                    "105": 0.317,
                    "135": 0.396,
                    "165": 0.336
                }
            },
            "_id": "684b226e8ac5476ed06f0cd5",
            "said": "684b226e8ac5476ed06f0cd5"
        },
        {
            "type": "Feature",
            "geometry": {
                "type": "Point",
                "coordinates": [
                    33.07979576,
                    -111.97636021
                ]
            },
            "properties": {
                "sa_label": "2014-p06-6",
                "SOIL_DATE": "05/2014",
                "SLSND": {
                    "15": 47.84,
                    "45": 47.84,
                    "75": 57.12,
                    "105": 55.12,
                    "135": 53.12,
                    "165": 49.12
                },
                "SLSLT": {
                    "15": 22.0,
                    "45": 18.0,
                    "75": 20.72,
                    "105": 16.72,
                    "135": 22.72,
                    "165": 22.72
                },
                "SLCLY": {
                    "15": 30.16,
                    "45": 34.16,
                    "75": 22.16,
                    "105": 28.16,
                    "135": 24.16,
                    "165": 28.16
                },
                "SLTX": {
                    "15": "Sandy Clay Loam",
                    "45": "Sandy Clay Loam",
                    "75": "Sandy Clay Loam",
                    "105": "Sandy Clay Loam",
                    "135": "Sandy Clay Loam",
                    "165": "Sandy Clay Loam"
                },
                "SLWP1": {
                    "15": 0.165,
                    "45": 0.172,
                    "75": 0.183,
                    "105": 0.159,
                    "135": 0.155,
                    "165": 0.191
                },
                "SLWP2": {
                    "15": 0.186,
                    "45": 0.211,
                    "75": 0.221,
                    "105": 0.192,
                    "135": 0.194,
                    "165": 0.189
                },
                "SLFC1": {
                    "15": 0.331,
                    "45": 0.316,
                    "75": 0.318,
                    "105": 0.278,
                    "135": 0.31,
                    "165": 0.376
                }
            },
            "_id": "684b226e8ac5476ed06f0cd6",
            "said": "684b226e8ac5476ed06f0cd6"
        },
        {
            "type": "Feature",
            "geometry": {
                "type": "Point",
                "coordinates": [
                    33.07979723,
                    -111.9766541
                ]
            },
            "properties": {
                "sa_label": "2014-p07-1",
                "SOIL_DATE": "05/2014",
                "SLSND": {
                    "15": 55.84,
                    "45": 57.84,
                    "75": 69.84,
                    "105": 67.84,
                    "135": 67.84,
                    "165": 63.84
                },
                "SLSLT": {
                    "15": 12.72,
                    "45": 12.72,
                    "75": 6.72,
                    "105": 8.72,
                    "135": 10.72,
                    "165": 10.72
                },
                "SLCLY": {
                    "15": 31.44,
                    "45": 29.44,
                    "75": 23.44,
                    "105": 23.44,
                    "135": 21.44,
                    "165": 25.44
                },
                "SLTX": {
                    "15": "Sandy Clay Loam",
                    "45": "Sandy Clay Loam",
                    "75": "Sandy Clay Loam",
                    "105": "Sandy Clay Loam",
                    "135": "Sandy Clay Loam",
                    "165": "Sandy Clay Loam"
                },
                "SLWP1": {
                    "15": 0.153,
                    "45": 0.228,
                    "75": 0.139,
                    "105": 0.131,
                    "135": 0.129,
                    "165": 0.132
                },
                "SLWP2": {
                    "15": 0.179,
                    "45": 0.198,
                    "75": 0.152,
                    "105": 0.152,
                    "135": 0.158,
                    "165": 0.143
                },
                "SLFC1": {
                    "15": 0.286,
                    "45": 0.291,
                    "75": 0.241,
                    "105": 0.238,
                    "135": 0.276,
                    "165": 0.245
                }
            },
            "_id": "684b226e8ac5476ed06f0cd7",
            "said": "684b226e8ac5476ed06f0cd7"
        },
        {
            "type": "Feature",
            "geometry": {
                "type": "Point",
                "coordinates": [
                    33.0795338,
                    -111.97665591
                ]
            },
            "properties": {
                "sa_label": "2014-p07-2",
                "SOIL_DATE": "05/2014",
                "SLSND": {
                    "15": 55.84,
                    "45": 59.84,
                    "75": 65.84,
                    "105": 63.84,
                    "135": 57.84,
                    "165": 57.84
                },
                "SLSLT": {
                    "15": 14.72,
                    "45": 12.72,
                    "75": 8.72,
                    "105": 8.72,
                    "135": 16.72,
                    "165": 12.72
                },
                "SLCLY": {
                    "15": 29.44,
                    "45": 27.44,
                    "75": 25.44,
                    "105": 27.44,
                    "135": 25.44,
                    "165": 29.44
                },
                "SLTX": {
                    "15": "Sandy Clay Loam",
                    "45": "Sandy Clay Loam",
                    "75": "Sandy Clay Loam",
                    "105": "Sandy Clay Loam",
                    "135": "Sandy Clay Loam",
                    "165": "Sandy Clay Loam"
                },
                "SLWP1": {
                    "15": 0.166,
                    "45": 0.148,
                    "75": 0.15,
                    "105": 0.17,
                    "135": 0.145,
                    "165": 0.154
                },
                "SLWP2": {
                    "15": 0.195,
                    "45": 0.167,
                    "75": 0.179,
                    "105": 0.194,
                    "135": 0.172,
                    "165": 0.169
                },
                "SLFC1": {
                    "15": 0.283,
                    "45": 0.257,
                    "75": 0.29,
                    "105": 0.298,
                    "135": 0.295,
                    "165": 0.294
                }
            },
            "_id": "684b226e8ac5476ed06f0cd8",
            "said": "684b226e8ac5476ed06f0cd8"
        },
        {
            "type": "Feature",
            "geometry": {
                "type": "Point",
                "coordinates": [
                    33.07927038,
                    -111.97665789
                ]
            },
            "properties": {
                "sa_label": "2014-p07-3",
                "SOIL_DATE": "05/2014",
                "SLSND": {
                    "15": 57.84,
                    "45": 55.84,
                    "75": 67.84,
                    "105": 55.84,
                    "135": 61.84,
                    "165": 63.84
                },
                "SLSLT": {
                    "15": 14.72,
                    "45": 16.72,
                    "75": 8.72,
                    "105": 10.72,
                    "135": 10.72,
                    "165": 16.72
                },
                "SLCLY": {
                    "15": 27.44,
                    "45": 27.44,
                    "75": 23.44,
                    "105": 33.44,
                    "135": 27.44,
                    "165": 19.44
                },
                "SLTX": {
                    "15": "Sandy Clay Loam",
                    "45": "Sandy Clay Loam",
                    "75": "Sandy Clay Loam",
                    "105": "Sandy Clay Loam",
                    "135": "Sandy Clay Loam",
                    "165": "Sandy Loam"
                },
                "SLWP1": {
                    "15": 0.157,
                    "45": 0.153,
                    "75": 0.156,
                    "105": 0.173,
                    "135": 0.167,
                    "165": 0.137
                },
                "SLWP2": {
                    "15": 0.183,
                    "45": 0.167,
                    "75": 0.147,
                    "105": 0.182,
                    "135": 0.167,
                    "165": 0.156
                },
                "SLFC1": {
                    "15": 0.291,
                    "45": 0.256,
                    "75": 0.259,
                    "105": 0.309,
                    "135": 0.292,
                    "165": 0.275
                }
            },
            "_id": "684b226e8ac5476ed06f0cd9",
            "said": "684b226e8ac5476ed06f0cd9"
        },
        {
            "type": "Feature",
            "geometry": {
                "type": "Point",
                "coordinates": [
                    33.07900696,
                    -111.97665957
                ]
            },
            "properties": {
                "sa_label": "2014-p07-4",
                "SOIL_DATE": "05/2014",
                "SLSND": {
                    "15": 63.84,
                    "45": 65.84,
                    "75": 63.84,
                    "105": 65.84,
                    "135": 71.84,
                    "165": 63.84
                },
                "SLSLT": {
                    "15": 10.72,
                    "45": 10.72,
                    "75": 13.44,
                    "105": 11.44,
                    "135": 11.44,
                    "165": 9.44
                },
                "SLCLY": {
                    "15": 25.44,
                    "45": 23.44,
                    "75": 22.72,
                    "105": 22.72,
                    "135": 16.72,
                    "165": 26.72
                },
                "SLTX": {
                    "15": "Sandy Clay Loam",
                    "45": "Sandy Clay Loam",
                    "75": "Sandy Clay Loam",
                    "105": "Sandy Clay Loam",
                    "135": "Sandy Loam",
                    "165": "Sandy Clay Loam"
                },
                "SLWP1": {
                    "15": 0.143,
                    "45": 0.141,
                    "75": 0.162,
                    "105": 0.127,
                    "135": 0.126,
                    "165": 0.147
                },
                "SLWP2": {
                    "15": 0.161,
                    "45": 0.155,
                    "75": 0.186,
                    "105": 0.147,
                    "135": 0.151,
                    "165": 0.163
                },
                "SLFC1": {
                    "15": 0.265,
                    "45": 0.251,
                    "75": 0.279,
                    "105": 0.22,
                    "135": 0.232,
                    "165": 0.297
                }
            },
            "_id": "684b226e8ac5476ed06f0cda",
            "said": "684b226e8ac5476ed06f0cda"
        },
        {
            "type": "Feature",
            "geometry": {
                "type": "Point",
                "coordinates": [
                    33.07874355,
                    -111.9766615
                ]
            },
            "properties": {
                "sa_label": "2014-p07-5",
                "SOIL_DATE": "05/2014",
                "SLSND": {
                    "15": 57.12,
                    "45": 75.12,
                    "75": 71.12,
                    "105": 73.12,
                    "135": 63.12,
                    "165": 69.12
                },
                "SLSLT": {
                    "15": 13.44,
                    "45": 11.44,
                    "75": 11.44,
                    "105": 11.44,
                    "135": 15.44,
                    "165": 9.44
                },
                "SLCLY": {
                    "15": 29.44,
                    "45": 13.44,
                    "75": 17.44,
                    "105": 15.44,
                    "135": 21.44,
                    "165": 21.44
                },
                "SLTX": {
                    "15": "Sandy Clay Loam",
                    "45": "Sandy Loam",
                    "75": "Sandy Loam",
                    "105": "Sandy Loam",
                    "135": "Sandy Clay Loam",
                    "165": "Sandy Clay Loam"
                },
                "SLWP1": {
                    "15": 0.154,
                    "45": 0.091,
                    "75": 0.109,
                    "105": 0.105,
                    "135": 0.126,
                    "165": 0.112
                },
                "SLWP2": {
                    "15": 0.166,
                    "45": 0.116,
                    "75": 0.122,
                    "105": 0.127,
                    "135": 0.162,
                    "165": 0.132
                },
                "SLFC1": {
                    "15": 0.291,
                    "45": 0.176,
                    "75": 0.198,
                    "105": 0.229,
                    "135": 0.252,
                    "165": 0.209
                }
            },
            "_id": "684b226e8ac5476ed06f0cdb",
            "said": "684b226e8ac5476ed06f0cdb"
        },
        {
            "type": "Feature",
            "geometry": {
                "type": "Point",
                "coordinates": [
                    33.07848012,
                    -111.9766631
                ]
            },
            "properties": {
                "sa_label": "2014-p07-6",
                "SOIL_DATE": "05/2014",
                "SLSND": {
                    "15": 65.12,
                    "45": 77.12,
                    "75": 75.12,
                    "105": 73.12,
                    "135": 71.12,
                    "165": 67.12
                },
                "SLSLT": {
                    "15": 11.44,
                    "45": 7.44,
                    "75": 9.44,
                    "105": 7.44,
                    "135": 11.44,
                    "165": 11.44
                },
                "SLCLY": {
                    "15": 23.44,
                    "45": 15.44,
                    "75": 15.44,
                    "105": 19.44,
                    "135": 17.44,
                    "165": 21.44
                },
                "SLTX": {
                    "15": "Sandy Clay Loam",
                    "45": "Sandy Loam",
                    "75": "Sandy Loam",
                    "105": "Sandy Loam",
                    "135": "Sandy Loam",
                    "165": "Sandy Clay Loam"
                },
                "SLWP1": {
                    "15": 0.123,
                    "45": 0.085,
                    "75": 0.08,
                    "105": 0.083,
                    "135": 0.094,
                    "165": 0.111
                },
                "SLWP2": {
                    "15": 0.152,
                    "45": 0.113,
                    "75": 0.099,
                    "105": 0.097,
                    "135": 0.11,
                    "165": 0.139
                },
                "SLFC1": {
                    "15": 0.247,
                    "45": 0.167,
                    "75": 0.167,
                    "105": 0.158,
                    "135": 0.198,
                    "165": 0.22
                }
            },
            "_id": "684b226e8ac5476ed06f0cdc",
            "said": "684b226e8ac5476ed06f0cdc"
        },
        {
            "type": "Feature",
            "geometry": {
                "type": "Point",
                "coordinates": [
                    33.07848164,
                    -111.97696804
                ]
            },
            "properties": {
                "sa_label": "2014-p08-1",
                "SOIL_DATE": "05/2014",
                "SLSND": {
                    "15": 53.12,
                    "45": 53.12,
                    "75": 49.12,
                    "105": 43.12,
                    "135": 47.12,
                    "165": 55.12
                },
                "SLSLT": {
                    "15": 22.72,
                    "45": 22.72,
                    "75": 24.72,
                    "105": 18.72,
                    "135": 26.72,
                    "165": 18.72
                },
                "SLCLY": {
                    "15": 24.16,
                    "45": 24.16,
                    "75": 26.16,
                    "105": 38.16,
                    "135": 26.16,
                    "165": 26.16
                },
                "SLTX": {
                    "15": "Sandy Clay Loam",
                    "45": "Sandy Clay Loam",
                    "75": "Sandy Clay Loam",
                    "105": "Clay Loam",
                    "135": "Sandy Clay Loam",
                    "165": "Sandy Clay Loam"
                },
                "SLWP1": {
                    "15": 0.123,
                    "45": 0.114,
                    "75": 0.148,
                    "105": 0.179,
                    "135": 0.183,
                    "165": 0.139
                },
                "SLWP2": {
                    "15": 0.13,
                    "45": 0.135,
                    "75": 0.19,
                    "105": 0.218,
                    "135": 0.211,
                    "165": 0.155
                },
                "SLFC1": {
                    "15": 0.246,
                    "45": 0.241,
                    "75": 0.332,
                    "105": 0.352,
                    "135": 0.334,
                    "165": 0.273
                }
            },
            "_id": "684b226e8ac5476ed06f0cdd",
            "said": "684b226e8ac5476ed06f0cdd"
        },
        {
            "type": "Feature",
            "geometry": {
                "type": "Point",
                "coordinates": [
                    33.07874506,
                    -111.97696616
                ]
            },
            "properties": {
                "sa_label": "2014-p08-2",
                "SOIL_DATE": "05/2014",
                "SLSND": {
                    "15": 53.12,
                    "45": 53.12,
                    "75": 62.4,
                    "105": 46.4,
                    "135": 34.4,
                    "165": 70.4
                },
                "SLSLT": {
                    "15": 24.72,
                    "45": 20.72,
                    "75": 19.44,
                    "105": 23.44,
                    "135": 29.44,
                    "165": 11.44
                },
                "SLCLY": {
                    "15": 22.16,
                    "45": 26.16,
                    "75": 18.16,
                    "105": 30.16,
                    "135": 36.16,
                    "165": 18.16
                },
                "SLTX": {
                    "15": "Sandy Clay Loam",
                    "45": "Sandy Clay Loam",
                    "75": "Sandy Loam",
                    "105": "Sandy Clay Loam",
                    "135": "Clay Loam",
                    "165": "Sandy Loam"
                },
                "SLWP1": {
                    "15": 0.122,
                    "45": 0.106,
                    "75": 0.101,
                    "105": 0.159,
                    "135": 0.157,
                    "165": 0.099
                },
                "SLWP2": {
                    "15": 0.147,
                    "45": 0.141,
                    "75": 0.113,
                    "105": 0.193,
                    "135": 0.198,
                    "165": 0.08
                },
                "SLFC1": {
                    "15": 0.26,
                    "45": 0.245,
                    "75": 0.219,
                    "105": 0.296,
                    "135": 0.369,
                    "165": 0.137
                }
            },
            "_id": "684b226e8ac5476ed06f0cde",
            "said": "684b226e8ac5476ed06f0cde"
        },
        {
            "type": "Feature",
            "geometry": {
                "type": "Point",
                "coordinates": [
                    33.07900848,
                    -111.97696459
                ]
            },
            "properties": {
                "sa_label": "2014-p08-3",
                "SOIL_DATE": "05/2014",
                "SLSND": {
                    "15": 51.12,
                    "45": 51.12,
                    "75": 49.12,
                    "105": 47.12,
                    "135": 45.12,
                    "165": 47.12
                },
                "SLSLT": {
                    "15": 24.72,
                    "45": 18.72,
                    "75": 24.72,
                    "105": 18.72,
                    "135": 28.72,
                    "165": 22.72
                },
                "SLCLY": {
                    "15": 24.16,
                    "45": 30.16,
                    "75": 26.16,
                    "105": 34.16,
                    "135": 26.16,
                    "165": 30.16
                },
                "SLTX": {
                    "15": "Sandy Clay Loam",
                    "45": "Sandy Clay Loam",
                    "75": "Sandy Clay Loam",
                    "105": "Sandy Clay Loam",
                    "135": "Loam",
                    "165": "Sandy Clay Loam"
                },
                "SLWP1": {
                    "15": 0.169,
                    "45": 0.17,
                    "75": 0.186,
                    "105": 0.206,
                    "135": 0.195,
                    "165": 0.217
                },
                "SLWP2": {
                    "15": 0.177,
                    "45": 0.166,
                    "75": 0.169,
                    "105": 0.209,
                    "135": 0.199,
                    "165": 0.173
                },
                "SLFC1": {
                    "15": 0.291,
                    "45": 0.279,
                    "75": 0.332,
                    "105": 0.379,
                    "135": 0.351,
                    "165": 0.309
                }
            },
            "_id": "684b226e8ac5476ed06f0cdf",
            "said": "684b226e8ac5476ed06f0cdf"
        },
        {
            "type": "Feature",
            "geometry": {
                "type": "Point",
                "coordinates": [
                    33.0792719,
                    -111.97696257
                ]
            },
            "properties": {
                "sa_label": "2014-p08-4",
                "SOIL_DATE": "05/2014",
                "SLSND": {
                    "15": 49.12,
                    "45": 51.12,
                    "75": 47.12,
                    "105": 37.12,
                    "135": 39.12,
                    "165": 41.12
                },
                "SLSLT": {
                    "15": 22.72,
                    "45": 20.72,
                    "75": 26.72,
                    "105": 28.72,
                    "135": 28.72,
                    "165": 18.72
                },
                "SLCLY": {
                    "15": 28.16,
                    "45": 28.16,
                    "75": 26.16,
                    "105": 34.16,
                    "135": 32.16,
                    "165": 40.16
                },
                "SLTX": {
                    "15": "Sandy Clay Loam",
                    "45": "Sandy Clay Loam",
                    "75": "Sandy Clay Loam",
                    "105": "Clay Loam",
                    "135": "Clay Loam",
                    "165": "Clay"
                },
                "SLWP1": {
                    "15": 0.161,
                    "45": 0.162,
                    "75": 0.257,
                    "105": 0.236,
                    "135": 0.236,
                    "165": 0.187
                },
                "SLWP2": {
                    "15": 0.161,
                    "45": 0.159,
                    "75": 0.261,
                    "105": 0.238,
                    "135": 0.235,
                    "165": 0.199
                },
                "SLFC1": {
                    "15": 0.306,
                    "45": 0.245,
                    "75": 0.428,
                    "105": 0.375,
                    "135": 0.39,
                    "165": 0.333
                }
            },
            "_id": "684b226e8ac5476ed06f0ce0",
            "said": "684b226e8ac5476ed06f0ce0"
        },
        {
            "type": "Feature",
            "geometry": {
                "type": "Point",
                "coordinates": [
                    33.07953532,
                    -111.9769609
                ]
            },
            "properties": {
                "sa_label": "2014-p08-5",
                "SOIL_DATE": "05/2014",
                "SLSND": {
                    "15": 47.12,
                    "45": 49.12,
                    "75": 53.12,
                    "105": 49.12,
                    "135": 55.12,
                    "165": 55.12
                },
                "SLSLT": {
                    "15": 24.72,
                    "45": 18.72,
                    "75": 24.72,
                    "105": 16.72,
                    "135": 22.72,
                    "165": 16.72
                },
                "SLCLY": {
                    "15": 28.16,
                    "45": 32.16,
                    "75": 22.16,
                    "105": 34.16,
                    "135": 22.16,
                    "165": 28.16
                },
                "SLTX": {
                    "15": "Sandy Clay Loam",
                    "45": "Sandy Clay Loam",
                    "75": "Sandy Clay Loam",
                    "105": "Sandy Clay Loam",
                    "135": "Sandy Clay Loam",
                    "165": "Sandy Clay Loam"
                },
                "SLWP1": {
                    "15": 0.157,
                    "45": 0.176,
                    "75": 0.173,
                    "105": 0.207,
                    "135": 0.198,
                    "165": 0.181
                },
                "SLWP2": {
                    "15": 0.17,
                    "45": 0.182,
                    "75": 0.188,
                    "105": 0.227,
                    "135": 0.208,
                    "165": 0.174
                },
                "SLFC1": {
                    "15": 0.342,
                    "45": 0.277,
                    "75": 0.28,
                    "105": 0.351,
                    "135": 0.272,
                    "165": 0.259
                }
            },
            "_id": "684b226e8ac5476ed06f0ce1",
            "said": "684b226e8ac5476ed06f0ce1"
        },
        {
            "type": "Feature",
            "geometry": {
                "type": "Point",
                "coordinates": [
                    33.07979874,
                    -111.97695895
                ]
            },
            "properties": {
                "sa_label": "2014-p08-6",
                "SOIL_DATE": "05/2014",
                "SLSND": {
                    "15": 47.12,
                    "45": 49.12,
                    "75": 55.12,
                    "105": 51.12,
                    "135": 43.12,
                    "165": 43.12
                },
                "SLSLT": {
                    "15": 24.72,
                    "45": 18.72,
                    "75": 20.72,
                    "105": 18.72,
                    "135": 26.72,
                    "165": 20.72
                },
                "SLCLY": {
                    "15": 28.16,
                    "45": 32.16,
                    "75": 24.16,
                    "105": 30.16,
                    "135": 30.16,
                    "165": 36.16
                },
                "SLTX": {
                    "15": "Sandy Clay Loam",
                    "45": "Sandy Clay Loam",
                    "75": "Sandy Clay Loam",
                    "105": "Sandy Clay Loam",
                    "135": "Clay Loam",
                    "165": "Clay Loam"
                },
                "SLWP1": {
                    "15": 0.184,
                    "45": 0.177,
                    "75": 0.145,
                    "105": 0.185,
                    "135": 0.214,
                    "165": 0.194
                },
                "SLWP2": {
                    "15": 0.219,
                    "45": 0.188,
                    "75": 0.135,
                    "105": 0.199,
                    "135": 0.239,
                    "165": 0.217
                },
                "SLFC1": {
                    "15": 0.323,
                    "45": 0.259,
                    "75": 0.24,
                    "105": 0.294,
                    "135": 0.412,
                    "165": 0.396
                }
            },
            "_id": "684b226e8ac5476ed06f0ce2",
            "said": "684b226e8ac5476ed06f0ce2"
        },
        {
            "type": "Feature",
            "geometry": {
                "type": "Point",
                "coordinates": [
                    33.07980025,
                    -111.97726353
                ]
            },
            "properties": {
                "sa_label": "2014-p09-1",
                "SOIL_DATE": "05/2014",
                "SLSND": {
                    "15": 49.12,
                    "45": 51.12,
                    "75": 55.12,
                    "105": 57.12,
                    "135": 51.12,
                    "165": 43.12
                },
                "SLSLT": {
                    "15": 24.72,
                    "45": 16.72,
                    "75": 18.72,
                    "105": 16.72,
                    "135": 24.72,
                    "165": 24.72
                },
                "SLCLY": {
                    "15": 26.16,
                    "45": 32.16,
                    "75": 26.16,
                    "105": 26.16,
                    "135": 24.16,
                    "165": 32.16
                },
                "SLTX": {
                    "15": "Sandy Clay Loam",
                    "45": "Sandy Clay Loam",
                    "75": "Sandy Clay Loam",
                    "105": "Sandy Clay Loam",
                    "135": "Sandy Clay Loam",
                    "165": "Clay Loam"
                },
                "SLWP1": {
                    "15": 0.182,
                    "45": 0.179,
                    "75": 0.124,
                    "105": 0.103,
                    "135": 0.154,
                    "165": 0.154
                },
                "SLWP2": {
                    "15": 0.201,
                    "45": 0.198,
                    "75": 0.127,
                    "105": 0.129,
                    "135": 0.211,
                    "165": 0.193
                },
                "SLFC1": {
                    "15": 0.31,
                    "45": 0.295,
                    "75": 0.234,
                    "105": 0.194,
                    "135": 0.271,
                    "165": 0.314
                }
            },
            "_id": "684b226e8ac5476ed06f0ce3",
            "said": "684b226e8ac5476ed06f0ce3"
        },
        {
            "type": "Feature",
            "geometry": {
                "type": "Point",
                "coordinates": [
                    33.07953683,
                    -111.9772656
                ]
            },
            "properties": {
                "sa_label": "2014-p09-2",
                "SOIL_DATE": "05/2014",
                "SLSND": {
                    "15": 49.12,
                    "45": 49.12,
                    "75": 51.12,
                    "105": 45.12,
                    "135": 43.12,
                    "165": 55.12
                },
                "SLSLT": {
                    "15": 22.72,
                    "45": 18.72,
                    "75": 22.72,
                    "105": 20.72,
                    "135": 30.72,
                    "165": 16.72
                },
                "SLCLY": {
                    "15": 28.16,
                    "45": 32.16,
                    "75": 26.16,
                    "105": 34.16,
                    "135": 26.16,
                    "165": 28.16
                },
                "SLTX": {
                    "15": "Sandy Clay Loam ",
                    "45": "Sandy Clay Loam ",
                    "75": "Sandy Clay Loam ",
                    "105": "Sandy Clay Loam ",
                    "135": "Loam",
                    "165": "Sandy Clay Loam "
                },
                "SLWP1": {
                    "15": 0.147,
                    "45": 0.152,
                    "75": 0.183,
                    "105": 0.166,
                    "135": 0.171,
                    "165": 0.132
                },
                "SLWP2": {
                    "15": 0.181,
                    "45": 0.182,
                    "75": 0.242,
                    "105": 0.188,
                    "135": 0.213,
                    "165": 0.142
                },
                "SLFC1": {
                    "15": 0.264,
                    "45": 0.251,
                    "75": 0.344,
                    "105": 0.3,
                    "135": 0.338,
                    "165": 0.247
                }
            },
            "_id": "684b226e8ac5476ed06f0ce4",
            "said": "684b226e8ac5476ed06f0ce4"
        },
        {
            "type": "Feature",
            "geometry": {
                "type": "Point",
                "coordinates": [
                    33.07927342,
                    -111.97726741
                ]
            },
            "properties": {
                "sa_label": "2014-p09-3",
                "SOIL_DATE": "05/2014",
                "SLSND": {
                    "15": 51.12,
                    "45": 49.12,
                    "75": 49.12,
                    "105": 45.12,
                    "135": 47.12,
                    "165": 49.12
                },
                "SLSLT": {
                    "15": 22.72,
                    "45": 20.72,
                    "75": 24.72,
                    "105": 28.72,
                    "135": 22.72,
                    "165": 20.72
                },
                "SLCLY": {
                    "15": 26.16,
                    "45": 30.16,
                    "75": 26.16,
                    "105": 26.16,
                    "135": 30.16,
                    "165": 30.16
                },
                "SLTX": {
                    "15": "Sandy Clay Loam",
                    "45": "Sandy Clay Loam",
                    "75": "Sandy Clay Loam",
                    "105": "Loam",
                    "135": "Sandy Clay Loam",
                    "165": "Sandy Clay Loam"
                },
                "SLWP1": {
                    "15": 0.145,
                    "45": 0.133,
                    "75": 0.141,
                    "105": 0.161,
                    "135": 0.17,
                    "165": 0.146
                },
                "SLWP2": {
                    "15": 0.18,
                    "45": 0.168,
                    "75": 0.192,
                    "105": 0.197,
                    "135": 0.2,
                    "165": 0.181
                },
                "SLFC1": {
                    "45": 0.26,
                    "75": 0.293,
                    "105": 0.326,
                    "135": 0.368,
                    "165": 0.287
                }
            },
            "_id": "684b226e8ac5476ed06f0ce5",
            "said": "684b226e8ac5476ed06f0ce5"
        },
        {
            "type": "Feature",
            "geometry": {
                "type": "Point",
                "coordinates": [
                    33.07901,
                    -111.97726935
                ]
            },
            "properties": {
                "sa_label": "2014-p09-4",
                "SOIL_DATE": "05/2014",
                "SLSND": {
                    "15": 47.12,
                    "45": 49.12,
                    "75": 51.12,
                    "105": 47.12,
                    "135": 47.12,
                    "165": 47.12
                },
                "SLSLT": {
                    "15": 26.72,
                    "45": 22.72,
                    "75": 22.72,
                    "105": 20.72,
                    "135": 22.72,
                    "165": 18.72
                },
                "SLCLY": {
                    "15": 26.16,
                    "45": 28.16,
                    "75": 26.16,
                    "105": 32.16,
                    "135": 30.16,
                    "165": 34.16
                },
                "SLTX": {
                    "15": "Sandy Clay Loam",
                    "45": "Sandy Clay Loam",
                    "75": "Sandy Clay Loam",
                    "105": "Sandy Clay Loam",
                    "135": "Sandy Clay Loam",
                    "165": "Sandy Clay Loam"
                },
                "SLWP1": {
                    "15": 0.129,
                    "45": 0.123,
                    "75": 0.125,
                    "105": 0.144,
                    "135": 0.145,
                    "165": 0.142
                },
                "SLWP2": {
                    "15": 0.161,
                    "45": 0.145,
                    "75": 0.156,
                    "105": 0.168,
                    "135": 0.188,
                    "165": 0.169
                },
                "SLFC1": {
                    "15": 0.269,
                    "45": 0.241,
                    "75": 0.296,
                    "105": 0.285,
                    "135": 0.314,
                    "165": 0.29
                }
            },
            "_id": "684b226e8ac5476ed06f0ce6",
            "said": "684b226e8ac5476ed06f0ce6"
        },
        {
            "type": "Feature",
            "geometry": {
                "type": "Point",
                "coordinates": [
                    33.07874657,
                    -111.97727088
                ]
            },
            "properties": {
                "sa_label": "2014-p09-5",
                "SOIL_DATE": "05/2014",
                "SLSND": {
                    "15": 51.12,
                    "45": 57.12,
                    "75": 49.12,
                    "105": 49.12,
                    "135": 55.12,
                    "165": 51.12
                },
                "SLSLT": {
                    "15": 22.72,
                    "45": 18.72,
                    "75": 26.72,
                    "105": 22.72,
                    "135": 22.72,
                    "165": 18.72
                },
                "SLCLY": {
                    "15": 26.16,
                    "45": 24.16,
                    "75": 24.16,
                    "105": 28.16,
                    "135": 22.16,
                    "165": 30.16
                },
                "SLTX": {
                    "15": "Sandy Clay Loam",
                    "45": "Sandy Clay Loam",
                    "75": "Sandy Clay Loam",
                    "105": "Sandy Clay Loam",
                    "135": "Sandy Clay Loam",
                    "165": "Sandy Clay Loam"
                },
                "SLWP1": {
                    "15": 0.115,
                    "45": 0.115,
                    "75": 0.139,
                    "105": 0.133,
                    "135": 0.112,
                    "165": 0.121
                },
                "SLWP2": {
                    "15": 0.131,
                    "45": 0.134,
                    "75": 0.175,
                    "105": 0.162,
                    "135": 0.134,
                    "165": 0.142
                },
                "SLFC1": {
                    "15": 0.257,
                    "45": 0.229,
                    "75": 0.285,
                    "105": 0.29,
                    "135": 0.25,
                    "165": 0.252
                }
            },
            "_id": "684b226e8ac5476ed06f0ce7",
            "said": "684b226e8ac5476ed06f0ce7"
        },
        {
            "type": "Feature",
            "geometry": {
                "type": "Point",
                "coordinates": [
                    33.07848316,
                    -111.97727266
                ]
            },
            "properties": {
                "sa_label": "2014-p09-6",
                "SOIL_DATE": "05/2014",
                "SLSND": {
                    "15": 51.12,
                    "45": 53.12,
                    "75": 53.12,
                    "105": 47.12,
                    "135": 45.12,
                    "165": 49.12
                },
                "SLSLT": {
                    "15": 22.72,
                    "45": 20.72,
                    "75": 24.72,
                    "105": 18.72,
                    "135": 26.72,
                    "165": 18.72
                },
                "SLCLY": {
                    "15": 26.16,
                    "45": 26.16,
                    "75": 22.16,
                    "105": 34.16,
                    "135": 28.16,
                    "165": 32.16
                },
                "SLTX": {
                    "15": "Sandy Clay Loam",
                    "45": "Sandy Clay Loam",
                    "75": "Sandy Clay Loam",
                    "105": "Sandy Clay Loam",
                    "135": "Sandy Clay Loam",
                    "165": "Sandy Clay Loam"
                },
                "SLWP1": {
                    "15": 0.13,
                    "45": 0.125,
                    "75": 0.123,
                    "105": 0.131,
                    "135": 0.125,
                    "165": 0.102
                },
                "SLWP2": {
                    "15": 0.14,
                    "45": 0.14,
                    "75": 0.162,
                    "105": 0.156,
                    "135": 0.181,
                    "165": 0.132
                },
                "SLFC1": {
                    "15": 0.242,
                    "45": 0.236,
                    "75": 0.275,
                    "105": 0.285,
                    "135": 0.344,
                    "165": 0.25
                }
            },
            "_id": "684b226e8ac5476ed06f0ce8",
            "said": "684b226e8ac5476ed06f0ce8"
        },
        {
            "type": "Feature",
            "geometry": {
                "type": "Point",
                "coordinates": [
                    33.07848467,
                    -111.97757759
                ]
            },
            "properties": {
                "sa_label": "2014-p10-1",
                "SOIL_DATE": "05/2014",
                "SLSND": {
                    "15": 51.12,
                    "45": 51.12,
                    "75": 49.12,
                    "105": 43.12,
                    "135": 47.12,
                    "165": 47.12
                },
                "SLSLT": {
                    "15": 22.72,
                    "45": 18.72,
                    "75": 24.72,
                    "105": 26.72,
                    "135": 24.72,
                    "165": 20.72
                },
                "SLCLY": {
                    "15": 26.16,
                    "45": 30.16,
                    "75": 26.16,
                    "105": 30.16,
                    "135": 28.16,
                    "165": 32.16
                },
                "SLTX": {
                    "15": "Sandy Clay Loam",
                    "45": "Sandy Clay Loam",
                    "75": "Sandy Clay Loam",
                    "105": "Clay Loam",
                    "135": "Sandy Clay Loam",
                    "165": "Sandy Clay Loam"
                },
                "SLWP1": {
                    "15": 0.128,
                    "45": 0.134,
                    "75": 0.162,
                    "105": 0.184,
                    "135": 0.15,
                    "165": 0.153
                },
                "SLWP2": {
                    "15": 0.189,
                    "45": 0.164,
                    "75": 0.19,
                    "105": 0.201,
                    "135": 0.202,
                    "165": 0.179
                },
                "SLFC1": {
                    "15": 0.277,
                    "45": 0.268,
                    "75": 0.326,
                    "105": 0.311,
                    "135": 0.345,
                    "165": 0.282
                }
            },
            "_id": "684b226e8ac5476ed06f0ce9",
            "said": "684b226e8ac5476ed06f0ce9"
        },
        {
            "type": "Feature",
            "geometry": {
                "type": "Point",
                "coordinates": [
                    33.07874809,
                    -111.9775756
                ]
            },
            "properties": {
                "sa_label": "2014-p10-2",
                "SOIL_DATE": "05/2014",
                "SLSND": {
                    "15": 51.12,
                    "45": 51.12,
                    "75": 51.12,
                    "105": 45.12,
                    "135": 49.12,
                    "165": 55.12
                },
                "SLSLT": {
                    "15": 24.72,
                    "45": 22.72,
                    "75": 26.72,
                    "105": 18.72,
                    "135": 22.72,
                    "165": 18.72
                },
                "SLCLY": {
                    "15": 24.16,
                    "45": 26.16,
                    "75": 22.16,
                    "105": 36.16,
                    "135": 28.16,
                    "165": 26.16
                },
                "SLTX": {
                    "15": "Sandy Clay Loam",
                    "45": "Sandy Clay Loam",
                    "75": "Sandy Clay Loam",
                    "105": "Sandy Clay",
                    "135": "Sandy Clay Loam",
                    "165": "Sandy Clay Loam"
                },
                "SLWP1": {
                    "15": 0.113,
                    "45": 0.132,
                    "75": 0.182,
                    "105": 0.14,
                    "135": 0.135,
                    "165": 0.104
                },
                "SLWP2": {
                    "15": 0.149,
                    "45": 0.157,
                    "75": 0.211,
                    "105": 0.174,
                    "135": 0.174,
                    "165": 0.138
                },
                "SLFC1": {
                    "15": 0.266,
                    "45": 0.262,
                    "75": 0.333,
                    "105": 0.298,
                    "135": 0.305,
                    "165": 0.243
                }
            },
            "_id": "684b226e8ac5476ed06f0cea",
            "said": "684b226e8ac5476ed06f0cea"
        },
        {
            "type": "Feature",
            "geometry": {
                "type": "Point",
                "coordinates": [
                    33.07901152,
                    -111.9775738
                ]
            },
            "properties": {
                "sa_label": "2014-p10-3",
                "SOIL_DATE": "05/2014",
                "SLSND": {
                    "15": 47.12,
                    "45": 51.12,
                    "75": 53.12,
                    "105": 49.12,
                    "135": 53.12,
                    "165": 55.12
                },
                "SLSLT": {
                    "15": 22.72,
                    "45": 16.72,
                    "75": 24.72,
                    "105": 24.72,
                    "135": 24.72,
                    "165": 16.72
                },
                "SLCLY": {
                    "15": 30.16,
                    "45": 32.16,
                    "75": 22.16,
                    "105": 26.16,
                    "135": 22.16,
                    "165": 28.16
                },
                "SLTX": {
                    "15": "Sandy Clay Loam",
                    "45": "Sandy Clay Loam",
                    "75": "Sandy Clay Loam",
                    "105": "Sandy Clay Loam",
                    "135": "Sandy Clay Loam",
                    "165": "Sandy Clay Loam"
                },
                "SLWP1": {
                    "15": 0.134,
                    "45": 0.131,
                    "75": 0.14,
                    "105": 0.155,
                    "135": 0.152,
                    "165": 0.126
                },
                "SLWP2": {
                    "15": 0.156,
                    "45": 0.158,
                    "75": 0.179,
                    "105": 0.177,
                    "135": 0.182,
                    "165": 0.146
                },
                "SLFC1": {
                    "15": 0.29,
                    "45": 0.262,
                    "75": 0.286,
                    "105": 0.3,
                    "135": 0.302,
                    "165": 0.247
                }
            },
            "_id": "684b226e8ac5476ed06f0ceb",
            "said": "684b226e8ac5476ed06f0ceb"
        },
        {
            "type": "Feature",
            "geometry": {
                "type": "Point",
                "coordinates": [
                    33.07927493,
                    -111.97757205
                ]
            },
            "properties": {
                "sa_label": "2014-p10-4",
                "SOIL_DATE": "05/2014",
                "SLSND": {
                    "15": 49.12,
                    "45": 51.12,
                    "75": 55.12,
                    "105": 53.12,
                    "135": 53.12,
                    "165": 51.12
                },
                "SLSLT": {
                    "15": 22.72,
                    "45": 18.72,
                    "75": 20.72,
                    "105": 16.72,
                    "135": 22.72,
                    "165": 20.72
                },
                "SLCLY": {
                    "15": 28.16,
                    "45": 30.16,
                    "75": 24.16,
                    "105": 30.16,
                    "135": 24.16,
                    "165": 28.16
                },
                "SLTX": {
                    "15": "Sandy Clay Loam",
                    "45": "Sandy Clay Loam",
                    "75": "Sandy Clay Loam",
                    "105": "Sandy Clay Loam",
                    "135": "Sandy Clay Loam",
                    "165": "Sandy Clay Loam"
                },
                "SLWP1": {
                    "15": 0.126,
                    "45": 0.13,
                    "75": 0.116,
                    "105": 0.133,
                    "135": 0.129,
                    "165": 0.122
                },
                "SLWP2": {
                    "15": 0.16,
                    "45": 0.163,
                    "75": 0.138,
                    "105": 0.158,
                    "135": 0.175,
                    "165": 0.153
                },
                "SLFC1": {
                    "15": 0.294,
                    "45": 0.289,
                    "75": 0.247,
                    "105": 0.332,
                    "135": 0.315,
                    "165": 0.299
                }
            },
            "_id": "684b226e8ac5476ed06f0cec",
            "said": "684b226e8ac5476ed06f0cec"
        },
        {
            "type": "Feature",
            "geometry": {
                "type": "Point",
                "coordinates": [
                    33.07953835,
                    -111.97757015
                ]
            },
            "properties": {
                "sa_label": "2014-p10-5",
                "SOIL_DATE": "05/2014",
                "SLSND": {
                    "15": 49.12,
                    "45": 51.12,
                    "75": 55.12,
                    "105": 55.12,
                    "135": 49.12,
                    "165": 47.12
                },
                "SLSLT": {
                    "15": 22.72,
                    "45": 20.72,
                    "75": 23.44,
                    "105": 21.44,
                    "135": 25.44,
                    "165": 21.44
                },
                "SLCLY": {
                    "15": 28.16,
                    "45": 28.16,
                    "75": 21.44,
                    "105": 23.44,
                    "135": 25.44,
                    "165": 31.44
                },
                "SLTX": {
                    "15": "Sandy Clay Loam",
                    "45": "Sandy Clay Loam",
                    "75": "Sandy Clay Loam",
                    "105": "Sandy Clay Loam",
                    "135": "Sandy Clay Loam",
                    "165": "Sandy Clay Loam"
                },
                "SLWP1": {
                    "15": 0.145,
                    "45": 0.144,
                    "75": 0.12,
                    "105": 0.113,
                    "135": 0.127,
                    "165": 0.132
                },
                "SLWP2": {
                    "15": 0.168,
                    "45": 0.152,
                    "75": 0.127,
                    "105": 0.137,
                    "135": 0.146,
                    "165": 0.153
                },
                "SLFC1": {
                    "15": 0.288,
                    "45": 0.25,
                    "75": 0.238,
                    "105": 0.233,
                    "135": 0.276,
                    "165": 0.282
                }
            },
            "_id": "684b226e8ac5476ed06f0ced",
            "said": "684b226e8ac5476ed06f0ced"
        },
        {
            "type": "Feature",
            "geometry": {
                "type": "Point",
                "coordinates": [
                    33.07980178,
                    -111.9775685
                ]
            },
            "properties": {
                "sa_label": "2014-p10-6",
                "SOIL_DATE": "05/2014",
                "SLSND": {
                    "15": 49.12,
                    "45": 51.12,
                    "75": 55.12,
                    "105": 57.12,
                    "135": 51.12,
                    "165": 53.12
                },
                "SLSLT": {
                    "15": 23.44,
                    "45": 21.44,
                    "75": 19.44,
                    "105": 19.44,
                    "135": 23.44,
                    "165": 21.44
                },
                "SLCLY": {
                    "15": 27.44,
                    "45": 27.44,
                    "75": 25.44,
                    "105": 23.44,
                    "135": 25.44,
                    "165": 25.44
                },
                "SLTX": {
                    "15": "Sandy Clay Loam",
                    "45": "Sandy Clay Loam",
                    "75": "Sandy Clay Loam",
                    "105": "Sandy Clay Loam",
                    "135": "Sandy Clay Loam",
                    "165": "Sandy Clay Loam"
                },
                "SLWP1": {
                    "15": 0.147,
                    "45": 0.14,
                    "75": 0.127,
                    "105": 0.116,
                    "135": 0.14,
                    "165": 0.137
                },
                "SLWP2": {
                    "15": 0.16,
                    "45": 0.146,
                    "75": 0.145,
                    "105": 0.122,
                    "135": 0.168,
                    "165": 0.183
                },
                "SLFC1": {
                    "15": 0.299,
                    "45": 0.252,
                    "75": 0.269,
                    "105": 0.243,
                    "135": 0.252,
                    "165": 0.267
                }
            },
            "_id": "684b226e8ac5476ed06f0cee",
            "said": "684b226e8ac5476ed06f0cee"
        },
        {
            "type": "Feature",
            "geometry": {
                "type": "Point",
                "coordinates": [
                    33.07980631,
                    -111.97848253
                ]
            },
            "properties": {
                "sa_label": "2014-p11-1",
                "SOIL_DATE": "05/2014",
                "SLSND": {
                    "15": 61.84,
                    "45": 61.84,
                    "75": 63.84,
                    "105": 51.84,
                    "135": 57.12,
                    "165": 73.12
                },
                "SLSLT": {
                    "15": 2.72,
                    "45": 10.72,
                    "75": 14.72,
                    "105": 26.72,
                    "135": 19.44,
                    "165": 9.44
                },
                "SLCLY": {
                    "15": 35.44,
                    "45": 27.44,
                    "75": 21.44,
                    "105": 21.44,
                    "135": 23.44,
                    "165": 17.44
                },
                "SLTX": {
                    "15": "Sandy Clay",
                    "45": "Sandy Clay Loam",
                    "75": "Sandy Clay Loam",
                    "105": "Sandy Clay Loam",
                    "135": "Sandy Clay Loam",
                    "165": "Sandy Loam"
                },
                "SLWP1": {
                    "15": 0.149,
                    "45": 0.164,
                    "75": 0.158,
                    "105": 0.172,
                    "135": 0.187,
                    "165": 0.14
                },
                "SLWP2": {
                    "15": 0.16,
                    "45": 0.169,
                    "75": 0.174,
                    "105": 0.198,
                    "135": 0.21,
                    "165": 0.16
                },
                "SLFC1": {
                    "15": 0.254,
                    "45": 0.256,
                    "75": 0.242,
                    "105": 0.3,
                    "135": 0.354,
                    "165": 0.302
                }
            },
            "_id": "684b226e8ac5476ed06f0cef",
            "said": "684b226e8ac5476ed06f0cef"
        },
        {
            "type": "Feature",
            "geometry": {
                "type": "Point",
                "coordinates": [
                    33.0795429,
                    -111.97848489
                ]
            },
            "properties": {
                "sa_label": "2014-p11-2",
                "SOIL_DATE": "05/2014",
                "SLSND": {
                    "15": 57.12,
                    "45": 57.12,
                    "75": 51.12,
                    "105": 43.12,
                    "135": 57.12,
                    "165": 57.12
                },
                "SLSLT": {
                    "15": 11.44,
                    "45": 13.44,
                    "75": 13.44,
                    "105": 21.44,
                    "135": 17.44,
                    "165": 19.44
                },
                "SLCLY": {
                    "15": 31.44,
                    "45": 29.44,
                    "75": 35.44,
                    "105": 35.44,
                    "135": 25.44,
                    "165": 23.44
                },
                "SLTX": {
                    "15": "Sandy Clay Loam",
                    "45": "Sandy Clay Loam",
                    "75": "Sandy Clay",
                    "105": "Clay Loam",
                    "135": "Sandy Clay Loam",
                    "165": "Sandy Clay Loam"
                },
                "SLWP1": {
                    "15": 0.165,
                    "45": 0.177,
                    "75": 0.2,
                    "105": 0.183,
                    "135": 0.203,
                    "165": 0.184
                },
                "SLWP2": {
                    "15": 0.172,
                    "45": 0.197,
                    "75": 0.209,
                    "105": 0.199,
                    "135": 0.202,
                    "165": 0.184
                },
                "SLFC1": {
                    "15": 0.256,
                    "45": 0.285,
                    "75": 0.327,
                    "105": 0.348,
                    "135": 0.38,
                    "165": 0.293
                }
            },
            "_id": "684b226e8ac5476ed06f0cf0",
            "said": "684b226e8ac5476ed06f0cf0"
        },
        {
            "type": "Feature",
            "geometry": {
                "type": "Point",
                "coordinates": [
                    33.07927948,
                    -111.97848659
                ]
            },
            "properties": {
                "sa_label": "2014-p11-3",
                "SOIL_DATE": "05/2014",
                "SLSND": {
                    "15": 57.12,
                    "45": 57.12,
                    "75": 69.12,
                    "105": 59.12,
                    "135": 59.12,
                    "165": 57.12
                },
                "SLSLT": {
                    "15": 13.44,
                    "45": 17.44,
                    "75": 9.44,
                    "105": 21.44,
                    "135": 18.72,
                    "165": 18.72
                },
                "SLCLY": {
                    "15": 29.44,
                    "45": 25.44,
                    "75": 21.44,
                    "105": 19.44,
                    "135": 22.16,
                    "165": 24.16
                },
                "SLTX": {
                    "15": "Sandy Clay Loam",
                    "45": "Sandy Clay Loam",
                    "75": "Sandy Clay Loam",
                    "105": "Sandy Loam",
                    "135": "Sandy Clay Loam",
                    "165": "Sandy Clay Loam"
                },
                "SLWP1": {
                    "15": 0.143,
                    "45": 0.157,
                    "75": 0.11,
                    "105": 0.17,
                    "135": 0.154,
                    "165": 0.14
                },
                "SLWP2": {
                    "15": 0.157,
                    "45": 0.169,
                    "75": 0.103,
                    "105": 0.157,
                    "135": 0.151,
                    "165": 0.144
                },
                "SLFC1": {
                    "15": 0.291,
                    "45": 0.278,
                    "75": 0.212,
                    "105": 0.267,
                    "135": 0.279,
                    "165": 0.279
                }
            },
            "_id": "684b226e8ac5476ed06f0cf1",
            "said": "684b226e8ac5476ed06f0cf1"
        },
        {
            "type": "Feature",
            "geometry": {
                "type": "Point",
                "coordinates": [
                    33.07901606,
                    -111.97848861
                ]
            },
            "properties": {
                "sa_label": "2014-p11-4",
                "SOIL_DATE": "05/2014",
                "SLSND": {
                    "15": 53.12,
                    "45": 63.12,
                    "75": 81.12,
                    "105": 81.12,
                    "135": 77.12,
                    "165": 77.12
                },
                "SLSLT": {
                    "15": 16.72,
                    "45": 12.72,
                    "75": 7.44,
                    "105": 7.44,
                    "135": 11.44,
                    "165": 9.44
                },
                "SLCLY": {
                    "15": 30.16,
                    "45": 24.16,
                    "75": 11.44,
                    "105": 11.44,
                    "135": 11.44,
                    "165": 13.44
                },
                "SLTX": {
                    "15": "Sandy Clay Loam",
                    "45": "Sandy Clay Loam",
                    "75": "Sandy Loam",
                    "105": "Sandy Loam",
                    "135": "Sandy Loam",
                    "165": "Sandy Loam"
                },
                "SLWP1": {
                    "15": 0.156,
                    "45": 0.134,
                    "105": 0.072,
                    "135": 0.068,
                    "165": 0.074
                },
                "SLWP2": {
                    "15": 0.153,
                    "45": 0.144,
                    "75": 0.077,
                    "105": 0.066,
                    "135": 0.066,
                    "165": 0.078
                },
                "SLFC1": {
                    "15": 0.262,
                    "45": 0.231,
                    "75": 0.152,
                    "105": 0.126,
                    "135": 0.127,
                    "165": 0.149
                }
            },
            "_id": "684b226e8ac5476ed06f0cf2",
            "said": "684b226e8ac5476ed06f0cf2"
        },
        {
            "type": "Feature",
            "geometry": {
                "type": "Point",
                "coordinates": [
                    33.07875264,
                    -111.97849016
                ]
            },
            "properties": {
                "sa_label": "2014-p11-5",
                "SOIL_DATE": "05/2014",
                "SLSND": {
                    "15": 54.4,
                    "45": 60.4,
                    "75": 66.4,
                    "105": 52.4,
                    "135": 60.4,
                    "165": 66.4
                },
                "SLSLT": {
                    "15": 19.44,
                    "45": 15.44,
                    "75": 17.44,
                    "105": 17.44,
                    "135": 9.44,
                    "165": 17.44
                },
                "SLCLY": {
                    "15": 26.16,
                    "45": 24.16,
                    "75": 16.16,
                    "105": 30.16,
                    "135": 30.16,
                    "165": 16.16
                },
                "SLTX": {
                    "15": "Sandy Clay Loam",
                    "45": "Sandy Clay Loam",
                    "75": "Sandy Loam",
                    "105": "Sandy Clay Loam",
                    "135": "Sandy Clay Loam",
                    "165": "Sandy Loam"
                },
                "SLWP1": {
                    "15": 0.168,
                    "45": 0.176,
                    "75": 0.158,
                    "105": 0.156,
                    "135": 0.16,
                    "165": 0.121
                },
                "SLWP2": {
                    "15": 0.15,
                    "45": 0.169,
                    "75": 0.179,
                    "105": 0.151,
                    "135": 0.178,
                    "165": 0.136
                },
                "SLFC1": {
                    "15": 0.27,
                    "45": 0.252,
                    "75": 0.318,
                    "105": 0.289,
                    "135": 0.31,
                    "165": 0.285
                }
            },
            "_id": "684b226e8ac5476ed06f0cf3",
            "said": "684b226e8ac5476ed06f0cf3"
        },
        {
            "type": "Feature",
            "geometry": {
                "type": "Point",
                "coordinates": [
                    33.07848922,
                    -111.97849171
                ]
            },
            "properties": {
                "sa_label": "2014-p11-6",
                "SOIL_DATE": "05/2014",
                "SLSND": {
                    "15": 64.4,
                    "45": 64.4,
                    "75": 67.12,
                    "105": 65.12,
                    "135": 63.12,
                    "165": 77.12
                },
                "SLSLT": {
                    "15": 13.44,
                    "45": 11.44,
                    "75": 16.72,
                    "105": 12.72,
                    "135": 24.72,
                    "165": 4.72
                },
                "SLCLY": {
                    "15": 22.16,
                    "45": 24.16,
                    "75": 16.16,
                    "105": 22.16,
                    "135": 12.16,
                    "165": 18.16
                },
                "SLTX": {
                    "15": "Sandy Clay Loam",
                    "45": "Sandy Clay Loam",
                    "75": "Sandy Loam",
                    "105": "Sandy Clay Loam",
                    "135": "Sandy Loam",
                    "165": "Sandy Loam"
                },
                "SLWP1": {
                    "15": 0.139,
                    "45": 0.135,
                    "75": 0.125,
                    "105": 0.11,
                    "135": 0.094,
                    "165": 0.128
                },
                "SLWP2": {
                    "15": 0.152,
                    "45": 0.149,
                    "75": 0.156,
                    "105": 0.116,
                    "135": 0.116,
                    "165": 0.139
                },
                "SLFC1": {
                    "15": 0.251,
                    "45": 0.243,
                    "75": 0.314,
                    "105": 0.196,
                    "135": 0.212,
                    "165": 0.227
                }
            },
            "_id": "684b226e8ac5476ed06f0cf4",
            "said": "684b226e8ac5476ed06f0cf4"
        },
        {
            "type": "Feature",
            "geometry": {
                "type": "Point",
                "coordinates": [
                    33.07978311,
                    -111.97768838
                ]
            },
            "properties": {
                "sa_label": "2014-s6-01",
                "SOIL_DATE": "05/2014",
                "SLSND": {
                    "15": 47.12,
                    "45": 51.12,
                    "75": 49.12,
                    "105": 51.12,
                    "135": 55.12,
                    "165": 61.12
                },
                "SLSLT": {
                    "15": 22.72,
                    "45": 22.72,
                    "75": 18.72,
                    "105": 18.72,
                    "135": 21.44,
                    "165": 11.44
                },
                "SLCLY": {
                    "15": 30.16,
                    "45": 26.16,
                    "75": 32.16,
                    "105": 30.16,
                    "135": 23.44,
                    "165": 27.44
                },
                "SLTX": {
                    "15": "Sandy Clay Loam",
                    "45": "Sandy Clay Loam",
                    "75": "Sandy Clay Loam",
                    "105": "Sandy Clay Loam",
                    "135": "Sandy Clay Loam",
                    "165": "Sandy Clay Loam"
                }
            },
            "_id": "684b226e8ac5476ed06f0cf5",
            "said": "684b226e8ac5476ed06f0cf5"
        },
        {
            "type": "Feature",
            "geometry": {
                "type": "Point",
                "coordinates": [
                    33.07961817,
                    -111.97768923
                ]
            },
            "properties": {
                "sa_label": "2014-s6-02",
                "SOIL_DATE": "05/2014",
                "SLSND": {
                    "15": 47.12,
                    "45": 49.12,
                    "75": 51.12,
                    "105": 49.12,
                    "135": 49.12,
                    "165": 43.12
                },
                "SLSLT": {
                    "15": 23.44,
                    "45": 19.44,
                    "75": 21.44,
                    "105": 19.44,
                    "135": 23.44,
                    "165": 21.44
                },
                "SLCLY": {
                    "15": 29.44,
                    "45": 31.44,
                    "75": 27.44,
                    "105": 31.44,
                    "135": 27.44,
                    "165": 35.44
                },
                "SLTX": {
                    "15": "Sandy Clay Loam",
                    "45": "Sandy Clay Loam",
                    "75": "Sandy Clay Loam",
                    "105": "Sandy Clay Loam",
                    "135": "Sandy Clay Loam",
                    "165": "Clay Loam"
                }
            },
            "_id": "684b226e8ac5476ed06f0cf6",
            "said": "684b226e8ac5476ed06f0cf6"
        },
        {
            "type": "Feature",
            "geometry": {
                "type": "Point",
                "coordinates": [
                    33.07941196,
                    -111.97769044
                ]
            },
            "properties": {
                "sa_label": "2014-s6-03",
                "SOIL_DATE": "05/2014",
                "SLSND": {
                    "15": 49.84,
                    "45": 47.84,
                    "75": 49.84,
                    "105": 49.84,
                    "135": 49.84,
                    "165": 51.84
                },
                "SLSLT": {
                    "15": 24.0,
                    "45": 22.0,
                    "75": 22.0,
                    "105": 18.0,
                    "135": 24.0,
                    "165": 18.0
                },
                "SLCLY": {
                    "15": 26.16,
                    "45": 30.16,
                    "75": 28.16,
                    "105": 32.16,
                    "135": 26.16,
                    "165": 30.16
                },
                "SLTX": {
                    "15": "Sandy Clay Loam",
                    "45": "Sandy Clay Loam",
                    "75": "Sandy Clay Loam",
                    "105": "Sandy Clay Loam",
                    "135": "Sandy Clay Loam",
                    "165": "Sandy Clay Loam"
                }
            },
            "_id": "684b226e8ac5476ed06f0cf7",
            "said": "684b226e8ac5476ed06f0cf7"
        },
        {
            "type": "Feature",
            "geometry": {
                "type": "Point",
                "coordinates": [
                    33.07924702,
                    -111.97769232
                ]
            },
            "properties": {
                "sa_label": "2014-s6-04",
                "SOIL_DATE": "05/2014",
                "SLSND": {
                    "15": 47.84,
                    "45": 49.84,
                    "75": 49.84,
                    "105": 47.84,
                    "135": 49.84,
                    "165": 47.84
                },
                "SLSLT": {
                    "15": 24.0,
                    "45": 20.0,
                    "75": 24.0,
                    "105": 22.0,
                    "135": 22.0,
                    "165": 20.0
                },
                "SLCLY": {
                    "15": 28.16,
                    "45": 30.16,
                    "75": 26.16,
                    "105": 30.16,
                    "135": 28.16,
                    "165": 32.16
                },
                "SLTX": {
                    "15": "Sandy Clay Loam",
                    "45": "Sandy Clay Loam",
                    "75": "Sandy Clay Loam",
                    "105": "Sandy Clay Loam",
                    "135": "Sandy Clay Loam",
                    "165": "Sandy Clay Loam"
                }
            },
            "_id": "684b226e8ac5476ed06f0cf8",
            "said": "684b226e8ac5476ed06f0cf8"
        },
        {
            "type": "Feature",
            "geometry": {
                "type": "Point",
                "coordinates": [
                    33.07904081,
                    -111.97769363
                ]
            },
            "properties": {
                "sa_label": "2014-s6-05",
                "SOIL_DATE": "05/2014",
                "SLSND": {
                    "15": 48.56,
                    "45": 50.56,
                    "75": 56.56,
                    "105": 60.56,
                    "135": 61.84,
                    "165": 63.84
                },
                "SLSLT": {
                    "15": 24.72,
                    "45": 22.72,
                    "75": 22.72,
                    "105": 20.72,
                    "135": 24.72,
                    "165": 18.72
                },
                "SLCLY": {
                    "15": 26.72,
                    "45": 26.72,
                    "75": 20.72,
                    "105": 18.72,
                    "135": 13.44,
                    "165": 17.44
                },
                "SLTX": {
                    "15": "Sandy Clay Loam",
                    "45": "Sandy Clay Loam",
                    "75": "Sandy Clay Loam",
                    "105": "Sandy Loam",
                    "135": "Sandy Loam",
                    "165": "Sandy Loam"
                }
            },
            "_id": "684b226e8ac5476ed06f0cf9",
            "said": "684b226e8ac5476ed06f0cf9"
        },
        {
            "type": "Feature",
            "geometry": {
                "type": "Point",
                "coordinates": [
                    33.07887588,
                    -111.97769486
                ]
            },
            "properties": {
                "sa_label": "2014-s6-06",
                "SOIL_DATE": "05/2014",
                "SLSND": {
                    "15": 47.84,
                    "45": 49.84,
                    "75": 51.12,
                    "105": 57.12,
                    "135": 49.12,
                    "165": 43.12
                },
                "SLSLT": {
                    "15": 24.72,
                    "45": 20.72,
                    "75": 25.44,
                    "105": 17.44,
                    "135": 21.44,
                    "165": 21.44
                },
                "SLCLY": {
                    "15": 27.44,
                    "45": 29.44,
                    "75": 23.44,
                    "105": 25.44,
                    "135": 29.44,
                    "165": 35.44
                },
                "SLTX": {
                    "15": "Sandy Clay Loam",
                    "45": "Sandy Clay Loam",
                    "75": "Sandy Clay Loam",
                    "105": "Sandy Clay Loam",
                    "135": "Sandy Clay Loam",
                    "165": "Clay Loam"
                }
            },
            "_id": "684b226e8ac5476ed06f0cfa",
            "said": "684b226e8ac5476ed06f0cfa"
        },
        {
            "type": "Feature",
            "geometry": {
                "type": "Point",
                "coordinates": [
                    33.07866966,
                    -111.97769631
                ]
            },
            "properties": {
                "sa_label": "2014-s6-07",
                "SOIL_DATE": "05/2014",
                "SLSND": {
                    "15": 49.84,
                    "45": 57.84,
                    "75": 55.84,
                    "105": 65.84,
                    "135": 63.84,
                    "165": 49.84
                },
                "SLSLT": {
                    "15": 22.72,
                    "45": 22.72,
                    "75": 30.72,
                    "105": 14.72,
                    "135": 20.72,
                    "165": 22.72
                },
                "SLCLY": {
                    "15": 27.44,
                    "45": 19.44,
                    "75": 13.44,
                    "105": 19.44,
                    "135": 15.44,
                    "165": 27.44
                },
                "SLTX": {
                    "15": "Sandy Clay Loam ",
                    "45": "Sandy Loam",
                    "75": "Sandy Loam",
                    "105": "Sandy Loam",
                    "135": "Sandy Loam",
                    "165": "Sandy Clay Loam "
                }
            },
            "_id": "684b226e8ac5476ed06f0cfb",
            "said": "684b226e8ac5476ed06f0cfb"
        },
        {
            "type": "Feature",
            "geometry": {
                "type": "Point",
                "coordinates": [
                    33.07850472,
                    -111.97769698
                ]
            },
            "properties": {
                "sa_label": "2014-s6-08",
                "SOIL_DATE": "05/2014",
                "SLSND": {
                    "15": 51.84,
                    "45": 51.84,
                    "75": 51.84,
                    "105": 49.84,
                    "135": 49.84,
                    "165": 49.84
                },
                "SLSLT": {
                    "15": 20.72,
                    "45": 18.72,
                    "75": 24.72,
                    "105": 20.72,
                    "135": 24.72,
                    "165": 20.72
                },
                "SLCLY": {
                    "15": 27.44,
                    "45": 29.44,
                    "75": 23.44,
                    "105": 29.44,
                    "135": 25.44,
                    "165": 29.44
                },
                "SLTX": {
                    "15": "Sandy Clay Loam",
                    "45": "Sandy Clay Loam",
                    "75": "Sandy Clay Loam",
                    "105": "Sandy Clay Loam",
                    "135": "Sandy Clay Loam",
                    "165": "Sandy Clay Loam"
                }
            },
            "_id": "684b226e8ac5476ed06f0cfc",
            "said": "684b226e8ac5476ed06f0cfc"
        },
        {
            "type": "Feature",
            "geometry": {
                "type": "Point",
                "coordinates": [
                    33.07850504,
                    -111.97776215
                ]
            },
            "properties": {
                "sa_label": "2014-s6-09",
                "SOIL_DATE": "05/2014",
                "SLSND": {
                    "15": 50.56,
                    "45": 58.56,
                    "75": 52.56,
                    "105": 52.56,
                    "135": 43.84,
                    "165": 53.84
                },
                "SLSLT": {
                    "15": 22.0,
                    "45": 18.0,
                    "75": 22.0,
                    "105": 18.0,
                    "135": 26.72,
                    "165": 24.72
                },
                "SLCLY": {
                    "15": 27.44,
                    "45": 23.44,
                    "75": 25.44,
                    "105": 29.44,
                    "135": 29.44,
                    "165": 21.44
                },
                "SLTX": {
                    "15": "Sandy Clay Loam",
                    "45": "Sandy Clay Loam",
                    "75": "Sandy Clay Loam",
                    "105": "Sandy Clay Loam",
                    "135": "Clay Loam",
                    "165": "Sandy Clay Loam"
                }
            },
            "_id": "684b226e8ac5476ed06f0cfd",
            "said": "684b226e8ac5476ed06f0cfd"
        },
        {
            "type": "Feature",
            "geometry": {
                "type": "Point",
                "coordinates": [
                    33.07866999,
                    -111.97776117
                ]
            },
            "properties": {
                "sa_label": "2014-s6-10",
                "SOIL_DATE": "05/2014",
                "SLSND": {
                    "15": 49.84,
                    "45": 57.84,
                    "75": 67.84,
                    "105": 59.84,
                    "135": 67.84,
                    "165": 67.84
                },
                "SLSLT": {
                    "15": 22.72,
                    "45": 18.72,
                    "75": 20.72,
                    "105": 24.72,
                    "135": 18.72,
                    "165": 16.72
                },
                "SLCLY": {
                    "15": 27.44,
                    "45": 23.44,
                    "75": 11.44,
                    "105": 15.44,
                    "135": 13.44,
                    "165": 15.44
                },
                "SLTX": {
                    "15": "Sandy Clay Loam",
                    "45": "Sandy Clay Loam",
                    "75": "Sandy Loam",
                    "105": "Sandy Loam",
                    "135": "Sandy Loam",
                    "165": "Sandy Loam"
                }
            },
            "_id": "684b226e8ac5476ed06f0cfe",
            "said": "684b226e8ac5476ed06f0cfe"
        },
        {
            "type": "Feature",
            "geometry": {
                "type": "Point",
                "coordinates": [
                    33.0788762,
                    -111.97775976
                ]
            },
            "properties": {
                "sa_label": "2014-s6-11",
                "SOIL_DATE": "05/2014",
                "SLSND": {
                    "15": 48.56,
                    "45": 50.56,
                    "75": 52.56,
                    "105": 38.56,
                    "135": 53.84,
                    "165": 51.84
                },
                "SLSLT": {
                    "15": 26.0,
                    "45": 20.0,
                    "75": 24.0,
                    "105": 22.0,
                    "135": 24.0,
                    "165": 24.0
                },
                "SLCLY": {
                    "15": 25.44,
                    "45": 29.44,
                    "75": 23.44,
                    "105": 39.44,
                    "135": 22.16,
                    "165": 24.16
                },
                "SLTX": {
                    "15": "Sandy Clay Loam",
                    "45": "Sandy Clay Loam",
                    "75": "Sandy Clay Loam",
                    "105": "Clay Loam",
                    "135": "Sandy Clay Loam",
                    "165": "Sandy Clay Loam"
                }
            },
            "_id": "684b226e8ac5476ed06f0cff",
            "said": "684b226e8ac5476ed06f0cff"
        },
        {
            "type": "Feature",
            "geometry": {
                "type": "Point",
                "coordinates": [
                    33.07904114,
                    -111.97775866
                ]
            },
            "properties": {
                "sa_label": "2014-s6-12",
                "SOIL_DATE": "05/2014",
                "SLSND": {
                    "15": 47.84,
                    "45": 49.84,
                    "75": 53.12,
                    "105": 47.12,
                    "135": 41.12,
                    "165": 45.12
                },
                "SLSLT": {
                    "15": 22.0,
                    "45": 18.0,
                    "75": 22.72,
                    "105": 18.72,
                    "135": 26.72,
                    "165": 20.72
                },
                "SLCLY": {
                    "15": 30.16,
                    "45": 32.16,
                    "75": 24.16,
                    "105": 34.16,
                    "135": 32.16,
                    "165": 34.16
                },
                "SLTX": {
                    "15": "Sandy Clay Loam",
                    "45": "Sandy Clay Loam",
                    "75": "Sandy Clay Loam",
                    "105": "Sandy Clay Loam",
                    "135": "Clay Loam",
                    "165": "Sandy Clay Loam"
                }
            },
            "_id": "684b226e8ac5476ed06f0d00",
            "said": "684b226e8ac5476ed06f0d00"
        },
        {
            "type": "Feature",
            "geometry": {
                "type": "Point",
                "coordinates": [
                    33.07924735,
                    -111.97775732
                ]
            },
            "properties": {
                "sa_label": "2014-s6-13",
                "SOIL_DATE": "05/2014",
                "SLSND": {
                    "15": 49.12,
                    "45": 47.12,
                    "75": 47.12,
                    "105": 47.12,
                    "135": 49.12,
                    "165": 49.12
                },
                "SLSLT": {
                    "15": 23.44,
                    "45": 21.44,
                    "75": 23.44,
                    "105": 19.44,
                    "135": 27.44,
                    "165": 19.44
                },
                "SLCLY": {
                    "15": 27.44,
                    "45": 31.44,
                    "75": 29.44,
                    "105": 33.44,
                    "135": 23.44,
                    "165": 31.44
                },
                "SLTX": {
                    "15": "Sandy Clay Loam",
                    "45": "Sandy Clay Loam",
                    "75": "Sandy Clay Loam",
                    "105": "Sandy Clay Loam",
                    "135": "Sandy Clay Loam",
                    "165": "Sandy Clay Loam"
                }
            },
            "_id": "684b226e8ac5476ed06f0d01",
            "said": "684b226e8ac5476ed06f0d01"
        },
        {
            "type": "Feature",
            "geometry": {
                "type": "Point",
                "coordinates": [
                    33.07941229,
                    -111.97775611
                ]
            },
            "properties": {
                "sa_label": "2014-s6-14",
                "SOIL_DATE": "05/2014",
                "SLSND": {
                    "15": 49.12,
                    "45": 55.12,
                    "75": 61.12,
                    "105": 57.12,
                    "135": 55.12,
                    "165": 51.12
                },
                "SLSLT": {
                    "15": 21.44,
                    "45": 17.44,
                    "75": 21.44,
                    "105": 17.44,
                    "135": 19.44,
                    "165": 17.44
                },
                "SLCLY": {
                    "15": 29.44,
                    "45": 27.44,
                    "75": 17.44,
                    "105": 25.44,
                    "135": 25.44,
                    "165": 31.44
                },
                "SLTX": {
                    "15": "Sandy Clay Loam",
                    "45": "Sandy Clay Loam",
                    "75": "Sandy Loam",
                    "105": "Sandy Clay Loam",
                    "135": "Sandy Clay Loam",
                    "165": "Sandy Clay Loam"
                }
            },
            "_id": "684b226e8ac5476ed06f0d02",
            "said": "684b226e8ac5476ed06f0d02"
        },
        {
            "type": "Feature",
            "geometry": {
                "type": "Point",
                "coordinates": [
                    33.0796185,
                    -111.97775441
                ]
            },
            "properties": {
                "sa_label": "2014-s6-15",
                "SOIL_DATE": "05/2014",
                "SLSND": {
                    "15": 50.56,
                    "45": 50.56,
                    "75": 48.56,
                    "105": 38.56,
                    "135": 43.12,
                    "165": 41.12
                },
                "SLSLT": {
                    "15": 20.0,
                    "45": 20.0,
                    "75": 22.0,
                    "105": 22.0,
                    "135": 33.44,
                    "165": 25.44
                },
                "SLCLY": {
                    "15": 29.44,
                    "45": 29.44,
                    "75": 29.44,
                    "105": 39.44,
                    "135": 23.44,
                    "165": 33.44
                },
                "SLTX": {
                    "15": "Sandy Clay Loam ",
                    "45": "Sandy Clay Loam ",
                    "75": "Sandy Clay Loam ",
                    "105": "Clay Loam",
                    "135": "Loam",
                    "165": "Clay Loam"
                }
            },
            "_id": "684b226e8ac5476ed06f0d03",
            "said": "684b226e8ac5476ed06f0d03"
        },
        {
            "type": "Feature",
            "geometry": {
                "type": "Point",
                "coordinates": [
                    33.07978344,
                    -111.97775333
                ]
            },
            "properties": {
                "sa_label": "2014-s6-16",
                "SOIL_DATE": "05/2014",
                "SLSND": {
                    "15": 49.12,
                    "45": 51.12,
                    "75": 51.12,
                    "105": 51.12,
                    "135": 51.12,
                    "165": 49.12
                },
                "SLSLT": {
                    "15": 21.44,
                    "45": 17.44,
                    "75": 21.44,
                    "105": 21.44,
                    "135": 27.44,
                    "165": 21.44
                },
                "SLCLY": {
                    "15": 29.44,
                    "45": 31.44,
                    "75": 27.44,
                    "105": 27.44,
                    "135": 21.44,
                    "165": 29.44
                },
                "SLTX": {
                    "15": "Sandy Clay Loam",
                    "45": "Sandy Clay Loam",
                    "75": "Sandy Clay Loam",
                    "105": "Sandy Clay Loam",
                    "135": "Sandy Clay Loam",
                    "165": "Sandy Clay Loam"
                }
            },
            "_id": "684b226e8ac5476ed06f0d04",
            "said": "684b226e8ac5476ed06f0d04"
        },
        {
            "type": "Feature",
            "geometry": {
                "type": "Point",
                "coordinates": [
                    33.07978388,
                    -111.97784073
                ]
            },
            "properties": {
                "sa_label": "2014-s6-17",
                "SOIL_DATE": "05/2014",
                "SLSND": {
                    "15": 47.84,
                    "45": 49.84,
                    "75": 49.84,
                    "105": 45.84,
                    "135": 45.12,
                    "165": 47.12
                },
                "SLSLT": {
                    "15": 24.0,
                    "45": 20.0,
                    "75": 22.0,
                    "105": 18.0,
                    "135": 26.72,
                    "165": 22.72
                },
                "SLCLY": {
                    "15": 28.16,
                    "45": 30.16,
                    "75": 28.16,
                    "105": 36.16,
                    "135": 28.16,
                    "165": 30.16
                },
                "SLTX": {
                    "15": "Sandy Clay Loam",
                    "45": "Sandy Clay Loam",
                    "75": "Sandy Clay Loam",
                    "105": "Sandy Clay  ",
                    "135": "Sandy Clay Loam",
                    "165": "Sandy Clay Loam"
                }
            },
            "_id": "684b226e8ac5476ed06f0d05",
            "said": "684b226e8ac5476ed06f0d05"
        },
        {
            "type": "Feature",
            "geometry": {
                "type": "Point",
                "coordinates": [
                    33.07961893,
                    -111.9778415
                ]
            },
            "properties": {
                "sa_label": "2014-s6-18",
                "SOIL_DATE": "05/2014",
                "SLSND": {
                    "15": 49.12,
                    "45": 49.12,
                    "75": 51.12,
                    "105": 39.12,
                    "135": 37.12,
                    "165": 41.12
                },
                "SLSLT": {
                    "15": 20.72,
                    "45": 20.72,
                    "75": 22.72,
                    "105": 24.72,
                    "135": 28.72,
                    "165": 20.72
                },
                "SLCLY": {
                    "15": 30.16,
                    "45": 30.16,
                    "75": 26.16,
                    "105": 36.16,
                    "135": 34.16,
                    "165": 38.16
                },
                "SLTX": {
                    "15": "Sandy Clay Loam",
                    "45": "Sandy Clay Loam",
                    "75": "Sandy Clay Loam",
                    "105": "Clay Loam",
                    "135": "Clay Loam",
                    "165": "Clay Loam"
                }
            },
            "_id": "684b226e8ac5476ed06f0d06",
            "said": "684b226e8ac5476ed06f0d06"
        },
        {
            "type": "Feature",
            "geometry": {
                "type": "Point",
                "coordinates": [
                    33.07941272,
                    -111.97784228
                ]
            },
            "properties": {
                "sa_label": "2014-s6-19",
                "SOIL_DATE": "05/2014",
                "SLSND": {
                    "15": 49.12,
                    "45": 51.12,
                    "75": 55.12,
                    "105": 57.12,
                    "135": 51.12,
                    "165": 49.12
                },
                "SLSLT": {
                    "15": 22.0,
                    "45": 22.0,
                    "75": 22.0,
                    "105": 18.0,
                    "135": 22.0,
                    "165": 20.0
                },
                "SLCLY": {
                    "15": 28.88,
                    "45": 26.88,
                    "75": 22.88,
                    "105": 24.88,
                    "135": 26.88,
                    "165": 30.88
                },
                "SLTX": {
                    "15": "Sandy Clay Loam",
                    "45": "Sandy Clay Loam",
                    "75": "Sandy Clay Loam",
                    "105": "Sandy Clay Loam",
                    "135": "Sandy Clay Loam",
                    "165": "Sandy Clay Loam"
                }
            },
            "_id": "684b226e8ac5476ed06f0d07",
            "said": "684b226e8ac5476ed06f0d07"
        },
        {
            "type": "Feature",
            "geometry": {
                "type": "Point",
                "coordinates": [
                    33.07924778,
                    -111.97784418
                ]
            },
            "properties": {
                "sa_label": "2014-s6-20",
                "SOIL_DATE": "05/2014",
                "SLSND": {
                    "15": 49.12,
                    "45": 47.12,
                    "75": 52.4,
                    "105": 42.4,
                    "135": 48.4,
                    "165": 46.4
                },
                "SLSLT": {
                    "15": 20.0,
                    "45": 20.0,
                    "75": 24.72,
                    "105": 22.72,
                    "135": 22.72,
                    "165": 20.72
                },
                "SLCLY": {
                    "15": 30.88,
                    "45": 32.88,
                    "75": 22.88,
                    "105": 34.88,
                    "135": 28.88,
                    "165": 32.88
                },
                "SLTX": {
                    "15": "Sandy Clay Loam",
                    "45": "Sandy Clay Loam",
                    "75": "Sandy Clay Loam",
                    "105": "Clay Loam",
                    "135": "Sandy Clay Loam",
                    "165": "Sandy Clay Loam"
                }
            },
            "_id": "684b226e8ac5476ed06f0d08",
            "said": "684b226e8ac5476ed06f0d08"
        },
        {
            "type": "Feature",
            "geometry": {
                "type": "Point",
                "coordinates": [
                    33.07904157,
                    -111.97784587
                ]
            },
            "properties": {
                "sa_label": "2014-s6-21",
                "SOIL_DATE": "05/2014",
                "SLSND": {
                    "15": 49.12,
                    "45": 49.12,
                    "75": 53.12,
                    "105": 49.12,
                    "135": 49.12,
                    "165": 49.12
                },
                "SLSLT": {
                    "15": 22.72,
                    "45": 20.72,
                    "75": 24.72,
                    "105": 18.72,
                    "135": 24.72,
                    "165": 22.72
                },
                "SLCLY": {
                    "15": 28.16,
                    "45": 30.16,
                    "75": 22.16,
                    "105": 32.16,
                    "135": 26.16,
                    "165": 28.16
                },
                "SLTX": {
                    "15": "Sandy Clay Loam",
                    "45": "Sandy Clay Loam",
                    "75": "Sandy Clay Loam",
                    "105": "Sandy Clay Loam",
                    "135": "Sandy Clay Loam",
                    "165": "Sandy Clay Loam"
                }
            },
            "_id": "684b226e8ac5476ed06f0d09",
            "said": "684b226e8ac5476ed06f0d09"
        },
        {
            "type": "Feature",
            "geometry": {
                "type": "Point",
                "coordinates": [
                    33.07887663,
                    -111.97784709
                ]
            },
            "properties": {
                "sa_label": "2014-s6-22",
                "SOIL_DATE": "05/2014",
                "SLSND": {
                    "15": 51.12,
                    "45": 47.12,
                    "75": 49.12,
                    "105": 49.12,
                    "135": 43.12,
                    "165": 45.12
                },
                "SLSLT": {
                    "15": 20.72,
                    "45": 18.72,
                    "75": 24.72,
                    "105": 20.72,
                    "135": 24.72,
                    "165": 20.72
                },
                "SLCLY": {
                    "15": 28.16,
                    "45": 34.16,
                    "75": 26.16,
                    "105": 30.16,
                    "135": 32.16,
                    "165": 34.16
                },
                "SLTX": {
                    "15": "Sandy Clay Loam",
                    "45": "Sandy Clay Loam",
                    "75": "Sandy Clay Loam",
                    "105": "Sandy Clay Loam",
                    "135": "Clay Loam",
                    "165": "Sandy Clay Loam"
                }
            },
            "_id": "684b226e8ac5476ed06f0d0a",
            "said": "684b226e8ac5476ed06f0d0a"
        },
        {
            "type": "Feature",
            "geometry": {
                "type": "Point",
                "coordinates": [
                    33.07867042,
                    -111.97784821
                ]
            },
            "properties": {
                "sa_label": "2014-s6-23",
                "SOIL_DATE": "05/2014",
                "SLSND": {
                    "15": 51.12,
                    "45": 53.12,
                    "75": 61.12,
                    "105": 51.12,
                    "135": 55.12,
                    "165": 53.12
                },
                "SLSLT": {
                    "15": 26.72,
                    "45": 20.72,
                    "75": 22.72,
                    "105": 20.72,
                    "135": 22.72,
                    "165": 20.72
                },
                "SLCLY": {
                    "15": 22.16,
                    "45": 26.16,
                    "75": 16.16,
                    "105": 28.16,
                    "135": 22.16,
                    "165": 26.16
                },
                "SLTX": {
                    "15": "Sandy Clay Loam ",
                    "45": "Sandy Clay Loam ",
                    "75": "Sandy Loam",
                    "105": "Sandy Clay Loam ",
                    "135": "Sandy Clay Loam ",
                    "165": "Sandy Clay Loam "
                }
            },
            "_id": "684b226e8ac5476ed06f0d0b",
            "said": "684b226e8ac5476ed06f0d0b"
        },
        {
            "type": "Feature",
            "geometry": {
                "type": "Point",
                "coordinates": [
                    33.07850548,
                    -111.97784927
                ]
            },
            "properties": {
                "sa_label": "2014-s6-24",
                "SOIL_DATE": "05/2014",
                "SLSND": {
                    "15": 49.12,
                    "45": 49.12,
                    "75": 43.12,
                    "105": 43.12,
                    "135": 51.12,
                    "165": 49.12
                },
                "SLSLT": {
                    "15": 20.72,
                    "45": 20.72,
                    "75": 24.72,
                    "105": 22.72,
                    "135": 22.72,
                    "165": 22.72
                },
                "SLCLY": {
                    "15": 30.16,
                    "45": 30.16,
                    "75": 32.16,
                    "105": 34.16,
                    "135": 26.16,
                    "165": 28.16
                },
                "SLTX": {
                    "15": "Sandy Clay Loam",
                    "45": "Sandy Clay Loam",
                    "75": "Clay Loam",
                    "105": "Clay Loam",
                    "135": "Sandy Clay Loam",
                    "165": "Sandy Clay Loam"
                }
            },
            "_id": "684b226e8ac5476ed06f0d0c",
            "said": "684b226e8ac5476ed06f0d0c"
        },
        {
            "type": "Feature",
            "geometry": {
                "type": "Point",
                "coordinates": [
                    33.0785058,
                    -111.97791428
                ]
            },
            "properties": {
                "sa_label": "2014-s6-25",
                "SOIL_DATE": "05/2014",
                "SLSND": {
                    "15": 51.12,
                    "45": 51.12,
                    "75": 47.12,
                    "105": 37.12,
                    "135": 49.12,
                    "165": 37.12
                },
                "SLSLT": {
                    "15": 22.72,
                    "45": 20.72,
                    "75": 24.72,
                    "105": 22.72,
                    "135": 24.72,
                    "165": 20.72
                },
                "SLCLY": {
                    "15": 26.16,
                    "45": 28.16,
                    "75": 28.16,
                    "105": 40.16,
                    "135": 26.16,
                    "165": 42.16
                },
                "SLTX": {
                    "15": "Sandy Clay Loam",
                    "45": "Sandy Clay Loam",
                    "75": "Sandy Clay Loam",
                    "105": "Clay",
                    "135": "Sandy Clay Loam",
                    "165": "Clay"
                }
            },
            "_id": "684b226e8ac5476ed06f0d0d",
            "said": "684b226e8ac5476ed06f0d0d"
        },
        {
            "type": "Feature",
            "geometry": {
                "type": "Point",
                "coordinates": [
                    33.07867074,
                    -111.97791347
                ]
            },
            "properties": {
                "sa_label": "2014-s6-26",
                "SOIL_DATE": "05/2014",
                "SLSND": {
                    "15": 49.12,
                    "45": 51.12,
                    "75": 51.12,
                    "105": 45.12,
                    "135": 49.12,
                    "165": 47.12
                },
                "SLSLT": {
                    "15": 24.72,
                    "45": 20.72,
                    "75": 24.72,
                    "105": 22.72,
                    "135": 24.72,
                    "165": 20.72
                },
                "SLCLY": {
                    "15": 26.16,
                    "45": 28.16,
                    "75": 24.16,
                    "105": 32.16,
                    "135": 26.16,
                    "165": 32.16
                },
                "SLTX": {
                    "15": "Sandy Clay Loam",
                    "45": "Sandy Clay Loam",
                    "75": "Sandy Clay Loam",
                    "105": "Sandy Clay Loam",
                    "135": "Sandy Clay Loam",
                    "165": "Sandy Clay Loam"
                }
            },
            "_id": "684b226e8ac5476ed06f0d0e",
            "said": "684b226e8ac5476ed06f0d0e"
        },
        {
            "type": "Feature",
            "geometry": {
                "type": "Point",
                "coordinates": [
                    33.07887696,
                    -111.97791245
                ]
            },
            "properties": {
                "sa_label": "2014-s6-27",
                "SOIL_DATE": "05/2014",
                "SLSND": {
                    "15": 49.12,
                    "45": 49.12,
                    "75": 53.12,
                    "105": 51.12,
                    "135": 49.12,
                    "165": 47.12
                },
                "SLSLT": {
                    "15": 24.0,
                    "45": 22.0,
                    "75": 20.0,
                    "105": 16.0,
                    "135": 24.0,
                    "165": 22.0
                },
                "SLCLY": {
                    "15": 26.88,
                    "45": 28.88,
                    "75": 26.88,
                    "105": 32.88,
                    "135": 26.88,
                    "165": 30.88
                },
                "SLTX": {
                    "15": "Sandy Clay Loam",
                    "45": "Sandy Clay Loam",
                    "75": "Sandy Clay Loam",
                    "105": "Sandy Clay Loam",
                    "135": "Sandy Clay Loam",
                    "165": "Sandy Clay Loam"
                }
            },
            "_id": "684b226e8ac5476ed06f0d0f",
            "said": "684b226e8ac5476ed06f0d0f"
        },
        {
            "type": "Feature",
            "geometry": {
                "type": "Point",
                "coordinates": [
                    33.07904189,
                    -111.97791088
                ]
            },
            "properties": {
                "sa_label": "2014-s6-28",
                "SOIL_DATE": "05/2014",
                "SLSND": {
                    "15": 49.12,
                    "45": 47.12,
                    "75": 51.12,
                    "105": 47.12,
                    "135": 51.12,
                    "165": 49.12
                },
                "SLSLT": {
                    "15": 20.0,
                    "45": 18.0,
                    "75": 22.0,
                    "105": 20.0,
                    "135": 20.0,
                    "165": 18.0
                },
                "SLCLY": {
                    "15": 30.88,
                    "45": 34.88,
                    "75": 26.88,
                    "105": 32.88,
                    "135": 28.88,
                    "165": 32.88
                },
                "SLTX": {
                    "15": "Sandy Clay Loam ",
                    "45": "Sandy Clay Loam ",
                    "75": "Sandy Clay Loam ",
                    "105": "Sandy Clay Loam ",
                    "135": "Sandy Clay Loam ",
                    "165": "Sandy Clay Loam "
                }
            },
            "_id": "684b226e8ac5476ed06f0d10",
            "said": "684b226e8ac5476ed06f0d10"
        },
        {
            "type": "Feature",
            "geometry": {
                "type": "Point",
                "coordinates": [
                    33.0792481,
                    -111.97790926
                ]
            },
            "properties": {
                "sa_label": "2014-s6-29",
                "SOIL_DATE": "05/2014",
                "SLSND": {
                    "15": 47.12,
                    "45": 49.12,
                    "75": 51.12,
                    "105": 51.12,
                    "135": 47.12,
                    "165": 41.12
                },
                "SLSLT": {
                    "15": 22.72,
                    "45": 20.72,
                    "75": 22.72,
                    "105": 16.72,
                    "135": 26.72,
                    "165": 30.72
                },
                "SLCLY": {
                    "15": 30.16,
                    "45": 30.16,
                    "75": 26.16,
                    "105": 32.16,
                    "135": 26.16,
                    "165": 28.16
                },
                "SLTX": {
                    "15": "Sandy Clay Loam",
                    "45": "Sandy Clay Loam",
                    "75": "Sandy Clay Loam",
                    "105": "Sandy Clay Loam",
                    "135": "Sandy Clay Loam",
                    "165": "Clay Loam"
                }
            },
            "_id": "684b226e8ac5476ed06f0d11",
            "said": "684b226e8ac5476ed06f0d11"
        },
        {
            "type": "Feature",
            "geometry": {
                "type": "Point",
                "coordinates": [
                    33.07941305,
                    -111.97790842
                ]
            },
            "properties": {
                "sa_label": "2014-s6-30",
                "SOIL_DATE": "05/2014",
                "SLSND": {
                    "15": 49.12,
                    "45": 51.12,
                    "75": 49.12,
                    "105": 51.12,
                    "135": 49.12,
                    "165": 45.12
                },
                "SLSLT": {
                    "15": 20.72,
                    "45": 18.72,
                    "75": 22.72,
                    "105": 16.72,
                    "135": 18.72,
                    "165": 20.72
                },
                "SLCLY": {
                    "15": 30.16,
                    "45": 30.16,
                    "75": 28.16,
                    "105": 32.16,
                    "135": 32.16,
                    "165": 34.16
                },
                "SLTX": {
                    "15": "Sandy Clay Loam",
                    "45": "Sandy Clay Loam",
                    "75": "Sandy Clay Loam",
                    "105": "Sandy Clay Loam",
                    "135": "Sandy Clay Loam",
                    "165": "Sandy Clay Loam"
                }
            },
            "_id": "684b226e8ac5476ed06f0d12",
            "said": "684b226e8ac5476ed06f0d12"
        },
        {
            "type": "Feature",
            "geometry": {
                "type": "Point",
                "coordinates": [
                    33.07961925,
                    -111.97790686
                ]
            },
            "properties": {
                "sa_label": "2014-s6-31",
                "SOIL_DATE": "05/2014",
                "SLSND": {
                    "15": 47.84,
                    "45": 47.84,
                    "75": 41.84,
                    "105": 37.84,
                    "135": 47.84,
                    "165": 51.84
                },
                "SLSLT": {
                    "15": 26.0,
                    "45": 20.0,
                    "75": 24.0,
                    "105": 22.0,
                    "135": 26.0,
                    "165": 20.0
                },
                "SLCLY": {
                    "15": 26.16,
                    "45": 32.16,
                    "75": 34.16,
                    "105": 40.16,
                    "135": 26.16,
                    "165": 28.16
                },
                "SLTX": {
                    "15": "Sandy Clay Loam",
                    "45": "Sandy Clay Loam",
                    "75": "Clay Loam",
                    "105": "Clay  ",
                    "135": "Sandy Clay Loam",
                    "165": "Sandy Clay Loam"
                }
            },
            "_id": "684b226e8ac5476ed06f0d13",
            "said": "684b226e8ac5476ed06f0d13"
        },
        {
            "type": "Feature",
            "geometry": {
                "type": "Point",
                "coordinates": [
                    33.0797842,
                    -111.9779062
                ]
            },
            "properties": {
                "sa_label": "2014-s6-32",
                "SOIL_DATE": "05/2014",
                "SLSND": {
                    "15": 47.84,
                    "45": 45.84,
                    "75": 45.84,
                    "105": 43.84,
                    "135": 39.84,
                    "165": 43.84
                },
                "SLSLT": {
                    "15": 22.0,
                    "45": 20.0,
                    "75": 30.0,
                    "105": 24.0,
                    "135": 28.0,
                    "165": 20.0
                },
                "SLCLY": {
                    "15": 30.16,
                    "45": 34.16,
                    "75": 24.16,
                    "105": 32.16,
                    "135": 32.16,
                    "165": 36.16
                },
                "SLTX": {
                    "15": "Sandy Clay Loam",
                    "45": "Sandy Clay Loam",
                    "75": "Sandy Clay Loam",
                    "105": "Clay Loam ",
                    "135": "Clay Loam ",
                    "165": "Clay Loam "
                }
            },
            "_id": "684b226e8ac5476ed06f0d14",
            "said": "684b226e8ac5476ed06f0d14"
        },
        {
            "type": "Feature",
            "geometry": {
                "type": "Point",
                "coordinates": [
                    33.07978463,
                    -111.97799314
                ]
            },
            "properties": {
                "sa_label": "2014-s6-33",
                "SOIL_DATE": "05/2014",
                "SLSND": {
                    "15": 49.84,
                    "45": 49.84,
                    "75": 53.84,
                    "105": 63.84,
                    "135": 57.84,
                    "165": 47.84
                },
                "SLSLT": {
                    "15": 22.72,
                    "45": 20.72,
                    "75": 20.72,
                    "105": 14.72,
                    "135": 20.72,
                    "165": 24.72
                },
                "SLCLY": {
                    "15": 27.44,
                    "45": 29.44,
                    "75": 25.44,
                    "105": 21.44,
                    "135": 21.44,
                    "165": 27.44
                },
                "SLTX": {
                    "15": "Sandy Clay Loam",
                    "45": "Sandy Clay Loam",
                    "75": "Sandy Clay Loam",
                    "105": "Sandy Clay Loam",
                    "135": "Sandy Clay Loam",
                    "165": "Sandy Clay Loam"
                }
            },
            "_id": "684b226e8ac5476ed06f0d15",
            "said": "684b226e8ac5476ed06f0d15"
        },
        {
            "type": "Feature",
            "geometry": {
                "type": "Point",
                "coordinates": [
                    33.07961968,
                    -111.97799419
                ]
            },
            "properties": {
                "sa_label": "2014-s6-34",
                "SOIL_DATE": "05/2014",
                "SLSND": {
                    "15": 49.84,
                    "45": 49.84,
                    "75": 47.84,
                    "105": 47.84,
                    "135": 45.84,
                    "165": 43.84
                },
                "SLSLT": {
                    "15": 22.72,
                    "45": 18.72,
                    "75": 20.72,
                    "105": 20.72,
                    "135": 24.72,
                    "165": 20.72
                },
                "SLCLY": {
                    "15": 27.44,
                    "45": 31.44,
                    "75": 31.44,
                    "105": 31.44,
                    "135": 29.44,
                    "165": 35.44
                },
                "SLTX": {
                    "15": "Sandy Clay Loam",
                    "45": "Sandy Clay Loam",
                    "75": "Sandy Clay Loam",
                    "105": "Sandy Clay Loam",
                    "135": "Sandy Clay Loam",
                    "165": "Clay Loam"
                }
            },
            "_id": "684b226e8ac5476ed06f0d16",
            "said": "684b226e8ac5476ed06f0d16"
        },
        {
            "type": "Feature",
            "geometry": {
                "type": "Point",
                "coordinates": [
                    33.07941348,
                    -111.97799521
                ]
            },
            "properties": {
                "sa_label": "2014-s6-35",
                "SOIL_DATE": "05/2014",
                "SLSND": {
                    "15": 47.84,
                    "45": 49.84,
                    "75": 47.84,
                    "105": 43.84,
                    "135": 45.84,
                    "165": 39.84
                },
                "SLSLT": {
                    "15": 26.72,
                    "45": 18.72,
                    "75": 22.72,
                    "105": 20.72,
                    "135": 22.72,
                    "165": 20.72
                },
                "SLCLY": {
                    "15": 25.44,
                    "45": 31.44,
                    "75": 29.44,
                    "105": 35.44,
                    "135": 31.44,
                    "165": 39.44
                },
                "SLTX": {
                    "15": "Sandy Clay Loam",
                    "45": "Sandy Clay Loam",
                    "75": "Sandy Clay Loam",
                    "105": "Clay Loam",
                    "135": "Sandy Clay Loam",
                    "165": "Clay Loam"
                }
            },
            "_id": "684b226e8ac5476ed06f0d17",
            "said": "684b226e8ac5476ed06f0d17"
        },
        {
            "type": "Feature",
            "geometry": {
                "type": "Point",
                "coordinates": [
                    33.07924853,
                    -111.97799639
                ]
            },
            "properties": {
                "sa_label": "2014-s6-36",
                "SOIL_DATE": "05/2014",
                "SLSND": {
                    "15": 48.56,
                    "45": 48.56,
                    "75": 48.56,
                    "105": 50.56,
                    "135": 42.56,
                    "165": 42.56
                },
                "SLSLT": {
                    "15": 22.0,
                    "45": 20.0,
                    "75": 24.0,
                    "105": 20.0,
                    "135": 24.0,
                    "165": 24.0
                },
                "SLCLY": {
                    "15": 29.44,
                    "45": 31.44,
                    "75": 27.44,
                    "105": 29.44,
                    "135": 33.44,
                    "165": 33.44
                },
                "SLTX": {
                    "15": "Sandy Clay Loam",
                    "45": "Sandy Clay Loam",
                    "75": "Sandy Clay Loam",
                    "105": "Sandy Clay Loam",
                    "135": "Clay Loam",
                    "165": "Clay Loam"
                }
            },
            "_id": "684b226e8ac5476ed06f0d18",
            "said": "684b226e8ac5476ed06f0d18"
        },
        {
            "type": "Feature",
            "geometry": {
                "type": "Point",
                "coordinates": [
                    33.07904233,
                    -111.97799816
                ]
            },
            "properties": {
                "sa_label": "2014-s6-37",
                "SOIL_DATE": "05/2014",
                "SLSND": {
                    "15": 47.12,
                    "45": 47.12,
                    "75": 49.12,
                    "105": 57.12,
                    "135": 43.12,
                    "165": 43.12
                },
                "SLSLT": {
                    "15": 26.72,
                    "45": 22.72,
                    "75": 22.72,
                    "105": 18.72,
                    "135": 28.72,
                    "165": 22.72
                },
                "SLCLY": {
                    "15": 26.16,
                    "45": 30.16,
                    "75": 28.16,
                    "105": 24.16,
                    "135": 28.16,
                    "165": 34.16
                },
                "SLTX": {
                    "15": "Sandy Clay Loam",
                    "45": "Sandy Clay Loam",
                    "75": "Sandy Clay Loam",
                    "105": "Sandy Clay Loam",
                    "135": "Clay Loam",
                    "165": "Clay Loam"
                }
            },
            "_id": "684b226e8ac5476ed06f0d19",
            "said": "684b226e8ac5476ed06f0d19"
        },
        {
            "type": "Feature",
            "geometry": {
                "type": "Point",
                "coordinates": [
                    33.07887738,
                    -111.97799941
                ]
            },
            "properties": {
                "sa_label": "2014-s6-38",
                "SOIL_DATE": "05/2014",
                "SLSND": {
                    "15": 49.12,
                    "45": 49.12,
                    "75": 49.12,
                    "105": 53.12,
                    "135": 57.12,
                    "165": 47.12
                },
                "SLSLT": {
                    "15": 22.72,
                    "45": 20.72,
                    "75": 22.72,
                    "105": 18.72,
                    "135": 20.72,
                    "165": 22.72
                },
                "SLCLY": {
                    "15": 28.16,
                    "45": 30.16,
                    "75": 28.16,
                    "105": 28.16,
                    "135": 22.16,
                    "165": 30.16
                },
                "SLTX": {
                    "15": "Sandy Clay Loam",
                    "45": "Sandy Clay Loam",
                    "75": "Sandy Clay Loam",
                    "105": "Sandy Clay Loam",
                    "135": "Sandy Clay Loam",
                    "165": "Sandy Clay Loam"
                }
            },
            "_id": "684b226e8ac5476ed06f0d1a",
            "said": "684b226e8ac5476ed06f0d1a"
        },
        {
            "type": "Feature",
            "geometry": {
                "type": "Point",
                "coordinates": [
                    33.07867117,
                    -111.97800062
                ]
            },
            "properties": {
                "sa_label": "2014-s6-39",
                "SOIL_DATE": "05/2014",
                "SLSND": {
                    "15": 49.12,
                    "45": 51.12,
                    "75": 49.12,
                    "105": 43.12,
                    "135": 43.12,
                    "165": 41.12
                },
                "SLSLT": {
                    "15": 24.72,
                    "45": 18.72,
                    "75": 24.72,
                    "105": 20.72,
                    "135": 26.72,
                    "165": 22.72
                },
                "SLCLY": {
                    "15": 26.16,
                    "45": 30.16,
                    "75": 26.16,
                    "105": 36.16,
                    "135": 30.16,
                    "165": 36.16
                },
                "SLTX": {
                    "15": "Sandy Clay Loam",
                    "45": "Sandy Clay Loam",
                    "75": "Sandy Clay Loam",
                    "105": "Clay Loam ",
                    "135": "Clay Loam ",
                    "165": "Clay Loam "
                }
            },
            "_id": "684b226e8ac5476ed06f0d1b",
            "said": "684b226e8ac5476ed06f0d1b"
        },
        {
            "type": "Feature",
            "geometry": {
                "type": "Point",
                "coordinates": [
                    33.07850623,
                    -111.97800185
                ]
            },
            "properties": {
                "sa_label": "2014-s6-40",
                "SOIL_DATE": "05/2014",
                "SLSND": {
                    "15": 49.12,
                    "45": 51.12,
                    "75": 47.12,
                    "105": 37.12,
                    "135": 43.12,
                    "165": 51.12
                },
                "SLSLT": {
                    "15": 22.72,
                    "45": 20.72,
                    "75": 24.72,
                    "105": 22.72,
                    "135": 22.72,
                    "165": 18.72
                },
                "SLCLY": {
                    "15": 28.16,
                    "45": 28.16,
                    "75": 28.16,
                    "105": 40.16,
                    "135": 34.16,
                    "165": 30.16
                },
                "SLTX": {
                    "15": "Sandy Clay Loam",
                    "45": "Sandy Clay Loam",
                    "75": "Sandy Clay Loam",
                    "105": "Clay",
                    "135": "Clay Loam",
                    "165": "Sandy Clay Loam"
                }
            },
            "_id": "684b226e8ac5476ed06f0d1c",
            "said": "684b226e8ac5476ed06f0d1c"
        },
        {
            "type": "Feature",
            "geometry": {
                "type": "Point",
                "coordinates": [
                    33.07850656,
                    -111.97806709
                ]
            },
            "properties": {
                "sa_label": "2014-s6-41",
                "SOIL_DATE": "05/2014",
                "SLSND": {
                    "15": 49.84,
                    "45": 47.84,
                    "75": 41.84,
                    "105": 38.4,
                    "135": 48.4,
                    "165": 52.4
                },
                "SLSLT": {
                    "15": 26.72,
                    "45": 22.72,
                    "75": 26.72,
                    "105": 23.44,
                    "135": 21.44,
                    "165": 19.44
                },
                "SLCLY": {
                    "15": 23.44,
                    "45": 29.44,
                    "75": 31.44,
                    "105": 38.16,
                    "135": 30.16,
                    "165": 28.16
                },
                "SLTX": {
                    "15": "Sandy Clay Loam ",
                    "45": "Sandy Clay Loam ",
                    "75": "Clay Loam",
                    "105": "Clay Loam",
                    "135": "Sandy Clay Loam ",
                    "165": "Sandy Clay Loam "
                }
            },
            "_id": "684b226e8ac5476ed06f0d1d",
            "said": "684b226e8ac5476ed06f0d1d"
        },
        {
            "type": "Feature",
            "geometry": {
                "type": "Point",
                "coordinates": [
                    33.0786715,
                    -111.97806664
                ]
            },
            "properties": {
                "sa_label": "2014-s6-42",
                "SOIL_DATE": "05/2014",
                "SLSND": {
                    "15": 50.4,
                    "45": 50.4,
                    "75": 52.4,
                    "105": 48.4,
                    "135": 50.4,
                    "165": 42.4
                },
                "SLSLT": {
                    "15": 25.44,
                    "45": 19.44,
                    "75": 21.44,
                    "105": 19.44,
                    "135": 19.44,
                    "165": 19.44
                },
                "SLCLY": {
                    "15": 24.16,
                    "45": 30.16,
                    "75": 26.16,
                    "105": 32.16,
                    "135": 30.16,
                    "165": 38.16
                },
                "SLTX": {
                    "15": "Sandy Clay Loam",
                    "45": "Sandy Clay Loam",
                    "75": "Sandy Clay Loam",
                    "105": "Sandy Clay Loam",
                    "135": "Sandy Clay Loam",
                    "165": "Clay Loam"
                }
            },
            "_id": "684b226e8ac5476ed06f0d1e",
            "said": "684b226e8ac5476ed06f0d1e"
        },
        {
            "type": "Feature",
            "geometry": {
                "type": "Point",
                "coordinates": [
                    33.07887771,
                    -111.97806403
                ]
            },
            "properties": {
                "sa_label": "2014-s6-43",
                "SOIL_DATE": "05/2014",
                "SLSND": {
                    "15": 48.4,
                    "45": 50.4,
                    "75": 52.4,
                    "105": 54.4,
                    "135": 56.4,
                    "165": 50.4
                },
                "SLSLT": {
                    "15": 25.44,
                    "45": 19.44,
                    "75": 23.44,
                    "105": 19.44,
                    "135": 17.44,
                    "165": 19.44
                },
                "SLCLY": {
                    "15": 26.16,
                    "45": 30.16,
                    "75": 24.16,
                    "105": 26.16,
                    "135": 26.16,
                    "165": 30.16
                },
                "SLTX": {
                    "15": "Sandy Clay Loam",
                    "45": "Sandy Clay Loam",
                    "75": "Sandy Clay Loam",
                    "105": "Sandy Clay Loam",
                    "135": "Sandy Clay Loam",
                    "165": "Sandy Clay Loam"
                }
            },
            "_id": "684b226e8ac5476ed06f0d1f",
            "said": "684b226e8ac5476ed06f0d1f"
        },
        {
            "type": "Feature",
            "geometry": {
                "type": "Point",
                "coordinates": [
                    33.07904265,
                    -111.97806343
                ]
            },
            "properties": {
                "sa_label": "2014-s6-44",
                "SOIL_DATE": "05/2014",
                "SLSND": {
                    "15": 46.4,
                    "45": 46.4,
                    "75": 52.4,
                    "105": 44.4,
                    "135": 44.4,
                    "165": 46.4
                },
                "SLSLT": {
                    "15": 27.44,
                    "45": 23.44,
                    "75": 23.44,
                    "105": 23.44,
                    "135": 21.44,
                    "165": 21.44
                },
                "SLCLY": {
                    "15": 26.16,
                    "45": 30.16,
                    "75": 24.16,
                    "105": 32.16,
                    "135": 34.16,
                    "165": 32.16
                },
                "SLTX": {
                    "15": "Sandy Clay Loam",
                    "45": "Sandy Clay Loam",
                    "75": "Sandy Clay Loam",
                    "105": "Clay Loam",
                    "135": "Clay Loam",
                    "165": "Sandy Clay Loam"
                }
            },
            "_id": "684b226e8ac5476ed06f0d20",
            "said": "684b226e8ac5476ed06f0d20"
        },
        {
            "type": "Feature",
            "geometry": {
                "type": "Point",
                "coordinates": [
                    33.07924885,
                    -111.97806148
                ]
            },
            "properties": {
                "sa_label": "2014-s6-45",
                "SOIL_DATE": "05/2014",
                "SLSND": {
                    "15": 47.68,
                    "45": 49.68,
                    "75": 53.68,
                    "105": 53.68,
                    "135": 47.68,
                    "165": 49.68
                },
                "SLSLT": {
                    "15": 22.72,
                    "45": 18.72,
                    "75": 20.72,
                    "105": 18.72,
                    "135": 18.72,
                    "165": 18.72
                },
                "SLCLY": {
                    "15": 29.6,
                    "45": 31.6,
                    "75": 25.6,
                    "105": 27.6,
                    "135": 33.6,
                    "165": 31.6
                },
                "SLTX": {
                    "15": "Sandy Clay Loam",
                    "45": "Sandy Clay Loam",
                    "75": "Sandy Clay Loam",
                    "105": "Sandy Clay Loam",
                    "135": "Sandy Clay Loam",
                    "165": "Sandy Clay Loam"
                }
            },
            "_id": "684b226e8ac5476ed06f0d21",
            "said": "684b226e8ac5476ed06f0d21"
        },
        {
            "type": "Feature",
            "geometry": {
                "type": "Point",
                "coordinates": [
                    33.07941379,
                    -111.97806055
                ]
            },
            "properties": {
                "sa_label": "2014-s6-46",
                "SOIL_DATE": "05/2014",
                "SLSND": {
                    "15": 49.68,
                    "45": 47.68,
                    "75": 49.68,
                    "105": 53.68,
                    "135": 53.68,
                    "165": 59.68
                },
                "SLSLT": {
                    "15": 24.72,
                    "45": 20.72,
                    "75": 20.72,
                    "105": 18.72,
                    "135": 18.72,
                    "165": 18.72
                },
                "SLCLY": {
                    "15": 25.6,
                    "45": 31.6,
                    "75": 29.6,
                    "105": 27.6,
                    "135": 27.6,
                    "165": 21.6
                },
                "SLTX": {
                    "15": "Sandy Clay Loam",
                    "45": "Sandy Clay Loam",
                    "75": "Sandy Clay Loam",
                    "105": "Sandy Clay Loam",
                    "135": "Sandy Clay Loam",
                    "165": "Sandy Clay Loam"
                }
            },
            "_id": "684b226e8ac5476ed06f0d22",
            "said": "684b226e8ac5476ed06f0d22"
        },
        {
            "type": "Feature",
            "geometry": {
                "type": "Point",
                "coordinates": [
                    33.07962001,
                    -111.97805955
                ]
            },
            "properties": {
                "sa_label": "2014-s6-47",
                "SOIL_DATE": "05/2014",
                "SLSND": {
                    "15": 47.68,
                    "45": 47.68,
                    "75": 51.68,
                    "105": 53.68,
                    "135": 51.68,
                    "165": 55.68
                },
                "SLSLT": {
                    "15": 24.72,
                    "45": 20.72,
                    "75": 18.72,
                    "105": 18.72,
                    "135": 18.72,
                    "165": 16.72
                },
                "SLCLY": {
                    "15": 27.6,
                    "45": 31.6,
                    "75": 29.6,
                    "105": 27.6,
                    "135": 29.6,
                    "165": 27.6
                },
                "SLTX": {
                    "15": "Sandy Clay Loam",
                    "45": "Sandy Clay Loam",
                    "75": "Sandy Clay Loam",
                    "105": "Sandy Clay Loam",
                    "135": "Sandy Clay Loam",
                    "165": "Sandy Clay Loam"
                }
            },
            "_id": "684b226e8ac5476ed06f0d23",
            "said": "684b226e8ac5476ed06f0d23"
        },
        {
            "type": "Feature",
            "geometry": {
                "type": "Point",
                "coordinates": [
                    33.07978495,
                    -111.9780581
                ]
            },
            "properties": {
                "sa_label": "2014-s6-48",
                "SOIL_DATE": "05/2014",
                "SLSND": {
                    "15": 49.68,
                    "45": 49.68,
                    "75": 49.68,
                    "105": 49.68,
                    "135": 47.68,
                    "165": 45.68
                },
                "SLSLT": {
                    "15": 20.72,
                    "45": 18.72,
                    "75": 18.72,
                    "105": 16.72,
                    "135": 16.72,
                    "165": 20.72
                },
                "SLCLY": {
                    "15": 29.6,
                    "45": 31.6,
                    "75": 31.6,
                    "105": 33.6,
                    "135": 35.6,
                    "165": 33.6
                },
                "SLTX": {
                    "15": "Sandy Clay Loam",
                    "45": "Sandy Clay Loam",
                    "75": "Sandy Clay Loam",
                    "105": "Sandy Clay Loam",
                    "135": "Sandy Clay",
                    "165": "Sandy Clay Loam"
                }
            },
            "_id": "684b226e8ac5476ed06f0d24",
            "said": "684b226e8ac5476ed06f0d24"
        },
        {
            "type": "Feature",
            "geometry": {
                "type": "Point",
                "coordinates": [
                    33.07978538,
                    -111.97814548
                ]
            },
            "properties": {
                "sa_label": "2014-s6-49",
                "SOIL_DATE": "05/2014",
                "SLSND": {
                    "15": 47.68,
                    "45": 47.68,
                    "75": 51.68,
                    "105": 49.68,
                    "135": 45.68,
                    "165": 41.68
                },
                "SLSLT": {
                    "15": 22.72,
                    "45": 20.72,
                    "75": 18.72,
                    "105": 18.72,
                    "135": 18.72,
                    "165": 22.72
                },
                "SLCLY": {
                    "15": 29.6,
                    "45": 31.6,
                    "75": 29.6,
                    "105": 31.6,
                    "135": 35.6,
                    "165": 35.6
                },
                "SLTX": {
                    "15": "Sandy Clay Loam",
                    "45": "Sandy Clay Loam",
                    "75": "Sandy Clay Loam",
                    "105": "Sandy Clay Loam",
                    "135": "Sandy Clay",
                    "165": "Clay Loam"
                }
            },
            "_id": "684b226e8ac5476ed06f0d25",
            "said": "684b226e8ac5476ed06f0d25"
        },
        {
            "type": "Feature",
            "geometry": {
                "type": "Point",
                "coordinates": [
                    33.07962044,
                    -111.97814694
                ]
            },
            "properties": {
                "sa_label": "2014-s6-50",
                "SOIL_DATE": "05/2014",
                "SLSND": {
                    "15": 49.68,
                    "45": 51.68,
                    "75": 51.68,
                    "105": 56.96,
                    "135": 56.96,
                    "165": 54.96
                },
                "SLSLT": {
                    "15": 22.72,
                    "45": 18.72,
                    "75": 20.72,
                    "105": 16.72,
                    "135": 16.72,
                    "165": 16.72
                },
                "SLCLY": {
                    "15": 27.6,
                    "45": 29.6,
                    "75": 27.6,
                    "105": 26.32,
                    "135": 26.32,
                    "165": 28.32
                },
                "SLTX": {
                    "15": "Sandy Clay Loam",
                    "45": "Sandy Clay Loam",
                    "75": "Sandy Clay Loam",
                    "105": "Sandy Clay Loam",
                    "135": "Sandy Clay Loam",
                    "165": "Sandy Clay Loam"
                }
            },
            "_id": "684b226e8ac5476ed06f0d26",
            "said": "684b226e8ac5476ed06f0d26"
        },
        {
            "type": "Feature",
            "geometry": {
                "type": "Point",
                "coordinates": [
                    33.07941424,
                    -111.97814804
                ]
            },
            "properties": {
                "sa_label": "2014-s6-51",
                "SOIL_DATE": "05/2014",
                "SLSND": {
                    "15": 48.4,
                    "45": 46.4,
                    "75": 52.4,
                    "105": 45.68,
                    "135": 45.68,
                    "165": 45.68
                },
                "SLSLT": {
                    "15": 25.44,
                    "45": 21.44,
                    "75": 19.44,
                    "105": 21.44,
                    "135": 21.44,
                    "165": 21.44
                },
                "SLCLY": {
                    "15": 26.16,
                    "45": 32.16,
                    "75": 28.16,
                    "105": 32.88,
                    "135": 32.88,
                    "165": 32.88
                },
                "SLTX": {
                    "15": "Sandy Clay Loam",
                    "45": "Sandy Clay Loam",
                    "75": "Sandy Clay Loam",
                    "105": "Sandy Clay Loam",
                    "135": "Sandy Clay Loam",
                    "165": "Sandy Clay Loam"
                }
            },
            "_id": "684b226e8ac5476ed06f0d27",
            "said": "684b226e8ac5476ed06f0d27"
        },
        {
            "type": "Feature",
            "geometry": {
                "type": "Point",
                "coordinates": [
                    33.07924929,
                    -111.97814878
                ]
            },
            "properties": {
                "sa_label": "2014-s6-52",
                "SOIL_DATE": "05/2014",
                "SLSND": {
                    "15": 46.4,
                    "45": 48.4,
                    "75": 50.4,
                    "105": 44.4,
                    "135": 50.4,
                    "165": 48.4
                },
                "SLSLT": {
                    "15": 26.72,
                    "45": 20.72,
                    "75": 20.72,
                    "105": 20.72,
                    "135": 16.72,
                    "165": 20.72
                },
                "SLCLY": {
                    "15": 26.88,
                    "45": 30.88,
                    "75": 28.88,
                    "105": 34.88,
                    "135": 32.88,
                    "165": 30.88
                },
                "SLTX": {
                    "15": "Sandy Clay Loam",
                    "45": "Sandy Clay Loam",
                    "75": "Sandy Clay Loam",
                    "105": "Clay Loam",
                    "135": "Sandy Clay Loam",
                    "165": "Sandy Clay Loam"
                }
            },
            "_id": "684b226e8ac5476ed06f0d28",
            "said": "684b226e8ac5476ed06f0d28"
        },
        {
            "type": "Feature",
            "geometry": {
                "type": "Point",
                "coordinates": [
                    33.07904308,
                    -111.97815065
                ]
            },
            "properties": {
                "sa_label": "2014-s6-53",
                "SOIL_DATE": "05/2014",
                "SLSND": {
                    "15": 48.4,
                    "45": 46.4,
                    "75": 46.4,
                    "105": 46.4,
                    "135": 44.4,
                    "165": 44.4
                },
                "SLSLT": {
                    "15": 25.44,
                    "45": 21.44,
                    "75": 23.44,
                    "105": 19.44,
                    "135": 21.44,
                    "165": 19.44
                },
                "SLCLY": {
                    "15": 26.16,
                    "45": 32.16,
                    "75": 30.16,
                    "105": 34.16,
                    "135": 34.16,
                    "165": 36.16
                },
                "SLTX": {
                    "15": "Sandy Clay Loam",
                    "45": "Sandy Clay Loam",
                    "75": "Sandy Clay Loam",
                    "105": "Sandy Clay Loam",
                    "135": "Clay Loam",
                    "165": "Clay Loam"
                }
            },
            "_id": "684b226e8ac5476ed06f0d29",
            "said": "684b226e8ac5476ed06f0d29"
        },
        {
            "type": "Feature",
            "geometry": {
                "type": "Point",
                "coordinates": [
                    33.07887814,
                    -111.97815175
                ]
            },
            "properties": {
                "sa_label": "2014-s6-54",
                "SOIL_DATE": "05/2014",
                "SLSND": {
                    "15": 48.4,
                    "45": 48.4,
                    "75": 50.4,
                    "105": 49.68,
                    "135": 45.68,
                    "165": 45.68
                },
                "SLSLT": {
                    "15": 25.44,
                    "45": 21.44,
                    "75": 23.44,
                    "105": 20.16,
                    "135": 22.16,
                    "165": 22.16
                },
                "SLCLY": {
                    "15": 26.16,
                    "45": 30.16,
                    "75": 26.16,
                    "105": 30.16,
                    "135": 32.16,
                    "165": 32.16
                },
                "SLTX": {
                    "15": "Sandy Clay Loam ",
                    "45": "Sandy Clay Loam ",
                    "75": "Sandy Clay Loam ",
                    "105": "Sandy Clay Loam ",
                    "135": "Sandy Clay Loam ",
                    "165": "Sandy Clay Loam "
                }
            },
            "_id": "684b226e8ac5476ed06f0d2a",
            "said": "684b226e8ac5476ed06f0d2a"
        },
        {
            "type": "Feature",
            "geometry": {
                "type": "Point",
                "coordinates": [
                    33.07867193,
                    -111.97815312
                ]
            },
            "properties": {
                "sa_label": "2014-s6-55",
                "SOIL_DATE": "05/2014",
                "SLSND": {
                    "15": 50.4,
                    "45": 50.4,
                    "75": 48.4,
                    "105": 44.4,
                    "135": 48.4,
                    "165": 48.4
                },
                "SLSLT": {
                    "15": 29.44,
                    "45": 19.44,
                    "75": 25.44,
                    "105": 23.44,
                    "135": 21.44,
                    "165": 21.44
                },
                "SLCLY": {
                    "15": 20.16,
                    "45": 30.16,
                    "75": 26.16,
                    "105": 32.16,
                    "135": 30.16,
                    "165": 30.16
                },
                "SLTX": {
                    "15": "Sandy Clay Loam",
                    "45": "Sandy Clay Loam",
                    "75": "Sandy Clay Loam",
                    "105": "Clay Loam",
                    "135": "Sandy Clay Loam",
                    "165": "Sandy Clay Loam"
                }
            },
            "_id": "684b226e8ac5476ed06f0d2b",
            "said": "684b226e8ac5476ed06f0d2b"
        },
        {
            "type": "Feature",
            "geometry": {
                "type": "Point",
                "coordinates": [
                    33.07850699,
                    -111.97815445
                ]
            },
            "properties": {
                "sa_label": "2014-s6-56",
                "SOIL_DATE": "05/2014",
                "SLSND": {
                    "15": 50.4,
                    "45": 48.4,
                    "75": 46.4,
                    "105": 38.4,
                    "135": 50.4,
                    "165": 46.4
                },
                "SLSLT": {
                    "15": 25.44,
                    "45": 23.44,
                    "75": 25.44,
                    "105": 33.44,
                    "135": 19.44,
                    "165": 23.44
                },
                "SLCLY": {
                    "15": 24.16,
                    "45": 28.16,
                    "75": 28.16,
                    "105": 28.16,
                    "135": 30.16,
                    "165": 30.16
                },
                "SLTX": {
                    "15": "Sandy Clay Loam",
                    "45": "Sandy Clay Loam",
                    "75": "Sandy Clay Loam",
                    "105": "Clay Loam",
                    "135": "Sandy Clay Loam",
                    "165": "Sandy Clay Loam"
                }
            },
            "_id": "684b226e8ac5476ed06f0d2c",
            "said": "684b226e8ac5476ed06f0d2c"
        },
        {
            "type": "Feature",
            "geometry": {
                "type": "Point",
                "coordinates": [
                    33.07850732,
                    -111.97821979
                ]
            },
            "properties": {
                "sa_label": "2014-s6-57",
                "SOIL_DATE": "05/2014",
                "SLSND": {
                    "15": 51.68,
                    "45": 51.68,
                    "75": 51.68,
                    "105": 51.68,
                    "135": 54.96,
                    "165": 54.96
                },
                "SLSLT": {
                    "15": 26.72,
                    "45": 22.72,
                    "75": 20.72,
                    "105": 18.72,
                    "135": 16.72,
                    "165": 16.72
                },
                "SLCLY": {
                    "15": 21.6,
                    "45": 25.6,
                    "75": 27.6,
                    "105": 29.6,
                    "135": 28.32,
                    "165": 28.32
                },
                "SLTX": {
                    "15": "Sandy Clay Loam",
                    "45": "Sandy Clay Loam",
                    "75": "Sandy Clay Loam",
                    "105": "Sandy Clay Loam",
                    "135": "Sandy Clay Loam",
                    "165": "Sandy Clay Loam"
                }
            },
            "_id": "684b226e8ac5476ed06f0d2d",
            "said": "684b226e8ac5476ed06f0d2d"
        },
        {
            "type": "Feature",
            "geometry": {
                "type": "Point",
                "coordinates": [
                    33.07867226,
                    -111.97821864
                ]
            },
            "properties": {
                "sa_label": "2014-s6-58",
                "SOIL_DATE": "05/2014",
                "SLSND": {
                    "15": 48.96,
                    "45": 44.96,
                    "75": 55.68,
                    "105": 47.68,
                    "135": 53.68,
                    "165": 51.68
                },
                "SLSLT": {
                    "15": 18.72,
                    "45": 22.72,
                    "75": 26.72,
                    "105": 24.72,
                    "135": 22.72,
                    "165": 20.72
                },
                "SLCLY": {
                    "15": 32.32,
                    "45": 32.32,
                    "75": 17.6,
                    "105": 27.6,
                    "135": 23.6,
                    "165": 27.6
                },
                "SLTX": {
                    "15": "Sandy Clay Loam",
                    "45": "Sandy Clay Loam",
                    "75": "Sandy Loam",
                    "105": "Sandy Clay Loam",
                    "135": "Sandy Clay Loam",
                    "165": "Sandy Clay Loam"
                }
            },
            "_id": "684b226e8ac5476ed06f0d2e",
            "said": "684b226e8ac5476ed06f0d2e"
        },
        {
            "type": "Feature",
            "geometry": {
                "type": "Point",
                "coordinates": [
                    33.07887846,
                    -111.97821643
                ]
            },
            "properties": {
                "sa_label": "2014-s6-59",
                "SOIL_DATE": "05/2014",
                "SLSND": {
                    "15": 49.68,
                    "45": 49.68,
                    "75": 55.68,
                    "105": 53.68,
                    "135": 51.68,
                    "165": 47.68
                },
                "SLSLT": {
                    "15": 18.72,
                    "45": 18.72,
                    "75": 18.72,
                    "105": 20.72,
                    "135": 26.72,
                    "165": 24.72
                },
                "SLCLY": {
                    "15": 31.6,
                    "45": 31.6,
                    "75": 25.6,
                    "105": 25.6,
                    "135": 21.6,
                    "165": 27.6
                },
                "SLTX": {
                    "15": "Sandy Clay Loam",
                    "45": "Sandy Clay Loam",
                    "75": "Sandy Clay Loam",
                    "105": "Sandy Clay Loam",
                    "135": "Sandy Clay Loam",
                    "165": "Sandy Clay Loam"
                }
            },
            "_id": "684b226e8ac5476ed06f0d2f",
            "said": "684b226e8ac5476ed06f0d2f"
        },
        {
            "type": "Feature",
            "geometry": {
                "type": "Point",
                "coordinates": [
                    33.0790434,
                    -111.97821559
                ]
            },
            "properties": {
                "sa_label": "2014-s6-60",
                "SOIL_DATE": "05/2014",
                "SLSND": {
                    "15": 47.68,
                    "45": 45.68,
                    "75": 47.68,
                    "105": 41.68,
                    "135": 49.68,
                    "165": 43.68
                },
                "SLSLT": {
                    "15": 24.72,
                    "45": 22.72,
                    "75": 20.0,
                    "105": 24.0,
                    "135": 20.0,
                    "165": 22.0
                },
                "SLCLY": {
                    "15": 27.6,
                    "45": 31.6,
                    "75": 32.32,
                    "105": 34.32,
                    "135": 30.32,
                    "165": 34.32
                },
                "SLTX": {
                    "15": "Sandy Clay Loam",
                    "45": "Sandy Clay Loam",
                    "75": "Sandy Clay Loam",
                    "105": "Clay Loam",
                    "135": "Sandy Clay Loam",
                    "165": "Clay Loam"
                }
            },
            "_id": "684b226e8ac5476ed06f0d30",
            "said": "684b226e8ac5476ed06f0d30"
        },
        {
            "type": "Feature",
            "geometry": {
                "type": "Point",
                "coordinates": [
                    33.07924961,
                    -111.97821435
                ]
            },
            "properties": {
                "sa_label": "2014-s6-61",
                "SOIL_DATE": "05/2014",
                "SLSND": {
                    "15": 45.68,
                    "45": 49.68,
                    "75": 45.68,
                    "105": 39.68,
                    "135": 51.68,
                    "165": 51.68
                },
                "SLSLT": {
                    "15": 26.72,
                    "45": 20.72,
                    "75": 24.72,
                    "105": 22.72,
                    "135": 18.72,
                    "165": 14.72
                },
                "SLCLY": {
                    "15": 27.6,
                    "45": 29.6,
                    "75": 29.6,
                    "105": 37.6,
                    "135": 29.6,
                    "165": 33.6
                },
                "SLTX": {
                    "15": "Sandy Clay Loam",
                    "45": "Sandy Clay Loam",
                    "75": "Sandy Clay Loam",
                    "105": "Clay Loam",
                    "135": "Sandy Clay Loam",
                    "165": "Sandy Clay Loam"
                }
            },
            "_id": "684b226e8ac5476ed06f0d31",
            "said": "684b226e8ac5476ed06f0d31"
        },
        {
            "type": "Feature",
            "geometry": {
                "type": "Point",
                "coordinates": [
                    33.07941455,
                    -111.97821329
                ]
            },
            "properties": {
                "sa_label": "2014-s6-62",
                "SOIL_DATE": "05/2014",
                "SLSND": {
                    "15": 49.68,
                    "45": 49.68,
                    "75": 49.68,
                    "105": 45.68,
                    "135": 51.68,
                    "165": 51.68
                },
                "SLSLT": {
                    "15": 18.72,
                    "45": 18.72,
                    "75": 22.72,
                    "105": 22.72,
                    "135": 22.72,
                    "165": 20.72
                },
                "SLCLY": {
                    "15": 31.6,
                    "45": 31.6,
                    "75": 27.6,
                    "105": 31.6,
                    "135": 25.6,
                    "165": 27.6
                },
                "SLTX": {
                    "15": "Sandy Clay Loam",
                    "45": "Sandy Clay Loam",
                    "75": "Sandy Clay Loam",
                    "105": "Sandy Clay Loam",
                    "135": "Sandy Clay Loam",
                    "165": "Sandy Clay Loam"
                }
            },
            "_id": "684b226e8ac5476ed06f0d32",
            "said": "684b226e8ac5476ed06f0d32"
        },
        {
            "type": "Feature",
            "geometry": {
                "type": "Point",
                "coordinates": [
                    33.07962076,
                    -111.97821217
                ]
            },
            "properties": {
                "sa_label": "2014-s6-63",
                "SOIL_DATE": "05/2014",
                "SLSND": {
                    "15": 48.96,
                    "45": 48.96,
                    "75": 50.96,
                    "105": 50.96,
                    "135": 51.12,
                    "165": 47.12
                },
                "SLSLT": {
                    "15": 18.72,
                    "45": 20.72,
                    "75": 18.72,
                    "105": 16.72,
                    "135": 26.72,
                    "165": 22.72
                },
                "SLCLY": {
                    "15": 32.32,
                    "45": 30.32,
                    "75": 30.32,
                    "105": 32.32,
                    "135": 22.16,
                    "165": 30.16
                },
                "SLTX": {
                    "15": "Sandy Clay Loam",
                    "45": "Sandy Clay Loam",
                    "75": "Sandy Clay Loam",
                    "105": "Sandy Clay Loam",
                    "135": "Sandy Clay Loam",
                    "165": "Sandy Clay Loam"
                }
            },
            "_id": "684b226e8ac5476ed06f0d33",
            "said": "684b226e8ac5476ed06f0d33"
        },
        {
            "type": "Feature",
            "geometry": {
                "type": "Point",
                "coordinates": [
                    33.07978571,
                    -111.97821102
                ]
            },
            "properties": {
                "sa_label": "2014-s6-64",
                "SOIL_DATE": "05/2014",
                "SLSND": {
                    "15": 51.12,
                    "45": 49.12,
                    "75": 43.12,
                    "105": 45.12,
                    "135": 53.12,
                    "165": 53.12
                },
                "SLSLT": {
                    "15": 22.72,
                    "45": 18.72,
                    "75": 18.72,
                    "105": 18.72,
                    "135": 18.72,
                    "165": 18.72
                },
                "SLCLY": {
                    "15": 26.16,
                    "45": 32.16,
                    "75": 38.16,
                    "105": 36.16,
                    "135": 28.16,
                    "165": 28.16
                },
                "SLTX": {
                    "15": "Sandy Clay Loam",
                    "45": "Sandy Clay Loam",
                    "75": "Clay Loam",
                    "105": "Sandy Clay",
                    "135": "Sandy Clay Loam",
                    "165": "Sandy Clay Loam"
                }
            },
            "_id": "684b226e8ac5476ed06f0d34",
            "said": "684b226e8ac5476ed06f0d34"
        },
        {
            "type": "Feature",
            "geometry": {
                "type": "Point",
                "coordinates": [
                    33.07970804,
                    -111.97507375
                ]
            },
            "properties": {
                "sa_label": "2015-p02-1",
                "SOIL_DATE": "05/2015",
                "SLSND": {
                    "15": 62.4,
                    "45": 56.4,
                    "75": 52.4,
                    "105": 52.4,
                    "135": 61.12,
                    "165": 71.12
                },
                "SLSLT": {
                    "15": 15.44,
                    "45": 19.44,
                    "75": 13.44,
                    "105": 13.44,
                    "135": 14.72,
                    "165": 8.72
                },
                "SLCLY": {
                    "15": 22.16,
                    "45": 24.16,
                    "75": 34.16,
                    "105": 34.16,
                    "135": 24.16,
                    "165": 20.16
                },
                "SLTX": {
                    "15": "Sandy Clay Loam",
                    "45": "Sandy Clay Loam",
                    "75": "Sandy Clay Loam",
                    "105": "Sandy Clay Loam",
                    "135": "Sandy Clay Loam",
                    "165": "Sandy Clay Loam"
                },
                "SLWP1": {
                    "15": 0.17,
                    "45": 0.174,
                    "75": 0.237,
                    "105": 0.215,
                    "135": 0.149,
                    "165": 0.123
                },
                "SLWP2": {
                    "15": 0.18,
                    "45": 0.189,
                    "75": 0.233,
                    "105": 0.222,
                    "135": 0.173,
                    "165": 0.142
                },
                "SLFC1": {
                    "15": 0.273,
                    "45": 0.31,
                    "75": 0.367,
                    "105": 0.363,
                    "135": 0.308,
                    "165": 0.271
                }
            },
            "_id": "684b226e8ac5476ed06f0d35",
            "said": "684b226e8ac5476ed06f0d35"
        },
        {
            "type": "Feature",
            "geometry": {
                "type": "Point",
                "coordinates": [
                    33.07941943,
                    -111.97507591
                ]
            },
            "properties": {
                "sa_label": "2015-p02-2",
                "SOIL_DATE": "05/2015",
                "SLSND": {
                    "15": 59.12,
                    "45": 61.12,
                    "75": 58.56,
                    "105": 60.56,
                    "135": 58.56,
                    "165": 56.56
                },
                "SLSLT": {
                    "15": 16.72,
                    "45": 16.72,
                    "75": 20.72,
                    "105": 14.72,
                    "135": 16.72,
                    "165": 16.72
                },
                "SLCLY": {
                    "15": 24.16,
                    "45": 22.16,
                    "75": 20.72,
                    "105": 24.72,
                    "135": 24.72,
                    "165": 26.72
                },
                "SLTX": {
                    "15": "Sandy Clay Loam",
                    "45": "Sandy Clay Loam",
                    "75": "Sandy Clay Loam",
                    "105": "Sandy Clay Loam",
                    "135": "Sandy Clay Loam",
                    "165": "Sandy Clay Loam"
                },
                "SLWP1": {
                    "15": 0.157,
                    "45": 0.162,
                    "75": 0.157,
                    "105": 0.221,
                    "135": 0.18,
                    "165": 0.158
                },
                "SLWP2": {
                    "15": 0.167,
                    "45": 0.167,
                    "75": 0.169,
                    "105": 0.204,
                    "135": 0.166,
                    "165": 0.151
                },
                "SLFC1": {
                    "15": 0.316,
                    "45": 0.281,
                    "75": 0.265,
                    "105": 0.326,
                    "135": 0.227,
                    "165": 0.275
                }
            },
            "_id": "684b226e8ac5476ed06f0d36",
            "said": "684b226e8ac5476ed06f0d36"
        },
        {
            "type": "Feature",
            "geometry": {
                "type": "Point",
                "coordinates": [
                    33.0791308,
                    -111.97507747
                ]
            },
            "properties": {
                "sa_label": "2015-p02-3",
                "SOIL_DATE": "05/2015",
                "SLSND": {
                    "15": 70.56,
                    "45": 68.56,
                    "75": 66.56,
                    "105": 66.56,
                    "135": 63.12,
                    "165": 67.12
                },
                "SLSLT": {
                    "15": 10.72,
                    "45": 10.72,
                    "75": 10.72,
                    "105": 8.72,
                    "135": 13.44,
                    "165": 13.44
                },
                "SLCLY": {
                    "15": 18.72,
                    "45": 20.72,
                    "75": 22.72,
                    "105": 24.72,
                    "135": 23.44,
                    "165": 19.44
                },
                "SLTX": {
                    "15": "Sandy Loam",
                    "45": "Sandy Clay Loam",
                    "75": "Sandy Clay Loam",
                    "105": "Sandy Clay Loam",
                    "135": "Sandy Clay Loam",
                    "165": "Sandy Loam"
                },
                "SLWP1": {
                    "15": 0.159,
                    "45": 0.145,
                    "75": 0.18,
                    "105": 0.189,
                    "135": 0.176,
                    "165": 0.15
                },
                "SLWP2": {
                    "15": 0.166,
                    "45": 0.149,
                    "75": 0.188,
                    "105": 0.194,
                    "135": 0.174,
                    "165": 0.142
                },
                "SLFC1": {
                    "15": 0.286,
                    "45": 0.267,
                    "75": 0.295,
                    "105": 0.278,
                    "135": 0.284,
                    "165": 0.273
                }
            },
            "_id": "684b226e8ac5476ed06f0d37",
            "said": "684b226e8ac5476ed06f0d37"
        },
        {
            "type": "Feature",
            "geometry": {
                "type": "Point",
                "coordinates": [
                    33.07884219,
                    -111.97507955
                ]
            },
            "properties": {
                "sa_label": "2015-p02-4",
                "SOIL_DATE": "05/2015",
                "SLSND": {
                    "15": 71.12,
                    "45": 65.12,
                    "75": 67.12,
                    "105": 69.12,
                    "135": 73.12,
                    "165": 73.12
                },
                "SLSLT": {
                    "15": 9.44,
                    "45": 11.44,
                    "75": 11.44,
                    "105": 9.44,
                    "135": 9.44,
                    "165": 11.44
                },
                "SLCLY": {
                    "15": 19.44,
                    "45": 23.44,
                    "75": 21.44,
                    "105": 21.44,
                    "135": 17.44,
                    "165": 15.44
                },
                "SLTX": {
                    "15": "Sandy Loam",
                    "45": "Sandy Clay Loam",
                    "75": "Sandy Clay Loam",
                    "105": "Sandy Clay Loam",
                    "135": "Sandy Loam",
                    "165": "Sandy Loam"
                },
                "SLWP1": {
                    "15": 0.171,
                    "45": 0.135,
                    "75": 0.151,
                    "105": 0.16,
                    "135": 0.093,
                    "165": 0.124
                },
                "SLWP2": {
                    "15": 0.168,
                    "45": 0.131,
                    "75": 0.148,
                    "105": 0.163,
                    "135": 0.092,
                    "165": 0.127
                },
                "SLFC1": {
                    "15": 0.277,
                    "45": 0.215,
                    "75": 0.246,
                    "105": 0.234,
                    "135": 0.123,
                    "165": 0.277
                }
            },
            "_id": "684b226e8ac5476ed06f0d38",
            "said": "684b226e8ac5476ed06f0d38"
        },
        {
            "type": "Feature",
            "geometry": {
                "type": "Point",
                "coordinates": [
                    33.07855357,
                    -111.97508172
                ]
            },
            "properties": {
                "sa_label": "2015-p02-5",
                "SOIL_DATE": "05/2015",
                "SLSND": {
                    "15": 65.84,
                    "45": 61.84,
                    "75": 55.84,
                    "105": 65.84,
                    "135": 65.84,
                    "165": 61.84
                },
                "SLSLT": {
                    "15": 10.0,
                    "45": 10.0,
                    "75": 16.0,
                    "105": 10.0,
                    "135": 8.0,
                    "165": 22.0
                },
                "SLCLY": {
                    "15": 24.16,
                    "45": 28.16,
                    "75": 28.16,
                    "105": 24.16,
                    "135": 26.16,
                    "165": 16.16
                },
                "SLTX": {
                    "15": "Sandy Clay Loam",
                    "45": "Sandy Clay Loam",
                    "75": "Sandy Clay Loam",
                    "105": "Sandy Clay Loam",
                    "135": "Sandy Clay Loam",
                    "165": "Sandy Loam"
                },
                "SLWP1": {
                    "15": 0.176,
                    "45": 0.247,
                    "75": 0.278,
                    "105": 0.191,
                    "135": 0.15,
                    "165": 0.194
                },
                "SLWP2": {
                    "15": 0.169,
                    "45": 0.244,
                    "75": 0.267,
                    "105": 0.17,
                    "135": 0.153,
                    "165": 0.21
                },
                "SLFC1": {
                    "15": 0.315,
                    "45": 0.379,
                    "75": 0.421,
                    "105": 0.304,
                    "135": 0.255,
                    "165": 0.373
                }
            },
            "_id": "684b226e8ac5476ed06f0d39",
            "said": "684b226e8ac5476ed06f0d39"
        },
        {
            "type": "Feature",
            "geometry": {
                "type": "Point",
                "coordinates": [
                    33.07970967,
                    -111.97540007
                ]
            },
            "properties": {
                "sa_label": "2015-p03-1",
                "SOIL_DATE": "05/2015",
                "SLSND": {
                    "15": 66.56,
                    "45": 68.56,
                    "75": 58.56,
                    "105": 54.56,
                    "135": 50.56,
                    "165": 76.56
                },
                "SLSLT": {
                    "15": 12.0,
                    "45": 8.0,
                    "75": 12.0,
                    "105": 16.0,
                    "135": 18.0,
                    "165": 6.0
                },
                "SLCLY": {
                    "15": 21.44,
                    "45": 23.44,
                    "75": 29.44,
                    "105": 29.44,
                    "135": 31.44,
                    "165": 17.44
                },
                "SLTX": {
                    "15": "Sandy Clay Loam",
                    "45": "Sandy Clay Loam",
                    "75": "Sandy Clay Loam",
                    "105": "Sandy Clay Loam",
                    "135": "Sandy Clay Loam",
                    "165": "Sandy Loam"
                },
                "SLWP1": {
                    "15": 0.155,
                    "45": 0.182,
                    "75": 0.226,
                    "105": 0.203,
                    "135": 0.193,
                    "165": 0.122
                },
                "SLWP2": {
                    "15": 0.17,
                    "45": 0.185,
                    "75": 0.241,
                    "105": 0.221,
                    "135": 0.2,
                    "165": 0.125
                },
                "SLFC1": {
                    "15": 0.292,
                    "45": 0.312,
                    "75": 0.391,
                    "105": 0.394,
                    "135": 0.342,
                    "165": 0.25
                }
            },
            "_id": "684b226e8ac5476ed06f0d3a",
            "said": "684b226e8ac5476ed06f0d3a"
        },
        {
            "type": "Feature",
            "geometry": {
                "type": "Point",
                "coordinates": [
                    33.07942106,
                    -111.97540204
                ]
            },
            "properties": {
                "sa_label": "2015-p03-2",
                "SOIL_DATE": "05/2015",
                "SLSND": {
                    "15": 63.84,
                    "45": 67.84,
                    "75": 65.84,
                    "105": 51.84,
                    "135": 56.56,
                    "165": 70.56
                },
                "SLSLT": {
                    "15": 10.72,
                    "45": 12.72,
                    "75": 10.72,
                    "105": 10.72,
                    "135": 16.0,
                    "165": 10.0
                },
                "SLCLY": {
                    "15": 25.44,
                    "45": 19.44,
                    "75": 23.44,
                    "105": 37.44,
                    "135": 27.44,
                    "165": 19.44
                },
                "SLTX": {
                    "15": "Sandy Clay Loam",
                    "45": "Sandy Loam",
                    "75": "Sandy Clay Loam",
                    "105": "Sandy Clay",
                    "135": "Sandy Clay Loam",
                    "165": "Sandy Loam"
                },
                "SLWP1": {
                    "15": 0.157,
                    "45": 0.128,
                    "75": 0.188,
                    "105": 0.195,
                    "135": 0.167,
                    "165": 0.135
                },
                "SLWP2": {
                    "15": 0.173,
                    "45": 0.128,
                    "75": 0.22,
                    "105": 0.222,
                    "135": 0.185,
                    "165": 0.133
                },
                "SLFC1": {
                    "15": 0.296,
                    "45": 0.2,
                    "75": 0.335,
                    "105": 0.342,
                    "135": 0.305,
                    "165": 0.251
                }
            },
            "_id": "684b226e8ac5476ed06f0d3b",
            "said": "684b226e8ac5476ed06f0d3b"
        },
        {
            "type": "Feature",
            "geometry": {
                "type": "Point",
                "coordinates": [
                    33.07913244,
                    -111.97540392
                ]
            },
            "properties": {
                "sa_label": "2015-p03-3",
                "SOIL_DATE": "05/2015",
                "SLSND": {
                    "15": 66.56,
                    "45": 68.56,
                    "75": 77.84,
                    "105": 73.84,
                    "135": 77.84,
                    "165": 69.84
                },
                "SLSLT": {
                    "15": 10.72,
                    "45": 10.72,
                    "75": 7.44,
                    "105": 7.44,
                    "135": 7.44,
                    "165": 13.44
                },
                "SLCLY": {
                    "15": 22.72,
                    "45": 20.72,
                    "75": 14.72,
                    "105": 18.72,
                    "135": 14.72,
                    "165": 16.72
                },
                "SLTX": {
                    "15": "Sandy Clay Loam",
                    "45": "Sandy Clay Loam",
                    "75": "Sandy Loam",
                    "105": "Sandy Loam",
                    "135": "Sandy Loam",
                    "165": "Sandy Loam"
                },
                "SLWP1": {
                    "15": 0.123,
                    "45": 0.129,
                    "75": 0.111,
                    "105": 0.147,
                    "135": 0.115,
                    "165": 0.146
                },
                "SLWP2": {
                    "15": 0.146,
                    "45": 0.136,
                    "75": 0.133,
                    "105": 0.165,
                    "135": 0.112,
                    "165": 0.164
                },
                "SLFC1": {
                    "15": 0.264,
                    "45": 0.255,
                    "75": 0.223,
                    "105": 0.257,
                    "135": 0.216,
                    "165": 0.306
                }
            },
            "_id": "684b226e8ac5476ed06f0d3c",
            "said": "684b226e8ac5476ed06f0d3c"
        },
        {
            "type": "Feature",
            "geometry": {
                "type": "Point",
                "coordinates": [
                    33.07884382,
                    -111.97540605
                ]
            },
            "properties": {
                "sa_label": "2015-p03-4",
                "SOIL_DATE": "05/2015",
                "SLSND": {
                    "15": 66.56,
                    "45": 66.56,
                    "75": 58.56,
                    "105": 60.56,
                    "135": 68.56,
                    "165": 68.56
                },
                "SLSLT": {
                    "15": 12.72,
                    "45": 10.72,
                    "75": 16.72,
                    "105": 14.72,
                    "135": 8.72,
                    "165": 10.72
                },
                "SLCLY": {
                    "15": 20.72,
                    "45": 22.72,
                    "75": 24.72,
                    "105": 24.72,
                    "135": 22.72,
                    "165": 20.72
                },
                "SLTX": {
                    "15": "Sandy Clay Loam",
                    "45": "Sandy Clay Loam",
                    "75": "Sandy Clay Loam",
                    "105": "Sandy Clay Loam",
                    "135": "Sandy Clay Loam",
                    "165": "Sandy Clay Loam"
                },
                "SLWP1": {
                    "15": 0.148,
                    "45": 0.186,
                    "75": 0.189,
                    "105": 0.161,
                    "135": 0.14,
                    "165": 0.126
                },
                "SLWP2": {
                    "15": 0.177,
                    "45": 0.194,
                    "75": 0.22,
                    "105": 0.197,
                    "135": 0.169,
                    "165": 0.145
                },
                "SLFC1": {
                    "15": 0.243,
                    "45": 0.294,
                    "75": 0.348,
                    "105": 0.347,
                    "135": 0.32,
                    "165": 0.289
                }
            },
            "_id": "684b226e8ac5476ed06f0d3d",
            "said": "684b226e8ac5476ed06f0d3d"
        },
        {
            "type": "Feature",
            "geometry": {
                "type": "Point",
                "coordinates": [
                    33.0785552,
                    -111.97540795
                ]
            },
            "properties": {
                "sa_label": "2015-p03-5",
                "SOIL_DATE": "05/2015",
                "SLSND": {
                    "15": 57.84,
                    "45": 57.84,
                    "75": 59.84,
                    "105": 53.84,
                    "135": 55.84,
                    "165": 63.84
                },
                "SLSLT": {
                    "15": 10.0,
                    "45": 12.0,
                    "75": 8.0,
                    "105": 14.0,
                    "135": 10.0,
                    "165": 16.0
                },
                "SLCLY": {
                    "15": 32.16,
                    "45": 30.16,
                    "75": 32.16,
                    "105": 32.16,
                    "135": 34.16,
                    "165": 20.16
                },
                "SLTX": {
                    "15": "Sandy Clay Loam",
                    "45": "Sandy Clay Loam",
                    "75": "Sandy Clay Loam",
                    "105": "Sandy Clay Loam",
                    "135": "Sandy Clay Loam",
                    "165": "Sandy Clay Loam"
                },
                "SLWP1": {
                    "15": 0.195,
                    "45": 0.172,
                    "75": 0.207,
                    "105": 0.219,
                    "135": 0.166,
                    "165": 0.153
                },
                "SLWP2": {
                    "15": 0.224,
                    "45": 0.186,
                    "75": 0.195,
                    "105": 0.206,
                    "135": 0.179,
                    "165": 0.138
                },
                "SLFC1": {
                    "15": 0.33,
                    "45": 0.322,
                    "75": 0.337,
                    "105": 0.323,
                    "135": 0.268,
                    "165": 0.209
                }
            },
            "_id": "684b226e8ac5476ed06f0d3e",
            "said": "684b226e8ac5476ed06f0d3e"
        },
        {
            "type": "Feature",
            "geometry": {
                "type": "Point",
                "coordinates": [
                    33.07971108,
                    -111.97568285
                ]
            },
            "properties": {
                "sa_label": "2015-p04-1",
                "SOIL_DATE": "05/2015",
                "SLSND": {
                    "15": 70.56,
                    "45": 72.56,
                    "75": 58.56,
                    "105": 56.56,
                    "135": 40.56,
                    "165": 48.56
                },
                "SLSLT": {
                    "15": 8.0,
                    "45": 8.0,
                    "75": 14.0,
                    "105": 14.0,
                    "135": 26.0,
                    "165": 22.0
                },
                "SLCLY": {
                    "15": 21.44,
                    "45": 19.44,
                    "75": 27.44,
                    "105": 29.44,
                    "135": 33.44,
                    "165": 29.44
                },
                "SLTX": {
                    "15": "Sandy Clay Loam",
                    "45": "Sandy Loam",
                    "75": "Sandy Clay Loam",
                    "105": "Sandy Clay Loam",
                    "135": "Clay Loam",
                    "165": "Sandy Clay Loam"
                },
                "SLWP1": {
                    "15": 0.165,
                    "45": 0.159,
                    "75": 0.211,
                    "105": 0.194,
                    "135": 0.181,
                    "165": 0.158
                },
                "SLWP2": {
                    "15": 0.162,
                    "45": 0.16,
                    "75": 0.205,
                    "105": 0.194,
                    "135": 0.189,
                    "165": 0.178
                },
                "SLFC1": {
                    "15": 0.28,
                    "45": 0.3,
                    "75": 0.384,
                    "105": 0.342,
                    "135": 0.363,
                    "165": 0.407
                }
            },
            "_id": "684b226e8ac5476ed06f0d3f",
            "said": "684b226e8ac5476ed06f0d3f"
        },
        {
            "type": "Feature",
            "geometry": {
                "type": "Point",
                "coordinates": [
                    33.07942246,
                    -111.97568498
                ]
            },
            "properties": {
                "sa_label": "2015-p04-2",
                "SOIL_DATE": "05/2015",
                "SLSND": {
                    "15": 66.56,
                    "45": 68.56,
                    "75": 60.56,
                    "105": 52.56,
                    "135": 64.56,
                    "165": 66.56
                },
                "SLSLT": {
                    "15": 10.0,
                    "45": 12.0,
                    "75": 14.0,
                    "105": 18.0,
                    "135": 12.0,
                    "165": 12.0
                },
                "SLCLY": {
                    "15": 23.44,
                    "45": 19.44,
                    "75": 25.44,
                    "105": 29.44,
                    "135": 23.44,
                    "165": 21.44
                },
                "SLTX": {
                    "15": "Sandy Clay Loam",
                    "45": "Sandy Loam",
                    "75": "Sandy Clay Loam",
                    "105": "Sandy Clay Loam",
                    "135": "Sandy Clay Loam",
                    "165": "Sandy Clay Loam"
                },
                "SLWP1": {
                    "15": 0.168,
                    "45": 0.15,
                    "75": 0.206,
                    "105": 0.19,
                    "135": 0.147,
                    "165": 0.139
                },
                "SLWP2": {
                    "15": 0.185,
                    "45": 0.175,
                    "75": 0.225,
                    "105": 0.198,
                    "135": 0.166,
                    "165": 0.162
                },
                "SLFC1": {
                    "15": 0.323,
                    "45": 0.279,
                    "75": 0.369,
                    "105": 0.349,
                    "135": 0.301,
                    "165": 0.28
                }
            },
            "_id": "684b226e8ac5476ed06f0d40",
            "said": "684b226e8ac5476ed06f0d40"
        },
        {
            "type": "Feature",
            "geometry": {
                "type": "Point",
                "coordinates": [
                    33.07913385,
                    -111.97568705
                ]
            },
            "properties": {
                "sa_label": "2015-p04-3",
                "SOIL_DATE": "05/2015",
                "SLSND": {
                    "15": 58.56,
                    "45": 68.56,
                    "75": 58.56,
                    "105": 66.56,
                    "135": 70.56,
                    "165": 68.56
                },
                "SLSLT": {
                    "15": 16.0,
                    "45": 8.0,
                    "75": 12.0,
                    "105": 10.0,
                    "135": 6.0,
                    "165": 6.0
                },
                "SLCLY": {
                    "15": 25.44,
                    "45": 23.44,
                    "75": 29.44,
                    "105": 23.44,
                    "135": 23.44,
                    "165": 25.44
                },
                "SLTX": {
                    "15": "Sandy Clay Loam ",
                    "45": "Sandy Clay Loam ",
                    "75": "Sandy Clay Loam ",
                    "105": "Sandy Clay Loam ",
                    "135": "Sandy Clay Loam ",
                    "165": "Sandy Clay Loam "
                },
                "SLWP1": {
                    "15": 0.158,
                    "45": 0.155,
                    "75": 0.204,
                    "105": 0.145,
                    "135": 0.172,
                    "165": 0.133
                },
                "SLWP2": {
                    "15": 0.18,
                    "45": 0.171,
                    "75": 0.219,
                    "105": 0.167,
                    "135": 0.168,
                    "165": 0.149
                },
                "SLFC1": {
                    "15": 0.301,
                    "45": 0.299,
                    "75": 0.393,
                    "105": 0.256,
                    "135": 0.238,
                    "165": 0.321
                }
            },
            "_id": "684b226e8ac5476ed06f0d41",
            "said": "684b226e8ac5476ed06f0d41"
        },
        {
            "type": "Feature",
            "geometry": {
                "type": "Point",
                "coordinates": [
                    33.07884523,
                    -111.97568909
                ]
            },
            "properties": {
                "sa_label": "2015-p04-4",
                "SOIL_DATE": "05/2015",
                "SLSND": {
                    "15": 72.56,
                    "45": 66.56,
                    "75": 71.84,
                    "105": 61.84,
                    "135": 71.84,
                    "165": 75.84
                },
                "SLSLT": {
                    "15": 6.0,
                    "45": 8.0,
                    "75": 6.0,
                    "105": 14.0,
                    "135": 2.0,
                    "165": 10.0
                },
                "SLCLY": {
                    "15": 21.44,
                    "45": 25.44,
                    "75": 22.16,
                    "105": 24.16,
                    "135": 26.16,
                    "165": 14.16
                },
                "SLTX": {
                    "15": "Sandy Clay Loam",
                    "45": "Sandy Clay Loam",
                    "75": "Sandy Clay Loam",
                    "105": "Sandy Clay Loam",
                    "135": "Sandy Clay Loam",
                    "165": "Sandy Loam"
                },
                "SLWP1": {
                    "15": 0.145,
                    "45": 0.123,
                    "75": 0.174,
                    "105": 0.149,
                    "135": 0.115,
                    "165": 0.117
                },
                "SLWP2": {
                    "15": 0.168,
                    "45": 0.137,
                    "75": 0.201,
                    "105": 0.182,
                    "135": 0.133,
                    "165": 0.115
                },
                "SLFC1": {
                    "15": 0.271,
                    "45": 0.234,
                    "75": 0.323,
                    "105": 0.31,
                    "135": 0.231,
                    "165": 0.205
                }
            },
            "_id": "684b226e8ac5476ed06f0d42",
            "said": "684b226e8ac5476ed06f0d42"
        },
        {
            "type": "Feature",
            "geometry": {
                "type": "Point",
                "coordinates": [
                    33.07855661,
                    -111.97569111
                ]
            },
            "properties": {
                "sa_label": "2015-p04-5",
                "SOIL_DATE": "05/2015",
                "SLSND": {
                    "15": 67.84,
                    "45": 65.84,
                    "75": 57.84,
                    "105": 61.84,
                    "135": 69.84,
                    "165": 63.84
                },
                "SLSLT": {
                    "15": 10.0,
                    "45": 8.0,
                    "75": 14.0,
                    "105": 10.0,
                    "135": 16.0,
                    "165": 14.0
                },
                "SLCLY": {
                    "15": 22.16,
                    "45": 26.16,
                    "75": 28.16,
                    "105": 28.16,
                    "135": 14.16,
                    "165": 22.16
                },
                "SLTX": {
                    "15": "Sandy Clay Loam",
                    "45": "Sandy Clay Loam",
                    "75": "Sandy Clay Loam",
                    "105": "Sandy Clay Loam",
                    "135": "Sandy Loam",
                    "165": "Sandy Clay Loam"
                },
                "SLWP1": {
                    "15": 0.15,
                    "45": 0.206,
                    "75": 0.18,
                    "105": 0.154,
                    "135": 0.119,
                    "165": 0.175
                },
                "SLWP2": {
                    "15": 0.16,
                    "45": 0.203,
                    "75": 0.193,
                    "105": 0.172,
                    "135": 0.144,
                    "165": 0.197
                },
                "SLFC1": {
                    "15": 0.254,
                    "45": 0.305,
                    "75": 0.289,
                    "105": 0.26,
                    "135": 0.226,
                    "165": 0.344
                }
            },
            "_id": "684b226e8ac5476ed06f0d43",
            "said": "684b226e8ac5476ed06f0d43"
        },
        {
            "type": "Feature",
            "geometry": {
                "type": "Point",
                "coordinates": [
                    33.07971266,
                    -111.9760014
                ]
            },
            "properties": {
                "sa_label": "2015-p05-1",
                "SOIL_DATE": "05/2015",
                "SLSND": {
                    "15": 58.4,
                    "45": 66.4,
                    "75": 53.68,
                    "105": 51.68,
                    "135": 53.68,
                    "165": 65.68
                },
                "SLSLT": {
                    "15": 10.72,
                    "45": 6.72,
                    "75": 17.44,
                    "105": 13.44,
                    "135": 11.44,
                    "165": 11.44
                },
                "SLCLY": {
                    "15": 30.88,
                    "45": 26.88,
                    "75": 28.88,
                    "105": 34.88,
                    "135": 34.88,
                    "165": 22.88
                },
                "SLTX": {
                    "15": "Sandy Clay Loam",
                    "45": "Sandy Clay Loam",
                    "75": "Sandy Clay Loam",
                    "105": "Sandy Clay Loam",
                    "135": "Sandy Clay Loam",
                    "165": "Sandy Clay Loam"
                },
                "SLWP1": {
                    "15": 0.163,
                    "45": 0.151,
                    "75": 0.21,
                    "105": 0.195,
                    "135": 0.164,
                    "165": 0.13
                },
                "SLWP2": {
                    "15": 0.171,
                    "45": 0.163,
                    "75": 0.219,
                    "105": 0.21,
                    "135": 0.187,
                    "165": 0.146
                },
                "SLFC1": {
                    "15": 0.282,
                    "45": 0.267,
                    "75": 0.373,
                    "105": 0.353,
                    "135": 0.31,
                    "165": 0.292
                }
            },
            "_id": "684b226e8ac5476ed06f0d44",
            "said": "684b226e8ac5476ed06f0d44"
        },
        {
            "type": "Feature",
            "geometry": {
                "type": "Point",
                "coordinates": [
                    33.07942405,
                    -111.97600358
                ]
            },
            "properties": {
                "sa_label": "2015-p05-2",
                "SOIL_DATE": "05/2015",
                "SLSND": {
                    "15": 65.12,
                    "45": 55.68,
                    "75": 67.68,
                    "105": 69.68,
                    "135": 75.68,
                    "165": 71.68
                },
                "SLSLT": {
                    "15": 10.0,
                    "45": 13.44,
                    "75": 9.44,
                    "105": 7.44,
                    "135": 5.44,
                    "165": 5.44
                },
                "SLCLY": {
                    "15": 24.88,
                    "45": 30.88,
                    "75": 22.88,
                    "105": 22.88,
                    "135": 18.88,
                    "165": 22.88
                },
                "SLTX": {
                    "15": "Sandy Clay Loam",
                    "45": "Sandy Clay Loam",
                    "75": "Sandy Clay Loam",
                    "105": "Sandy Clay Loam",
                    "135": "Sandy Loam",
                    "165": "Sandy Clay Loam"
                },
                "SLWP1": {
                    "15": 0.147,
                    "45": 0.157,
                    "75": 0.178,
                    "105": 0.118,
                    "135": 0.099,
                    "165": 0.125
                },
                "SLWP2": {
                    "15": 0.163,
                    "45": 0.156,
                    "75": 0.181,
                    "105": 0.134,
                    "135": 0.103,
                    "165": 0.13
                },
                "SLFC1": {
                    "15": 0.264,
                    "45": 0.259,
                    "75": 0.312,
                    "105": 0.252,
                    "135": 0.192,
                    "165": 0.283
                }
            },
            "_id": "684b226e8ac5476ed06f0d45",
            "said": "684b226e8ac5476ed06f0d45"
        },
        {
            "type": "Feature",
            "geometry": {
                "type": "Point",
                "coordinates": [
                    33.07913543,
                    -111.97600545
                ]
            },
            "properties": {
                "sa_label": "2015-p05-3",
                "SOIL_DATE": "05/2015",
                "SLSND": {
                    "15": 55.12,
                    "45": 61.12,
                    "75": 61.12,
                    "105": 63.12,
                    "135": 57.12,
                    "165": 63.12
                },
                "SLSLT": {
                    "15": 16.72,
                    "45": 12.72,
                    "75": 8.72,
                    "105": 10.72,
                    "135": 10.72,
                    "165": 10.72
                },
                "SLCLY": {
                    "15": 28.16,
                    "45": 26.16,
                    "75": 30.16,
                    "105": 26.16,
                    "135": 32.16,
                    "165": 26.16
                },
                "SLTX": {
                    "15": "Sandy Clay Loam",
                    "45": "Sandy Clay Loam",
                    "75": "Sandy Clay Loam",
                    "105": "Sandy Clay Loam",
                    "135": "Sandy Clay Loam",
                    "165": "Sandy Clay Loam"
                },
                "SLWP1": {
                    "15": 0.135,
                    "45": 0.122,
                    "75": 0.141,
                    "105": 0.112,
                    "135": 0.128,
                    "165": 0.132
                },
                "SLWP2": {
                    "15": 0.161,
                    "45": 0.142,
                    "75": 0.17,
                    "105": 0.131,
                    "135": 0.15,
                    "165": 0.16
                },
                "SLFC1": {
                    "15": 0.266,
                    "45": 0.242,
                    "75": 0.292,
                    "105": 0.25,
                    "135": 0.307,
                    "165": 0.324
                }
            },
            "_id": "684b226e8ac5476ed06f0d46",
            "said": "684b226e8ac5476ed06f0d46"
        },
        {
            "type": "Feature",
            "geometry": {
                "type": "Point",
                "coordinates": [
                    33.07884681,
                    -111.97600763
                ]
            },
            "properties": {
                "sa_label": "2015-p05-4",
                "SOIL_DATE": "05/2015",
                "SLSND": {
                    "15": 61.12,
                    "45": 65.12,
                    "75": 55.12,
                    "105": 59.12,
                    "135": 63.12,
                    "165": 63.12
                },
                "SLSLT": {
                    "15": 8.72,
                    "45": 6.72,
                    "75": 8.72,
                    "105": 8.72,
                    "135": 14.72,
                    "165": 12.72
                },
                "SLCLY": {
                    "15": 30.16,
                    "45": 28.16,
                    "75": 36.16,
                    "105": 32.16,
                    "135": 22.16,
                    "165": 24.16
                },
                "SLTX": {
                    "15": "Sandy Clay Loam",
                    "45": "Sandy Clay Loam",
                    "75": "Sandy Clay ",
                    "105": "Sandy Clay Loam",
                    "135": "Sandy Clay Loam",
                    "165": "Sandy Clay Loam"
                },
                "SLWP1": {
                    "15": 0.14,
                    "45": 0.16,
                    "75": 0.165,
                    "105": 0.136,
                    "135": 0.119,
                    "165": 0.101
                },
                "SLWP2": {
                    "15": 0.155,
                    "45": 0.185,
                    "75": 0.203,
                    "105": 0.155,
                    "135": 0.139,
                    "165": 0.137
                },
                "SLFC1": {
                    "15": 0.257,
                    "45": 0.284,
                    "75": 0.282,
                    "105": 0.265,
                    "135": 0.267,
                    "165": 0.279
                }
            },
            "_id": "684b226e8ac5476ed06f0d47",
            "said": "684b226e8ac5476ed06f0d47"
        },
        {
            "type": "Feature",
            "geometry": {
                "type": "Point",
                "coordinates": [
                    33.07855819,
                    -111.9760094
                ]
            },
            "properties": {
                "sa_label": "2015-p05-5",
                "SOIL_DATE": "05/2015",
                "SLSND": {
                    "15": 69.84,
                    "45": 63.84,
                    "75": 53.12,
                    "105": 55.12,
                    "135": 63.12,
                    "165": 57.12
                },
                "SLSLT": {
                    "15": 10.0,
                    "45": 12.0,
                    "75": 20.72,
                    "105": 16.72,
                    "135": 12.72,
                    "165": 14.72
                },
                "SLCLY": {
                    "15": 20.16,
                    "45": 24.16,
                    "75": 26.16,
                    "105": 28.16,
                    "135": 24.16,
                    "165": 28.16
                },
                "SLTX": {
                    "15": "Sandy Clay Loam",
                    "45": "Sandy Clay Loam",
                    "75": "Sandy Clay Loam",
                    "105": "Sandy Clay Loam",
                    "135": "Sandy Clay Loam",
                    "165": "Sandy Clay Loam"
                },
                "SLWP1": {
                    "15": 0.14,
                    "45": 0.168,
                    "75": 0.197,
                    "105": 0.16,
                    "135": 0.137,
                    "165": 0.174
                },
                "SLWP2": {
                    "15": 0.143,
                    "45": 0.182,
                    "75": 0.232,
                    "105": 0.191,
                    "135": 0.152,
                    "165": 0.211
                },
                "SLFC1": {
                    "15": 0.249,
                    "45": 0.303,
                    "75": 0.34,
                    "105": 0.358,
                    "135": 0.253,
                    "165": 0.343
                }
            },
            "_id": "684b226e8ac5476ed06f0d48",
            "said": "684b226e8ac5476ed06f0d48"
        },
        {
            "type": "Feature",
            "geometry": {
                "type": "Point",
                "coordinates": [
                    33.07971407,
                    -111.97628453
                ]
            },
            "properties": {
                "sa_label": "2015-p06-1",
                "SOIL_DATE": "05/2015",
                "SLSND": {
                    "15": 53.68,
                    "45": 55.68,
                    "75": 59.68,
                    "105": 65.68,
                    "135": 58.4,
                    "165": 62.4
                },
                "SLSLT": {
                    "15": 15.44,
                    "45": 13.44,
                    "75": 7.44,
                    "105": 9.44,
                    "135": 15.44,
                    "165": 15.44
                },
                "SLCLY": {
                    "15": 30.88,
                    "45": 30.88,
                    "75": 32.88,
                    "105": 24.88,
                    "135": 26.16,
                    "165": 22.16
                },
                "SLTX": {
                    "15": "Sandy Clay Loam",
                    "45": "Sandy Clay Loam",
                    "75": "Sandy Clay Loam",
                    "105": "Sandy Clay Loam",
                    "135": "Sandy Clay Loam",
                    "165": "Sandy Clay Loam"
                },
                "SLWP1": {
                    "15": 0.136,
                    "45": 0.138,
                    "75": 0.181,
                    "105": 0.127,
                    "135": 0.132,
                    "165": 0.117
                },
                "SLWP2": {
                    "15": 0.167,
                    "45": 0.17,
                    "75": 0.196,
                    "105": 0.144,
                    "135": 0.159,
                    "165": 0.126
                },
                "SLFC1": {
                    "15": 0.267,
                    "45": 0.261,
                    "75": 0.295,
                    "105": 0.226,
                    "135": 0.297,
                    "165": 0.212
                }
            },
            "_id": "684b226e8ac5476ed06f0d49",
            "said": "684b226e8ac5476ed06f0d49"
        },
        {
            "type": "Feature",
            "geometry": {
                "type": "Point",
                "coordinates": [
                    33.07942545,
                    -111.97628637
                ]
            },
            "properties": {
                "sa_label": "2015-p06-2",
                "SOIL_DATE": "05/2015",
                "SLSND": {
                    "15": 54.4,
                    "45": 64.4,
                    "75": 64.4,
                    "105": 58.4,
                    "135": 50.4,
                    "165": 52.4
                },
                "SLSLT": {
                    "15": 15.44,
                    "45": 7.44,
                    "75": 5.44,
                    "105": 9.44,
                    "135": 15.44,
                    "165": 17.44
                },
                "SLCLY": {
                    "15": 30.16,
                    "45": 28.16,
                    "75": 30.16,
                    "105": 32.16,
                    "135": 34.16,
                    "165": 30.16
                },
                "SLTX": {
                    "15": "Sandy Clay Loam",
                    "45": "Sandy Clay Loam",
                    "75": "Sandy Clay Loam",
                    "105": "Sandy Clay Loam",
                    "135": "Sandy Clay Loam",
                    "165": "Sandy Clay Loam"
                },
                "SLWP1": {
                    "15": 0.142,
                    "45": 0.153,
                    "75": 0.159,
                    "105": 0.184,
                    "135": 0.203,
                    "165": 0.159
                },
                "SLWP2": {
                    "15": 0.159,
                    "45": 0.145,
                    "75": 0.173,
                    "105": 0.195,
                    "135": 0.202,
                    "165": 0.182
                },
                "SLFC1": {
                    "15": 0.27,
                    "45": 0.269,
                    "75": 0.292,
                    "105": 0.344,
                    "135": 0.356,
                    "165": 0.335
                }
            },
            "_id": "684b226e8ac5476ed06f0d4a",
            "said": "684b226e8ac5476ed06f0d4a"
        },
        {
            "type": "Feature",
            "geometry": {
                "type": "Point",
                "coordinates": [
                    33.07913683,
                    -111.97628855
                ]
            },
            "properties": {
                "sa_label": "2015-p06-3",
                "SOIL_DATE": "05/2015",
                "SLSND": {
                    "15": 56.4,
                    "45": 54.4,
                    "75": 48.4,
                    "105": 44.4,
                    "135": 50.4,
                    "165": 64.4
                },
                "SLSLT": {
                    "15": 17.44,
                    "45": 13.44,
                    "75": 19.44,
                    "105": 17.44,
                    "135": 17.44,
                    "165": 9.44
                },
                "SLCLY": {
                    "15": 26.16,
                    "45": 32.16,
                    "75": 32.16,
                    "105": 38.16,
                    "135": 32.16,
                    "165": 26.16
                },
                "SLTX": {
                    "15": "Sandy Clay Loam",
                    "45": "Sandy Clay Loam",
                    "75": "Sandy Clay Loam",
                    "105": "Clay Loam",
                    "135": "Sandy Clay Loam",
                    "165": "Sandy Clay Loam"
                },
                "SLWP1": {
                    "15": 0.152,
                    "45": 0.171,
                    "75": 0.221,
                    "105": 0.197,
                    "135": 0.167,
                    "165": 0.116
                },
                "SLWP2": {
                    "15": 0.145,
                    "45": 0.181,
                    "75": 0.218,
                    "105": 0.2,
                    "135": 0.175,
                    "165": 0.138
                },
                "SLFC1": {
                    "15": 0.261,
                    "45": 0.315,
                    "75": 0.393,
                    "105": 0.346,
                    "135": 0.289,
                    "165": 0.271
                }
            },
            "_id": "684b226e8ac5476ed06f0d4b",
            "said": "684b226e8ac5476ed06f0d4b"
        },
        {
            "type": "Feature",
            "geometry": {
                "type": "Point",
                "coordinates": [
                    33.07884822,
                    -111.9762906
                ]
            },
            "properties": {
                "sa_label": "2015-p06-4",
                "SOIL_DATE": "05/2015",
                "SLSND": {
                    "15": 60.4,
                    "45": 52.4,
                    "75": 59.84,
                    "105": 63.84,
                    "135": 57.84,
                    "165": 47.84
                },
                "SLSLT": {
                    "15": 11.44,
                    "45": 13.44,
                    "75": 12.72,
                    "105": 14.72,
                    "135": 14.72,
                    "165": 18.72
                },
                "SLCLY": {
                    "15": 28.16,
                    "45": 34.16,
                    "75": 27.44,
                    "105": 21.44,
                    "135": 27.44,
                    "165": 33.44
                },
                "SLTX": {
                    "15": "Sandy Clay Loam",
                    "45": "Sandy Clay Loam",
                    "75": "Sandy Clay Loam",
                    "105": "Sandy Clay Loam",
                    "135": "Sandy Clay Loam",
                    "165": "Sandy Clay Loam"
                },
                "SLWP1": {
                    "15": 0.137,
                    "45": 0.204,
                    "75": 0.156,
                    "105": 0.148,
                    "135": 0.175,
                    "165": 0.191
                },
                "SLWP2": {
                    "15": 0.145,
                    "45": 0.194,
                    "75": 0.161,
                    "105": 0.164,
                    "135": 0.142,
                    "165": 0.19
                },
                "SLFC1": {
                    "15": 0.244,
                    "45": 0.338,
                    "75": 0.326,
                    "105": 0.284,
                    "135": 0.265,
                    "165": 0.344
                }
            },
            "_id": "684b226e8ac5476ed06f0d4c",
            "said": "684b226e8ac5476ed06f0d4c"
        },
        {
            "type": "Feature",
            "geometry": {
                "type": "Point",
                "coordinates": [
                    33.0785596,
                    -111.97629263
                ]
            },
            "properties": {
                "sa_label": "2015-p06-5",
                "SOIL_DATE": "05/2015",
                "SLSND": {
                    "15": 55.84,
                    "45": 53.84,
                    "75": 49.84,
                    "105": 49.84,
                    "135": 61.84,
                    "165": 53.84
                },
                "SLSLT": {
                    "15": 18.72,
                    "45": 18.72,
                    "75": 16.72,
                    "105": 18.72,
                    "135": 16.72,
                    "165": 22.72
                },
                "SLCLY": {
                    "15": 25.44,
                    "45": 27.44,
                    "75": 33.44,
                    "105": 31.44,
                    "135": 21.44,
                    "165": 23.44
                },
                "SLTX": {
                    "15": "Sandy Clay Loam",
                    "45": "Sandy Clay Loam",
                    "75": "Sandy Clay Loam",
                    "105": "Sandy Clay Loam",
                    "135": "Sandy Clay Loam",
                    "165": "Sandy Clay Loam"
                },
                "SLWP1": {
                    "15": 0.14,
                    "45": 0.153,
                    "75": 0.201,
                    "105": 0.174,
                    "135": 0.184,
                    "165": 0.184
                },
                "SLWP2": {
                    "15": 0.142,
                    "45": 0.149,
                    "75": 0.201,
                    "105": 0.177,
                    "135": 0.141,
                    "165": 0.188
                },
                "SLFC1": {
                    "15": 0.255,
                    "45": 0.268,
                    "75": 0.349,
                    "105": 0.352,
                    "135": 0.289,
                    "165": 0.374
                }
            },
            "_id": "684b226e8ac5476ed06f0d4d",
            "said": "684b226e8ac5476ed06f0d4d"
        },
        {
            "type": "Feature",
            "geometry": {
                "type": "Point",
                "coordinates": [
                    33.07971565,
                    -111.97660263
                ]
            },
            "properties": {
                "sa_label": "2015-p07-1",
                "SOIL_DATE": "05/2015",
                "SLSND": {
                    "15": 51.84,
                    "45": 49.84,
                    "75": 61.12,
                    "105": 63.12,
                    "135": 67.12,
                    "165": 65.12
                },
                "SLSLT": {
                    "15": 22.72,
                    "45": 20.72,
                    "75": 16.72,
                    "105": 12.72,
                    "135": 10.72,
                    "165": 12.72
                },
                "SLCLY": {
                    "15": 25.44,
                    "45": 29.44,
                    "75": 22.16,
                    "105": 24.16,
                    "135": 22.16,
                    "165": 22.16
                },
                "SLTX": {
                    "15": "Sandy Clay Loam",
                    "45": "Sandy Clay Loam",
                    "75": "Sandy Clay Loam",
                    "105": "Sandy Clay Loam",
                    "135": "Sandy Clay Loam",
                    "165": "Sandy Clay Loam"
                },
                "SLWP1": {
                    "15": 0.144,
                    "45": 0.141,
                    "75": 0.103,
                    "105": 0.109,
                    "135": 0.126,
                    "165": 0.107
                },
                "SLWP2": {
                    "15": 0.18,
                    "45": 0.197,
                    "75": 0.132,
                    "105": 0.134,
                    "135": 0.151
                },
                "SLFC1": {
                    "15": 0.3,
                    "45": 0.275,
                    "75": 0.241,
                    "105": 0.255,
                    "135": 0.266,
                    "165": 0.269
                }
            },
            "_id": "684b226e8ac5476ed06f0d4e",
            "said": "684b226e8ac5476ed06f0d4e"
        },
        {
            "type": "Feature",
            "geometry": {
                "type": "Point",
                "coordinates": [
                    33.07942704,
                    -111.97660459
                ]
            },
            "properties": {
                "sa_label": "2015-p07-2",
                "SOIL_DATE": "05/2015",
                "SLSND": {
                    "15": 51.12,
                    "45": 51.12,
                    "75": 61.12,
                    "105": 49.12,
                    "135": 45.84,
                    "165": 53.84
                },
                "SLSLT": {
                    "15": 18.72,
                    "45": 18.72,
                    "75": 12.72,
                    "105": 20.72,
                    "135": 24.72,
                    "165": 18.72
                },
                "SLCLY": {
                    "15": 30.16,
                    "45": 30.16,
                    "75": 26.16,
                    "105": 30.16,
                    "135": 29.44,
                    "165": 27.44
                },
                "SLTX": {
                    "15": "Sandy Clay Loam",
                    "45": "Sandy Clay Loam",
                    "75": "Sandy Clay Loam",
                    "105": "Sandy Clay Loam",
                    "135": "Sandy Clay Loam",
                    "165": "Sandy Clay Loam"
                },
                "SLWP1": {
                    "15": 0.143,
                    "45": 0.146,
                    "75": 0.133,
                    "105": 0.145,
                    "135": 0.144,
                    "165": 0.13
                },
                "SLWP2": {
                    "15": 0.156,
                    "45": 0.162,
                    "75": 0.142,
                    "105": 0.162,
                    "135": 0.173,
                    "165": 0.154
                },
                "SLFC1": {
                    "15": 0.286,
                    "45": 0.275,
                    "75": 0.25,
                    "105": 0.329,
                    "135": 0.347,
                    "165": 0.297
                }
            },
            "_id": "684b226e8ac5476ed06f0d4f",
            "said": "684b226e8ac5476ed06f0d4f"
        },
        {
            "type": "Feature",
            "geometry": {
                "type": "Point",
                "coordinates": [
                    33.07913842,
                    -111.97660655
                ]
            },
            "properties": {
                "sa_label": "2015-p07-3",
                "SOIL_DATE": "05/2015",
                "SLSND": {
                    "15": 51.12,
                    "45": 49.12,
                    "75": 51.12,
                    "105": 49.12,
                    "135": 61.12,
                    "165": 63.12
                },
                "SLSLT": {
                    "15": 18.72,
                    "45": 20.72,
                    "75": 22.72,
                    "105": 20.72,
                    "135": 16.72,
                    "165": 12.72
                },
                "SLCLY": {
                    "15": 30.16,
                    "45": 30.16,
                    "75": 26.16,
                    "105": 30.16,
                    "135": 22.16,
                    "165": 24.16
                },
                "SLTX": {
                    "15": "Sandy Clay Loam",
                    "45": "Sandy Clay Loam",
                    "75": "Sandy Clay Loam",
                    "105": "Sandy Clay Loam",
                    "135": "Sandy Clay Loam",
                    "165": "Sandy Clay Loam"
                },
                "SLWP1": {
                    "15": 0.15,
                    "45": 0.15,
                    "75": 0.183,
                    "105": 0.173,
                    "135": 0.152,
                    "165": 0.116
                },
                "SLWP2": {
                    "15": 0.153,
                    "45": 0.165,
                    "75": 0.202,
                    "105": 0.19,
                    "135": 0.16,
                    "165": 0.131
                },
                "SLFC1": {
                    "15": 0.311,
                    "45": 0.29,
                    "75": 0.33,
                    "105": 0.332,
                    "135": 0.311,
                    "165": 0.26
                }
            },
            "_id": "684b226e8ac5476ed06f0d50",
            "said": "684b226e8ac5476ed06f0d50"
        },
        {
            "type": "Feature",
            "geometry": {
                "type": "Point",
                "coordinates": [
                    33.0788498,
                    -111.97660858
                ]
            },
            "properties": {
                "sa_label": "2015-p07-4",
                "SOIL_DATE": "05/2015",
                "SLSND": {
                    "15": 49.12,
                    "45": 51.12,
                    "75": 55.12,
                    "105": 53.12,
                    "135": 55.12,
                    "165": 57.12
                },
                "SLSLT": {
                    "15": 24.72,
                    "45": 20.72,
                    "75": 20.72,
                    "105": 18.72,
                    "135": 16.72,
                    "165": 16.72
                },
                "SLCLY": {
                    "15": 26.16,
                    "45": 28.16,
                    "75": 24.16,
                    "105": 28.16,
                    "135": 28.16,
                    "165": 26.16
                },
                "SLTX": {
                    "15": "Sandy Clay Loam",
                    "45": "Sandy Clay Loam",
                    "75": "Sandy Clay Loam",
                    "105": "Sandy Clay Loam",
                    "135": "Sandy Clay Loam",
                    "165": "Sandy Clay Loam"
                },
                "SLWP1": {
                    "15": 0.142,
                    "45": 0.143,
                    "75": 0.149,
                    "105": 0.17,
                    "135": 0.154,
                    "165": 0.166
                },
                "SLWP2": {
                    "15": 0.147,
                    "45": 0.141,
                    "75": 0.154,
                    "105": 0.167,
                    "135": 0.153,
                    "165": 0.165
                },
                "SLFC1": {
                    "15": 0.274,
                    "45": 0.259,
                    "75": 0.286,
                    "105": 0.332,
                    "135": 0.279,
                    "165": 0.339
                }
            },
            "_id": "684b226e8ac5476ed06f0d51",
            "said": "684b226e8ac5476ed06f0d51"
        },
        {
            "type": "Feature",
            "geometry": {
                "type": "Point",
                "coordinates": [
                    33.07856119,
                    -111.97661076
                ]
            },
            "properties": {
                "sa_label": "2015-p07-5",
                "SOIL_DATE": "05/2015",
                "SLSND": {
                    "15": 59.12,
                    "45": 73.12,
                    "75": 75.12,
                    "105": 67.12,
                    "135": 63.12,
                    "165": 55.12
                },
                "SLSLT": {
                    "15": 18.72,
                    "45": 10.72,
                    "75": 8.72,
                    "105": 12.72,
                    "135": 14.72,
                    "165": 22.72
                },
                "SLCLY": {
                    "15": 22.16,
                    "45": 16.16,
                    "75": 16.16,
                    "105": 20.16,
                    "135": 22.16,
                    "165": 22.16
                },
                "SLTX": {
                    "15": "Sandy Clay Loam",
                    "45": "Sandy Loam",
                    "75": "Sandy Loam ",
                    "105": "Sandy Clay Loam",
                    "135": "Sandy Clay Loam",
                    "165": "Sandy Clay Loam"
                },
                "SLWP1": {
                    "15": 0.113,
                    "45": 0.077,
                    "75": 0.094,
                    "105": 0.107,
                    "135": 0.119,
                    "165": 0.16
                },
                "SLWP2": {
                    "15": 0.121,
                    "45": 0.082,
                    "75": 0.085,
                    "105": 0.106,
                    "135": 0.119,
                    "165": 0.168
                },
                "SLFC1": {
                    "15": 0.226,
                    "45": 0.176,
                    "75": 0.176,
                    "105": 0.212,
                    "135": 0.236,
                    "165": 0.373
                }
            },
            "_id": "684b226e8ac5476ed06f0d52",
            "said": "684b226e8ac5476ed06f0d52"
        },
        {
            "type": "Feature",
            "geometry": {
                "type": "Point",
                "coordinates": [
                    33.07971706,
                    -111.97688568
                ]
            },
            "properties": {
                "sa_label": "2015-p08-1",
                "SOIL_DATE": "05/2015",
                "SLSND": {
                    "15": 51.12,
                    "45": 51.12,
                    "75": 53.12,
                    "105": 65.12,
                    "135": 61.12,
                    "165": 51.12
                },
                "SLSLT": {
                    "15": 23.44,
                    "45": 19.44,
                    "75": 20.72,
                    "105": 12.72,
                    "135": 12.72,
                    "165": 10.72
                },
                "SLCLY": {
                    "15": 25.44,
                    "45": 29.44,
                    "75": 26.16,
                    "105": 22.16,
                    "135": 26.16,
                    "165": 38.16
                },
                "SLTX": {
                    "15": "Sandy Clay Loam ",
                    "45": "Sandy Clay Loam ",
                    "75": "Sandy Clay Loam ",
                    "105": "Sandy Clay Loam ",
                    "135": "Sandy Clay Loam ",
                    "165": "Sandy Clay"
                },
                "SLWP1": {
                    "15": 0.153,
                    "45": 0.16,
                    "75": 0.134,
                    "105": 0.11,
                    "135": 0.141,
                    "165": 0.203
                },
                "SLWP2": {
                    "15": 0.181,
                    "45": 0.191,
                    "75": 0.171,
                    "105": 0.158,
                    "135": 0.172,
                    "165": 0.242
                },
                "SLFC1": {
                    "15": 0.287,
                    "45": 0.307,
                    "75": 0.275,
                    "105": 0.263,
                    "135": 0.236,
                    "165": 0.399
                }
            },
            "_id": "684b226e8ac5476ed06f0d53",
            "said": "684b226e8ac5476ed06f0d53"
        },
        {
            "type": "Feature",
            "geometry": {
                "type": "Point",
                "coordinates": [
                    33.07942845,
                    -111.97688783
                ]
            },
            "properties": {
                "sa_label": "2015-p08-2",
                "SOIL_DATE": "05/2015",
                "SLSND": {
                    "15": 54.4,
                    "45": 54.4,
                    "75": 55.12,
                    "105": 45.12,
                    "135": 47.12,
                    "165": 47.12
                },
                "SLSLT": {
                    "15": 17.44,
                    "45": 17.44,
                    "75": 19.44,
                    "105": 19.44,
                    "135": 21.44,
                    "165": 20.72
                },
                "SLCLY": {
                    "15": 28.16,
                    "45": 28.16,
                    "75": 25.44,
                    "105": 35.44,
                    "135": 31.44,
                    "165": 32.16
                },
                "SLTX": {
                    "15": "Sandy Clay Loam",
                    "45": "Sandy Clay Loam",
                    "75": "Sandy Clay Loam",
                    "105": "Sandy Clay",
                    "135": "Sandy Clay Loam",
                    "165": "Sandy Clay Loam"
                },
                "SLWP1": {
                    "15": 0.138,
                    "45": 0.154,
                    "75": 0.138,
                    "105": 0.182,
                    "135": 0.166,
                    "165": 0.146
                },
                "SLWP2": {
                    "15": 0.167,
                    "45": 0.163,
                    "75": 0.157,
                    "105": 0.207,
                    "135": 0.181,
                    "165": 0.173
                },
                "SLFC1": {
                    "15": 0.295,
                    "45": 0.261,
                    "75": 0.25,
                    "105": 0.351,
                    "135": 0.306,
                    "165": 0.312
                }
            },
            "_id": "684b226e8ac5476ed06f0d54",
            "said": "684b226e8ac5476ed06f0d54"
        },
        {
            "type": "Feature",
            "geometry": {
                "type": "Point",
                "coordinates": [
                    33.07913983,
                    -111.97688984
                ]
            },
            "properties": {
                "sa_label": "2015-p08-3",
                "SOIL_DATE": "05/2015",
                "SLSND": {
                    "15": 53.12,
                    "45": 59.12,
                    "75": 48.4,
                    "105": 42.4,
                    "135": 43.12,
                    "165": 47.12
                },
                "SLSLT": {
                    "15": 18.72,
                    "45": 14.72,
                    "75": 19.44,
                    "105": 21.44,
                    "135": 28.72,
                    "165": 24.72
                },
                "SLCLY": {
                    "15": 28.16,
                    "45": 26.16,
                    "75": 32.16,
                    "105": 36.16,
                    "135": 28.16,
                    "165": 28.16
                },
                "SLTX": {
                    "15": "Sandy Clay Loam",
                    "45": "Sandy Clay Loam",
                    "75": "Sandy Clay Loam",
                    "105": "Clay Loam",
                    "135": "Clay Loam",
                    "165": "Sandy Clay Loam"
                },
                "SLWP1": {
                    "15": 0.146,
                    "45": 0.139,
                    "75": 0.195,
                    "105": 0.2,
                    "135": 0.183,
                    "165": 0.14
                },
                "SLWP2": {
                    "15": 0.163,
                    "45": 0.143,
                    "75": 0.202,
                    "105": 0.196,
                    "135": 0.191,
                    "165": 0.164
                },
                "SLFC1": {
                    "15": 0.285,
                    "45": 0.256,
                    "75": 0.347,
                    "105": 0.341,
                    "135": 0.329,
                    "165": 0.312
                }
            },
            "_id": "684b226e8ac5476ed06f0d55",
            "said": "684b226e8ac5476ed06f0d55"
        },
        {
            "type": "Feature",
            "geometry": {
                "type": "Point",
                "coordinates": [
                    33.07885121,
                    -111.97689165
                ]
            },
            "properties": {
                "sa_label": "2015-p08-4",
                "SOIL_DATE": "05/2015",
                "SLSND": {
                    "15": 57.12,
                    "45": 59.12,
                    "75": 64.4,
                    "105": 54.4,
                    "135": 54.4,
                    "165": 40.4
                },
                "SLSLT": {
                    "15": 18.72,
                    "45": 18.72,
                    "75": 13.44,
                    "105": 17.44,
                    "135": 15.44,
                    "165": 25.44
                },
                "SLCLY": {
                    "15": 24.16,
                    "45": 22.16,
                    "75": 22.16,
                    "105": 28.16,
                    "135": 30.16,
                    "165": 34.16
                },
                "SLTX": {
                    "15": "Sandy Clay Loam",
                    "45": "Sandy Clay Loam",
                    "75": "Sandy Clay Loam",
                    "105": "Sandy Clay Loam",
                    "135": "Sandy Clay Loam",
                    "165": "Clay Loam"
                },
                "SLWP1": {
                    "15": 0.112,
                    "45": 0.108,
                    "75": 0.107,
                    "105": 0.133,
                    "135": 0.159,
                    "165": 0.151
                },
                "SLWP2": {
                    "15": 0.151,
                    "45": 0.154,
                    "75": 0.14,
                    "105": 0.186,
                    "135": 0.206,
                    "165": 0.206
                },
                "SLFC1": {
                    "15": 0.256,
                    "45": 0.237,
                    "75": 0.247,
                    "105": 0.298,
                    "135": 0.328,
                    "165": 0.346
                }
            },
            "_id": "684b226e8ac5476ed06f0d56",
            "said": "684b226e8ac5476ed06f0d56"
        },
        {
            "type": "Feature",
            "geometry": {
                "type": "Point",
                "coordinates": [
                    33.07856259,
                    -111.97689363
                ]
            },
            "properties": {
                "sa_label": "2015-p08-5",
                "SOIL_DATE": "05/2015",
                "SLSND": {
                    "15": 61.12,
                    "45": 63.12,
                    "75": 53.12,
                    "105": 49.12,
                    "135": 45.12,
                    "165": 45.12
                },
                "SLSLT": {
                    "15": 17.44,
                    "45": 17.44,
                    "75": 19.44,
                    "105": 19.44,
                    "135": 20.72,
                    "165": 22.72
                },
                "SLCLY": {
                    "15": 21.44,
                    "45": 19.44,
                    "75": 27.44,
                    "105": 31.44,
                    "135": 34.16,
                    "165": 32.16
                },
                "SLTX": {
                    "15": "Sandy Clay Loam",
                    "45": "Sandy Loam",
                    "75": "Sandy Clay Loam",
                    "105": "Sandy Clay Loam",
                    "135": "Sandy Clay Loam",
                    "165": "Sandy Clay Loam"
                },
                "SLWP1": {
                    "15": 0.115,
                    "45": 0.103,
                    "75": 0.126,
                    "105": 0.157,
                    "135": 0.167,
                    "165": 0.158
                },
                "SLWP2": {
                    "15": 0.156,
                    "45": 0.137,
                    "75": 0.168,
                    "105": 0.205,
                    "135": 0.207,
                    "165": 0.207
                },
                "SLFC1": {
                    "15": 0.252,
                    "45": 0.208,
                    "75": 0.296,
                    "105": 0.345,
                    "135": 0.363,
                    "165": 0.381
                }
            },
            "_id": "684b226e8ac5476ed06f0d57",
            "said": "684b226e8ac5476ed06f0d57"
        },
        {
            "type": "Feature",
            "geometry": {
                "type": "Point",
                "coordinates": [
                    33.07971868,
                    -111.97721145
                ]
            },
            "properties": {
                "sa_label": "2015-p09-1",
                "SOIL_DATE": "05/2015",
                "SLSND": {
                    "15": 58.4,
                    "45": 52.4,
                    "75": 57.84,
                    "105": 55.84,
                    "135": 53.84,
                    "165": 47.12
                },
                "SLSLT": {
                    "15": 13.44,
                    "45": 19.44,
                    "75": 18.72,
                    "105": 18.72,
                    "135": 22.72,
                    "165": 20.72
                },
                "SLCLY": {
                    "15": 28.16,
                    "45": 28.16,
                    "75": 23.44,
                    "105": 25.44,
                    "135": 23.44,
                    "165": 32.16
                },
                "SLTX": {
                    "15": "Sandy Clay Loam",
                    "45": "Sandy Clay Loam",
                    "75": "Sandy Clay Loam",
                    "105": "Sandy Clay Loam",
                    "135": "Sandy Clay Loam",
                    "165": "Sandy Clay Loam"
                },
                "SLWP1": {
                    "15": 0.156,
                    "45": 0.168,
                    "75": 0.149,
                    "105": 0.153,
                    "135": 0.182,
                    "165": 0.165
                },
                "SLWP2": {
                    "15": 0.172,
                    "45": 0.186,
                    "75": 0.168,
                    "105": 0.182,
                    "135": 0.21,
                    "165": 0.19
                },
                "SLFC1": {
                    "15": 0.29,
                    "45": 0.304,
                    "75": 0.272,
                    "105": 0.282,
                    "135": 0.339,
                    "165": 0.347
                }
            },
            "_id": "684b226e8ac5476ed06f0d58",
            "said": "684b226e8ac5476ed06f0d58"
        },
        {
            "type": "Feature",
            "geometry": {
                "type": "Point",
                "coordinates": [
                    33.07943006,
                    -111.97721353
                ]
            },
            "properties": {
                "sa_label": "2015-p09-2",
                "SOIL_DATE": "05/2015",
                "SLSND": {
                    "15": 53.12,
                    "45": 53.12,
                    "75": 67.12,
                    "105": 61.12,
                    "135": 54.4,
                    "165": 72.4
                },
                "SLSLT": {
                    "15": 20.72,
                    "45": 20.72,
                    "75": 16.72,
                    "105": 16.72,
                    "135": 19.44,
                    "165": 7.44
                },
                "SLCLY": {
                    "15": 26.16,
                    "45": 26.16,
                    "75": 16.16,
                    "105": 22.16,
                    "135": 26.16,
                    "165": 20.16
                },
                "SLTX": {
                    "15": "Sandy Clay Loam",
                    "45": "Sandy Clay Loam",
                    "75": "Sandy Loam",
                    "105": "Sandy Clay Loam",
                    "135": "Sandy Clay Loam",
                    "165": "Sandy Clay Loam"
                },
                "SLWP1": {
                    "15": 0.146,
                    "45": 0.154,
                    "75": 0.09,
                    "105": 0.122,
                    "135": 0.123,
                    "165": 0.131
                },
                "SLWP2": {
                    "15": 0.173,
                    "45": 0.178,
                    "75": 0.112,
                    "105": 0.134,
                    "135": 0.155,
                    "165": 0.131
                },
                "SLFC1": {
                    "15": 0.319,
                    "45": 0.297,
                    "75": 0.209,
                    "105": 0.256,
                    "135": 0.283,
                    "165": 0.224
                }
            },
            "_id": "684b226e8ac5476ed06f0d59",
            "said": "684b226e8ac5476ed06f0d59"
        },
        {
            "type": "Feature",
            "geometry": {
                "type": "Point",
                "coordinates": [
                    33.07914144,
                    -111.97721549
                ]
            },
            "properties": {
                "sa_label": "2015-p09-3",
                "SOIL_DATE": "05/2015",
                "SLSND": {
                    "15": 53.84,
                    "45": 55.84,
                    "75": 51.12,
                    "105": 51.12,
                    "135": 47.12,
                    "165": 45.12
                },
                "SLSLT": {
                    "15": 22.72,
                    "45": 18.72,
                    "75": 17.44,
                    "105": 18.72,
                    "135": 20.72,
                    "165": 26.72
                },
                "SLCLY": {
                    "15": 23.44,
                    "45": 25.44,
                    "75": 31.44,
                    "105": 30.16,
                    "135": 32.16,
                    "165": 28.16
                },
                "SLTX": {
                    "15": "Sandy Clay Loam",
                    "45": "Sandy Clay Loam",
                    "75": "Sandy Clay Loam",
                    "105": "Sandy Clay Loam",
                    "135": "Sandy Clay Loam",
                    "165": "Sandy Clay Loam"
                },
                "SLWP1": {
                    "15": 0.144,
                    "45": 0.14,
                    "75": 0.127,
                    "105": 0.128,
                    "135": 0.138,
                    "165": 0.165
                },
                "SLWP2": {
                    "15": 0.156,
                    "45": 0.159,
                    "75": 0.146,
                    "105": 0.156,
                    "135": 0.163,
                    "165": 0.182
                },
                "SLFC1": {
                    "15": 0.296,
                    "45": 0.266,
                    "75": 0.268,
                    "105": 0.279,
                    "135": 0.302,
                    "165": 0.34
                }
            },
            "_id": "684b226e8ac5476ed06f0d5a",
            "said": "684b226e8ac5476ed06f0d5a"
        },
        {
            "type": "Feature",
            "geometry": {
                "type": "Point",
                "coordinates": [
                    33.07885283,
                    -111.97721756
                ]
            },
            "properties": {
                "sa_label": "2015-p09-4",
                "SOIL_DATE": "05/2015",
                "SLSND": {
                    "15": 55.12,
                    "45": 56.4,
                    "75": 58.4,
                    "105": 48.4,
                    "135": 63.84,
                    "165": 51.84
                },
                "SLSLT": {
                    "15": 18.72,
                    "45": 19.44,
                    "75": 15.44,
                    "105": 23.44,
                    "135": 16.72,
                    "165": 20.72
                },
                "SLCLY": {
                    "15": 26.16,
                    "45": 24.16,
                    "75": 26.16,
                    "105": 28.16,
                    "135": 19.44,
                    "165": 27.44
                },
                "SLTX": {
                    "15": "Sandy Clay Loam",
                    "45": "Sandy Clay Loam",
                    "75": "Sandy Clay Loam",
                    "105": "Sandy Clay Loam",
                    "135": "Sandy Loam",
                    "165": "Sandy Clay Loam"
                },
                "SLWP1": {
                    "15": 0.12,
                    "45": 0.118,
                    "75": 0.144,
                    "105": 0.157,
                    "135": 0.127,
                    "165": 0.143
                },
                "SLWP2": {
                    "15": 0.143,
                    "45": 0.15,
                    "75": 0.175,
                    "105": 0.197,
                    "135": 0.167,
                    "165": 0.194
                },
                "SLFC1": {
                    "15": 0.292,
                    "45": 0.272,
                    "75": 0.305,
                    "105": 0.345,
                    "135": 0.288,
                    "165": 0.367
                }
            },
            "_id": "684b226e8ac5476ed06f0d5b",
            "said": "684b226e8ac5476ed06f0d5b"
        },
        {
            "type": "Feature",
            "geometry": {
                "type": "Point",
                "coordinates": [
                    33.07856421,
                    -111.97721934
                ]
            },
            "properties": {
                "sa_label": "2015-p09-5",
                "SOIL_DATE": "05/2015",
                "SLSND": {
                    "15": 55.12,
                    "45": 55.12,
                    "75": 51.12,
                    "105": 53.12,
                    "135": 59.12,
                    "165": 57.12
                },
                "SLSLT": {
                    "15": 18.72,
                    "45": 16.72,
                    "75": 22.72,
                    "105": 18.72,
                    "135": 14.72,
                    "165": 14.72
                },
                "SLCLY": {
                    "15": 26.16,
                    "45": 28.16,
                    "75": 26.16,
                    "105": 28.16,
                    "135": 26.16,
                    "165": 28.16
                },
                "SLTX": {
                    "15": "Sandy Clay Loam",
                    "45": "Sandy Clay Loam",
                    "75": "Sandy Clay Loam",
                    "105": "Sandy Clay Loam",
                    "135": "Sandy Clay Loam",
                    "165": "Sandy Clay Loam"
                },
                "SLWP1": {
                    "15": 0.122,
                    "45": 0.151,
                    "75": 0.124,
                    "105": 0.105,
                    "135": 0.101,
                    "165": 0.107
                },
                "SLWP2": {
                    "15": 0.153,
                    "45": 0.191,
                    "75": 0.162,
                    "105": 0.131,
                    "135": 0.12,
                    "165": 0.139
                },
                "SLFC1": {
                    "15": 0.273,
                    "45": 0.311,
                    "75": 0.314,
                    "105": 0.247,
                    "135": 0.196,
                    "165": 0.239
                }
            },
            "_id": "684b226e8ac5476ed06f0d5c",
            "said": "684b226e8ac5476ed06f0d5c"
        },
        {
            "type": "Feature",
            "geometry": {
                "type": "Point",
                "coordinates": [
                    33.07972008,
                    -111.97749462
                ]
            },
            "properties": {
                "sa_label": "2015-p10-1",
                "SOIL_DATE": "05/2015",
                "SLSND": {
                    "15": 51.12,
                    "45": 53.12,
                    "75": 59.12,
                    "105": 61.12,
                    "135": 53.12,
                    "165": 43.12
                },
                "SLSLT": {
                    "15": 18.72,
                    "45": 18.72,
                    "75": 16.72,
                    "105": 14.72,
                    "135": 22.72,
                    "165": 22.72
                },
                "SLCLY": {
                    "15": 30.16,
                    "45": 28.16,
                    "75": 24.16,
                    "105": 24.16,
                    "135": 24.16,
                    "165": 34.16
                },
                "SLTX": {
                    "15": "Sandy Clay Loam",
                    "45": "Sandy Clay Loam",
                    "75": "Sandy Clay Loam",
                    "105": "Sandy Clay Loam",
                    "135": "Sandy Clay Loam",
                    "165": "Clay Loam"
                },
                "SLWP1": {
                    "15": 0.15,
                    "45": 0.143,
                    "75": 0.119,
                    "105": 0.136,
                    "135": 0.174,
                    "165": 0.243
                },
                "SLWP2": {
                    "15": 0.169,
                    "45": 0.155,
                    "75": 0.128,
                    "105": 0.146,
                    "135": 0.184,
                    "165": 0.239
                },
                "SLFC1": {
                    "15": 0.308,
                    "45": 0.249,
                    "75": 0.23,
                    "105": 0.26,
                    "135": 0.356,
                    "165": 0.43
                }
            },
            "_id": "684b226e8ac5476ed06f0d5d",
            "said": "684b226e8ac5476ed06f0d5d"
        },
        {
            "type": "Feature",
            "geometry": {
                "type": "Point",
                "coordinates": [
                    33.07943146,
                    -111.97749641
                ]
            },
            "properties": {
                "sa_label": "2015-p10-2",
                "SOIL_DATE": "05/2015",
                "SLSND": {
                    "15": 53.12,
                    "45": 54.4,
                    "75": 66.4,
                    "105": 72.4,
                    "135": 68.4,
                    "165": 60.4
                },
                "SLSLT": {
                    "15": 20.72,
                    "45": 17.44,
                    "75": 15.44,
                    "105": 13.44,
                    "135": 15.44,
                    "165": 17.44
                },
                "SLCLY": {
                    "15": 26.16,
                    "45": 28.16,
                    "75": 18.16,
                    "105": 14.16,
                    "135": 16.16,
                    "165": 22.16
                },
                "SLTX": {
                    "15": "Sandy Clay Loam",
                    "45": "Sandy Clay Loam",
                    "75": "Sandy Loam",
                    "105": "Sandy Loam",
                    "135": "Sandy Loam",
                    "165": "Sandy Clay Loam"
                },
                "SLWP1": {
                    "15": 0.156,
                    "45": 0.165,
                    "75": 0.11,
                    "105": 0.076,
                    "135": 0.093,
                    "165": 0.125
                },
                "SLWP2": {
                    "15": 0.172,
                    "45": 0.164,
                    "75": 0.119,
                    "105": 0.08,
                    "135": 0.093,
                    "165": 0.139
                },
                "SLFC1": {
                    "15": 0.303,
                    "45": 0.272,
                    "75": 0.215,
                    "105": 0.187,
                    "135": 0.202,
                    "165": 0.294
                }
            },
            "_id": "684b226e8ac5476ed06f0d5e",
            "said": "684b226e8ac5476ed06f0d5e"
        },
        {
            "type": "Feature",
            "geometry": {
                "type": "Point",
                "coordinates": [
                    33.07914285,
                    -111.97749827
                ]
            },
            "properties": {
                "sa_label": "2015-p10-3",
                "SOIL_DATE": "05/2015",
                "SLSND": {
                    "15": 55.12,
                    "45": 57.12,
                    "75": 59.12,
                    "105": 51.12,
                    "135": 37.12,
                    "165": 53.12
                },
                "SLSLT": {
                    "15": 20.72,
                    "45": 16.72,
                    "75": 18.72,
                    "105": 18.72,
                    "135": 20.72,
                    "165": 6.0
                },
                "SLCLY": {
                    "15": 24.16,
                    "45": 26.16,
                    "75": 22.16,
                    "105": 30.16,
                    "135": 42.16,
                    "165": 40.88
                },
                "SLTX": {
                    "15": "Sandy Clay Loam",
                    "45": "Sandy Clay Loam",
                    "75": "Sandy Clay Loam",
                    "105": "Sandy Clay Loam",
                    "135": "Clay",
                    "165": "Sandy Clay"
                },
                "SLWP1": {
                    "15": 0.157,
                    "45": 0.156,
                    "75": 0.192,
                    "105": 0.185,
                    "135": 0.172,
                    "165": 0.244
                },
                "SLWP2": {
                    "15": 0.16,
                    "45": 0.17,
                    "75": 0.2,
                    "105": 0.204,
                    "135": 0.206,
                    "165": 0.227
                },
                "SLFC1": {
                    "15": 0.326,
                    "45": 0.303,
                    "75": 0.381,
                    "105": 0.362,
                    "135": 0.402,
                    "165": 0.433
                }
            },
            "_id": "684b226e8ac5476ed06f0d5f",
            "said": "684b226e8ac5476ed06f0d5f"
        },
        {
            "type": "Feature",
            "geometry": {
                "type": "Point",
                "coordinates": [
                    33.07885423,
                    -111.97750057
                ]
            },
            "properties": {
                "sa_label": "2015-p10-4",
                "SOIL_DATE": "05/2015",
                "SLSND": {
                    "15": 57.12,
                    "45": 63.12,
                    "75": 65.12,
                    "105": 55.12,
                    "135": 63.12,
                    "165": 51.12
                },
                "SLSLT": {
                    "15": 14.72,
                    "45": 10.72,
                    "75": 12.72,
                    "105": 16.72,
                    "135": 12.72,
                    "165": 12.72
                },
                "SLCLY": {
                    "15": 28.16,
                    "45": 26.16,
                    "75": 22.16,
                    "105": 28.16,
                    "135": 24.16,
                    "165": 36.16
                },
                "SLTX": {
                    "15": "Sandy Clay Loam",
                    "45": "Sandy Clay Loam",
                    "75": "Sandy Clay Loam",
                    "105": "Sandy Clay Loam",
                    "135": "Sandy Clay Loam",
                    "165": "Sandy Clay"
                },
                "SLWP1": {
                    "15": 0.142,
                    "45": 0.132,
                    "75": 0.136,
                    "105": 0.151,
                    "135": 0.141,
                    "165": 0.16
                },
                "SLWP2": {
                    "15": 0.189,
                    "45": 0.166,
                    "75": 0.171,
                    "105": 0.197,
                    "135": 0.159,
                    "165": 0.209
                },
                "SLFC1": {
                    "15": 0.308,
                    "45": 0.254,
                    "75": 0.305,
                    "105": 0.353,
                    "135": 0.302,
                    "165": 0.405
                }
            },
            "_id": "684b226e8ac5476ed06f0d60",
            "said": "684b226e8ac5476ed06f0d60"
        },
        {
            "type": "Feature",
            "geometry": {
                "type": "Point",
                "coordinates": [
                    33.07856561,
                    -111.97750234
                ]
            },
            "properties": {
                "sa_label": "2015-p10-5",
                "SOIL_DATE": "05/2015",
                "SLSND": {
                    "15": 55.12,
                    "45": 55.84,
                    "75": 67.84,
                    "105": 73.84,
                    "135": 76.4,
                    "165": 71.12
                },
                "SLSLT": {
                    "15": 12.72,
                    "45": 14.0,
                    "75": 10.0,
                    "105": 8.0,
                    "135": 9.44,
                    "165": 8.72
                },
                "SLCLY": {
                    "15": 32.16,
                    "45": 30.16,
                    "75": 22.16,
                    "105": 18.16,
                    "135": 14.16,
                    "165": 20.16
                },
                "SLTX": {
                    "15": "Sandy Clay Loam",
                    "45": "Sandy Clay Loam",
                    "75": "Sandy Clay Loam",
                    "105": "Sandy Loam",
                    "135": "Sandy Loam",
                    "165": "Sandy Clay Loam"
                },
                "SLWP1": {
                    "15": 0.131,
                    "45": 0.111,
                    "75": 0.084,
                    "105": 0.069,
                    "135": 0.066,
                    "165": 0.071
                },
                "SLWP2": {
                    "15": 0.191,
                    "45": 0.157,
                    "75": 0.104,
                    "105": 0.09,
                    "135": 0.085,
                    "165": 0.091
                },
                "SLFC1": {
                    "15": 0.289,
                    "45": 0.247,
                    "75": 0.161,
                    "105": 0.148,
                    "135": 0.157,
                    "165": 0.184
                }
            },
            "_id": "684b226e8ac5476ed06f0d61",
            "said": "684b226e8ac5476ed06f0d61"
        },
        {
            "type": "Feature",
            "geometry": {
                "type": "Point",
                "coordinates": [
                    33.07972466,
                    -111.97841864
                ]
            },
            "properties": {
                "sa_label": "2015-p11-1",
                "SOIL_DATE": "05/2015",
                "SLSND": {
                    "15": 56.4,
                    "45": 60.4,
                    "75": 63.12,
                    "105": 61.12,
                    "135": 57.12,
                    "165": 49.12
                },
                "SLSLT": {
                    "15": 12.72,
                    "45": 8.72,
                    "75": 6.72,
                    "105": 8.72,
                    "135": 12.72,
                    "165": 14.72
                },
                "SLCLY": {
                    "15": 30.88,
                    "45": 30.88,
                    "75": 30.16,
                    "105": 30.16,
                    "135": 30.16,
                    "165": 36.16
                },
                "SLTX": {
                    "15": "Sandy Clay Loam",
                    "45": "Sandy Clay Loam",
                    "75": "Sandy Clay Loam",
                    "105": "Sandy Clay Loam",
                    "135": "Sandy Clay Loam",
                    "165": "Sandy Clay "
                },
                "SLWP1": {
                    "15": 0.147,
                    "45": 0.143,
                    "75": 0.139,
                    "105": 0.137,
                    "135": 0.14,
                    "165": 0.151
                },
                "SLWP2": {
                    "15": 0.183,
                    "45": 0.19,
                    "75": 0.171,
                    "105": 0.164,
                    "135": 0.165,
                    "165": 0.196
                },
                "SLFC1": {
                    "15": 0.283,
                    "45": 0.255,
                    "75": 0.236,
                    "105": 0.248,
                    "135": 0.269,
                    "165": 0.329
                }
            },
            "_id": "684b226e8ac5476ed06f0d62",
            "said": "684b226e8ac5476ed06f0d62"
        },
        {
            "type": "Feature",
            "geometry": {
                "type": "Point",
                "coordinates": [
                    33.07943604,
                    -111.97842065
                ]
            },
            "properties": {
                "sa_label": "2015-p11-2",
                "SOIL_DATE": "05/2015",
                "SLSND": {
                    "15": 52.4,
                    "45": 52.4,
                    "75": 66.4,
                    "105": 68.4,
                    "135": 74.4,
                    "165": 58.4
                },
                "SLSLT": {
                    "15": 15.44,
                    "45": 15.44,
                    "75": 9.44,
                    "105": 9.44,
                    "135": 8.72,
                    "165": 12.72
                },
                "SLCLY": {
                    "15": 32.16,
                    "45": 32.16,
                    "75": 24.16,
                    "105": 22.16,
                    "135": 16.88,
                    "165": 28.88
                },
                "SLTX": {
                    "15": "Sandy Clay Loam",
                    "45": "Sandy Clay Loam",
                    "75": "Sandy Clay Loam",
                    "105": "Sandy Clay Loam",
                    "135": "Sandy Loam",
                    "165": "Sandy Clay Loam"
                },
                "SLWP1": {
                    "15": 0.156,
                    "45": 0.156,
                    "75": 0.096,
                    "105": 0.089,
                    "135": 0.101,
                    "165": 0.139
                },
                "SLWP2": {
                    "15": 0.19,
                    "45": 0.184,
                    "75": 0.115,
                    "105": 0.108,
                    "135": 0.114,
                    "165": 0.171
                },
                "SLFC1": {
                    "15": 0.308,
                    "45": 0.287,
                    "75": 0.235,
                    "105": 0.228,
                    "135": 0.17,
                    "165": 0.291
                }
            },
            "_id": "684b226e8ac5476ed06f0d63",
            "said": "684b226e8ac5476ed06f0d63"
        },
        {
            "type": "Feature",
            "geometry": {
                "type": "Point",
                "coordinates": [
                    33.07914743,
                    -111.97842279
                ]
            },
            "properties": {
                "sa_label": "2015-p11-3",
                "SOIL_DATE": "05/2015",
                "SLSND": {
                    "15": 53.12,
                    "45": 53.12,
                    "75": 49.12,
                    "105": 45.12,
                    "135": 45.12,
                    "165": 47.12
                },
                "SLSLT": {
                    "15": 12.72,
                    "45": 12.72,
                    "75": 22.72,
                    "105": 20.72,
                    "135": 22.72,
                    "165": 14.72
                },
                "SLCLY": {
                    "15": 34.16,
                    "45": 34.16,
                    "75": 28.16,
                    "105": 34.16,
                    "135": 32.16,
                    "165": 38.16
                },
                "SLTX": {
                    "15": "Sandy Clay Loam",
                    "45": "Sandy Clay Loam",
                    "75": "Sandy Clay Loam",
                    "105": "Sandy Clay Loam",
                    "135": "Sandy Clay Loam",
                    "165": "Sandy Clay"
                },
                "SLWP1": {
                    "15": 0.149,
                    "45": 0.16,
                    "75": 0.179,
                    "105": 0.182,
                    "135": 0.195,
                    "165": 0.271
                },
                "SLWP2": {
                    "15": 0.175,
                    "45": 0.203,
                    "75": 0.218,
                    "105": 0.208,
                    "135": 0.222,
                    "165": 0.249
                },
                "SLFC1": {
                    "15": 0.323,
                    "45": 0.317,
                    "75": 0.346,
                    "105": 0.335,
                    "135": 0.395,
                    "165": 0.437
                }
            },
            "_id": "684b226e8ac5476ed06f0d64",
            "said": "684b226e8ac5476ed06f0d64"
        },
        {
            "type": "Feature",
            "geometry": {
                "type": "Point",
                "coordinates": [
                    33.07885881,
                    -111.97842486
                ]
            },
            "properties": {
                "sa_label": "2015-p11-4",
                "SOIL_DATE": "05/2015",
                "SLSND": {
                    "15": 53.12,
                    "45": 55.12,
                    "75": 53.12,
                    "105": 55.12,
                    "135": 59.12,
                    "165": 63.12
                },
                "SLSLT": {
                    "15": 18.72,
                    "45": 16.72,
                    "75": 18.72,
                    "105": 12.72,
                    "135": 10.72,
                    "165": 10.72
                },
                "SLCLY": {
                    "15": 28.16,
                    "45": 28.16,
                    "75": 28.16,
                    "105": 32.16,
                    "135": 30.16,
                    "165": 26.16
                },
                "SLTX": {
                    "15": "Sandy Clay Loam",
                    "45": "Sandy Clay Loam",
                    "75": "Sandy Clay Loam",
                    "105": "Sandy Clay Loam",
                    "135": "Sandy Clay Loam",
                    "165": "Sandy Clay Loam"
                },
                "SLWP1": {
                    "15": 0.137,
                    "45": 0.145,
                    "75": 0.138,
                    "105": 0.123,
                    "135": 0.12,
                    "165": 0.115
                },
                "SLWP2": {
                    "15": 0.172,
                    "45": 0.187,
                    "75": 0.182,
                    "105": 0.186,
                    "135": 0.143,
                    "165": 0.137
                },
                "SLFC1": {
                    "15": 0.308,
                    "45": 0.293,
                    "75": 0.333,
                    "105": 0.292,
                    "135": 0.293,
                    "165": 0.284
                }
            },
            "_id": "684b226e8ac5476ed06f0d65",
            "said": "684b226e8ac5476ed06f0d65"
        },
        {
            "type": "Feature",
            "geometry": {
                "type": "Point",
                "coordinates": [
                    33.07857019,
                    -111.97842677
                ]
            },
            "properties": {
                "sa_label": "2015-p11-5",
                "SOIL_DATE": "05/2015",
                "SLSND": {
                    "15": 55.12,
                    "45": 57.12,
                    "75": 55.12,
                    "105": 55.12,
                    "135": 57.12,
                    "165": 51.12
                },
                "SLSLT": {
                    "15": 16.72,
                    "45": 18.72,
                    "75": 12.72,
                    "105": 14.72,
                    "135": 10.72,
                    "165": 12.72
                },
                "SLCLY": {
                    "15": 28.16,
                    "45": 24.16,
                    "75": 32.16,
                    "105": 30.16,
                    "135": 32.16,
                    "165": 36.16
                },
                "SLTX": {
                    "15": "Sandy Clay Loam",
                    "45": "Sandy Clay Loam",
                    "75": "Sandy Clay Loam",
                    "105": "Sandy Clay Loam",
                    "135": "Sandy Clay Loam",
                    "165": "Sandy Clay"
                },
                "SLWP1": {
                    "15": 0.133,
                    "45": 0.118,
                    "75": 0.113,
                    "105": 0.125,
                    "135": 0.12,
                    "165": 0.133
                },
                "SLWP2": {
                    "15": 0.17,
                    "45": 0.139,
                    "75": 0.147,
                    "105": 0.136,
                    "135": 0.134,
                    "165": 0.185
                },
                "SLFC1": {
                    "15": 0.27,
                    "45": 0.222,
                    "75": 0.281,
                    "105": 0.235,
                    "135": 0.239,
                    "165": 0.365
                }
            },
            "_id": "684b226e8ac5476ed06f0d66",
            "said": "684b226e8ac5476ed06f0d66"
        }
    ]
}