{
    "type": "FeatureCollection",
    "features": [
        {
            "type": "Feature",
            "geometry": {
                "type": "Polygon",
                "coordinates": [
                    [
                        [
                            -111.97187593,
                            33.06777126
                        ],
                        [
                            -111.97187587,
                            33.06780734
                        ],
                        [
                            -111.97181049,
                            33.06780785
                        ],
                        [
                            -111.97181058,
                            33.06777177
                        ],
                        [
                            -111.97187593,
                            33.06777126
                        ]
                    ]
                ]
            },
            "properties": {
                "pa_label": "p101-S01",
                "PSDATE": "2003-05-27",
                "PHTD": 0.06,
                "STDD": 2.2,
                "MSNODE": 1.0,
                "VBNUM": 1.0,
                "VBNODE": 0.0,
                "SQRNUM": 0.0,
                "FLRNUM": 0.0,
                "GBNUM": 0.0,
                "MBNUM": 0.0,
                "LWPD": 0.36,
                "SWPD": 0.12,
                "CWPD": 0.47,
                "LWAD": 18.6,
                "SWAD": 6.1,
                "MBWAD": 0.0,
                "PWAD": 0.0,
                "CWAD": 24.6,
                "LAID_LAB": 0.026
            },
            "_id": "68c445408ac547b657421663",
            "paid": "68c445408ac547b657421663"
        },
        {
            "type": "Feature",
            "geometry": {
                "type": "Polygon",
                "coordinates": [
                    [
                        [
                            -111.97168048,
                            33.06777095
                        ],
                        [
                            -111.97174565,
                            33.06777045
                        ],
                        [
                            -111.9717456,
                            33.06780652
                        ],
                        [
                            -111.97168043,
                            33.06780703
                        ],
                        [
                            -111.97168048,
                            33.06777095
                        ]
                    ]
                ]
            },
            "properties": {
                "pa_label": "p102-S01",
                "PSDATE": "2003-05-27",
                "PHTD": 0.045,
                "STDD": 2.5,
                "MSNODE": 0.0,
                "VBNUM": 0.0,
                "VBNODE": 0.0,
                "SQRNUM": 0.0,
                "FLRNUM": 0.0,
                "GBNUM": 0.0,
                "MBNUM": 0.0,
                "LWPD": 0.2,
                "SWPD": 0.09,
                "CWPD": 0.3,
                "LWAD": 19.4,
                "SWAD": 8.7,
                "MBWAD": 0.0,
                "PWAD": 0.0,
                "CWAD": 28.1,
                "LAID_LAB": 0.027
            },
            "_id": "68c445408ac547b657421675",
            "paid": "68c445408ac547b657421675"
        },
        {
            "type": "Feature",
            "geometry": {
                "type": "Polygon",
                "coordinates": [
                    [
                        [
                            -111.97161533,
                            33.06776968
                        ],
                        [
                            -111.97161529,
                            33.06780576
                        ],
                        [
                            -111.97155009,
                            33.06780627
                        ],
                        [
                            -111.97155013,
                            33.06777019
                        ],
                        [
                            -111.97161533,
                            33.06776968
                        ]
                    ]
                ]
            },
            "properties": {
                "pa_label": "p103-S01",
                "PSDATE": "2003-05-27",
                "PHTD": 0.11,
                "STDD": 3.0,
                "MSNODE": 3.0,
                "VBNUM": 0.0,
                "VBNODE": 0.0,
                "SQRNUM": 0.0,
                "FLRNUM": 0.0,
                "GBNUM": 0.0,
                "MBNUM": 0.0,
                "LWPD": 0.4,
                "SWPD": 0.16,
                "CWPD": 0.56,
                "LWAD": 89.8,
                "SWAD": 36.1,
                "MBWAD": 0.0,
                "PWAD": 0.0,
                "CWAD": 125.9,
                "LAID_LAB": 0.133
            },
            "_id": "68c445408ac547b657421687",
            "paid": "68c445408ac547b657421687"
        },
        {
            "type": "Feature",
            "geometry": {
                "type": "Polygon",
                "coordinates": [
                    [
                        [
                            -111.97148529,
                            33.06776917
                        ],
                        [
                            -111.97148519,
                            33.06780525
                        ],
                        [
                            -111.9714195,
                            33.06780576
                        ],
                        [
                            -111.97141966,
                            33.06776969
                        ],
                        [
                            -111.97148529,
                            33.06776917
                        ]
                    ]
                ]
            },
            "properties": {
                "pa_label": "p104-S01",
                "PSDATE": "2003-05-27",
                "PHTD": 0.072,
                "STDD": 3.0,
                "MSNODE": 2.0,
                "VBNUM": 2.0,
                "VBNODE": 0.0,
                "SQRNUM": 0.0,
                "FLRNUM": 0.0,
                "GBNUM": 0.0,
                "MBNUM": 0.0,
                "LWPD": 0.48,
                "SWPD": 0.17,
                "CWPD": 0.65,
                "LWAD": 57.6,
                "SWAD": 21.0,
                "MBWAD": 0.0,
                "PWAD": 0.0,
                "CWAD": 78.6,
                "LAID_LAB": 0.076
            },
            "_id": "68c445408ac547b657421699",
            "paid": "68c445408ac547b657421699"
        },
        {
            "type": "Feature",
            "geometry": {
                "type": "Polygon",
                "coordinates": [
                    [
                        [
                            -111.97128944,
                            33.0677683
                        ],
                        [
                            -111.97135489,
                            33.06776779
                        ],
                        [
                            -111.97135482,
                            33.06780387
                        ],
                        [
                            -111.97128937,
                            33.06780438
                        ],
                        [
                            -111.97128944,
                            33.0677683
                        ]
                    ]
                ]
            },
            "properties": {
                "pa_label": "p105-S01",
                "PSDATE": "2003-05-27",
                "PHTD": 0.103,
                "STDD": 3.1,
                "MSNODE": 4.0,
                "VBNUM": 1.0,
                "VBNODE": 0.0,
                "SQRNUM": 0.0,
                "FLRNUM": 0.0,
                "GBNUM": 0.0,
                "MBNUM": 0.0,
                "LWPD": 0.5,
                "SWPD": 0.2,
                "CWPD": 0.69,
                "LWAD": 116.7,
                "SWAD": 46.2,
                "MBWAD": 0.0,
                "PWAD": 0.0,
                "CWAD": 162.9,
                "LAID_LAB": 0.136
            },
            "_id": "68c445408ac547b6574216ab",
            "paid": "68c445408ac547b6574216ab"
        },
        {
            "type": "Feature",
            "geometry": {
                "type": "Polygon",
                "coordinates": [
                    [
                        [
                            -111.97122492,
                            33.06776681
                        ],
                        [
                            -111.97122485,
                            33.06780289
                        ],
                        [
                            -111.97115941,
                            33.0678034
                        ],
                        [
                            -111.97115949,
                            33.06776732
                        ],
                        [
                            -111.97122492,
                            33.06776681
                        ]
                    ]
                ]
            },
            "properties": {
                "pa_label": "p106-S01",
                "PSDATE": "2003-05-27",
                "PHTD": 0.055,
                "STDD": 2.7,
                "MSNODE": 1.0,
                "VBNUM": 0.0,
                "VBNODE": 0.0,
                "SQRNUM": 0.0,
                "FLRNUM": 0.0,
                "GBNUM": 0.0,
                "MBNUM": 0.0,
                "LWPD": 0.37,
                "SWPD": 0.14,
                "CWPD": 0.52,
                "LWAD": 45.4,
                "SWAD": 17.5,
                "MBWAD": 0.0,
                "PWAD": 0.0,
                "CWAD": 62.9,
                "LAID_LAB": 0.064
            },
            "_id": "68c445408ac547b6574216bd",
            "paid": "68c445408ac547b6574216bd"
        },
        {
            "type": "Feature",
            "geometry": {
                "type": "Polygon",
                "coordinates": [
                    [
                        [
                            -111.97109558,
                            33.06776662
                        ],
                        [
                            -111.97109559,
                            33.0678027
                        ],
                        [
                            -111.97102967,
                            33.06780321
                        ],
                        [
                            -111.9710298,
                            33.06776713
                        ],
                        [
                            -111.97109558,
                            33.06776662
                        ]
                    ]
                ]
            },
            "properties": {
                "pa_label": "p107-S01",
                "PSDATE": "2003-05-27",
                "PHTD": 0.103,
                "STDD": 2.9,
                "MSNODE": 4.0,
                "VBNUM": 2.0,
                "VBNODE": 0.0,
                "SQRNUM": 0.0,
                "FLRNUM": 0.0,
                "GBNUM": 0.0,
                "MBNUM": 0.0,
                "LWPD": 0.45,
                "SWPD": 0.17,
                "CWPD": 0.62,
                "LWAD": 51.2,
                "SWAD": 19.5,
                "MBWAD": 0.0,
                "PWAD": 0.0,
                "CWAD": 70.8,
                "LAID_LAB": 0.06
            },
            "_id": "68c445408ac547b6574216cf",
            "paid": "68c445408ac547b6574216cf"
        },
        {
            "type": "Feature",
            "geometry": {
                "type": "Polygon",
                "coordinates": [
                    [
                        [
                            -111.97096537,
                            33.06776524
                        ],
                        [
                            -111.97096535,
                            33.06780131
                        ],
                        [
                            -111.97090004,
                            33.06780182
                        ],
                        [
                            -111.97090025,
                            33.06776575
                        ],
                        [
                            -111.97096537,
                            33.06776524
                        ]
                    ]
                ]
            },
            "properties": {
                "pa_label": "p108-S01",
                "PSDATE": "2003-05-27",
                "PHTD": 0.07,
                "STDD": 2.7,
                "MSNODE": 3.0,
                "VBNUM": 2.0,
                "VBNODE": 0.0,
                "SQRNUM": 0.0,
                "FLRNUM": 0.0,
                "GBNUM": 0.0,
                "MBNUM": 0.0,
                "LWPD": 0.35,
                "SWPD": 0.14,
                "CWPD": 0.49,
                "LWAD": 41.6,
                "SWAD": 16.9,
                "MBWAD": 0.0,
                "PWAD": 0.0,
                "CWAD": 58.5,
                "LAID_LAB": 0.056
            },
            "_id": "68c445408ac547b6574216e1",
            "paid": "68c445408ac547b6574216e1"
        },
        {
            "type": "Feature",
            "geometry": {
                "type": "Polygon",
                "coordinates": [
                    [
                        [
                            -111.97187636,
                            33.06757231
                        ],
                        [
                            -111.97187629,
                            33.06760839
                        ],
                        [
                            -111.97181097,
                            33.06760889
                        ],
                        [
                            -111.97181104,
                            33.06757282
                        ],
                        [
                            -111.97187636,
                            33.06757231
                        ]
                    ]
                ]
            },
            "properties": {
                "pa_label": "p201-S01",
                "PSDATE": "2003-05-27",
                "PHTD": 0.09,
                "STDD": 3.0,
                "MSNODE": 3.0,
                "VBNUM": 0.0,
                "VBNODE": 0.0,
                "SQRNUM": 0.0,
                "FLRNUM": 0.0,
                "GBNUM": 0.0,
                "MBNUM": 0.0,
                "LWPD": 0.35,
                "SWPD": 0.14,
                "CWPD": 0.48,
                "LWAD": 76.3,
                "SWAD": 30.1,
                "MBWAD": 0.0,
                "PWAD": 0.0,
                "CWAD": 106.4,
                "LAID_LAB": 0.11
            },
            "_id": "68c445408ac547b6574216f3",
            "paid": "68c445408ac547b6574216f3"
        },
        {
            "type": "Feature",
            "geometry": {
                "type": "Polygon",
                "coordinates": [
                    [
                        [
                            -111.97174604,
                            33.06757132
                        ],
                        [
                            -111.97174589,
                            33.0676074
                        ],
                        [
                            -111.97168063,
                            33.06760791
                        ],
                        [
                            -111.97168092,
                            33.06757183
                        ],
                        [
                            -111.97174604,
                            33.06757132
                        ]
                    ]
                ]
            },
            "properties": {
                "pa_label": "p202-S01",
                "PSDATE": "2003-05-27",
                "PHTD": 0.05,
                "STDD": 2.2,
                "MSNODE": 0.0,
                "VBNUM": 0.0,
                "VBNODE": 0.0,
                "SQRNUM": 0.0,
                "FLRNUM": 0.0,
                "GBNUM": 0.0,
                "MBNUM": 0.0,
                "LWPD": 0.44,
                "SWPD": 0.17,
                "CWPD": 0.61,
                "LWAD": 54.9,
                "SWAD": 21.1,
                "MBWAD": 0.0,
                "PWAD": 0.0,
                "CWAD": 76.0,
                "LAID_LAB": 0.071
            },
            "_id": "68c445408ac547b657421705",
            "paid": "68c445408ac547b657421705"
        },
        {
            "type": "Feature",
            "geometry": {
                "type": "Polygon",
                "coordinates": [
                    [
                        [
                            -111.97155004,
                            33.06757057
                        ],
                        [
                            -111.97161523,
                            33.06757007
                        ],
                        [
                            -111.97161508,
                            33.06760614
                        ],
                        [
                            -111.97155011,
                            33.06760665
                        ],
                        [
                            -111.97155004,
                            33.06757057
                        ]
                    ]
                ]
            },
            "properties": {
                "pa_label": "p203-S01",
                "PSDATE": "2003-05-27",
                "PHTD": 0.042,
                "STDD": 1.6,
                "MSNODE": 3.0,
                "VBNUM": 0.0,
                "VBNODE": 0.0,
                "SQRNUM": 0.0,
                "FLRNUM": 0.0,
                "GBNUM": 0.0,
                "MBNUM": 0.0,
                "LWPD": 0.43,
                "SWPD": 0.16,
                "CWPD": 0.59,
                "LWAD": 46.0,
                "SWAD": 17.5,
                "MBWAD": 0.0,
                "PWAD": 0.0,
                "CWAD": 63.5,
                "LAID_LAB": 0.07
            },
            "_id": "68c445408ac547b657421717",
            "paid": "68c445408ac547b657421717"
        },
        {
            "type": "Feature",
            "geometry": {
                "type": "Polygon",
                "coordinates": [
                    [
                        [
                            -111.9714203,
                            33.06756971
                        ],
                        [
                            -111.97148582,
                            33.0675692
                        ],
                        [
                            -111.97148572,
                            33.06760528
                        ],
                        [
                            -111.97142021,
                            33.06760579
                        ],
                        [
                            -111.9714203,
                            33.06756971
                        ]
                    ]
                ]
            },
            "properties": {
                "pa_label": "p204-S01",
                "PSDATE": "2003-05-27",
                "PHTD": 0.085,
                "STDD": 2.5,
                "MSNODE": 5.0,
                "VBNUM": 0.0,
                "VBNODE": 0.0,
                "SQRNUM": 0.0,
                "FLRNUM": 0.0,
                "GBNUM": 0.0,
                "MBNUM": 0.0,
                "LWPD": 0.36,
                "SWPD": 0.14,
                "CWPD": 0.5,
                "LWAD": 87.0,
                "SWAD": 33.8,
                "MBWAD": 0.0,
                "PWAD": 0.0,
                "CWAD": 120.9,
                "LAID_LAB": 0.128
            },
            "_id": "68c445408ac547b657421729",
            "paid": "68c445408ac547b657421729"
        },
        {
            "type": "Feature",
            "geometry": {
                "type": "Polygon",
                "coordinates": [
                    [
                        [
                            -111.97135527,
                            33.06756811
                        ],
                        [
                            -111.97135526,
                            33.06760418
                        ],
                        [
                            -111.97128981,
                            33.06760469
                        ],
                        [
                            -111.9712899,
                            33.06756862
                        ],
                        [
                            -111.97135527,
                            33.06756811
                        ]
                    ]
                ]
            },
            "properties": {
                "pa_label": "p205-S01",
                "PSDATE": "2003-05-27",
                "PHTD": 0.061,
                "STDD": 3.0,
                "MSNODE": 1.0,
                "VBNUM": 0.0,
                "VBNODE": 0.0,
                "SQRNUM": 0.0,
                "FLRNUM": 0.0,
                "GBNUM": 0.0,
                "MBNUM": 0.0,
                "LWPD": 0.34,
                "SWPD": 0.12,
                "CWPD": 0.46,
                "LWAD": 16.5,
                "SWAD": 6.2,
                "MBWAD": 0.0,
                "PWAD": 0.0,
                "CWAD": 22.6,
                "LAID_LAB": 0.028
            },
            "_id": "68c445408ac547b65742173b",
            "paid": "68c445408ac547b65742173b"
        },
        {
            "type": "Feature",
            "geometry": {
                "type": "Polygon",
                "coordinates": [
                    [
                        [
                            -111.97115981,
                            33.06756766
                        ],
                        [
                            -111.9712253,
                            33.06756715
                        ],
                        [
                            -111.97122523,
                            33.06760323
                        ],
                        [
                            -111.97115975,
                            33.06760374
                        ],
                        [
                            -111.97115981,
                            33.06756766
                        ]
                    ]
                ]
            },
            "properties": {
                "pa_label": "p206-S01",
                "PSDATE": "2003-05-27",
                "PHTD": 0.045,
                "STDD": 3.0,
                "MSNODE": 2.0,
                "VBNUM": 0.0,
                "VBNODE": 0.0,
                "SQRNUM": 0.0,
                "FLRNUM": 0.0,
                "GBNUM": 0.0,
                "MBNUM": 0.0,
                "LWPD": 0.33,
                "SWPD": 0.11,
                "CWPD": 0.44,
                "LWAD": 16.7,
                "SWAD": 5.9,
                "MBWAD": 0.0,
                "PWAD": 0.0,
                "CWAD": 22.6,
                "LAID_LAB": 0.023
            },
            "_id": "68c445408ac547b65742174d",
            "paid": "68c445408ac547b65742174d"
        },
        {
            "type": "Feature",
            "geometry": {
                "type": "Polygon",
                "coordinates": [
                    [
                        [
                            -111.97109537,
                            33.06756618
                        ],
                        [
                            -111.97109539,
                            33.06760225
                        ],
                        [
                            -111.9710302,
                            33.06760276
                        ],
                        [
                            -111.97103019,
                            33.06756668
                        ],
                        [
                            -111.97109537,
                            33.06756618
                        ]
                    ]
                ]
            },
            "properties": {
                "pa_label": "p207-S01",
                "PSDATE": "2003-05-27",
                "PHTD": 0.099,
                "STDD": 2.5,
                "MSNODE": 6.0,
                "VBNUM": 0.0,
                "VBNODE": 0.0,
                "SQRNUM": 0.0,
                "FLRNUM": 0.0,
                "GBNUM": 0.0,
                "MBNUM": 0.0,
                "LWPD": 0.25,
                "SWPD": 0.09,
                "CWPD": 0.33,
                "LWAD": 29.1,
                "SWAD": 10.0,
                "MBWAD": 0.0,
                "PWAD": 0.0,
                "CWAD": 39.2,
                "LAID_LAB": 0.035
            },
            "_id": "68c445408ac547b65742175f",
            "paid": "68c445408ac547b65742175f"
        },
        {
            "type": "Feature",
            "geometry": {
                "type": "Polygon",
                "coordinates": [
                    [
                        [
                            -111.97096531,
                            33.0675651
                        ],
                        [
                            -111.97096521,
                            33.06760118
                        ],
                        [
                            -111.97090006,
                            33.06760169
                        ],
                        [
                            -111.97090018,
                            33.06756561
                        ],
                        [
                            -111.97096531,
                            33.0675651
                        ]
                    ]
                ]
            },
            "properties": {
                "pa_label": "p208-S01",
                "PSDATE": "2003-05-27",
                "PHTD": 0.053,
                "STDD": 3.0,
                "MSNODE": 2.0,
                "VBNUM": 1.0,
                "VBNODE": 0.0,
                "SQRNUM": 0.0,
                "FLRNUM": 0.0,
                "GBNUM": 0.0,
                "MBNUM": 0.0,
                "LWPD": 0.34,
                "SWPD": 0.11,
                "CWPD": 0.45,
                "LWAD": 16.6,
                "SWAD": 5.6,
                "MBWAD": 0.0,
                "PWAD": 0.0,
                "CWAD": 22.2,
                "LAID_LAB": 0.021
            },
            "_id": "68c445408ac547b657421771",
            "paid": "68c445408ac547b657421771"
        },
        {
            "type": "Feature",
            "geometry": {
                "type": "Polygon",
                "coordinates": [
                    [
                        [
                            -111.97187688,
                            33.06730302
                        ],
                        [
                            -111.97187683,
                            33.0673391
                        ],
                        [
                            -111.97181172,
                            33.0673396
                        ],
                        [
                            -111.97181177,
                            33.06730353
                        ],
                        [
                            -111.97187688,
                            33.06730302
                        ]
                    ]
                ]
            },
            "properties": {
                "pa_label": "p301-S01",
                "PSDATE": "2003-05-27",
                "PHTD": 0.09,
                "STDD": 2.6,
                "MSNODE": 3.0,
                "VBNUM": 0.0,
                "VBNODE": 0.0,
                "SQRNUM": 0.0,
                "FLRNUM": 0.0,
                "GBNUM": 0.0,
                "MBNUM": 0.0,
                "LWPD": 0.38,
                "SWPD": 0.14,
                "CWPD": 0.52,
                "LWAD": 41.9,
                "SWAD": 15.4,
                "MBWAD": 0.0,
                "PWAD": 0.0,
                "CWAD": 57.3,
                "LAID_LAB": 0.064
            },
            "_id": "68c445408ac547b657421783",
            "paid": "68c445408ac547b657421783"
        },
        {
            "type": "Feature",
            "geometry": {
                "type": "Polygon",
                "coordinates": [
                    [
                        [
                            -111.9717462,
                            33.06730236
                        ],
                        [
                            -111.97174612,
                            33.06733844
                        ],
                        [
                            -111.9716806,
                            33.06733895
                        ],
                        [
                            -111.97168072,
                            33.06730287
                        ],
                        [
                            -111.9717462,
                            33.06730236
                        ]
                    ]
                ]
            },
            "properties": {
                "pa_label": "p302-S01",
                "PSDATE": "2003-05-27",
                "PHTD": 0.045,
                "STDD": 1.9,
                "MSNODE": 2.0,
                "VBNUM": 0.0,
                "VBNODE": 0.0,
                "SQRNUM": 0.0,
                "FLRNUM": 0.0,
                "GBNUM": 0.0,
                "MBNUM": 0.0,
                "LWPD": 0.2,
                "SWPD": 0.08,
                "CWPD": 0.28,
                "LWAD": 23.6,
                "SWAD": 9.0,
                "MBWAD": 0.0,
                "PWAD": 0.0,
                "CWAD": 32.6,
                "LAID_LAB": 0.052
            },
            "_id": "68c445408ac547b657421795",
            "paid": "68c445408ac547b657421795"
        },
        {
            "type": "Feature",
            "geometry": {
                "type": "Polygon",
                "coordinates": [
                    [
                        [
                            -111.97161629,
                            33.06730059
                        ],
                        [
                            -111.97161636,
                            33.06733666
                        ],
                        [
                            -111.9715507,
                            33.06733718
                        ],
                        [
                            -111.97155072,
                            33.0673011
                        ],
                        [
                            -111.97161629,
                            33.06730059
                        ]
                    ]
                ]
            },
            "properties": {
                "pa_label": "p303-S01",
                "PSDATE": "2003-05-27",
                "PHTD": 0.075,
                "STDD": 2.3,
                "MSNODE": 1.0,
                "VBNUM": 3.0,
                "VBNODE": 0.0,
                "SQRNUM": 0.0,
                "FLRNUM": 0.0,
                "GBNUM": 0.0,
                "MBNUM": 0.0,
                "LWPD": 0.34,
                "SWPD": 0.11,
                "CWPD": 0.45,
                "LWAD": 17.7,
                "SWAD": 6.1,
                "MBWAD": 0.0,
                "PWAD": 0.0,
                "CWAD": 23.8,
                "LAID_LAB": 0.028
            },
            "_id": "68c445408ac547b6574217a7",
            "paid": "68c445408ac547b6574217a7"
        },
        {
            "type": "Feature",
            "geometry": {
                "type": "Polygon",
                "coordinates": [
                    [
                        [
                            -111.97142099,
                            33.06730122
                        ],
                        [
                            -111.97148642,
                            33.06730071
                        ],
                        [
                            -111.97148637,
                            33.06733679
                        ],
                        [
                            -111.97142098,
                            33.06733729
                        ],
                        [
                            -111.97142099,
                            33.06730122
                        ]
                    ]
                ]
            },
            "properties": {
                "pa_label": "p304-S01",
                "PSDATE": "2003-05-27",
                "PHTD": 0.053,
                "STDD": 2.5,
                "MSNODE": 0.0,
                "VBNUM": 0.0,
                "VBNODE": 0.0,
                "SQRNUM": 0.0,
                "FLRNUM": 0.0,
                "GBNUM": 0.0,
                "MBNUM": 0.0,
                "LWPD": 0.31,
                "SWPD": 0.12,
                "CWPD": 0.43,
                "LWAD": 15.8,
                "SWAD": 6.2,
                "MBWAD": 0.0,
                "PWAD": 0.0,
                "CWAD": 22.0,
                "LAID_LAB": 0.029
            },
            "_id": "68c445408ac547b6574217b9",
            "paid": "68c445408ac547b6574217b9"
        },
        {
            "type": "Feature",
            "geometry": {
                "type": "Polygon",
                "coordinates": [
                    [
                        [
                            -111.97135578,
                            33.06729995
                        ],
                        [
                            -111.97135575,
                            33.06733603
                        ],
                        [
                            -111.97129027,
                            33.06733654
                        ],
                        [
                            -111.97129031,
                            33.06730046
                        ],
                        [
                            -111.97135578,
                            33.06729995
                        ]
                    ]
                ]
            },
            "properties": {
                "pa_label": "p305-S01",
                "PSDATE": "2003-05-27",
                "PHTD": 0.11,
                "STDD": 3.6,
                "MSNODE": 2.0,
                "VBNUM": 2.0,
                "VBNODE": 0.0,
                "SQRNUM": 0.0,
                "FLRNUM": 0.0,
                "GBNUM": 0.0,
                "MBNUM": 0.0,
                "LWPD": 0.59,
                "SWPD": 0.23,
                "CWPD": 0.82,
                "LWAD": 147.2,
                "SWAD": 56.8,
                "MBWAD": 0.0,
                "PWAD": 0.0,
                "CWAD": 204.0,
                "LAID_LAB": 0.188
            },
            "_id": "68c445408ac547b6574217cb",
            "paid": "68c445408ac547b6574217cb"
        },
        {
            "type": "Feature",
            "geometry": {
                "type": "Polygon",
                "coordinates": [
                    [
                        [
                            -111.97116049,
                            33.0672995
                        ],
                        [
                            -111.97122594,
                            33.06729899
                        ],
                        [
                            -111.9712259,
                            33.06733507
                        ],
                        [
                            -111.97116045,
                            33.06733558
                        ],
                        [
                            -111.97116049,
                            33.0672995
                        ]
                    ]
                ]
            },
            "properties": {
                "pa_label": "p306-S01",
                "PSDATE": "2003-05-27",
                "PHTD": 0.085,
                "STDD": 2.7,
                "MSNODE": 3.0,
                "VBNUM": 1.0,
                "VBNODE": 0.0,
                "SQRNUM": 0.0,
                "FLRNUM": 0.0,
                "GBNUM": 0.0,
                "MBNUM": 0.0,
                "LWPD": 0.28,
                "SWPD": 0.1,
                "CWPD": 0.38,
                "LWAD": 34.1,
                "SWAD": 12.1,
                "MBWAD": 0.0,
                "PWAD": 0.0,
                "CWAD": 46.2,
                "LAID_LAB": 0.041
            },
            "_id": "68c445408ac547b6574217dd",
            "paid": "68c445408ac547b6574217dd"
        },
        {
            "type": "Feature",
            "geometry": {
                "type": "Polygon",
                "coordinates": [
                    [
                        [
                            -111.97109568,
                            33.06729819
                        ],
                        [
                            -111.97109568,
                            33.06733426
                        ],
                        [
                            -111.97103033,
                            33.06733477
                        ],
                        [
                            -111.97103036,
                            33.0672987
                        ],
                        [
                            -111.97109568,
                            33.06729819
                        ]
                    ]
                ]
            },
            "properties": {
                "pa_label": "p307-S01",
                "PSDATE": "2003-05-27",
                "PHTD": 0.1,
                "STDD": 3.4,
                "MSNODE": 3.0,
                "VBNUM": 2.0,
                "VBNODE": 0.0,
                "SQRNUM": 0.0,
                "FLRNUM": 0.0,
                "GBNUM": 0.0,
                "MBNUM": 0.0,
                "LWPD": 0.4,
                "SWPD": 0.14,
                "CWPD": 0.54,
                "LWAD": 46.4,
                "SWAD": 16.6,
                "MBWAD": 0.0,
                "PWAD": 0.0,
                "CWAD": 63.0,
                "LAID_LAB": 0.069
            },
            "_id": "68c445408ac547b6574217ef",
            "paid": "68c445408ac547b6574217ef"
        },
        {
            "type": "Feature",
            "geometry": {
                "type": "Polygon",
                "coordinates": [
                    [
                        [
                            -111.97090064,
                            33.06729787
                        ],
                        [
                            -111.97096582,
                            33.06729737
                        ],
                        [
                            -111.97096575,
                            33.06733344
                        ],
                        [
                            -111.97090057,
                            33.06733395
                        ],
                        [
                            -111.97090064,
                            33.06729787
                        ]
                    ]
                ]
            },
            "properties": {
                "pa_label": "p308-S01",
                "PSDATE": "2003-05-27",
                "PHTD": 0.095,
                "STDD": 3.0,
                "MSNODE": 5.0,
                "VBNUM": 0.0,
                "VBNODE": 0.0,
                "SQRNUM": 0.0,
                "FLRNUM": 0.0,
                "GBNUM": 0.0,
                "MBNUM": 0.0,
                "LWPD": 0.4,
                "SWPD": 0.16,
                "CWPD": 0.56,
                "LWAD": 91.0,
                "SWAD": 36.4,
                "MBWAD": 0.0,
                "PWAD": 0.0,
                "CWAD": 127.4,
                "LAID_LAB": 0.128
            },
            "_id": "68c445408ac547b657421801",
            "paid": "68c445408ac547b657421801"
        },
        {
            "type": "Feature",
            "geometry": {
                "type": "Polygon",
                "coordinates": [
                    [
                        [
                            -111.97187724,
                            33.06710108
                        ],
                        [
                            -111.97187714,
                            33.06713716
                        ],
                        [
                            -111.97181187,
                            33.06713767
                        ],
                        [
                            -111.971812,
                            33.06710159
                        ],
                        [
                            -111.97187724,
                            33.06710108
                        ]
                    ]
                ]
            },
            "properties": {
                "pa_label": "p401-S01",
                "PSDATE": "2003-05-27",
                "PHTD": 0.07,
                "STDD": 2.7,
                "MSNODE": 1.0,
                "VBNUM": 0.0,
                "VBNODE": 0.0,
                "SQRNUM": 0.0,
                "FLRNUM": 0.0,
                "GBNUM": 0.0,
                "MBNUM": 0.0,
                "LWPD": 0.26,
                "SWPD": 0.1,
                "CWPD": 0.36,
                "LWAD": 12.4,
                "SWAD": 4.9,
                "MBWAD": 0.0,
                "PWAD": 0.0,
                "CWAD": 17.3,
                "LAID_LAB": 0.016
            },
            "_id": "68c445408ac547b657421813",
            "paid": "68c445408ac547b657421813"
        },
        {
            "type": "Feature",
            "geometry": {
                "type": "Polygon",
                "coordinates": [
                    [
                        [
                            -111.97168138,
                            33.06710081
                        ],
                        [
                            -111.97174663,
                            33.06710031
                        ],
                        [
                            -111.97174658,
                            33.06713638
                        ],
                        [
                            -111.97168137,
                            33.06713689
                        ],
                        [
                            -111.97168138,
                            33.06710081
                        ]
                    ]
                ]
            },
            "properties": {
                "pa_label": "p402-S01",
                "PSDATE": "2003-05-27",
                "PHTD": 0.06,
                "STDD": 2.3,
                "MSNODE": 5.0,
                "VBNUM": 0.0,
                "VBNODE": 0.0,
                "SQRNUM": 0.0,
                "FLRNUM": 0.0,
                "GBNUM": 0.0,
                "MBNUM": 0.0,
                "LWPD": 0.32,
                "SWPD": 0.11,
                "CWPD": 0.43,
                "LWAD": 36.1,
                "SWAD": 12.6,
                "MBWAD": 0.0,
                "PWAD": 0.0,
                "CWAD": 48.7,
                "LAID_LAB": 0.044
            },
            "_id": "68c445408ac547b657421825",
            "paid": "68c445408ac547b657421825"
        },
        {
            "type": "Feature",
            "geometry": {
                "type": "Polygon",
                "coordinates": [
                    [
                        [
                            -111.97161609,
                            33.0670997
                        ],
                        [
                            -111.97161607,
                            33.06713577
                        ],
                        [
                            -111.97155092,
                            33.06713628
                        ],
                        [
                            -111.97155096,
                            33.0671002
                        ],
                        [
                            -111.97161609,
                            33.0670997
                        ]
                    ]
                ]
            },
            "properties": {
                "pa_label": "p403-S01",
                "PSDATE": "2003-05-27",
                "PHTD": 0.08,
                "STDD": 2.6,
                "MSNODE": 6.0,
                "VBNUM": 0.0,
                "VBNODE": 0.0,
                "SQRNUM": 0.0,
                "FLRNUM": 0.0,
                "GBNUM": 0.0,
                "MBNUM": 0.0,
                "LWPD": 0.44,
                "SWPD": 0.17,
                "CWPD": 0.61,
                "LWAD": 97.5,
                "SWAD": 36.7,
                "MBWAD": 0.0,
                "PWAD": 0.0,
                "CWAD": 134.2,
                "LAID_LAB": 0.123
            },
            "_id": "68c445408ac547b657421837",
            "paid": "68c445408ac547b657421837"
        },
        {
            "type": "Feature",
            "geometry": {
                "type": "Polygon",
                "coordinates": [
                    [
                        [
                            -111.97142134,
                            33.06709924
                        ],
                        [
                            -111.97148675,
                            33.06709873
                        ],
                        [
                            -111.97148667,
                            33.06713481
                        ],
                        [
                            -111.97142126,
                            33.06713532
                        ],
                        [
                            -111.97142134,
                            33.06709924
                        ]
                    ]
                ]
            },
            "properties": {
                "pa_label": "p404-S01",
                "PSDATE": "2003-05-27",
                "PHTD": 0.07,
                "STDD": 2.2,
                "MSNODE": 2.0,
                "VBNUM": 0.0,
                "VBNODE": 0.0,
                "SQRNUM": 0.0,
                "FLRNUM": 0.0,
                "GBNUM": 0.0,
                "MBNUM": 0.0,
                "LWPD": 0.46,
                "SWPD": 0.15,
                "CWPD": 0.61,
                "LWAD": 49.6,
                "SWAD": 16.2,
                "MBWAD": 0.0,
                "PWAD": 0.0,
                "CWAD": 65.7,
                "LAID_LAB": 0.069
            },
            "_id": "68c445408ac547b657421849",
            "paid": "68c445408ac547b657421849"
        },
        {
            "type": "Feature",
            "geometry": {
                "type": "Polygon",
                "coordinates": [
                    [
                        [
                            -111.97135613,
                            33.06709809
                        ],
                        [
                            -111.97135613,
                            33.06713417
                        ],
                        [
                            -111.97129074,
                            33.06713468
                        ],
                        [
                            -111.97129079,
                            33.0670986
                        ],
                        [
                            -111.97135613,
                            33.06709809
                        ]
                    ]
                ]
            },
            "properties": {
                "pa_label": "p405-S01",
                "PSDATE": "2003-05-27",
                "PHTD": 0.068,
                "STDD": 3.6,
                "MSNODE": 2.0,
                "VBNUM": 0.0,
                "VBNODE": 0.0,
                "SQRNUM": 0.0,
                "FLRNUM": 0.0,
                "GBNUM": 0.0,
                "MBNUM": 0.0,
                "LWPD": 0.44,
                "SWPD": 0.15,
                "CWPD": 0.58,
                "LWAD": 102.6,
                "SWAD": 35.0,
                "MBWAD": 0.0,
                "PWAD": 0.0,
                "CWAD": 137.5,
                "LAID_LAB": 0.129
            },
            "_id": "68c445408ac547b65742185b",
            "paid": "68c445408ac547b65742185b"
        },
        {
            "type": "Feature",
            "geometry": {
                "type": "Polygon",
                "coordinates": [
                    [
                        [
                            -111.97116078,
                            33.06709769
                        ],
                        [
                            -111.97122634,
                            33.06709718
                        ],
                        [
                            -111.97122625,
                            33.06713325
                        ],
                        [
                            -111.9711607,
                            33.06713376
                        ],
                        [
                            -111.97116078,
                            33.06709769
                        ]
                    ]
                ]
            },
            "properties": {
                "pa_label": "p406-S01",
                "PSDATE": "2003-05-27",
                "PHTD": 0.111,
                "STDD": 3.1,
                "MSNODE": 3.0,
                "VBNUM": 1.0,
                "VBNODE": 0.0,
                "SQRNUM": 0.0,
                "FLRNUM": 0.0,
                "GBNUM": 0.0,
                "MBNUM": 0.0,
                "LWPD": 0.41,
                "SWPD": 0.15,
                "CWPD": 0.57,
                "LWAD": 47.2,
                "SWAD": 17.8,
                "MBWAD": 0.0,
                "PWAD": 0.0,
                "CWAD": 65.0,
                "LAID_LAB": 0.069
            },
            "_id": "68c445408ac547b65742186d",
            "paid": "68c445408ac547b65742186d"
        },
        {
            "type": "Feature",
            "geometry": {
                "type": "Polygon",
                "coordinates": [
                    [
                        [
                            -111.97109572,
                            33.06709658
                        ],
                        [
                            -111.97109572,
                            33.06713266
                        ],
                        [
                            -111.97103059,
                            33.06713316
                        ],
                        [
                            -111.97103061,
                            33.06709709
                        ],
                        [
                            -111.97109572,
                            33.06709658
                        ]
                    ]
                ]
            },
            "properties": {
                "pa_label": "p407-S01",
                "PSDATE": "2003-05-27",
                "PHTD": 0.051,
                "STDD": 2.7,
                "MSNODE": 0.0,
                "VBNUM": 0.0,
                "VBNODE": 0.0,
                "SQRNUM": 0.0,
                "FLRNUM": 0.0,
                "GBNUM": 0.0,
                "MBNUM": 0.0,
                "LWPD": 0.39,
                "SWPD": 0.15,
                "CWPD": 0.54,
                "LWAD": 19.4,
                "SWAD": 7.6,
                "MBWAD": 0.0,
                "PWAD": 0.0,
                "CWAD": 27.0,
                "LAID_LAB": 0.024
            },
            "_id": "68c445408ac547b65742187f",
            "paid": "68c445408ac547b65742187f"
        },
        {
            "type": "Feature",
            "geometry": {
                "type": "Polygon",
                "coordinates": [
                    [
                        [
                            -111.97090096,
                            33.06709603
                        ],
                        [
                            -111.97096601,
                            33.06709552
                        ],
                        [
                            -111.97096594,
                            33.0671316
                        ],
                        [
                            -111.9709009,
                            33.0671321
                        ],
                        [
                            -111.97090096,
                            33.06709603
                        ]
                    ]
                ]
            },
            "properties": {
                "pa_label": "p408-S01",
                "PSDATE": "2003-05-27",
                "PHTD": 0.108,
                "STDD": 3.0,
                "MSNODE": 5.0,
                "VBNUM": 0.0,
                "VBNODE": 0.0,
                "SQRNUM": 0.0,
                "FLRNUM": 0.0,
                "GBNUM": 0.0,
                "MBNUM": 0.0,
                "LWPD": 0.36,
                "SWPD": 0.13,
                "CWPD": 0.49,
                "LWAD": 42.5,
                "SWAD": 15.3,
                "MBWAD": 0.0,
                "PWAD": 0.0,
                "CWAD": 57.8,
                "LAID_LAB": 0.056
            },
            "_id": "68c445408ac547b657421891",
            "paid": "68c445408ac547b657421891"
        },
        {
            "type": "Feature",
            "geometry": {
                "type": "Polygon",
                "coordinates": [
                    [
                        [
                            -111.97187593,
                            33.06777126
                        ],
                        [
                            -111.97187587,
                            33.06780734
                        ],
                        [
                            -111.97181049,
                            33.06780785
                        ],
                        [
                            -111.97181058,
                            33.06777177
                        ],
                        [
                            -111.97187593,
                            33.06777126
                        ]
                    ]
                ]
            },
            "properties": {
                "pa_label": "p101-S02",
                "PSDATE": "2003-06-02",
                "PHTD": 0.107,
                "STDD": 3.1,
                "MSNODE": 7.0,
                "VBNUM": 0.0,
                "VBNODE": 0.0,
                "SQRNUM": 0.0,
                "FLRNUM": 0.0,
                "GBNUM": 0.0,
                "MBNUM": 0.0,
                "LWPD": 0.96,
                "SWPD": 0.38,
                "CWPD": 1.34,
                "LWAD": 50.0,
                "SWAD": 19.7,
                "MBWAD": 0.0,
                "PWAD": 0.0,
                "CWAD": 69.7,
                "LAID_LAB": 0.067
            },
            "_id": "68c445408ac547b657421664",
            "paid": "68c445408ac547b657421664"
        },
        {
            "type": "Feature",
            "geometry": {
                "type": "Polygon",
                "coordinates": [
                    [
                        [
                            -111.97168048,
                            33.06777095
                        ],
                        [
                            -111.97174565,
                            33.06777045
                        ],
                        [
                            -111.9717456,
                            33.06780652
                        ],
                        [
                            -111.97168043,
                            33.06780703
                        ],
                        [
                            -111.97168048,
                            33.06777095
                        ]
                    ]
                ]
            },
            "properties": {
                "pa_label": "p102-S02",
                "PSDATE": "2003-06-02",
                "PHTD": 0.127,
                "STDD": 3.5,
                "MSNODE": 9.0,
                "VBNUM": 0.0,
                "VBNODE": 0.0,
                "SQRNUM": 0.0,
                "FLRNUM": 0.0,
                "GBNUM": 0.0,
                "MBNUM": 0.0,
                "LWPD": 0.66,
                "SWPD": 0.28,
                "CWPD": 0.94,
                "LWAD": 62.0,
                "SWAD": 27.0,
                "MBWAD": 0.0,
                "PWAD": 0.0,
                "CWAD": 88.9,
                "LAID_LAB": 0.096
            },
            "_id": "68c445408ac547b657421676",
            "paid": "68c445408ac547b657421676"
        },
        {
            "type": "Feature",
            "geometry": {
                "type": "Polygon",
                "coordinates": [
                    [
                        [
                            -111.97161533,
                            33.06776968
                        ],
                        [
                            -111.97161529,
                            33.06780576
                        ],
                        [
                            -111.97155009,
                            33.06780627
                        ],
                        [
                            -111.97155013,
                            33.06777019
                        ],
                        [
                            -111.97161533,
                            33.06776968
                        ]
                    ]
                ]
            },
            "properties": {
                "pa_label": "p103-S02",
                "PSDATE": "2003-06-02",
                "PHTD": 0.178,
                "STDD": 4.4,
                "MSNODE": 10.0,
                "VBNUM": 3.0,
                "VBNODE": 0.0,
                "SQRNUM": 0.0,
                "FLRNUM": 0.0,
                "GBNUM": 0.0,
                "MBNUM": 0.0,
                "LWPD": 1.02,
                "SWPD": 0.49,
                "CWPD": 1.51,
                "LWAD": 230.8,
                "SWAD": 109.4,
                "MBWAD": 0.0,
                "PWAD": 0.0,
                "CWAD": 340.2,
                "LAID_LAB": 0.344
            },
            "_id": "68c445408ac547b657421688",
            "paid": "68c445408ac547b657421688"
        },
        {
            "type": "Feature",
            "geometry": {
                "type": "Polygon",
                "coordinates": [
                    [
                        [
                            -111.97148529,
                            33.06776917
                        ],
                        [
                            -111.97148519,
                            33.06780525
                        ],
                        [
                            -111.9714195,
                            33.06780576
                        ],
                        [
                            -111.97141966,
                            33.06776969
                        ],
                        [
                            -111.97148529,
                            33.06776917
                        ]
                    ]
                ]
            },
            "properties": {
                "pa_label": "p104-S02",
                "PSDATE": "2003-06-02",
                "PHTD": 0.141,
                "STDD": 4.4,
                "MSNODE": 5.0,
                "VBNUM": 1.0,
                "VBNODE": 0.0,
                "SQRNUM": 0.0,
                "FLRNUM": 0.0,
                "GBNUM": 0.0,
                "MBNUM": 0.0,
                "LWPD": 0.94,
                "SWPD": 0.41,
                "CWPD": 1.35,
                "LWAD": 114.3,
                "SWAD": 49.5,
                "MBWAD": 0.0,
                "PWAD": 0.0,
                "CWAD": 163.8,
                "LAID_LAB": 0.179
            },
            "_id": "68c445408ac547b65742169a",
            "paid": "68c445408ac547b65742169a"
        },
        {
            "type": "Feature",
            "geometry": {
                "type": "Polygon",
                "coordinates": [
                    [
                        [
                            -111.97128944,
                            33.0677683
                        ],
                        [
                            -111.97135489,
                            33.06776779
                        ],
                        [
                            -111.97135482,
                            33.06780387
                        ],
                        [
                            -111.97128937,
                            33.06780438
                        ],
                        [
                            -111.97128944,
                            33.0677683
                        ]
                    ]
                ]
            },
            "properties": {
                "pa_label": "p105-S02",
                "PSDATE": "2003-06-02",
                "PHTD": 0.16,
                "STDD": 4.0,
                "MSNODE": 6.0,
                "VBNUM": 1.0,
                "VBNODE": 0.0,
                "SQRNUM": 0.0,
                "FLRNUM": 0.0,
                "GBNUM": 0.0,
                "MBNUM": 0.0,
                "LWPD": 1.21,
                "SWPD": 0.6,
                "CWPD": 1.81,
                "LWAD": 284.7,
                "SWAD": 141.0,
                "MBWAD": 0.0,
                "PWAD": 0.0,
                "CWAD": 425.6,
                "LAID_LAB": 0.414
            },
            "_id": "68c445408ac547b6574216ac",
            "paid": "68c445408ac547b6574216ac"
        },
        {
            "type": "Feature",
            "geometry": {
                "type": "Polygon",
                "coordinates": [
                    [
                        [
                            -111.97122492,
                            33.06776681
                        ],
                        [
                            -111.97122485,
                            33.06780289
                        ],
                        [
                            -111.97115941,
                            33.0678034
                        ],
                        [
                            -111.97115949,
                            33.06776732
                        ],
                        [
                            -111.97122492,
                            33.06776681
                        ]
                    ]
                ]
            },
            "properties": {
                "pa_label": "p106-S02",
                "PSDATE": "2003-06-02",
                "PHTD": 0.16,
                "STDD": 4.8,
                "MSNODE": 3.0,
                "VBNUM": 1.0,
                "VBNODE": 0.0,
                "SQRNUM": 0.0,
                "FLRNUM": 0.0,
                "GBNUM": 0.0,
                "MBNUM": 0.0,
                "LWPD": 1.01,
                "SWPD": 0.48,
                "CWPD": 1.49,
                "LWAD": 123.8,
                "SWAD": 58.5,
                "MBWAD": 0.0,
                "PWAD": 0.0,
                "CWAD": 182.3,
                "LAID_LAB": 0.175
            },
            "_id": "68c445408ac547b6574216be",
            "paid": "68c445408ac547b6574216be"
        },
        {
            "type": "Feature",
            "geometry": {
                "type": "Polygon",
                "coordinates": [
                    [
                        [
                            -111.97109558,
                            33.06776662
                        ],
                        [
                            -111.97109559,
                            33.0678027
                        ],
                        [
                            -111.97102967,
                            33.06780321
                        ],
                        [
                            -111.9710298,
                            33.06776713
                        ],
                        [
                            -111.97109558,
                            33.06776662
                        ]
                    ]
                ]
            },
            "properties": {
                "pa_label": "p107-S02",
                "PSDATE": "2003-06-02",
                "PHTD": 0.1,
                "STDD": 2.7,
                "MSNODE": 4.0,
                "VBNUM": 0.0,
                "VBNODE": 0.0,
                "SQRNUM": 0.0,
                "FLRNUM": 0.0,
                "GBNUM": 0.0,
                "MBNUM": 0.0,
                "LWPD": 1.02,
                "SWPD": 0.49,
                "CWPD": 1.51,
                "LWAD": 117.0,
                "SWAD": 56.0,
                "MBWAD": 0.0,
                "PWAD": 0.0,
                "CWAD": 173.1,
                "LAID_LAB": 0.151
            },
            "_id": "68c445408ac547b6574216d0",
            "paid": "68c445408ac547b6574216d0"
        },
        {
            "type": "Feature",
            "geometry": {
                "type": "Polygon",
                "coordinates": [
                    [
                        [
                            -111.97096537,
                            33.06776524
                        ],
                        [
                            -111.97096535,
                            33.06780131
                        ],
                        [
                            -111.97090004,
                            33.06780182
                        ],
                        [
                            -111.97090025,
                            33.06776575
                        ],
                        [
                            -111.97096537,
                            33.06776524
                        ]
                    ]
                ]
            },
            "properties": {
                "pa_label": "p108-S02",
                "PSDATE": "2003-06-02",
                "PHTD": 0.14,
                "STDD": 3.8,
                "MSNODE": 6.0,
                "VBNUM": 0.0,
                "VBNODE": 0.0,
                "SQRNUM": 0.0,
                "FLRNUM": 0.0,
                "GBNUM": 0.0,
                "MBNUM": 0.0,
                "LWPD": 0.91,
                "SWPD": 0.43,
                "CWPD": 1.35,
                "LWAD": 109.1,
                "SWAD": 51.8,
                "MBWAD": 0.0,
                "PWAD": 0.0,
                "CWAD": 160.9,
                "LAID_LAB": 0.151
            },
            "_id": "68c445408ac547b6574216e2",
            "paid": "68c445408ac547b6574216e2"
        },
        {
            "type": "Feature",
            "geometry": {
                "type": "Polygon",
                "coordinates": [
                    [
                        [
                            -111.97187636,
                            33.06757231
                        ],
                        [
                            -111.97187629,
                            33.06760839
                        ],
                        [
                            -111.97181097,
                            33.06760889
                        ],
                        [
                            -111.97181104,
                            33.06757282
                        ],
                        [
                            -111.97187636,
                            33.06757231
                        ]
                    ]
                ]
            },
            "properties": {
                "pa_label": "p201-S02",
                "PSDATE": "2003-06-02",
                "PHTD": 0.095,
                "STDD": 3.7,
                "MSNODE": 5.0,
                "VBNUM": 0.0,
                "VBNODE": 0.0,
                "SQRNUM": 0.0,
                "FLRNUM": 0.0,
                "GBNUM": 0.0,
                "MBNUM": 0.0,
                "LWPD": 1.04,
                "SWPD": 0.48,
                "CWPD": 1.52,
                "LWAD": 229.0,
                "SWAD": 106.1,
                "MBWAD": 0.0,
                "PWAD": 0.0,
                "CWAD": 335.0,
                "LAID_LAB": 0.331
            },
            "_id": "68c445408ac547b6574216f4",
            "paid": "68c445408ac547b6574216f4"
        },
        {
            "type": "Feature",
            "geometry": {
                "type": "Polygon",
                "coordinates": [
                    [
                        [
                            -111.97174604,
                            33.06757132
                        ],
                        [
                            -111.97174589,
                            33.0676074
                        ],
                        [
                            -111.97168063,
                            33.06760791
                        ],
                        [
                            -111.97168092,
                            33.06757183
                        ],
                        [
                            -111.97174604,
                            33.06757132
                        ]
                    ]
                ]
            },
            "properties": {
                "pa_label": "p202-S02",
                "PSDATE": "2003-06-02",
                "PHTD": 0.08,
                "STDD": 2.6,
                "MSNODE": 2.0,
                "VBNUM": 0.0,
                "VBNODE": 0.0,
                "SQRNUM": 0.0,
                "FLRNUM": 0.0,
                "GBNUM": 0.0,
                "MBNUM": 0.0,
                "LWPD": 0.73,
                "SWPD": 0.37,
                "CWPD": 1.1,
                "LWAD": 92.1,
                "SWAD": 46.2,
                "MBWAD": 0.0,
                "PWAD": 0.0,
                "CWAD": 138.3,
                "LAID_LAB": 0.134
            },
            "_id": "68c445408ac547b657421706",
            "paid": "68c445408ac547b657421706"
        },
        {
            "type": "Feature",
            "geometry": {
                "type": "Polygon",
                "coordinates": [
                    [
                        [
                            -111.97155004,
                            33.06757057
                        ],
                        [
                            -111.97161523,
                            33.06757007
                        ],
                        [
                            -111.97161508,
                            33.06760614
                        ],
                        [
                            -111.97155011,
                            33.06760665
                        ],
                        [
                            -111.97155004,
                            33.06757057
                        ]
                    ]
                ]
            },
            "properties": {
                "pa_label": "p203-S02",
                "PSDATE": "2003-06-02",
                "PHTD": 0.13,
                "STDD": 3.0,
                "MSNODE": 6.0,
                "VBNUM": 0.0,
                "VBNODE": 0.0,
                "SQRNUM": 0.0,
                "FLRNUM": 0.0,
                "GBNUM": 0.0,
                "MBNUM": 0.0,
                "LWPD": 0.86,
                "SWPD": 0.35,
                "CWPD": 1.21,
                "LWAD": 92.9,
                "SWAD": 38.4,
                "MBWAD": 0.0,
                "PWAD": 0.0,
                "CWAD": 131.4,
                "LAID_LAB": 0.134
            },
            "_id": "68c445408ac547b657421718",
            "paid": "68c445408ac547b657421718"
        },
        {
            "type": "Feature",
            "geometry": {
                "type": "Polygon",
                "coordinates": [
                    [
                        [
                            -111.9714203,
                            33.06756971
                        ],
                        [
                            -111.97148582,
                            33.0675692
                        ],
                        [
                            -111.97148572,
                            33.06760528
                        ],
                        [
                            -111.97142021,
                            33.06760579
                        ],
                        [
                            -111.9714203,
                            33.06756971
                        ]
                    ]
                ]
            },
            "properties": {
                "pa_label": "p204-S02",
                "PSDATE": "2003-06-02",
                "PHTD": 0.16,
                "STDD": 3.7,
                "MSNODE": 4.0,
                "VBNUM": 1.0,
                "VBNODE": 0.0,
                "SQRNUM": 0.0,
                "FLRNUM": 0.0,
                "GBNUM": 0.0,
                "MBNUM": 0.0,
                "LWPD": 0.94,
                "SWPD": 0.45,
                "CWPD": 1.39,
                "LWAD": 227.7,
                "SWAD": 109.2,
                "MBWAD": 0.0,
                "PWAD": 0.0,
                "CWAD": 336.9,
                "LAID_LAB": 0.345
            },
            "_id": "68c445408ac547b65742172a",
            "paid": "68c445408ac547b65742172a"
        },
        {
            "type": "Feature",
            "geometry": {
                "type": "Polygon",
                "coordinates": [
                    [
                        [
                            -111.97135527,
                            33.06756811
                        ],
                        [
                            -111.97135526,
                            33.06760418
                        ],
                        [
                            -111.97128981,
                            33.06760469
                        ],
                        [
                            -111.9712899,
                            33.06756862
                        ],
                        [
                            -111.97135527,
                            33.06756811
                        ]
                    ]
                ]
            },
            "properties": {
                "pa_label": "p205-S02",
                "PSDATE": "2003-06-02",
                "PHTD": 0.095,
                "STDD": 3.4,
                "MSNODE": 3.0,
                "VBNUM": 1.0,
                "VBNODE": 0.0,
                "SQRNUM": 0.0,
                "FLRNUM": 0.0,
                "GBNUM": 0.0,
                "MBNUM": 0.0,
                "LWPD": 0.78,
                "SWPD": 0.28,
                "CWPD": 1.05,
                "LWAD": 38.2,
                "SWAD": 13.6,
                "MBWAD": 0.0,
                "PWAD": 0.0,
                "CWAD": 51.8,
                "LAID_LAB": 0.051
            },
            "_id": "68c445408ac547b65742173c",
            "paid": "68c445408ac547b65742173c"
        },
        {
            "type": "Feature",
            "geometry": {
                "type": "Polygon",
                "coordinates": [
                    [
                        [
                            -111.97115981,
                            33.06756766
                        ],
                        [
                            -111.9712253,
                            33.06756715
                        ],
                        [
                            -111.97122523,
                            33.06760323
                        ],
                        [
                            -111.97115975,
                            33.06760374
                        ],
                        [
                            -111.97115981,
                            33.06756766
                        ]
                    ]
                ]
            },
            "properties": {
                "pa_label": "p206-S02",
                "PSDATE": "2003-06-02",
                "PHTD": 0.18,
                "STDD": 5.7,
                "MSNODE": 8.0,
                "VBNUM": 3.0,
                "VBNODE": 0.0,
                "SQRNUM": 0.0,
                "FLRNUM": 0.0,
                "GBNUM": 0.0,
                "MBNUM": 0.0,
                "LWPD": 0.97,
                "SWPD": 0.48,
                "CWPD": 1.45,
                "LWAD": 49.9,
                "SWAD": 24.4,
                "MBWAD": 0.0,
                "PWAD": 0.0,
                "CWAD": 74.4,
                "LAID_LAB": 0.063
            },
            "_id": "68c445408ac547b65742174e",
            "paid": "68c445408ac547b65742174e"
        },
        {
            "type": "Feature",
            "geometry": {
                "type": "Polygon",
                "coordinates": [
                    [
                        [
                            -111.97109537,
                            33.06756618
                        ],
                        [
                            -111.97109539,
                            33.06760225
                        ],
                        [
                            -111.9710302,
                            33.06760276
                        ],
                        [
                            -111.97103019,
                            33.06756668
                        ],
                        [
                            -111.97109537,
                            33.06756618
                        ]
                    ]
                ]
            },
            "properties": {
                "pa_label": "p207-S02",
                "PSDATE": "2003-06-02",
                "PHTD": 0.12,
                "STDD": 3.7,
                "MSNODE": 2.0,
                "VBNUM": 2.0,
                "VBNODE": 0.0,
                "SQRNUM": 0.0,
                "FLRNUM": 0.0,
                "GBNUM": 0.0,
                "MBNUM": 0.0,
                "LWPD": 0.91,
                "SWPD": 0.48,
                "CWPD": 1.39,
                "LWAD": 107.5,
                "SWAD": 56.4,
                "MBWAD": 0.0,
                "PWAD": 0.0,
                "CWAD": 163.9,
                "LAID_LAB": 0.144
            },
            "_id": "68c445408ac547b657421760",
            "paid": "68c445408ac547b657421760"
        },
        {
            "type": "Feature",
            "geometry": {
                "type": "Polygon",
                "coordinates": [
                    [
                        [
                            -111.97096531,
                            33.0675651
                        ],
                        [
                            -111.97096521,
                            33.06760118
                        ],
                        [
                            -111.97090006,
                            33.06760169
                        ],
                        [
                            -111.97090018,
                            33.06756561
                        ],
                        [
                            -111.97096531,
                            33.0675651
                        ]
                    ]
                ]
            },
            "properties": {
                "pa_label": "p208-S02",
                "PSDATE": "2003-06-02",
                "PHTD": 0.09,
                "STDD": 3.1,
                "MSNODE": 3.0,
                "VBNUM": 0.0,
                "VBNODE": 0.0,
                "SQRNUM": 0.0,
                "FLRNUM": 0.0,
                "GBNUM": 0.0,
                "MBNUM": 0.0,
                "LWPD": 0.62,
                "SWPD": 0.28,
                "CWPD": 0.9,
                "LWAD": 30.9,
                "SWAD": 13.8,
                "MBWAD": 0.0,
                "PWAD": 0.0,
                "CWAD": 44.6,
                "LAID_LAB": 0.04
            },
            "_id": "68c445408ac547b657421772",
            "paid": "68c445408ac547b657421772"
        },
        {
            "type": "Feature",
            "geometry": {
                "type": "Polygon",
                "coordinates": [
                    [
                        [
                            -111.97187688,
                            33.06730302
                        ],
                        [
                            -111.97187683,
                            33.0673391
                        ],
                        [
                            -111.97181172,
                            33.0673396
                        ],
                        [
                            -111.97181177,
                            33.06730353
                        ],
                        [
                            -111.97187688,
                            33.06730302
                        ]
                    ]
                ]
            },
            "properties": {
                "pa_label": "p301-S02",
                "PSDATE": "2003-06-02",
                "PHTD": 0.1,
                "STDD": 3.4,
                "MSNODE": 4.0,
                "PFNODE": 5.0,
                "VBNUM": 1.0,
                "VBNODE": 0.0,
                "SQRNUM": 0.2,
                "FLRNUM": 0.0,
                "GBNUM": 0.0,
                "MBNUM": 0.0,
                "LWPD": 0.84,
                "SWPD": 0.39,
                "CWPD": 1.23,
                "LWAD": 92.1,
                "SWAD": 42.6,
                "MBWAD": 0.0,
                "PWAD": 0.2,
                "CWAD": 134.9,
                "LAID_LAB": 0.161
            },
            "_id": "68c445408ac547b657421784",
            "paid": "68c445408ac547b657421784"
        },
        {
            "type": "Feature",
            "geometry": {
                "type": "Polygon",
                "coordinates": [
                    [
                        [
                            -111.9717462,
                            33.06730236
                        ],
                        [
                            -111.97174612,
                            33.06733844
                        ],
                        [
                            -111.9716806,
                            33.06733895
                        ],
                        [
                            -111.97168072,
                            33.06730287
                        ],
                        [
                            -111.9717462,
                            33.06730236
                        ]
                    ]
                ]
            },
            "properties": {
                "pa_label": "p302-S02",
                "PSDATE": "2003-06-02",
                "PHTD": 0.165,
                "STDD": 5.0,
                "MSNODE": 5.0,
                "VBNUM": 1.0,
                "VBNODE": 0.0,
                "SQRNUM": 0.0,
                "FLRNUM": 0.0,
                "GBNUM": 0.0,
                "MBNUM": 0.0,
                "LWPD": 0.91,
                "SWPD": 0.41,
                "CWPD": 1.32,
                "LWAD": 104.3,
                "SWAD": 47.2,
                "MBWAD": 0.0,
                "PWAD": 0.0,
                "CWAD": 151.4,
                "LAID_LAB": 0.162
            },
            "_id": "68c445408ac547b657421796",
            "paid": "68c445408ac547b657421796"
        },
        {
            "type": "Feature",
            "geometry": {
                "type": "Polygon",
                "coordinates": [
                    [
                        [
                            -111.97161629,
                            33.06730059
                        ],
                        [
                            -111.97161636,
                            33.06733666
                        ],
                        [
                            -111.9715507,
                            33.06733718
                        ],
                        [
                            -111.97155072,
                            33.0673011
                        ],
                        [
                            -111.97161629,
                            33.06730059
                        ]
                    ]
                ]
            },
            "properties": {
                "pa_label": "p303-S02",
                "PSDATE": "2003-06-02",
                "PHTD": 0.11,
                "STDD": 3.4,
                "MSNODE": 3.0,
                "VBNUM": 1.0,
                "VBNODE": 0.0,
                "SQRNUM": 0.0,
                "FLRNUM": 0.0,
                "GBNUM": 0.0,
                "MBNUM": 0.0,
                "LWPD": 0.92,
                "SWPD": 0.4,
                "CWPD": 1.32,
                "LWAD": 48.8,
                "SWAD": 20.9,
                "MBWAD": 0.0,
                "PWAD": 0.0,
                "CWAD": 69.7,
                "LAID_LAB": 0.076
            },
            "_id": "68c445408ac547b6574217a8",
            "paid": "68c445408ac547b6574217a8"
        },
        {
            "type": "Feature",
            "geometry": {
                "type": "Polygon",
                "coordinates": [
                    [
                        [
                            -111.97142099,
                            33.06730122
                        ],
                        [
                            -111.97148642,
                            33.06730071
                        ],
                        [
                            -111.97148637,
                            33.06733679
                        ],
                        [
                            -111.97142098,
                            33.06733729
                        ],
                        [
                            -111.97142099,
                            33.06730122
                        ]
                    ]
                ]
            },
            "properties": {
                "pa_label": "p304-S02",
                "PSDATE": "2003-06-02",
                "PHTD": 0.15,
                "STDD": 4.7,
                "MSNODE": 5.0,
                "VBNUM": 5.0,
                "VBNODE": 0.0,
                "SQRNUM": 0.0,
                "FLRNUM": 0.0,
                "GBNUM": 0.0,
                "MBNUM": 0.0,
                "LWPD": 0.95,
                "SWPD": 0.39,
                "CWPD": 1.34,
                "LWAD": 48.4,
                "SWAD": 19.9,
                "MBWAD": 0.0,
                "PWAD": 0.0,
                "CWAD": 68.3,
                "LAID_LAB": 0.065
            },
            "_id": "68c445408ac547b6574217ba",
            "paid": "68c445408ac547b6574217ba"
        },
        {
            "type": "Feature",
            "geometry": {
                "type": "Polygon",
                "coordinates": [
                    [
                        [
                            -111.97135578,
                            33.06729995
                        ],
                        [
                            -111.97135575,
                            33.06733603
                        ],
                        [
                            -111.97129027,
                            33.06733654
                        ],
                        [
                            -111.97129031,
                            33.06730046
                        ],
                        [
                            -111.97135578,
                            33.06729995
                        ]
                    ]
                ]
            },
            "properties": {
                "pa_label": "p305-S02",
                "PSDATE": "2003-06-02",
                "PHTD": 0.105,
                "STDD": 3.2,
                "MSNODE": 3.0,
                "VBNUM": 1.0,
                "VBNODE": 0.0,
                "SQRNUM": 0.0,
                "FLRNUM": 0.0,
                "GBNUM": 0.0,
                "MBNUM": 0.0,
                "LWPD": 1.04,
                "SWPD": 0.43,
                "CWPD": 1.47,
                "LWAD": 258.3,
                "SWAD": 106.2,
                "MBWAD": 0.0,
                "PWAD": 0.0,
                "CWAD": 364.5,
                "LAID_LAB": 0.352
            },
            "_id": "68c445408ac547b6574217cc",
            "paid": "68c445408ac547b6574217cc"
        },
        {
            "type": "Feature",
            "geometry": {
                "type": "Polygon",
                "coordinates": [
                    [
                        [
                            -111.97116049,
                            33.0672995
                        ],
                        [
                            -111.97122594,
                            33.06729899
                        ],
                        [
                            -111.9712259,
                            33.06733507
                        ],
                        [
                            -111.97116045,
                            33.06733558
                        ],
                        [
                            -111.97116049,
                            33.0672995
                        ]
                    ]
                ]
            },
            "properties": {
                "pa_label": "p306-S02",
                "PSDATE": "2003-06-02",
                "PHTD": 0.14,
                "STDD": 4.1,
                "MSNODE": 4.0,
                "VBNUM": 2.0,
                "VBNODE": 0.0,
                "SQRNUM": 0.0,
                "FLRNUM": 0.0,
                "GBNUM": 0.0,
                "MBNUM": 0.0,
                "LWPD": 0.97,
                "SWPD": 0.42,
                "CWPD": 1.38,
                "LWAD": 119.0,
                "SWAD": 51.3,
                "MBWAD": 0.0,
                "PWAD": 0.0,
                "CWAD": 170.3,
                "LAID_LAB": 0.198
            },
            "_id": "68c445408ac547b6574217de",
            "paid": "68c445408ac547b6574217de"
        },
        {
            "type": "Feature",
            "geometry": {
                "type": "Polygon",
                "coordinates": [
                    [
                        [
                            -111.97109568,
                            33.06729819
                        ],
                        [
                            -111.97109568,
                            33.06733426
                        ],
                        [
                            -111.97103033,
                            33.06733477
                        ],
                        [
                            -111.97103036,
                            33.0672987
                        ],
                        [
                            -111.97109568,
                            33.06729819
                        ]
                    ]
                ]
            },
            "properties": {
                "pa_label": "p307-S02",
                "PSDATE": "2003-06-02",
                "PHTD": 0.12,
                "STDD": 3.7,
                "MSNODE": 6.0,
                "VBNUM": 0.0,
                "VBNODE": 0.0,
                "SQRNUM": 0.0,
                "FLRNUM": 0.0,
                "GBNUM": 0.0,
                "MBNUM": 0.0,
                "LWPD": 0.96,
                "SWPD": 0.43,
                "CWPD": 1.39,
                "LWAD": 111.6,
                "SWAD": 49.9,
                "MBWAD": 0.0,
                "PWAD": 0.0,
                "CWAD": 161.5,
                "LAID_LAB": 0.176
            },
            "_id": "68c445408ac547b6574217f0",
            "paid": "68c445408ac547b6574217f0"
        },
        {
            "type": "Feature",
            "geometry": {
                "type": "Polygon",
                "coordinates": [
                    [
                        [
                            -111.97090064,
                            33.06729787
                        ],
                        [
                            -111.97096582,
                            33.06729737
                        ],
                        [
                            -111.97096575,
                            33.06733344
                        ],
                        [
                            -111.97090057,
                            33.06733395
                        ],
                        [
                            -111.97090064,
                            33.06729787
                        ]
                    ]
                ]
            },
            "properties": {
                "pa_label": "p308-S02",
                "PSDATE": "2003-06-02",
                "PHTD": 0.19,
                "STDD": 5.2,
                "MSNODE": 8.0,
                "PFNODE": 6.0,
                "VBNUM": 1.0,
                "VBNODE": 0.0,
                "SQRNUM": 0.2,
                "FLRNUM": 0.0,
                "GBNUM": 0.0,
                "MBNUM": 0.0,
                "LWPD": 0.9,
                "SWPD": 0.46,
                "CWPD": 1.36,
                "LWAD": 204.7,
                "SWAD": 103.5,
                "MBWAD": 0.0,
                "PWAD": 0.4,
                "CWAD": 308.6,
                "LAID_LAB": 0.321
            },
            "_id": "68c445408ac547b657421802",
            "paid": "68c445408ac547b657421802"
        },
        {
            "type": "Feature",
            "geometry": {
                "type": "Polygon",
                "coordinates": [
                    [
                        [
                            -111.97187724,
                            33.06710108
                        ],
                        [
                            -111.97187714,
                            33.06713716
                        ],
                        [
                            -111.97181187,
                            33.06713767
                        ],
                        [
                            -111.971812,
                            33.06710159
                        ],
                        [
                            -111.97187724,
                            33.06710108
                        ]
                    ]
                ]
            },
            "properties": {
                "pa_label": "p401-S02",
                "PSDATE": "2003-06-02",
                "PHTD": 0.135,
                "STDD": 4.4,
                "MSNODE": 5.0,
                "VBNUM": 1.0,
                "VBNODE": 0.0,
                "SQRNUM": 0.0,
                "FLRNUM": 0.0,
                "GBNUM": 0.0,
                "MBNUM": 0.0,
                "LWPD": 0.66,
                "SWPD": 0.24,
                "CWPD": 0.89,
                "LWAD": 31.6,
                "SWAD": 11.3,
                "MBWAD": 0.0,
                "PWAD": 0.0,
                "CWAD": 42.9,
                "LAID_LAB": 0.041
            },
            "_id": "68c445408ac547b657421814",
            "paid": "68c445408ac547b657421814"
        },
        {
            "type": "Feature",
            "geometry": {
                "type": "Polygon",
                "coordinates": [
                    [
                        [
                            -111.97168138,
                            33.06710081
                        ],
                        [
                            -111.97174663,
                            33.06710031
                        ],
                        [
                            -111.97174658,
                            33.06713638
                        ],
                        [
                            -111.97168137,
                            33.06713689
                        ],
                        [
                            -111.97168138,
                            33.06710081
                        ]
                    ]
                ]
            },
            "properties": {
                "pa_label": "p402-S02",
                "PSDATE": "2003-06-02",
                "PHTD": 0.065,
                "STDD": 3.8,
                "MSNODE": 2.0,
                "VBNUM": 1.0,
                "VBNODE": 0.0,
                "SQRNUM": 0.0,
                "FLRNUM": 0.0,
                "GBNUM": 0.0,
                "MBNUM": 0.0,
                "LWPD": 0.8,
                "SWPD": 0.29,
                "CWPD": 1.09,
                "LWAD": 90.1,
                "SWAD": 33.3,
                "MBWAD": 0.0,
                "PWAD": 0.0,
                "CWAD": 123.5,
                "LAID_LAB": 0.139
            },
            "_id": "68c445408ac547b657421826",
            "paid": "68c445408ac547b657421826"
        },
        {
            "type": "Feature",
            "geometry": {
                "type": "Polygon",
                "coordinates": [
                    [
                        [
                            -111.97161609,
                            33.0670997
                        ],
                        [
                            -111.97161607,
                            33.06713577
                        ],
                        [
                            -111.97155092,
                            33.06713628
                        ],
                        [
                            -111.97155096,
                            33.0671002
                        ],
                        [
                            -111.97161609,
                            33.0670997
                        ]
                    ]
                ]
            },
            "properties": {
                "pa_label": "p403-S02",
                "PSDATE": "2003-06-02",
                "PHTD": 0.16,
                "STDD": 4.8,
                "MSNODE": 5.0,
                "VBNUM": 2.0,
                "VBNODE": 0.0,
                "SQRNUM": 0.0,
                "FLRNUM": 0.0,
                "GBNUM": 0.0,
                "MBNUM": 0.0,
                "LWPD": 1.11,
                "SWPD": 0.43,
                "CWPD": 1.54,
                "LWAD": 244.2,
                "SWAD": 95.0,
                "MBWAD": 0.0,
                "PWAD": 0.0,
                "CWAD": 339.2,
                "LAID_LAB": 0.334
            },
            "_id": "68c445408ac547b657421838",
            "paid": "68c445408ac547b657421838"
        },
        {
            "type": "Feature",
            "geometry": {
                "type": "Polygon",
                "coordinates": [
                    [
                        [
                            -111.97142134,
                            33.06709924
                        ],
                        [
                            -111.97148675,
                            33.06709873
                        ],
                        [
                            -111.97148667,
                            33.06713481
                        ],
                        [
                            -111.97142126,
                            33.06713532
                        ],
                        [
                            -111.97142134,
                            33.06709924
                        ]
                    ]
                ]
            },
            "properties": {
                "pa_label": "p404-S02",
                "PSDATE": "2003-06-02",
                "PHTD": 0.095,
                "STDD": 3.0,
                "MSNODE": 3.0,
                "VBNUM": 1.0,
                "VBNODE": 0.0,
                "SQRNUM": 0.0,
                "FLRNUM": 0.0,
                "GBNUM": 0.0,
                "MBNUM": 0.0,
                "LWPD": 0.72,
                "SWPD": 0.29,
                "CWPD": 1.01,
                "LWAD": 78.1,
                "SWAD": 31.1,
                "MBWAD": 0.0,
                "PWAD": 0.0,
                "CWAD": 109.2,
                "LAID_LAB": 0.109
            },
            "_id": "68c445408ac547b65742184a",
            "paid": "68c445408ac547b65742184a"
        },
        {
            "type": "Feature",
            "geometry": {
                "type": "Polygon",
                "coordinates": [
                    [
                        [
                            -111.97135613,
                            33.06709809
                        ],
                        [
                            -111.97135613,
                            33.06713417
                        ],
                        [
                            -111.97129074,
                            33.06713468
                        ],
                        [
                            -111.97129079,
                            33.0670986
                        ],
                        [
                            -111.97135613,
                            33.06709809
                        ]
                    ]
                ]
            },
            "properties": {
                "pa_label": "p405-S02",
                "PSDATE": "2003-06-02",
                "PHTD": 0.13,
                "STDD": 3.8,
                "MSNODE": 4.0,
                "VBNUM": 2.0,
                "VBNODE": 0.0,
                "SQRNUM": 0.0,
                "FLRNUM": 0.0,
                "GBNUM": 0.0,
                "MBNUM": 0.0,
                "LWPD": 0.98,
                "SWPD": 0.45,
                "CWPD": 1.43,
                "LWAD": 231.0,
                "SWAD": 105.3,
                "MBWAD": 0.0,
                "PWAD": 0.0,
                "CWAD": 336.4,
                "LAID_LAB": 0.338
            },
            "_id": "68c445408ac547b65742185c",
            "paid": "68c445408ac547b65742185c"
        },
        {
            "type": "Feature",
            "geometry": {
                "type": "Polygon",
                "coordinates": [
                    [
                        [
                            -111.97116078,
                            33.06709769
                        ],
                        [
                            -111.97122634,
                            33.06709718
                        ],
                        [
                            -111.97122625,
                            33.06713325
                        ],
                        [
                            -111.9711607,
                            33.06713376
                        ],
                        [
                            -111.97116078,
                            33.06709769
                        ]
                    ]
                ]
            },
            "properties": {
                "pa_label": "p406-S02",
                "PSDATE": "2003-06-02",
                "PHTD": 0.11,
                "STDD": 3.7,
                "MSNODE": 3.0,
                "VBNUM": 1.0,
                "VBNODE": 0.0,
                "SQRNUM": 0.0,
                "FLRNUM": 0.0,
                "GBNUM": 0.0,
                "MBNUM": 0.0,
                "LWPD": 0.81,
                "SWPD": 0.38,
                "CWPD": 1.19,
                "LWAD": 92.9,
                "SWAD": 43.0,
                "MBWAD": 0.0,
                "PWAD": 0.0,
                "CWAD": 135.9,
                "LAID_LAB": 0.125
            },
            "_id": "68c445408ac547b65742186e",
            "paid": "68c445408ac547b65742186e"
        },
        {
            "type": "Feature",
            "geometry": {
                "type": "Polygon",
                "coordinates": [
                    [
                        [
                            -111.97109572,
                            33.06709658
                        ],
                        [
                            -111.97109572,
                            33.06713266
                        ],
                        [
                            -111.97103059,
                            33.06713316
                        ],
                        [
                            -111.97103061,
                            33.06709709
                        ],
                        [
                            -111.97109572,
                            33.06709658
                        ]
                    ]
                ]
            },
            "properties": {
                "pa_label": "p407-S02",
                "PSDATE": "2003-06-02",
                "PHTD": 0.14,
                "STDD": 4.1,
                "MSNODE": 4.0,
                "VBNUM": 2.0,
                "VBNODE": 0.0,
                "SQRNUM": 0.0,
                "FLRNUM": 0.0,
                "GBNUM": 0.0,
                "MBNUM": 0.0,
                "LWPD": 0.84,
                "SWPD": 0.34,
                "CWPD": 1.18,
                "LWAD": 41.7,
                "SWAD": 17.0,
                "MBWAD": 0.0,
                "PWAD": 0.0,
                "CWAD": 58.7,
                "LAID_LAB": 0.053
            },
            "_id": "68c445408ac547b657421880",
            "paid": "68c445408ac547b657421880"
        },
        {
            "type": "Feature",
            "geometry": {
                "type": "Polygon",
                "coordinates": [
                    [
                        [
                            -111.97090096,
                            33.06709603
                        ],
                        [
                            -111.97096601,
                            33.06709552
                        ],
                        [
                            -111.97096594,
                            33.0671316
                        ],
                        [
                            -111.9709009,
                            33.0671321
                        ],
                        [
                            -111.97090096,
                            33.06709603
                        ]
                    ]
                ]
            },
            "properties": {
                "pa_label": "p408-S02",
                "PSDATE": "2003-06-02",
                "PHTD": 0.11,
                "STDD": 3.5,
                "MSNODE": 3.0,
                "VBNUM": 0.0,
                "VBNODE": 0.0,
                "SQRNUM": 0.0,
                "FLRNUM": 0.0,
                "GBNUM": 0.0,
                "MBNUM": 0.0,
                "LWPD": 0.74,
                "SWPD": 0.32,
                "CWPD": 1.05,
                "LWAD": 86.9,
                "SWAD": 37.6,
                "MBWAD": 0.0,
                "PWAD": 0.0,
                "CWAD": 124.5,
                "LAID_LAB": 0.122
            },
            "_id": "68c445408ac547b657421892",
            "paid": "68c445408ac547b657421892"
        },
        {
            "type": "Feature",
            "geometry": {
                "type": "Polygon",
                "coordinates": [
                    [
                        [
                            -111.97187593,
                            33.06777126
                        ],
                        [
                            -111.97187587,
                            33.06780734
                        ],
                        [
                            -111.97181049,
                            33.06780785
                        ],
                        [
                            -111.97181058,
                            33.06777177
                        ],
                        [
                            -111.97187593,
                            33.06777126
                        ]
                    ]
                ]
            },
            "properties": {
                "pa_label": "p101-S03",
                "PSDATE": "2003-06-09",
                "PHTD": 0.2,
                "STDD": 7.0,
                "MSNODE": 9.0,
                "PFNODE": 4.0,
                "VBNUM": 1.0,
                "VBNODE": 6.0,
                "SQRNUM": 1.2,
                "FLRNUM": 0.0,
                "GBNUM": 0.0,
                "MBNUM": 0.0,
                "LWPD": 2.58,
                "SWPD": 1.28,
                "CWPD": 3.86,
                "LWAD": 133.7,
                "SWAD": 66.4,
                "MBWAD": 0.0,
                "PWAD": 0.4,
                "CWAD": 200.5,
                "LAID_LAB": 0.194
            },
            "_id": "68c445408ac547b657421665",
            "paid": "68c445408ac547b657421665"
        },
        {
            "type": "Feature",
            "geometry": {
                "type": "Polygon",
                "coordinates": [
                    [
                        [
                            -111.97168048,
                            33.06777095
                        ],
                        [
                            -111.97174565,
                            33.06777045
                        ],
                        [
                            -111.9717456,
                            33.06780652
                        ],
                        [
                            -111.97168043,
                            33.06780703
                        ],
                        [
                            -111.97168048,
                            33.06777095
                        ]
                    ]
                ]
            },
            "properties": {
                "pa_label": "p102-S03",
                "PSDATE": "2003-06-09",
                "PHTD": 0.18,
                "STDD": 4.6,
                "MSNODE": 6.0,
                "PFNODE": 4.0,
                "VBNUM": 0.0,
                "VBNODE": 0.0,
                "SQRNUM": 0.0,
                "FLRNUM": 0.0,
                "GBNUM": 0.0,
                "MBNUM": 0.0,
                "LWPD": 1.26,
                "SWPD": 0.6,
                "CWPD": 1.86,
                "LWAD": 119.0,
                "SWAD": 56.9,
                "MBWAD": 0.0,
                "PWAD": 0.0,
                "CWAD": 176.0,
                "LAID_LAB": 0.181
            },
            "_id": "68c445408ac547b657421677",
            "paid": "68c445408ac547b657421677"
        },
        {
            "type": "Feature",
            "geometry": {
                "type": "Polygon",
                "coordinates": [
                    [
                        [
                            -111.97161533,
                            33.06776968
                        ],
                        [
                            -111.97161529,
                            33.06780576
                        ],
                        [
                            -111.97155009,
                            33.06780627
                        ],
                        [
                            -111.97155013,
                            33.06777019
                        ],
                        [
                            -111.97161533,
                            33.06776968
                        ]
                    ]
                ]
            },
            "properties": {
                "pa_label": "p103-S03",
                "PSDATE": "2003-06-09",
                "PHTD": 0.137,
                "STDD": 4.0,
                "MSNODE": 9.0,
                "PFNODE": 6.0,
                "VBNUM": 1.0,
                "VBNODE": 0.0,
                "SQRNUM": 0.0,
                "FLRNUM": 0.0,
                "GBNUM": 0.0,
                "MBNUM": 0.0,
                "LWPD": 1.75,
                "SWPD": 0.94,
                "CWPD": 2.69,
                "LWAD": 394.0,
                "SWAD": 211.6,
                "MBWAD": 0.0,
                "PWAD": 0.0,
                "CWAD": 605.6,
                "LAID_LAB": 0.511
            },
            "_id": "68c445408ac547b657421689",
            "paid": "68c445408ac547b657421689"
        },
        {
            "type": "Feature",
            "geometry": {
                "type": "Polygon",
                "coordinates": [
                    [
                        [
                            -111.97148529,
                            33.06776917
                        ],
                        [
                            -111.97148519,
                            33.06780525
                        ],
                        [
                            -111.9714195,
                            33.06780576
                        ],
                        [
                            -111.97141966,
                            33.06776969
                        ],
                        [
                            -111.97148529,
                            33.06776917
                        ]
                    ]
                ]
            },
            "properties": {
                "pa_label": "p104-S03",
                "PSDATE": "2003-06-09",
                "PHTD": 0.16,
                "STDD": 5.2,
                "MSNODE": 8.0,
                "PFNODE": 7.0,
                "VBNUM": 2.0,
                "VBNODE": 0.0,
                "SQRNUM": 0.2,
                "FLRNUM": 0.0,
                "GBNUM": 0.0,
                "MBNUM": 0.0,
                "LWPD": 1.83,
                "SWPD": 0.97,
                "CWPD": 2.8,
                "LWAD": 222.0,
                "SWAD": 118.0,
                "MBWAD": 0.0,
                "PWAD": 0.0,
                "CWAD": 340.0,
                "LAID_LAB": 0.331
            },
            "_id": "68c445408ac547b65742169b",
            "paid": "68c445408ac547b65742169b"
        },
        {
            "type": "Feature",
            "geometry": {
                "type": "Polygon",
                "coordinates": [
                    [
                        [
                            -111.97128944,
                            33.0677683
                        ],
                        [
                            -111.97135489,
                            33.06776779
                        ],
                        [
                            -111.97135482,
                            33.06780387
                        ],
                        [
                            -111.97128937,
                            33.06780438
                        ],
                        [
                            -111.97128944,
                            33.0677683
                        ]
                    ]
                ]
            },
            "properties": {
                "pa_label": "p105-S03",
                "PSDATE": "2003-06-09",
                "PHTD": 0.215,
                "STDD": 6.4,
                "MSNODE": 6.0,
                "VBNUM": 4.0,
                "VBNODE": 0.0,
                "SQRNUM": 0.0,
                "FLRNUM": 0.0,
                "GBNUM": 0.0,
                "MBNUM": 0.0,
                "LWPD": 1.92,
                "SWPD": 1.08,
                "CWPD": 3.0,
                "LWAD": 451.9,
                "SWAD": 253.7,
                "MBWAD": 0.0,
                "PWAD": 0.0,
                "CWAD": 705.6,
                "LAID_LAB": 0.757
            },
            "_id": "68c445408ac547b6574216ad",
            "paid": "68c445408ac547b6574216ad"
        },
        {
            "type": "Feature",
            "geometry": {
                "type": "Polygon",
                "coordinates": [
                    [
                        [
                            -111.97122492,
                            33.06776681
                        ],
                        [
                            -111.97122485,
                            33.06780289
                        ],
                        [
                            -111.97115941,
                            33.0678034
                        ],
                        [
                            -111.97115949,
                            33.06776732
                        ],
                        [
                            -111.97122492,
                            33.06776681
                        ]
                    ]
                ]
            },
            "properties": {
                "pa_label": "p106-S03",
                "PSDATE": "2003-06-09",
                "PHTD": 0.21,
                "STDD": 4.8,
                "MSNODE": 6.0,
                "PFNODE": 5.0,
                "VBNUM": 0.0,
                "VBNODE": 0.0,
                "SQRNUM": 1.0,
                "FLRNUM": 0.0,
                "GBNUM": 0.0,
                "MBNUM": 0.0,
                "LWPD": 1.83,
                "SWPD": 0.91,
                "CWPD": 2.75,
                "LWAD": 223.6,
                "SWAD": 110.8,
                "MBWAD": 0.0,
                "PWAD": 1.8,
                "CWAD": 336.3,
                "LAID_LAB": 0.351
            },
            "_id": "68c445408ac547b6574216bf",
            "paid": "68c445408ac547b6574216bf"
        },
        {
            "type": "Feature",
            "geometry": {
                "type": "Polygon",
                "coordinates": [
                    [
                        [
                            -111.97109558,
                            33.06776662
                        ],
                        [
                            -111.97109559,
                            33.0678027
                        ],
                        [
                            -111.97102967,
                            33.06780321
                        ],
                        [
                            -111.9710298,
                            33.06776713
                        ],
                        [
                            -111.97109558,
                            33.06776662
                        ]
                    ]
                ]
            },
            "properties": {
                "pa_label": "p107-S03",
                "PSDATE": "2003-06-09",
                "PHTD": 0.15,
                "STDD": 4.2,
                "MSNODE": 7.0,
                "PFNODE": 5.0,
                "VBNUM": 0.0,
                "VBNODE": 0.0,
                "SQRNUM": 0.0,
                "FLRNUM": 0.0,
                "GBNUM": 0.0,
                "MBNUM": 0.0,
                "LWPD": 2.09,
                "SWPD": 1.08,
                "CWPD": 3.18,
                "LWAD": 239.8,
                "SWAD": 124.3,
                "MBWAD": 0.0,
                "PWAD": 0.8,
                "CWAD": 364.9,
                "LAID_LAB": 0.422
            },
            "_id": "68c445408ac547b6574216d1",
            "paid": "68c445408ac547b6574216d1"
        },
        {
            "type": "Feature",
            "geometry": {
                "type": "Polygon",
                "coordinates": [
                    [
                        [
                            -111.97096537,
                            33.06776524
                        ],
                        [
                            -111.97096535,
                            33.06780131
                        ],
                        [
                            -111.97090004,
                            33.06780182
                        ],
                        [
                            -111.97090025,
                            33.06776575
                        ],
                        [
                            -111.97096537,
                            33.06776524
                        ]
                    ]
                ]
            },
            "properties": {
                "pa_label": "p108-S03",
                "PSDATE": "2003-06-09",
                "PHTD": 0.21,
                "STDD": 5.1,
                "MSNODE": 6.0,
                "PFNODE": 4.0,
                "VBNUM": 1.0,
                "VBNODE": 0.0,
                "SQRNUM": 0.3,
                "FLRNUM": 0.0,
                "GBNUM": 0.0,
                "MBNUM": 0.0,
                "LWPD": 1.63,
                "SWPD": 0.79,
                "CWPD": 2.43,
                "LWAD": 195.1,
                "SWAD": 94.6,
                "MBWAD": 0.0,
                "PWAD": 0.8,
                "CWAD": 290.5,
                "LAID_LAB": 0.279
            },
            "_id": "68c445408ac547b6574216e3",
            "paid": "68c445408ac547b6574216e3"
        },
        {
            "type": "Feature",
            "geometry": {
                "type": "Polygon",
                "coordinates": [
                    [
                        [
                            -111.97187636,
                            33.06757231
                        ],
                        [
                            -111.97187629,
                            33.06760839
                        ],
                        [
                            -111.97181097,
                            33.06760889
                        ],
                        [
                            -111.97181104,
                            33.06757282
                        ],
                        [
                            -111.97187636,
                            33.06757231
                        ]
                    ]
                ]
            },
            "properties": {
                "pa_label": "p201-S03",
                "PSDATE": "2003-06-09",
                "PHTD": 0.191,
                "STDD": 5.5,
                "MSNODE": 8.0,
                "PFNODE": 3.0,
                "VBNUM": 1.0,
                "VBNODE": 0.0,
                "SQRNUM": 0.3,
                "FLRNUM": 0.0,
                "GBNUM": 0.0,
                "MBNUM": 0.0,
                "LWPD": 1.44,
                "SWPD": 0.74,
                "CWPD": 2.18,
                "LWAD": 317.4,
                "SWAD": 162.2,
                "MBWAD": 0.0,
                "PWAD": 0.4,
                "CWAD": 480.0,
                "LAID_LAB": 0.574
            },
            "_id": "68c445408ac547b6574216f5",
            "paid": "68c445408ac547b6574216f5"
        },
        {
            "type": "Feature",
            "geometry": {
                "type": "Polygon",
                "coordinates": [
                    [
                        [
                            -111.97174604,
                            33.06757132
                        ],
                        [
                            -111.97174589,
                            33.0676074
                        ],
                        [
                            -111.97168063,
                            33.06760791
                        ],
                        [
                            -111.97168092,
                            33.06757183
                        ],
                        [
                            -111.97174604,
                            33.06757132
                        ]
                    ]
                ]
            },
            "properties": {
                "pa_label": "p202-S03",
                "PSDATE": "2003-06-09",
                "PHTD": 0.184,
                "STDD": 6.4,
                "MSNODE": 4.0,
                "PFNODE": 4.0,
                "VBNUM": 3.0,
                "VBNODE": 1.0,
                "SQRNUM": 0.0,
                "FLRNUM": 0.0,
                "GBNUM": 0.0,
                "MBNUM": 0.0,
                "LWPD": 1.24,
                "SWPD": 0.6,
                "CWPD": 1.84,
                "LWAD": 156.0,
                "SWAD": 74.8,
                "MBWAD": 0.0,
                "PWAD": 0.0,
                "CWAD": 230.8,
                "LAID_LAB": 0.228
            },
            "_id": "68c445408ac547b657421707",
            "paid": "68c445408ac547b657421707"
        },
        {
            "type": "Feature",
            "geometry": {
                "type": "Polygon",
                "coordinates": [
                    [
                        [
                            -111.97155004,
                            33.06757057
                        ],
                        [
                            -111.97161523,
                            33.06757007
                        ],
                        [
                            -111.97161508,
                            33.06760614
                        ],
                        [
                            -111.97155011,
                            33.06760665
                        ],
                        [
                            -111.97155004,
                            33.06757057
                        ]
                    ]
                ]
            },
            "properties": {
                "pa_label": "p203-S03",
                "PSDATE": "2003-06-09",
                "PHTD": 0.166,
                "STDD": 5.5,
                "MSNODE": 7.0,
                "PFNODE": 3.0,
                "VBNUM": 1.0,
                "VBNODE": 1.0,
                "SQRNUM": 0.0,
                "FLRNUM": 0.0,
                "GBNUM": 0.0,
                "MBNUM": 0.0,
                "LWPD": 1.54,
                "SWPD": 0.76,
                "CWPD": 2.31,
                "LWAD": 166.9,
                "SWAD": 82.6,
                "MBWAD": 0.0,
                "PWAD": 0.2,
                "CWAD": 249.7,
                "LAID_LAB": 0.239
            },
            "_id": "68c445408ac547b657421719",
            "paid": "68c445408ac547b657421719"
        },
        {
            "type": "Feature",
            "geometry": {
                "type": "Polygon",
                "coordinates": [
                    [
                        [
                            -111.9714203,
                            33.06756971
                        ],
                        [
                            -111.97148582,
                            33.0675692
                        ],
                        [
                            -111.97148572,
                            33.06760528
                        ],
                        [
                            -111.97142021,
                            33.06760579
                        ],
                        [
                            -111.9714203,
                            33.06756971
                        ]
                    ]
                ]
            },
            "properties": {
                "pa_label": "p204-S03",
                "PSDATE": "2003-06-09",
                "PHTD": 0.258,
                "STDD": 5.8,
                "MSNODE": 10.0,
                "PFNODE": 5.0,
                "VBNUM": 1.0,
                "VBNODE": 0.0,
                "SQRNUM": 0.2,
                "FLRNUM": 0.0,
                "GBNUM": 0.0,
                "MBNUM": 0.0,
                "LWPD": 1.98,
                "SWPD": 1.08,
                "CWPD": 3.07,
                "LWAD": 479.1,
                "SWAD": 261.9,
                "MBWAD": 0.0,
                "PWAD": 0.8,
                "CWAD": 741.9,
                "LAID_LAB": 0.681
            },
            "_id": "68c445408ac547b65742172b",
            "paid": "68c445408ac547b65742172b"
        },
        {
            "type": "Feature",
            "geometry": {
                "type": "Polygon",
                "coordinates": [
                    [
                        [
                            -111.97135527,
                            33.06756811
                        ],
                        [
                            -111.97135526,
                            33.06760418
                        ],
                        [
                            -111.97128981,
                            33.06760469
                        ],
                        [
                            -111.9712899,
                            33.06756862
                        ],
                        [
                            -111.97135527,
                            33.06756811
                        ]
                    ]
                ]
            },
            "properties": {
                "pa_label": "p205-S03",
                "PSDATE": "2003-06-09",
                "PHTD": 0.186,
                "STDD": 6.1,
                "MSNODE": 7.0,
                "PFNODE": 1.0,
                "VBNUM": 1.0,
                "VBNODE": 2.0,
                "SQRNUM": 1.5,
                "FLRNUM": 0.0,
                "GBNUM": 0.0,
                "MBNUM": 0.0,
                "LWPD": 2.08,
                "SWPD": 1.01,
                "CWPD": 3.1,
                "LWAD": 102.5,
                "SWAD": 49.8,
                "MBWAD": 0.0,
                "PWAD": 0.1,
                "CWAD": 152.4,
                "LAID_LAB": 0.138
            },
            "_id": "68c445408ac547b65742173d",
            "paid": "68c445408ac547b65742173d"
        },
        {
            "type": "Feature",
            "geometry": {
                "type": "Polygon",
                "coordinates": [
                    [
                        [
                            -111.97115981,
                            33.06756766
                        ],
                        [
                            -111.9712253,
                            33.06756715
                        ],
                        [
                            -111.97122523,
                            33.06760323
                        ],
                        [
                            -111.97115975,
                            33.06760374
                        ],
                        [
                            -111.97115981,
                            33.06756766
                        ]
                    ]
                ]
            },
            "properties": {
                "pa_label": "p206-S03",
                "PSDATE": "2003-06-09",
                "PHTD": 0.132,
                "STDD": 4.7,
                "MSNODE": 8.0,
                "PFNODE": 6.0,
                "VBNUM": 1.0,
                "VBNODE": 0.0,
                "SQRNUM": 0.5,
                "FLRNUM": 0.0,
                "GBNUM": 0.0,
                "MBNUM": 0.0,
                "LWPD": 1.82,
                "SWPD": 0.87,
                "CWPD": 2.69,
                "LWAD": 93.8,
                "SWAD": 44.8,
                "MBWAD": 0.0,
                "PWAD": 0.1,
                "CWAD": 138.6,
                "LAID_LAB": 0.145
            },
            "_id": "68c445408ac547b65742174f",
            "paid": "68c445408ac547b65742174f"
        },
        {
            "type": "Feature",
            "geometry": {
                "type": "Polygon",
                "coordinates": [
                    [
                        [
                            -111.97109537,
                            33.06756618
                        ],
                        [
                            -111.97109539,
                            33.06760225
                        ],
                        [
                            -111.9710302,
                            33.06760276
                        ],
                        [
                            -111.97103019,
                            33.06756668
                        ],
                        [
                            -111.97109537,
                            33.06756618
                        ]
                    ]
                ]
            },
            "properties": {
                "pa_label": "p207-S03",
                "PSDATE": "2003-06-09",
                "PHTD": 0.113,
                "STDD": 3.3,
                "MSNODE": 8.0,
                "PFNODE": 5.0,
                "VBNUM": 0.0,
                "VBNODE": 0.0,
                "SQRNUM": 0.7,
                "FLRNUM": 0.0,
                "GBNUM": 0.0,
                "MBNUM": 0.0,
                "LWPD": 1.34,
                "SWPD": 0.74,
                "CWPD": 2.09,
                "LWAD": 158.5,
                "SWAD": 88.0,
                "MBWAD": 0.0,
                "PWAD": 0.2,
                "CWAD": 246.7,
                "LAID_LAB": 0.234
            },
            "_id": "68c445408ac547b657421761",
            "paid": "68c445408ac547b657421761"
        },
        {
            "type": "Feature",
            "geometry": {
                "type": "Polygon",
                "coordinates": [
                    [
                        [
                            -111.97096531,
                            33.0675651
                        ],
                        [
                            -111.97096521,
                            33.06760118
                        ],
                        [
                            -111.97090006,
                            33.06760169
                        ],
                        [
                            -111.97090018,
                            33.06756561
                        ],
                        [
                            -111.97096531,
                            33.0675651
                        ]
                    ]
                ]
            },
            "properties": {
                "pa_label": "p208-S03",
                "PSDATE": "2003-06-09",
                "PHTD": 0.182,
                "STDD": 5.0,
                "MSNODE": 9.0,
                "PFNODE": 6.0,
                "VBNUM": 0.0,
                "VBNODE": 0.0,
                "SQRNUM": 1.3,
                "FLRNUM": 0.0,
                "GBNUM": 0.0,
                "MBNUM": 0.0,
                "LWPD": 1.34,
                "SWPD": 0.59,
                "CWPD": 1.94,
                "LWAD": 66.3,
                "SWAD": 29.2,
                "MBWAD": 0.0,
                "PWAD": 0.5,
                "CWAD": 96.0,
                "LAID_LAB": 0.095
            },
            "_id": "68c445408ac547b657421773",
            "paid": "68c445408ac547b657421773"
        },
        {
            "type": "Feature",
            "geometry": {
                "type": "Polygon",
                "coordinates": [
                    [
                        [
                            -111.97187688,
                            33.06730302
                        ],
                        [
                            -111.97187683,
                            33.0673391
                        ],
                        [
                            -111.97181172,
                            33.0673396
                        ],
                        [
                            -111.97181177,
                            33.06730353
                        ],
                        [
                            -111.97187688,
                            33.06730302
                        ]
                    ]
                ]
            },
            "properties": {
                "pa_label": "p301-S03",
                "PSDATE": "2003-06-09",
                "PHTD": 0.159,
                "STDD": 4.2,
                "MSNODE": 9.0,
                "PFNODE": 6.0,
                "VBNUM": 0.0,
                "VBNODE": 0.0,
                "SQRNUM": 1.8,
                "FLRNUM": 0.0,
                "GBNUM": 0.0,
                "MBNUM": 0.0,
                "LWPD": 2.1,
                "SWPD": 1.08,
                "CWPD": 3.21,
                "LWAD": 230.6,
                "SWAD": 119.0,
                "MBWAD": 0.0,
                "PWAD": 2.4,
                "CWAD": 352.0,
                "LAID_LAB": 0.361
            },
            "_id": "68c445408ac547b657421785",
            "paid": "68c445408ac547b657421785"
        },
        {
            "type": "Feature",
            "geometry": {
                "type": "Polygon",
                "coordinates": [
                    [
                        [
                            -111.9717462,
                            33.06730236
                        ],
                        [
                            -111.97174612,
                            33.06733844
                        ],
                        [
                            -111.9716806,
                            33.06733895
                        ],
                        [
                            -111.97168072,
                            33.06730287
                        ],
                        [
                            -111.9717462,
                            33.06730236
                        ]
                    ]
                ]
            },
            "properties": {
                "pa_label": "p302-S03",
                "PSDATE": "2003-06-09",
                "PHTD": 0.191,
                "STDD": 5.5,
                "MSNODE": 8.0,
                "PFNODE": 4.0,
                "VBNUM": 1.0,
                "VBNODE": 0.0,
                "SQRNUM": 0.3,
                "FLRNUM": 0.0,
                "GBNUM": 0.0,
                "MBNUM": 0.0,
                "LWPD": 1.37,
                "SWPD": 0.66,
                "CWPD": 2.04,
                "LWAD": 157.6,
                "SWAD": 76.3,
                "MBWAD": 0.0,
                "PWAD": 0.4,
                "CWAD": 234.2,
                "LAID_LAB": 0.223
            },
            "_id": "68c445408ac547b657421797",
            "paid": "68c445408ac547b657421797"
        },
        {
            "type": "Feature",
            "geometry": {
                "type": "Polygon",
                "coordinates": [
                    [
                        [
                            -111.97161629,
                            33.06730059
                        ],
                        [
                            -111.97161636,
                            33.06733666
                        ],
                        [
                            -111.9715507,
                            33.06733718
                        ],
                        [
                            -111.97155072,
                            33.0673011
                        ],
                        [
                            -111.97161629,
                            33.06730059
                        ]
                    ]
                ]
            },
            "properties": {
                "pa_label": "p303-S03",
                "PSDATE": "2003-06-09",
                "PHTD": 0.218,
                "STDD": 6.5,
                "MSNODE": 11.0,
                "PFNODE": 5.0,
                "VBNUM": 0.0,
                "VBNODE": 0.0,
                "SQRNUM": 1.0,
                "FLRNUM": 0.0,
                "GBNUM": 0.0,
                "MBNUM": 0.0,
                "LWPD": 2.6,
                "SWPD": 1.31,
                "CWPD": 3.92,
                "LWAD": 137.3,
                "SWAD": 69.3,
                "MBWAD": 0.0,
                "PWAD": 0.6,
                "CWAD": 207.2,
                "LAID_LAB": 0.214
            },
            "_id": "68c445408ac547b6574217a9",
            "paid": "68c445408ac547b6574217a9"
        },
        {
            "type": "Feature",
            "geometry": {
                "type": "Polygon",
                "coordinates": [
                    [
                        [
                            -111.97142099,
                            33.06730122
                        ],
                        [
                            -111.97148642,
                            33.06730071
                        ],
                        [
                            -111.97148637,
                            33.06733679
                        ],
                        [
                            -111.97142098,
                            33.06733729
                        ],
                        [
                            -111.97142099,
                            33.06730122
                        ]
                    ]
                ]
            },
            "properties": {
                "pa_label": "p304-S03",
                "PSDATE": "2003-06-09",
                "PHTD": 0.192,
                "STDD": 6.6,
                "MSNODE": 7.0,
                "PFNODE": 5.0,
                "VBNUM": 1.0,
                "VBNODE": 0.0,
                "SQRNUM": 0.8,
                "FLRNUM": 0.0,
                "GBNUM": 0.0,
                "MBNUM": 0.0,
                "LWPD": 2.42,
                "SWPD": 1.17,
                "CWPD": 3.6,
                "LWAD": 123.2,
                "SWAD": 59.7,
                "MBWAD": 0.0,
                "PWAD": 0.2,
                "CWAD": 183.1,
                "LAID_LAB": 0.194
            },
            "_id": "68c445408ac547b6574217bb",
            "paid": "68c445408ac547b6574217bb"
        },
        {
            "type": "Feature",
            "geometry": {
                "type": "Polygon",
                "coordinates": [
                    [
                        [
                            -111.97135578,
                            33.06729995
                        ],
                        [
                            -111.97135575,
                            33.06733603
                        ],
                        [
                            -111.97129027,
                            33.06733654
                        ],
                        [
                            -111.97129031,
                            33.06730046
                        ],
                        [
                            -111.97135578,
                            33.06729995
                        ]
                    ]
                ]
            },
            "properties": {
                "pa_label": "p305-S03",
                "PSDATE": "2003-06-09",
                "PHTD": 0.15,
                "STDD": 4.9,
                "MSNODE": 6.0,
                "PFNODE": 2.0,
                "VBNUM": 0.0,
                "VBNODE": 0.0,
                "SQRNUM": 0.4,
                "FLRNUM": 0.0,
                "GBNUM": 0.0,
                "MBNUM": 0.0,
                "LWPD": 2.27,
                "SWPD": 1.07,
                "CWPD": 3.34,
                "LWAD": 564.3,
                "SWAD": 265.2,
                "MBWAD": 0.0,
                "PWAD": 1.0,
                "CWAD": 830.5,
                "LAID_LAB": 0.859
            },
            "_id": "68c445408ac547b6574217cd",
            "paid": "68c445408ac547b6574217cd"
        },
        {
            "type": "Feature",
            "geometry": {
                "type": "Polygon",
                "coordinates": [
                    [
                        [
                            -111.97116049,
                            33.0672995
                        ],
                        [
                            -111.97122594,
                            33.06729899
                        ],
                        [
                            -111.9712259,
                            33.06733507
                        ],
                        [
                            -111.97116045,
                            33.06733558
                        ],
                        [
                            -111.97116049,
                            33.0672995
                        ]
                    ]
                ]
            },
            "properties": {
                "pa_label": "p306-S03",
                "PSDATE": "2003-06-09",
                "PHTD": 0.206,
                "STDD": 6.2,
                "MSNODE": 11.0,
                "PFNODE": 9.0,
                "VBNUM": 0.0,
                "VBNODE": 0.0,
                "SQRNUM": 0.2,
                "FLRNUM": 0.0,
                "GBNUM": 0.0,
                "MBNUM": 0.0,
                "LWPD": 1.93,
                "SWPD": 0.95,
                "CWPD": 2.89,
                "LWAD": 238.0,
                "SWAD": 117.2,
                "MBWAD": 0.0,
                "PWAD": 0.2,
                "CWAD": 355.4,
                "LAID_LAB": 0.366
            },
            "_id": "68c445408ac547b6574217df",
            "paid": "68c445408ac547b6574217df"
        },
        {
            "type": "Feature",
            "geometry": {
                "type": "Polygon",
                "coordinates": [
                    [
                        [
                            -111.97109568,
                            33.06729819
                        ],
                        [
                            -111.97109568,
                            33.06733426
                        ],
                        [
                            -111.97103033,
                            33.06733477
                        ],
                        [
                            -111.97103036,
                            33.0672987
                        ],
                        [
                            -111.97109568,
                            33.06729819
                        ]
                    ]
                ]
            },
            "properties": {
                "pa_label": "p307-S03",
                "PSDATE": "2003-06-09",
                "PHTD": 0.19,
                "STDD": 4.9,
                "MSNODE": 8.0,
                "PFNODE": 6.0,
                "VBNUM": 0.0,
                "VBNODE": 0.0,
                "SQRNUM": 0.5,
                "FLRNUM": 0.0,
                "GBNUM": 0.0,
                "MBNUM": 0.0,
                "LWPD": 1.58,
                "SWPD": 0.89,
                "CWPD": 2.48,
                "LWAD": 183.7,
                "SWAD": 102.9,
                "MBWAD": 0.0,
                "PWAD": 0.6,
                "CWAD": 287.1,
                "LAID_LAB": 0.32
            },
            "_id": "68c445408ac547b6574217f1",
            "paid": "68c445408ac547b6574217f1"
        },
        {
            "type": "Feature",
            "geometry": {
                "type": "Polygon",
                "coordinates": [
                    [
                        [
                            -111.97090064,
                            33.06729787
                        ],
                        [
                            -111.97096582,
                            33.06729737
                        ],
                        [
                            -111.97096575,
                            33.06733344
                        ],
                        [
                            -111.97090057,
                            33.06733395
                        ],
                        [
                            -111.97090064,
                            33.06729787
                        ]
                    ]
                ]
            },
            "properties": {
                "pa_label": "p308-S03",
                "PSDATE": "2003-06-09",
                "PHTD": 0.21,
                "STDD": 5.8,
                "MSNODE": 7.0,
                "PFNODE": 6.0,
                "VBNUM": 1.0,
                "VBNODE": 1.0,
                "SQRNUM": 0.2,
                "FLRNUM": 0.0,
                "GBNUM": 0.0,
                "MBNUM": 0.0,
                "LWPD": 2.13,
                "SWPD": 1.06,
                "CWPD": 3.2,
                "LWAD": 484.5,
                "SWAD": 242.3,
                "MBWAD": 0.0,
                "PWAD": 0.8,
                "CWAD": 727.5,
                "LAID_LAB": 0.675
            },
            "_id": "68c445408ac547b657421803",
            "paid": "68c445408ac547b657421803"
        },
        {
            "type": "Feature",
            "geometry": {
                "type": "Polygon",
                "coordinates": [
                    [
                        [
                            -111.97187724,
                            33.06710108
                        ],
                        [
                            -111.97187714,
                            33.06713716
                        ],
                        [
                            -111.97181187,
                            33.06713767
                        ],
                        [
                            -111.971812,
                            33.06710159
                        ],
                        [
                            -111.97187724,
                            33.06710108
                        ]
                    ]
                ]
            },
            "properties": {
                "pa_label": "p401-S03",
                "PSDATE": "2003-06-09",
                "PHTD": 0.135,
                "STDD": 4.6,
                "MSNODE": 6.0,
                "PFNODE": 5.0,
                "VBNUM": 2.0,
                "VBNODE": 0.0,
                "SQRNUM": 0.0,
                "FLRNUM": 0.0,
                "GBNUM": 0.0,
                "MBNUM": 0.0,
                "LWPD": 1.34,
                "SWPD": 0.57,
                "CWPD": 1.91,
                "LWAD": 64.4,
                "SWAD": 27.3,
                "MBWAD": 0.0,
                "PWAD": 0.0,
                "CWAD": 91.7,
                "LAID_LAB": 0.097
            },
            "_id": "68c445408ac547b657421815",
            "paid": "68c445408ac547b657421815"
        },
        {
            "type": "Feature",
            "geometry": {
                "type": "Polygon",
                "coordinates": [
                    [
                        [
                            -111.97168138,
                            33.06710081
                        ],
                        [
                            -111.97174663,
                            33.06710031
                        ],
                        [
                            -111.97174658,
                            33.06713638
                        ],
                        [
                            -111.97168137,
                            33.06713689
                        ],
                        [
                            -111.97168138,
                            33.06710081
                        ]
                    ]
                ]
            },
            "properties": {
                "pa_label": "p402-S03",
                "PSDATE": "2003-06-09",
                "PHTD": 0.22,
                "STDD": 6.5,
                "MSNODE": 8.0,
                "PFNODE": 5.0,
                "VBNUM": 2.0,
                "VBNODE": 0.0,
                "SQRNUM": 0.5,
                "FLRNUM": 0.0,
                "GBNUM": 0.0,
                "MBNUM": 0.0,
                "LWPD": 1.89,
                "SWPD": 0.83,
                "CWPD": 2.73,
                "LWAD": 214.0,
                "SWAD": 93.9,
                "MBWAD": 0.0,
                "PWAD": 0.2,
                "CWAD": 308.1,
                "LAID_LAB": 0.331
            },
            "_id": "68c445408ac547b657421827",
            "paid": "68c445408ac547b657421827"
        },
        {
            "type": "Feature",
            "geometry": {
                "type": "Polygon",
                "coordinates": [
                    [
                        [
                            -111.97161609,
                            33.0670997
                        ],
                        [
                            -111.97161607,
                            33.06713577
                        ],
                        [
                            -111.97155092,
                            33.06713628
                        ],
                        [
                            -111.97155096,
                            33.0671002
                        ],
                        [
                            -111.97161609,
                            33.0670997
                        ]
                    ]
                ]
            },
            "properties": {
                "pa_label": "p403-S03",
                "PSDATE": "2003-06-09",
                "PHTD": 0.17,
                "STDD": 5.3,
                "MSNODE": 7.0,
                "PFNODE": 5.0,
                "VBNUM": 2.0,
                "VBNODE": 0.0,
                "SQRNUM": 0.0,
                "FLRNUM": 0.0,
                "GBNUM": 0.0,
                "MBNUM": 0.0,
                "LWPD": 1.85,
                "SWPD": 0.92,
                "CWPD": 2.77,
                "LWAD": 406.6,
                "SWAD": 203.5,
                "MBWAD": 0.0,
                "PWAD": 0.0,
                "CWAD": 610.1,
                "LAID_LAB": 0.57
            },
            "_id": "68c445408ac547b657421839",
            "paid": "68c445408ac547b657421839"
        },
        {
            "type": "Feature",
            "geometry": {
                "type": "Polygon",
                "coordinates": [
                    [
                        [
                            -111.97142134,
                            33.06709924
                        ],
                        [
                            -111.97148675,
                            33.06709873
                        ],
                        [
                            -111.97148667,
                            33.06713481
                        ],
                        [
                            -111.97142126,
                            33.06713532
                        ],
                        [
                            -111.97142134,
                            33.06709924
                        ]
                    ]
                ]
            },
            "properties": {
                "pa_label": "p404-S03",
                "PSDATE": "2003-06-09",
                "PHTD": 0.2,
                "STDD": 6.0,
                "MSNODE": 8.0,
                "PFNODE": 3.0,
                "VBNUM": 4.0,
                "VBNODE": 0.0,
                "SQRNUM": 0.2,
                "FLRNUM": 0.0,
                "GBNUM": 0.0,
                "MBNUM": 0.0,
                "LWPD": 1.88,
                "SWPD": 0.84,
                "CWPD": 2.71,
                "LWAD": 202.0,
                "SWAD": 90.3,
                "MBWAD": 0.0,
                "PWAD": 0.2,
                "CWAD": 292.5,
                "LAID_LAB": 0.268
            },
            "_id": "68c445408ac547b65742184b",
            "paid": "68c445408ac547b65742184b"
        },
        {
            "type": "Feature",
            "geometry": {
                "type": "Polygon",
                "coordinates": [
                    [
                        [
                            -111.97135613,
                            33.06709809
                        ],
                        [
                            -111.97135613,
                            33.06713417
                        ],
                        [
                            -111.97129074,
                            33.06713468
                        ],
                        [
                            -111.97129079,
                            33.0670986
                        ],
                        [
                            -111.97135613,
                            33.06709809
                        ]
                    ]
                ]
            },
            "properties": {
                "pa_label": "p405-S03",
                "PSDATE": "2003-06-09",
                "PHTD": 0.154,
                "STDD": 4.2,
                "MSNODE": 9.0,
                "PFNODE": 5.0,
                "VBNUM": 0.0,
                "VBNODE": 0.0,
                "SQRNUM": 0.2,
                "FLRNUM": 0.0,
                "GBNUM": 0.0,
                "MBNUM": 0.0,
                "LWPD": 1.33,
                "SWPD": 0.67,
                "CWPD": 2.0,
                "LWAD": 313.2,
                "SWAD": 158.4,
                "MBWAD": 0.0,
                "PWAD": 0.4,
                "CWAD": 471.9,
                "LAID_LAB": 0.495
            },
            "_id": "68c445408ac547b65742185d",
            "paid": "68c445408ac547b65742185d"
        },
        {
            "type": "Feature",
            "geometry": {
                "type": "Polygon",
                "coordinates": [
                    [
                        [
                            -111.97116078,
                            33.06709769
                        ],
                        [
                            -111.97122634,
                            33.06709718
                        ],
                        [
                            -111.97122625,
                            33.06713325
                        ],
                        [
                            -111.9711607,
                            33.06713376
                        ],
                        [
                            -111.97116078,
                            33.06709769
                        ]
                    ]
                ]
            },
            "properties": {
                "pa_label": "p406-S03",
                "PSDATE": "2003-06-09",
                "PHTD": 0.19,
                "STDD": 5.2,
                "MSNODE": 5.0,
                "PFNODE": 5.0,
                "VBNUM": 1.0,
                "VBNODE": 0.0,
                "SQRNUM": 0.5,
                "FLRNUM": 0.0,
                "GBNUM": 0.0,
                "MBNUM": 0.0,
                "LWPD": 1.97,
                "SWPD": 0.95,
                "CWPD": 2.93,
                "LWAD": 226.0,
                "SWAD": 109.3,
                "MBWAD": 0.0,
                "PWAD": 0.6,
                "CWAD": 335.9,
                "LAID_LAB": 0.351
            },
            "_id": "68c445408ac547b65742186f",
            "paid": "68c445408ac547b65742186f"
        },
        {
            "type": "Feature",
            "geometry": {
                "type": "Polygon",
                "coordinates": [
                    [
                        [
                            -111.97109572,
                            33.06709658
                        ],
                        [
                            -111.97109572,
                            33.06713266
                        ],
                        [
                            -111.97103059,
                            33.06713316
                        ],
                        [
                            -111.97103061,
                            33.06709709
                        ],
                        [
                            -111.97109572,
                            33.06709658
                        ]
                    ]
                ]
            },
            "properties": {
                "pa_label": "p407-S03",
                "PSDATE": "2003-06-09",
                "PHTD": 0.24,
                "STDD": 6.7,
                "MSNODE": 11.0,
                "PFNODE": 5.0,
                "VBNUM": 3.0,
                "VBNODE": 0.0,
                "SQRNUM": 1.0,
                "FLRNUM": 0.0,
                "GBNUM": 0.0,
                "MBNUM": 0.0,
                "LWPD": 2.27,
                "SWPD": 0.97,
                "CWPD": 3.25,
                "LWAD": 112.9,
                "SWAD": 48.5,
                "MBWAD": 0.0,
                "PWAD": 0.7,
                "CWAD": 162.1,
                "LAID_LAB": 0.177
            },
            "_id": "68c445408ac547b657421881",
            "paid": "68c445408ac547b657421881"
        },
        {
            "type": "Feature",
            "geometry": {
                "type": "Polygon",
                "coordinates": [
                    [
                        [
                            -111.97090096,
                            33.06709603
                        ],
                        [
                            -111.97096601,
                            33.06709552
                        ],
                        [
                            -111.97096594,
                            33.0671316
                        ],
                        [
                            -111.9709009,
                            33.0671321
                        ],
                        [
                            -111.97090096,
                            33.06709603
                        ]
                    ]
                ]
            },
            "properties": {
                "pa_label": "p408-S03",
                "PSDATE": "2003-06-09",
                "PHTD": 0.166,
                "STDD": 4.6,
                "MSNODE": 8.0,
                "VBNUM": 0.0,
                "VBNODE": 0.0,
                "SQRNUM": 0.0,
                "FLRNUM": 0.0,
                "GBNUM": 0.0,
                "MBNUM": 0.0,
                "LWPD": 1.2,
                "SWPD": 0.61,
                "CWPD": 1.81,
                "LWAD": 141.2,
                "SWAD": 72.0,
                "MBWAD": 0.0,
                "PWAD": 0.0,
                "CWAD": 213.2,
                "LAID_LAB": 0.21
            },
            "_id": "68c445408ac547b657421893",
            "paid": "68c445408ac547b657421893"
        },
        {
            "type": "Feature",
            "geometry": {
                "type": "Polygon",
                "coordinates": [
                    [
                        [
                            -111.97187593,
                            33.06777126
                        ],
                        [
                            -111.97187587,
                            33.06780734
                        ],
                        [
                            -111.97181049,
                            33.06780785
                        ],
                        [
                            -111.97181058,
                            33.06777177
                        ],
                        [
                            -111.97187593,
                            33.06777126
                        ]
                    ]
                ]
            },
            "properties": {
                "pa_label": "p101-S04",
                "PSDATE": "2003-06-16",
                "PHTD": 0.317,
                "STDD": 7.4,
                "MSNODE": 10.0,
                "PFNODE": 5.0,
                "VBNUM": 2.0,
                "VBNODE": 2.0,
                "SQRNUM": 4.8,
                "FLRNUM": 0.0,
                "GBNUM": 0.0,
                "MBNUM": 0.0,
                "LWPD": 4.71,
                "SWPD": 2.78,
                "CWPD": 7.59,
                "LWAD": 244.6,
                "SWAD": 144.4,
                "MBWAD": 0.0,
                "PWAD": 4.6,
                "CWAD": 393.6,
                "LAID_LAB": 0.341
            },
            "_id": "68c445408ac547b657421666",
            "paid": "68c445408ac547b657421666"
        },
        {
            "type": "Feature",
            "geometry": {
                "type": "Polygon",
                "coordinates": [
                    [
                        [
                            -111.97168048,
                            33.06777095
                        ],
                        [
                            -111.97174565,
                            33.06777045
                        ],
                        [
                            -111.9717456,
                            33.06780652
                        ],
                        [
                            -111.97168043,
                            33.06780703
                        ],
                        [
                            -111.97168048,
                            33.06777095
                        ]
                    ]
                ]
            },
            "properties": {
                "pa_label": "p102-S04",
                "PSDATE": "2003-06-16",
                "PHTD": 0.127,
                "STDD": 4.1,
                "MSNODE": 8.0,
                "PFNODE": 5.0,
                "VBNUM": 2.0,
                "VBNODE": 0.0,
                "SQRNUM": 1.5,
                "FLRNUM": 0.0,
                "GBNUM": 0.0,
                "MBNUM": 0.0,
                "LWPD": 2.16,
                "SWPD": 1.24,
                "CWPD": 3.42,
                "LWAD": 204.2,
                "SWAD": 117.8,
                "MBWAD": 0.0,
                "PWAD": 1.9,
                "CWAD": 323.8,
                "LAID_LAB": 0.306
            },
            "_id": "68c445408ac547b657421678",
            "paid": "68c445408ac547b657421678"
        },
        {
            "type": "Feature",
            "geometry": {
                "type": "Polygon",
                "coordinates": [
                    [
                        [
                            -111.97161533,
                            33.06776968
                        ],
                        [
                            -111.97161529,
                            33.06780576
                        ],
                        [
                            -111.97155009,
                            33.06780627
                        ],
                        [
                            -111.97155013,
                            33.06777019
                        ],
                        [
                            -111.97161533,
                            33.06776968
                        ]
                    ]
                ]
            },
            "properties": {
                "pa_label": "p103-S04",
                "PSDATE": "2003-06-16",
                "PHTD": 0.344,
                "STDD": 5.7,
                "MSNODE": 9.0,
                "PFNODE": 5.0,
                "VBNUM": 2.0,
                "VBNODE": 1.0,
                "SQRNUM": 2.5,
                "FLRNUM": 0.0,
                "GBNUM": 0.0,
                "MBNUM": 0.0,
                "LWPD": 2.88,
                "SWPD": 1.88,
                "CWPD": 4.85,
                "LWAD": 648.9,
                "SWAD": 424.0,
                "MBWAD": 0.0,
                "PWAD": 21.1,
                "CWAD": 1094.0,
                "LAID_LAB": 0.857
            },
            "_id": "68c445408ac547b65742168a",
            "paid": "68c445408ac547b65742168a"
        },
        {
            "type": "Feature",
            "geometry": {
                "type": "Polygon",
                "coordinates": [
                    [
                        [
                            -111.97148529,
                            33.06776917
                        ],
                        [
                            -111.97148519,
                            33.06780525
                        ],
                        [
                            -111.9714195,
                            33.06780576
                        ],
                        [
                            -111.97141966,
                            33.06776969
                        ],
                        [
                            -111.97148529,
                            33.06776917
                        ]
                    ]
                ]
            },
            "properties": {
                "pa_label": "p104-S04",
                "PSDATE": "2003-06-16",
                "PHTD": 0.245,
                "STDD": 7.5,
                "MSNODE": 7.0,
                "PFNODE": 4.0,
                "VBNUM": 2.0,
                "VBNODE": 2.0,
                "SQRNUM": 1.3,
                "FLRNUM": 0.0,
                "GBNUM": 0.0,
                "MBNUM": 0.0,
                "LWPD": 4.06,
                "SWPD": 2.49,
                "CWPD": 6.58,
                "LWAD": 492.3,
                "SWAD": 301.8,
                "MBWAD": 0.0,
                "PWAD": 2.8,
                "CWAD": 796.9,
                "LAID_LAB": 0.706
            },
            "_id": "68c445408ac547b65742169c",
            "paid": "68c445408ac547b65742169c"
        },
        {
            "type": "Feature",
            "geometry": {
                "type": "Polygon",
                "coordinates": [
                    [
                        [
                            -111.97128944,
                            33.0677683
                        ],
                        [
                            -111.97135489,
                            33.06776779
                        ],
                        [
                            -111.97135482,
                            33.06780387
                        ],
                        [
                            -111.97128937,
                            33.06780438
                        ],
                        [
                            -111.97128944,
                            33.0677683
                        ]
                    ]
                ]
            },
            "properties": {
                "pa_label": "p105-S04",
                "PSDATE": "2003-06-16",
                "PHTD": 0.344,
                "STDD": 5.9,
                "MSNODE": 12.0,
                "PFNODE": 7.0,
                "VBNUM": 0.0,
                "VBNODE": 0.0,
                "SQRNUM": 0.8,
                "FLRNUM": 0.0,
                "GBNUM": 0.0,
                "MBNUM": 0.0,
                "LWPD": 2.47,
                "SWPD": 1.74,
                "CWPD": 4.24,
                "LWAD": 580.7,
                "SWAD": 408.4,
                "MBWAD": 0.0,
                "PWAD": 6.3,
                "CWAD": 995.4,
                "LAID_LAB": 0.864
            },
            "_id": "68c445408ac547b6574216ae",
            "paid": "68c445408ac547b6574216ae"
        },
        {
            "type": "Feature",
            "geometry": {
                "type": "Polygon",
                "coordinates": [
                    [
                        [
                            -111.97122492,
                            33.06776681
                        ],
                        [
                            -111.97122485,
                            33.06780289
                        ],
                        [
                            -111.97115941,
                            33.0678034
                        ],
                        [
                            -111.97115949,
                            33.06776732
                        ],
                        [
                            -111.97122492,
                            33.06776681
                        ]
                    ]
                ]
            },
            "properties": {
                "pa_label": "p106-S04",
                "PSDATE": "2003-06-16",
                "PHTD": 0.325,
                "STDD": 6.8,
                "MSNODE": 13.0,
                "PFNODE": 4.0,
                "VBNUM": 1.0,
                "VBNODE": 0.0,
                "SQRNUM": 1.8,
                "FLRNUM": 0.0,
                "GBNUM": 0.0,
                "MBNUM": 0.0,
                "LWPD": 2.85,
                "SWPD": 1.84,
                "CWPD": 4.71,
                "LWAD": 348.3,
                "SWAD": 225.3,
                "MBWAD": 0.0,
                "PWAD": 2.6,
                "CWAD": 576.2,
                "LAID_LAB": 0.46
            },
            "_id": "68c445408ac547b6574216c0",
            "paid": "68c445408ac547b6574216c0"
        },
        {
            "type": "Feature",
            "geometry": {
                "type": "Polygon",
                "coordinates": [
                    [
                        [
                            -111.97109558,
                            33.06776662
                        ],
                        [
                            -111.97109559,
                            33.0678027
                        ],
                        [
                            -111.97102967,
                            33.06780321
                        ],
                        [
                            -111.9710298,
                            33.06776713
                        ],
                        [
                            -111.97109558,
                            33.06776662
                        ]
                    ]
                ]
            },
            "properties": {
                "pa_label": "p107-S04",
                "PSDATE": "2003-06-16",
                "PHTD": 0.334,
                "STDD": 8.6,
                "MSNODE": 10.0,
                "PFNODE": 4.0,
                "VBNUM": 1.0,
                "VBNODE": 5.0,
                "SQRNUM": 6.0,
                "FLRNUM": 0.0,
                "GBNUM": 0.0,
                "MBNUM": 0.0,
                "LWPD": 4.25,
                "SWPD": 3.15,
                "CWPD": 7.57,
                "LWAD": 487.8,
                "SWAD": 361.4,
                "MBWAD": 0.0,
                "PWAD": 19.3,
                "CWAD": 868.6,
                "LAID_LAB": 0.668
            },
            "_id": "68c445408ac547b6574216d2",
            "paid": "68c445408ac547b6574216d2"
        },
        {
            "type": "Feature",
            "geometry": {
                "type": "Polygon",
                "coordinates": [
                    [
                        [
                            -111.97096537,
                            33.06776524
                        ],
                        [
                            -111.97096535,
                            33.06780131
                        ],
                        [
                            -111.97090004,
                            33.06780182
                        ],
                        [
                            -111.97090025,
                            33.06776575
                        ],
                        [
                            -111.97096537,
                            33.06776524
                        ]
                    ]
                ]
            },
            "properties": {
                "pa_label": "p108-S04",
                "PSDATE": "2003-06-16",
                "PHTD": 0.27,
                "STDD": 7.2,
                "MSNODE": 11.0,
                "PFNODE": 9.0,
                "VBNUM": 4.0,
                "VBNODE": 0.0,
                "SQRNUM": 3.3,
                "FLRNUM": 0.0,
                "GBNUM": 0.0,
                "MBNUM": 0.0,
                "LWPD": 3.37,
                "SWPD": 2.2,
                "CWPD": 5.64,
                "LWAD": 402.2,
                "SWAD": 262.5,
                "MBWAD": 0.0,
                "PWAD": 8.8,
                "CWAD": 673.5,
                "LAID_LAB": 0.647
            },
            "_id": "68c445408ac547b6574216e4",
            "paid": "68c445408ac547b6574216e4"
        },
        {
            "type": "Feature",
            "geometry": {
                "type": "Polygon",
                "coordinates": [
                    [
                        [
                            -111.97187636,
                            33.06757231
                        ],
                        [
                            -111.97187629,
                            33.06760839
                        ],
                        [
                            -111.97181097,
                            33.06760889
                        ],
                        [
                            -111.97181104,
                            33.06757282
                        ],
                        [
                            -111.97187636,
                            33.06757231
                        ]
                    ]
                ]
            },
            "properties": {
                "pa_label": "p201-S04",
                "PSDATE": "2003-06-16",
                "PHTD": 0.289,
                "STDD": 8.9,
                "MSNODE": 9.0,
                "PFNODE": 4.0,
                "VBNUM": 1.0,
                "VBNODE": 2.0,
                "SQRNUM": 1.8,
                "FLRNUM": 0.0,
                "GBNUM": 0.0,
                "MBNUM": 0.0,
                "LWPD": 3.73,
                "SWPD": 2.46,
                "CWPD": 6.31,
                "LWAD": 822.0,
                "SWAD": 542.4,
                "MBWAD": 0.0,
                "PWAD": 25.3,
                "CWAD": 1389.7,
                "LAID_LAB": 1.365
            },
            "_id": "68c445408ac547b6574216f6",
            "paid": "68c445408ac547b6574216f6"
        },
        {
            "type": "Feature",
            "geometry": {
                "type": "Polygon",
                "coordinates": [
                    [
                        [
                            -111.97174604,
                            33.06757132
                        ],
                        [
                            -111.97174589,
                            33.0676074
                        ],
                        [
                            -111.97168063,
                            33.06760791
                        ],
                        [
                            -111.97168092,
                            33.06757183
                        ],
                        [
                            -111.97174604,
                            33.06757132
                        ]
                    ]
                ]
            },
            "properties": {
                "pa_label": "p202-S04",
                "PSDATE": "2003-06-16",
                "PHTD": 0.287,
                "STDD": 7.2,
                "MSNODE": 7.0,
                "PFNODE": 3.0,
                "VBNUM": 2.0,
                "VBNODE": 0.0,
                "SQRNUM": 1.8,
                "FLRNUM": 0.0,
                "GBNUM": 0.0,
                "MBNUM": 0.0,
                "LWPD": 2.91,
                "SWPD": 1.93,
                "CWPD": 4.87,
                "LWAD": 364.7,
                "SWAD": 241.2,
                "MBWAD": 0.0,
                "PWAD": 4.2,
                "CWAD": 610.1,
                "LAID_LAB": 0.538
            },
            "_id": "68c445408ac547b657421708",
            "paid": "68c445408ac547b657421708"
        },
        {
            "type": "Feature",
            "geometry": {
                "type": "Polygon",
                "coordinates": [
                    [
                        [
                            -111.97155004,
                            33.06757057
                        ],
                        [
                            -111.97161523,
                            33.06757007
                        ],
                        [
                            -111.97161508,
                            33.06760614
                        ],
                        [
                            -111.97155011,
                            33.06760665
                        ],
                        [
                            -111.97155004,
                            33.06757057
                        ]
                    ]
                ]
            },
            "properties": {
                "pa_label": "p203-S04",
                "PSDATE": "2003-06-16",
                "PHTD": 0.346,
                "STDD": 7.5,
                "MSNODE": 12.0,
                "PFNODE": 7.0,
                "VBNUM": 0.0,
                "VBNODE": 0.0,
                "SQRNUM": 2.2,
                "FLRNUM": 0.0,
                "GBNUM": 0.0,
                "MBNUM": 0.0,
                "LWPD": 3.87,
                "SWPD": 2.57,
                "CWPD": 6.49,
                "LWAD": 418.6,
                "SWAD": 277.9,
                "MBWAD": 0.0,
                "PWAD": 6.1,
                "CWAD": 702.7,
                "LAID_LAB": 0.732
            },
            "_id": "68c445408ac547b65742171a",
            "paid": "68c445408ac547b65742171a"
        },
        {
            "type": "Feature",
            "geometry": {
                "type": "Polygon",
                "coordinates": [
                    [
                        [
                            -111.9714203,
                            33.06756971
                        ],
                        [
                            -111.97148582,
                            33.0675692
                        ],
                        [
                            -111.97148572,
                            33.06760528
                        ],
                        [
                            -111.97142021,
                            33.06760579
                        ],
                        [
                            -111.9714203,
                            33.06756971
                        ]
                    ]
                ]
            },
            "properties": {
                "pa_label": "p204-S04",
                "PSDATE": "2003-06-16",
                "PHTD": 0.354,
                "STDD": 6.8,
                "MSNODE": 11.0,
                "PFNODE": 9.0,
                "VBNUM": 1.0,
                "VBNODE": 0.0,
                "SQRNUM": 1.0,
                "FLRNUM": 0.0,
                "GBNUM": 0.0,
                "MBNUM": 0.0,
                "LWPD": 3.74,
                "SWPD": 2.58,
                "CWPD": 6.35,
                "LWAD": 904.3,
                "SWAD": 623.8,
                "MBWAD": 0.0,
                "PWAD": 7.3,
                "CWAD": 1535.3,
                "LAID_LAB": 1.228
            },
            "_id": "68c445408ac547b65742172c",
            "paid": "68c445408ac547b65742172c"
        },
        {
            "type": "Feature",
            "geometry": {
                "type": "Polygon",
                "coordinates": [
                    [
                        [
                            -111.97135527,
                            33.06756811
                        ],
                        [
                            -111.97135526,
                            33.06760418
                        ],
                        [
                            -111.97128981,
                            33.06760469
                        ],
                        [
                            -111.9712899,
                            33.06756862
                        ],
                        [
                            -111.97135527,
                            33.06756811
                        ]
                    ]
                ]
            },
            "properties": {
                "pa_label": "p205-S04",
                "PSDATE": "2003-06-16",
                "PHTD": 0.301,
                "STDD": 7.8,
                "MSNODE": 11.0,
                "PFNODE": 7.0,
                "VBNUM": 1.0,
                "VBNODE": 2.0,
                "SQRNUM": 4.7,
                "FLRNUM": 0.0,
                "GBNUM": 0.0,
                "MBNUM": 0.0,
                "LWPD": 4.33,
                "SWPD": 2.76,
                "CWPD": 7.2,
                "LWAD": 213.3,
                "SWAD": 135.9,
                "MBWAD": 0.0,
                "PWAD": 4.8,
                "CWAD": 354.1,
                "LAID_LAB": 0.307
            },
            "_id": "68c445408ac547b65742173e",
            "paid": "68c445408ac547b65742173e"
        },
        {
            "type": "Feature",
            "geometry": {
                "type": "Polygon",
                "coordinates": [
                    [
                        [
                            -111.97115981,
                            33.06756766
                        ],
                        [
                            -111.9712253,
                            33.06756715
                        ],
                        [
                            -111.97122523,
                            33.06760323
                        ],
                        [
                            -111.97115975,
                            33.06760374
                        ],
                        [
                            -111.97115981,
                            33.06756766
                        ]
                    ]
                ]
            },
            "properties": {
                "pa_label": "p206-S04",
                "PSDATE": "2003-06-16",
                "PHTD": 0.246,
                "STDD": 7.1,
                "MSNODE": 8.0,
                "PFNODE": 4.0,
                "VBNUM": 2.0,
                "VBNODE": 0.0,
                "SQRNUM": 3.3,
                "FLRNUM": 0.0,
                "GBNUM": 0.0,
                "MBNUM": 0.0,
                "LWPD": 3.55,
                "SWPD": 2.01,
                "CWPD": 5.63,
                "LWAD": 182.6,
                "SWAD": 103.5,
                "MBWAD": 0.0,
                "PWAD": 3.8,
                "CWAD": 289.9,
                "LAID_LAB": 0.253
            },
            "_id": "68c445408ac547b657421750",
            "paid": "68c445408ac547b657421750"
        },
        {
            "type": "Feature",
            "geometry": {
                "type": "Polygon",
                "coordinates": [
                    [
                        [
                            -111.97109537,
                            33.06756618
                        ],
                        [
                            -111.97109539,
                            33.06760225
                        ],
                        [
                            -111.9710302,
                            33.06760276
                        ],
                        [
                            -111.97103019,
                            33.06756668
                        ],
                        [
                            -111.97109537,
                            33.06756618
                        ]
                    ]
                ]
            },
            "properties": {
                "pa_label": "p207-S04",
                "PSDATE": "2003-06-16",
                "PHTD": 0.353,
                "STDD": 7.7,
                "MSNODE": 12.0,
                "PFNODE": 6.0,
                "VBNUM": 1.0,
                "VBNODE": 1.0,
                "SQRNUM": 1.8,
                "FLRNUM": 0.0,
                "GBNUM": 0.0,
                "MBNUM": 0.0,
                "LWPD": 2.94,
                "SWPD": 2.13,
                "CWPD": 5.1,
                "LWAD": 347.2,
                "SWAD": 251.6,
                "MBWAD": 0.0,
                "PWAD": 3.1,
                "CWAD": 602.0,
                "LAID_LAB": 0.46
            },
            "_id": "68c445408ac547b657421762",
            "paid": "68c445408ac547b657421762"
        },
        {
            "type": "Feature",
            "geometry": {
                "type": "Polygon",
                "coordinates": [
                    [
                        [
                            -111.97096531,
                            33.0675651
                        ],
                        [
                            -111.97096521,
                            33.06760118
                        ],
                        [
                            -111.97090006,
                            33.06760169
                        ],
                        [
                            -111.97090018,
                            33.06756561
                        ],
                        [
                            -111.97096531,
                            33.0675651
                        ]
                    ]
                ]
            },
            "properties": {
                "pa_label": "p208-S04",
                "PSDATE": "2003-06-16",
                "PHTD": 0.222,
                "STDD": 6.4,
                "MSNODE": 9.0,
                "PFNODE": 3.0,
                "VBNUM": 0.0,
                "VBNODE": 0.0,
                "SQRNUM": 1.3,
                "FLRNUM": 0.0,
                "GBNUM": 0.0,
                "MBNUM": 0.0,
                "LWPD": 3.02,
                "SWPD": 1.89,
                "CWPD": 4.93,
                "LWAD": 149.2,
                "SWAD": 93.4,
                "MBWAD": 0.0,
                "PWAD": 1.0,
                "CWAD": 243.5,
                "LAID_LAB": 0.206
            },
            "_id": "68c445408ac547b657421774",
            "paid": "68c445408ac547b657421774"
        },
        {
            "type": "Feature",
            "geometry": {
                "type": "Polygon",
                "coordinates": [
                    [
                        [
                            -111.97187688,
                            33.06730302
                        ],
                        [
                            -111.97187683,
                            33.0673391
                        ],
                        [
                            -111.97181172,
                            33.0673396
                        ],
                        [
                            -111.97181177,
                            33.06730353
                        ],
                        [
                            -111.97187688,
                            33.06730302
                        ]
                    ]
                ]
            },
            "properties": {
                "pa_label": "p301-S04",
                "PSDATE": "2003-06-16",
                "PHTD": 0.315,
                "STDD": 6.7,
                "MSNODE": 10.0,
                "PFNODE": 6.0,
                "VBNUM": 1.0,
                "VBNODE": 2.0,
                "SQRNUM": 4.0,
                "FLRNUM": 0.0,
                "GBNUM": 0.0,
                "MBNUM": 0.0,
                "LWPD": 3.77,
                "SWPD": 2.14,
                "CWPD": 5.95,
                "LWAD": 414.2,
                "SWAD": 234.5,
                "MBWAD": 0.0,
                "PWAD": 4.9,
                "CWAD": 653.6,
                "LAID_LAB": 0.592
            },
            "_id": "68c445408ac547b657421786",
            "paid": "68c445408ac547b657421786"
        },
        {
            "type": "Feature",
            "geometry": {
                "type": "Polygon",
                "coordinates": [
                    [
                        [
                            -111.9717462,
                            33.06730236
                        ],
                        [
                            -111.97174612,
                            33.06733844
                        ],
                        [
                            -111.9716806,
                            33.06733895
                        ],
                        [
                            -111.97168072,
                            33.06730287
                        ],
                        [
                            -111.9717462,
                            33.06730236
                        ]
                    ]
                ]
            },
            "properties": {
                "pa_label": "p302-S04",
                "PSDATE": "2003-06-16",
                "PHTD": 0.23,
                "STDD": 7.1,
                "MSNODE": 6.0,
                "PFNODE": 3.0,
                "VBNUM": 2.0,
                "VBNODE": 0.0,
                "SQRNUM": 4.3,
                "FLRNUM": 0.0,
                "GBNUM": 0.0,
                "MBNUM": 0.0,
                "LWPD": 3.69,
                "SWPD": 2.23,
                "CWPD": 6.03,
                "LWAD": 424.6,
                "SWAD": 255.9,
                "MBWAD": 0.0,
                "PWAD": 12.7,
                "CWAD": 693.1,
                "LAID_LAB": 0.661
            },
            "_id": "68c445408ac547b657421798",
            "paid": "68c445408ac547b657421798"
        },
        {
            "type": "Feature",
            "geometry": {
                "type": "Polygon",
                "coordinates": [
                    [
                        [
                            -111.97161629,
                            33.06730059
                        ],
                        [
                            -111.97161636,
                            33.06733666
                        ],
                        [
                            -111.9715507,
                            33.06733718
                        ],
                        [
                            -111.97155072,
                            33.0673011
                        ],
                        [
                            -111.97161629,
                            33.06730059
                        ]
                    ]
                ]
            },
            "properties": {
                "pa_label": "p303-S04",
                "PSDATE": "2003-06-16",
                "PHTD": 0.332,
                "STDD": 8.8,
                "MSNODE": 11.0,
                "PFNODE": 6.0,
                "VBNUM": 2.0,
                "VBNODE": 4.0,
                "SQRNUM": 3.8,
                "FLRNUM": 0.0,
                "GBNUM": 0.0,
                "MBNUM": 0.0,
                "LWPD": 4.18,
                "SWPD": 2.7,
                "CWPD": 6.96,
                "LWAD": 221.0,
                "SWAD": 142.8,
                "MBWAD": 0.0,
                "PWAD": 4.6,
                "CWAD": 368.4,
                "LAID_LAB": 0.319
            },
            "_id": "68c445408ac547b6574217aa",
            "paid": "68c445408ac547b6574217aa"
        },
        {
            "type": "Feature",
            "geometry": {
                "type": "Polygon",
                "coordinates": [
                    [
                        [
                            -111.97142099,
                            33.06730122
                        ],
                        [
                            -111.97148642,
                            33.06730071
                        ],
                        [
                            -111.97148637,
                            33.06733679
                        ],
                        [
                            -111.97142098,
                            33.06733729
                        ],
                        [
                            -111.97142099,
                            33.06730122
                        ]
                    ]
                ]
            },
            "properties": {
                "pa_label": "p304-S04",
                "PSDATE": "2003-06-16",
                "PHTD": 0.315,
                "STDD": 8.1,
                "MSNODE": 11.0,
                "PFNODE": 3.0,
                "VBNUM": 1.0,
                "VBNODE": 0.0,
                "SQRNUM": 2.5,
                "FLRNUM": 0.0,
                "GBNUM": 0.0,
                "MBNUM": 0.0,
                "LWPD": 3.75,
                "SWPD": 2.32,
                "CWPD": 6.12,
                "LWAD": 190.4,
                "SWAD": 118.0,
                "MBWAD": 0.0,
                "PWAD": 2.6,
                "CWAD": 311.1,
                "LAID_LAB": 0.26
            },
            "_id": "68c445408ac547b6574217bc",
            "paid": "68c445408ac547b6574217bc"
        },
        {
            "type": "Feature",
            "geometry": {
                "type": "Polygon",
                "coordinates": [
                    [
                        [
                            -111.97135578,
                            33.06729995
                        ],
                        [
                            -111.97135575,
                            33.06733603
                        ],
                        [
                            -111.97129027,
                            33.06733654
                        ],
                        [
                            -111.97129031,
                            33.06730046
                        ],
                        [
                            -111.97135578,
                            33.06729995
                        ]
                    ]
                ]
            },
            "properties": {
                "pa_label": "p305-S04",
                "PSDATE": "2003-06-16",
                "PHTD": 0.107,
                "STDD": 2.4,
                "MSNODE": 5.0,
                "PFNODE": 8.0,
                "VBNUM": 0.0,
                "VBNODE": 0.0,
                "SQRNUM": 3.2,
                "FLRNUM": 0.0,
                "GBNUM": 0.0,
                "MBNUM": 0.0,
                "LWPD": 0.61,
                "SWPD": 2.72,
                "CWPD": 3.42,
                "LWAD": 152.2,
                "SWAD": 676.7,
                "MBWAD": 0.0,
                "PWAD": 21.6,
                "CWAD": 850.5,
                "LAID_LAB": 0.225
            },
            "_id": "68c445408ac547b6574217ce",
            "paid": "68c445408ac547b6574217ce"
        },
        {
            "type": "Feature",
            "geometry": {
                "type": "Polygon",
                "coordinates": [
                    [
                        [
                            -111.97116049,
                            33.0672995
                        ],
                        [
                            -111.97122594,
                            33.06729899
                        ],
                        [
                            -111.9712259,
                            33.06733507
                        ],
                        [
                            -111.97116045,
                            33.06733558
                        ],
                        [
                            -111.97116049,
                            33.0672995
                        ]
                    ]
                ]
            },
            "properties": {
                "pa_label": "p306-S04",
                "PSDATE": "2003-06-16",
                "PHTD": 0.116,
                "STDD": 3.6,
                "MSNODE": 4.0,
                "PFNODE": 8.0,
                "VBNUM": 0.0,
                "VBNODE": 0.0,
                "SQRNUM": 1.8,
                "FLRNUM": 0.0,
                "GBNUM": 0.0,
                "MBNUM": 0.0,
                "LWPD": 0.59,
                "SWPD": 2.32,
                "CWPD": 2.94,
                "LWAD": 72.4,
                "SWAD": 285.6,
                "MBWAD": 0.0,
                "PWAD": 3.3,
                "CWAD": 361.4,
                "LAID_LAB": 0.111
            },
            "_id": "68c445408ac547b6574217e0",
            "paid": "68c445408ac547b6574217e0"
        },
        {
            "type": "Feature",
            "geometry": {
                "type": "Polygon",
                "coordinates": [
                    [
                        [
                            -111.97109568,
                            33.06729819
                        ],
                        [
                            -111.97109568,
                            33.06733426
                        ],
                        [
                            -111.97103033,
                            33.06733477
                        ],
                        [
                            -111.97103036,
                            33.0672987
                        ],
                        [
                            -111.97109568,
                            33.06729819
                        ]
                    ]
                ]
            },
            "properties": {
                "pa_label": "p307-S04",
                "PSDATE": "2003-06-16",
                "PHTD": 0.383,
                "STDD": 7.3,
                "MSNODE": 11.0,
                "PFNODE": 6.0,
                "VBNUM": 0.0,
                "VBNODE": 0.0,
                "SQRNUM": 4.7,
                "FLRNUM": 0.0,
                "GBNUM": 0.0,
                "MBNUM": 0.0,
                "LWPD": 3.89,
                "SWPD": 2.62,
                "CWPD": 6.62,
                "LWAD": 451.5,
                "SWAD": 303.8,
                "MBWAD": 0.0,
                "PWAD": 12.4,
                "CWAD": 767.6,
                "LAID_LAB": 0.63
            },
            "_id": "68c445408ac547b6574217f2",
            "paid": "68c445408ac547b6574217f2"
        },
        {
            "type": "Feature",
            "geometry": {
                "type": "Polygon",
                "coordinates": [
                    [
                        [
                            -111.97090064,
                            33.06729787
                        ],
                        [
                            -111.97096582,
                            33.06729737
                        ],
                        [
                            -111.97096575,
                            33.06733344
                        ],
                        [
                            -111.97090057,
                            33.06733395
                        ],
                        [
                            -111.97090064,
                            33.06729787
                        ]
                    ]
                ]
            },
            "properties": {
                "pa_label": "p308-S04",
                "PSDATE": "2003-06-16",
                "PHTD": 0.238,
                "STDD": 5.6,
                "MSNODE": 8.0,
                "PFNODE": 5.0,
                "VBNUM": 1.0,
                "VBNODE": 0.0,
                "SQRNUM": 2.0,
                "FLRNUM": 0.0,
                "GBNUM": 0.0,
                "MBNUM": 0.0,
                "LWPD": 2.85,
                "SWPD": 1.97,
                "CWPD": 4.85,
                "LWAD": 648.3,
                "SWAD": 448.1,
                "MBWAD": 0.0,
                "PWAD": 7.2,
                "CWAD": 1103.6,
                "LAID_LAB": 1.08
            },
            "_id": "68c445408ac547b657421804",
            "paid": "68c445408ac547b657421804"
        },
        {
            "type": "Feature",
            "geometry": {
                "type": "Polygon",
                "coordinates": [
                    [
                        [
                            -111.97187724,
                            33.06710108
                        ],
                        [
                            -111.97187714,
                            33.06713716
                        ],
                        [
                            -111.97181187,
                            33.06713767
                        ],
                        [
                            -111.971812,
                            33.06710159
                        ],
                        [
                            -111.97187724,
                            33.06710108
                        ]
                    ]
                ]
            },
            "properties": {
                "pa_label": "p401-S04",
                "PSDATE": "2003-06-16",
                "PHTD": 0.183,
                "STDD": 6.2,
                "MSNODE": 7.0,
                "PFNODE": 4.0,
                "VBNUM": 1.0,
                "VBNODE": 3.0,
                "SQRNUM": 3.7,
                "FLRNUM": 0.0,
                "GBNUM": 0.0,
                "MBNUM": 0.0,
                "LWPD": 3.96,
                "SWPD": 2.02,
                "CWPD": 6.03,
                "LWAD": 190.2,
                "SWAD": 96.7,
                "MBWAD": 0.0,
                "PWAD": 2.6,
                "CWAD": 289.6,
                "LAID_LAB": 0.247
            },
            "_id": "68c445408ac547b657421816",
            "paid": "68c445408ac547b657421816"
        },
        {
            "type": "Feature",
            "geometry": {
                "type": "Polygon",
                "coordinates": [
                    [
                        [
                            -111.97168138,
                            33.06710081
                        ],
                        [
                            -111.97174663,
                            33.06710031
                        ],
                        [
                            -111.97174658,
                            33.06713638
                        ],
                        [
                            -111.97168137,
                            33.06713689
                        ],
                        [
                            -111.97168138,
                            33.06710081
                        ]
                    ]
                ]
            },
            "properties": {
                "pa_label": "p402-S04",
                "PSDATE": "2003-06-16",
                "PHTD": 0.248,
                "STDD": 6.2,
                "MSNODE": 6.0,
                "PFNODE": 4.0,
                "VBNUM": 2.0,
                "VBNODE": 1.0,
                "SQRNUM": 3.0,
                "FLRNUM": 0.0,
                "GBNUM": 0.0,
                "MBNUM": 0.0,
                "LWPD": 3.97,
                "SWPD": 2.13,
                "CWPD": 6.23,
                "LWAD": 447.9,
                "SWAD": 240.3,
                "MBWAD": 0.0,
                "PWAD": 14.9,
                "CWAD": 703.1,
                "LAID_LAB": 0.612
            },
            "_id": "68c445408ac547b657421828",
            "paid": "68c445408ac547b657421828"
        },
        {
            "type": "Feature",
            "geometry": {
                "type": "Polygon",
                "coordinates": [
                    [
                        [
                            -111.97161609,
                            33.0670997
                        ],
                        [
                            -111.97161607,
                            33.06713577
                        ],
                        [
                            -111.97155092,
                            33.06713628
                        ],
                        [
                            -111.97155096,
                            33.0671002
                        ],
                        [
                            -111.97161609,
                            33.0670997
                        ]
                    ]
                ]
            },
            "properties": {
                "pa_label": "p403-S04",
                "PSDATE": "2003-06-16",
                "PHTD": 0.21,
                "STDD": 6.2,
                "MSNODE": 7.0,
                "PFNODE": 5.0,
                "VBNUM": 3.0,
                "VBNODE": 3.0,
                "SQRNUM": 1.2,
                "FLRNUM": 0.0,
                "GBNUM": 0.0,
                "MBNUM": 0.0,
                "LWPD": 3.01,
                "SWPD": 1.72,
                "CWPD": 4.76,
                "LWAD": 661.5,
                "SWAD": 377.7,
                "MBWAD": 0.0,
                "PWAD": 8.1,
                "CWAD": 1047.2,
                "LAID_LAB": 0.973
            },
            "_id": "68c445408ac547b65742183a",
            "paid": "68c445408ac547b65742183a"
        },
        {
            "type": "Feature",
            "geometry": {
                "type": "Polygon",
                "coordinates": [
                    [
                        [
                            -111.97142134,
                            33.06709924
                        ],
                        [
                            -111.97148675,
                            33.06709873
                        ],
                        [
                            -111.97148667,
                            33.06713481
                        ],
                        [
                            -111.97142126,
                            33.06713532
                        ],
                        [
                            -111.97142134,
                            33.06709924
                        ]
                    ]
                ]
            },
            "properties": {
                "pa_label": "p404-S04",
                "PSDATE": "2003-06-16",
                "PHTD": 0.18,
                "STDD": 4.2,
                "MSNODE": 8.0,
                "PFNODE": 5.0,
                "VBNUM": 0.0,
                "VBNODE": 0.0,
                "SQRNUM": 1.2,
                "FLRNUM": 0.0,
                "GBNUM": 0.0,
                "MBNUM": 0.0,
                "LWPD": 2.82,
                "SWPD": 1.41,
                "CWPD": 4.26,
                "LWAD": 303.4,
                "SWAD": 151.9,
                "MBWAD": 0.0,
                "PWAD": 3.1,
                "CWAD": 458.4,
                "LAID_LAB": 0.427
            },
            "_id": "68c445408ac547b65742184c",
            "paid": "68c445408ac547b65742184c"
        },
        {
            "type": "Feature",
            "geometry": {
                "type": "Polygon",
                "coordinates": [
                    [
                        [
                            -111.97135613,
                            33.06709809
                        ],
                        [
                            -111.97135613,
                            33.06713417
                        ],
                        [
                            -111.97129074,
                            33.06713468
                        ],
                        [
                            -111.97129079,
                            33.0670986
                        ],
                        [
                            -111.97135613,
                            33.06709809
                        ]
                    ]
                ]
            },
            "properties": {
                "pa_label": "p405-S04",
                "PSDATE": "2003-06-16",
                "PHTD": 0.218,
                "STDD": 6.0,
                "MSNODE": 10.0,
                "PFNODE": 8.0,
                "VBNUM": 1.0,
                "VBNODE": 0.0,
                "SQRNUM": 0.8,
                "FLRNUM": 0.0,
                "GBNUM": 0.0,
                "MBNUM": 0.0,
                "LWPD": 2.85,
                "SWPD": 1.91,
                "CWPD": 4.78,
                "LWAD": 673.1,
                "SWAD": 450.3,
                "MBWAD": 0.0,
                "PWAD": 3.5,
                "CWAD": 1127.0,
                "LAID_LAB": 1.081
            },
            "_id": "68c445408ac547b65742185e",
            "paid": "68c445408ac547b65742185e"
        },
        {
            "type": "Feature",
            "geometry": {
                "type": "Polygon",
                "coordinates": [
                    [
                        [
                            -111.97116078,
                            33.06709769
                        ],
                        [
                            -111.97122634,
                            33.06709718
                        ],
                        [
                            -111.97122625,
                            33.06713325
                        ],
                        [
                            -111.9711607,
                            33.06713376
                        ],
                        [
                            -111.97116078,
                            33.06709769
                        ]
                    ]
                ]
            },
            "properties": {
                "pa_label": "p406-S04",
                "PSDATE": "2003-06-16",
                "PHTD": 0.311,
                "STDD": 7.8,
                "MSNODE": 8.0,
                "PFNODE": 3.0,
                "VBNUM": 2.0,
                "VBNODE": 2.0,
                "SQRNUM": 1.5,
                "FLRNUM": 0.0,
                "GBNUM": 0.0,
                "MBNUM": 0.0,
                "LWPD": 3.08,
                "SWPD": 2.09,
                "CWPD": 5.2,
                "LWAD": 352.9,
                "SWAD": 239.2,
                "MBWAD": 0.0,
                "PWAD": 3.4,
                "CWAD": 595.6,
                "LAID_LAB": 0.612
            },
            "_id": "68c445408ac547b657421870",
            "paid": "68c445408ac547b657421870"
        },
        {
            "type": "Feature",
            "geometry": {
                "type": "Polygon",
                "coordinates": [
                    [
                        [
                            -111.97109572,
                            33.06709658
                        ],
                        [
                            -111.97109572,
                            33.06713266
                        ],
                        [
                            -111.97103059,
                            33.06713316
                        ],
                        [
                            -111.97103061,
                            33.06709709
                        ],
                        [
                            -111.97109572,
                            33.06709658
                        ]
                    ]
                ]
            },
            "properties": {
                "pa_label": "p407-S04",
                "PSDATE": "2003-06-16",
                "PHTD": 0.133,
                "STDD": 3.9,
                "MSNODE": 5.0,
                "PFNODE": 3.0,
                "VBNUM": 1.0,
                "VBNODE": 0.0,
                "SQRNUM": 3.5,
                "FLRNUM": 0.0,
                "GBNUM": 0.0,
                "MBNUM": 0.0,
                "LWPD": 3.72,
                "SWPD": 2.24,
                "CWPD": 6.05,
                "LWAD": 185.2,
                "SWAD": 111.5,
                "MBWAD": 0.0,
                "PWAD": 4.6,
                "CWAD": 301.3,
                "LAID_LAB": 0.251
            },
            "_id": "68c445408ac547b657421882",
            "paid": "68c445408ac547b657421882"
        },
        {
            "type": "Feature",
            "geometry": {
                "type": "Polygon",
                "coordinates": [
                    [
                        [
                            -111.97090096,
                            33.06709603
                        ],
                        [
                            -111.97096601,
                            33.06709552
                        ],
                        [
                            -111.97096594,
                            33.0671316
                        ],
                        [
                            -111.9709009,
                            33.0671321
                        ],
                        [
                            -111.97090096,
                            33.06709603
                        ]
                    ]
                ]
            },
            "properties": {
                "pa_label": "p408-S04",
                "PSDATE": "2003-06-16",
                "PHTD": 0.232,
                "STDD": 6.0,
                "MSNODE": 10.0,
                "PFNODE": 4.0,
                "VBNUM": 0.0,
                "VBNODE": 0.0,
                "SQRNUM": 1.5,
                "FLRNUM": 0.0,
                "GBNUM": 0.0,
                "MBNUM": 0.0,
                "LWPD": 2.69,
                "SWPD": 1.68,
                "CWPD": 4.4,
                "LWAD": 317.1,
                "SWAD": 198.1,
                "MBWAD": 0.0,
                "PWAD": 3.9,
                "CWAD": 519.1,
                "LAID_LAB": 0.414
            },
            "_id": "68c445408ac547b657421894",
            "paid": "68c445408ac547b657421894"
        },
        {
            "type": "Feature",
            "geometry": {
                "type": "Polygon",
                "coordinates": [
                    [
                        [
                            -111.97187593,
                            33.06777126
                        ],
                        [
                            -111.97187587,
                            33.06780734
                        ],
                        [
                            -111.97181049,
                            33.06780785
                        ],
                        [
                            -111.97181058,
                            33.06777177
                        ],
                        [
                            -111.97187593,
                            33.06777126
                        ]
                    ]
                ]
            },
            "properties": {
                "pa_label": "p101-S05",
                "PSDATE": "2003-06-23",
                "PHTD": 0.398,
                "STDD": 10.3,
                "MSNODE": 11.0,
                "PFNODE": 7.0,
                "VBNUM": 3.0,
                "VBNODE": 8.0,
                "SQRNUM": 9.8,
                "FLRNUM": 0.0,
                "GBNUM": 0.0,
                "MBNUM": 0.0,
                "LWPD": 8.95,
                "SWPD": 6.41,
                "CWPD": 15.75,
                "LWAD": 464.5,
                "SWAD": 332.3,
                "MBWAD": 0.0,
                "PWAD": 20.5,
                "CWAD": 817.3,
                "LAID_LAB": 0.623
            },
            "_id": "68c445408ac547b657421667",
            "paid": "68c445408ac547b657421667"
        },
        {
            "type": "Feature",
            "geometry": {
                "type": "Polygon",
                "coordinates": [
                    [
                        [
                            -111.97168048,
                            33.06777095
                        ],
                        [
                            -111.97174565,
                            33.06777045
                        ],
                        [
                            -111.9717456,
                            33.06780652
                        ],
                        [
                            -111.97168043,
                            33.06780703
                        ],
                        [
                            -111.97168048,
                            33.06777095
                        ]
                    ]
                ]
            },
            "properties": {
                "pa_label": "p102-S05",
                "PSDATE": "2003-06-23",
                "PHTD": 0.328,
                "STDD": 8.7,
                "MSNODE": 12.0,
                "PFNODE": 4.0,
                "VBNUM": 2.0,
                "VBNODE": 3.0,
                "SQRNUM": 7.0,
                "FLRNUM": 0.0,
                "GBNUM": 0.0,
                "MBNUM": 0.0,
                "LWPD": 5.95,
                "SWPD": 4.36,
                "CWPD": 10.62,
                "LWAD": 562.4,
                "SWAD": 412.1,
                "MBWAD": 0.0,
                "PWAD": 30.4,
                "CWAD": 1004.9,
                "LAID_LAB": 0.831
            },
            "_id": "68c445408ac547b657421679",
            "paid": "68c445408ac547b657421679"
        },
        {
            "type": "Feature",
            "geometry": {
                "type": "Polygon",
                "coordinates": [
                    [
                        [
                            -111.97161533,
                            33.06776968
                        ],
                        [
                            -111.97161529,
                            33.06780576
                        ],
                        [
                            -111.97155009,
                            33.06780627
                        ],
                        [
                            -111.97155013,
                            33.06777019
                        ],
                        [
                            -111.97161533,
                            33.06776968
                        ]
                    ]
                ]
            },
            "properties": {
                "pa_label": "p103-S05",
                "PSDATE": "2003-06-23",
                "PHTD": 0.297,
                "STDD": 7.0,
                "MSNODE": 7.0,
                "PFNODE": 5.0,
                "VBNUM": 1.0,
                "VBNODE": 3.0,
                "SQRNUM": 3.2,
                "FLRNUM": 0.0,
                "GBNUM": 0.0,
                "MBNUM": 0.0,
                "LWPD": 3.72,
                "SWPD": 3.16,
                "CWPD": 7.06,
                "LWAD": 838.3,
                "SWAD": 712.0,
                "MBWAD": 0.0,
                "PWAD": 42.1,
                "CWAD": 1592.4,
                "LAID_LAB": 1.039
            },
            "_id": "68c445408ac547b65742168b",
            "paid": "68c445408ac547b65742168b"
        },
        {
            "type": "Feature",
            "geometry": {
                "type": "Polygon",
                "coordinates": [
                    [
                        [
                            -111.97148529,
                            33.06776917
                        ],
                        [
                            -111.97148519,
                            33.06780525
                        ],
                        [
                            -111.9714195,
                            33.06780576
                        ],
                        [
                            -111.97141966,
                            33.06776969
                        ],
                        [
                            -111.97148529,
                            33.06776917
                        ]
                    ]
                ]
            },
            "properties": {
                "pa_label": "p104-S05",
                "PSDATE": "2003-06-23",
                "PHTD": 0.39,
                "STDD": 8.2,
                "MSNODE": 12.0,
                "PFNODE": 7.0,
                "VBNUM": 2.0,
                "VBNODE": 5.0,
                "SQRNUM": 5.8,
                "FLRNUM": 0.0,
                "GBNUM": 0.2,
                "MBNUM": 0.0,
                "LWPD": 6.17,
                "SWPD": 5.03,
                "CWPD": 11.45,
                "LWAD": 748.3,
                "SWAD": 609.3,
                "MBWAD": 0.0,
                "PWAD": 30.1,
                "CWAD": 1387.6,
                "LAID_LAB": 1.086
            },
            "_id": "68c445408ac547b65742169d",
            "paid": "68c445408ac547b65742169d"
        },
        {
            "type": "Feature",
            "geometry": {
                "type": "Polygon",
                "coordinates": [
                    [
                        [
                            -111.97128944,
                            33.0677683
                        ],
                        [
                            -111.97135489,
                            33.06776779
                        ],
                        [
                            -111.97135482,
                            33.06780387
                        ],
                        [
                            -111.97128937,
                            33.06780438
                        ],
                        [
                            -111.97128944,
                            33.0677683
                        ]
                    ]
                ]
            },
            "properties": {
                "pa_label": "p105-S05",
                "PSDATE": "2003-06-23",
                "PHTD": 0.449,
                "STDD": 8.6,
                "MSNODE": 13.0,
                "PFNODE": 5.0,
                "VBNUM": 2.0,
                "VBNODE": 0.0,
                "SQRNUM": 3.0,
                "FLRNUM": 0.0,
                "GBNUM": 0.0,
                "MBNUM": 0.0,
                "LWPD": 4.7,
                "SWPD": 4.23,
                "CWPD": 9.01,
                "LWAD": 1103.8,
                "SWAD": 993.8,
                "MBWAD": 0.0,
                "PWAD": 18.8,
                "CWAD": 2116.5,
                "LAID_LAB": 1.677
            },
            "_id": "68c445408ac547b6574216af",
            "paid": "68c445408ac547b6574216af"
        },
        {
            "type": "Feature",
            "geometry": {
                "type": "Polygon",
                "coordinates": [
                    [
                        [
                            -111.97122492,
                            33.06776681
                        ],
                        [
                            -111.97122485,
                            33.06780289
                        ],
                        [
                            -111.97115941,
                            33.0678034
                        ],
                        [
                            -111.97115949,
                            33.06776732
                        ],
                        [
                            -111.97122492,
                            33.06776681
                        ]
                    ]
                ]
            },
            "properties": {
                "pa_label": "p106-S05",
                "PSDATE": "2003-06-23",
                "PHTD": 0.431,
                "STDD": 7.5,
                "MSNODE": 13.0,
                "PFNODE": 4.0,
                "VBNUM": 1.0,
                "VBNODE": 2.0,
                "SQRNUM": 4.2,
                "FLRNUM": 0.0,
                "GBNUM": 0.0,
                "MBNUM": 0.0,
                "LWPD": 3.76,
                "SWPD": 2.64,
                "CWPD": 6.51,
                "LWAD": 459.7,
                "SWAD": 322.2,
                "MBWAD": 0.0,
                "PWAD": 13.2,
                "CWAD": 795.2,
                "LAID_LAB": 0.737
            },
            "_id": "68c445408ac547b6574216c1",
            "paid": "68c445408ac547b6574216c1"
        },
        {
            "type": "Feature",
            "geometry": {
                "type": "Polygon",
                "coordinates": [
                    [
                        [
                            -111.97109558,
                            33.06776662
                        ],
                        [
                            -111.97109559,
                            33.0678027
                        ],
                        [
                            -111.97102967,
                            33.06780321
                        ],
                        [
                            -111.9710298,
                            33.06776713
                        ],
                        [
                            -111.97109558,
                            33.06776662
                        ]
                    ]
                ]
            },
            "properties": {
                "pa_label": "p107-S05",
                "PSDATE": "2003-06-23",
                "PHTD": 0.328,
                "STDD": 6.4,
                "MSNODE": 12.0,
                "PFNODE": 6.0,
                "VBNUM": 1.0,
                "VBNODE": 2.0,
                "SQRNUM": 9.0,
                "FLRNUM": 0.0,
                "GBNUM": 0.0,
                "MBNUM": 0.0,
                "LWPD": 6.23,
                "SWPD": 5.01,
                "CWPD": 11.6,
                "LWAD": 715.0,
                "SWAD": 574.6,
                "MBWAD": 0.0,
                "PWAD": 41.7,
                "CWAD": 1331.3,
                "LAID_LAB": 1.068
            },
            "_id": "68c445408ac547b6574216d3",
            "paid": "68c445408ac547b6574216d3"
        },
        {
            "type": "Feature",
            "geometry": {
                "type": "Polygon",
                "coordinates": [
                    [
                        [
                            -111.97096537,
                            33.06776524
                        ],
                        [
                            -111.97096535,
                            33.06780131
                        ],
                        [
                            -111.97090004,
                            33.06780182
                        ],
                        [
                            -111.97090025,
                            33.06776575
                        ],
                        [
                            -111.97096537,
                            33.06776524
                        ]
                    ]
                ]
            },
            "properties": {
                "pa_label": "p108-S05",
                "PSDATE": "2003-06-23",
                "PHTD": 0.378,
                "STDD": 7.6,
                "MSNODE": 10.0,
                "PFNODE": 4.0,
                "VBNUM": 2.0,
                "VBNODE": 6.0,
                "SQRNUM": 10.0,
                "FLRNUM": 0.0,
                "GBNUM": 0.0,
                "MBNUM": 0.0,
                "LWPD": 5.77,
                "SWPD": 4.58,
                "CWPD": 10.62,
                "LWAD": 689.6,
                "SWAD": 547.4,
                "MBWAD": 0.0,
                "PWAD": 31.3,
                "CWAD": 1268.3,
                "LAID_LAB": 0.978
            },
            "_id": "68c445408ac547b6574216e5",
            "paid": "68c445408ac547b6574216e5"
        },
        {
            "type": "Feature",
            "geometry": {
                "type": "Polygon",
                "coordinates": [
                    [
                        [
                            -111.97187636,
                            33.06757231
                        ],
                        [
                            -111.97187629,
                            33.06760839
                        ],
                        [
                            -111.97181097,
                            33.06760889
                        ],
                        [
                            -111.97181104,
                            33.06757282
                        ],
                        [
                            -111.97187636,
                            33.06757231
                        ]
                    ]
                ]
            },
            "properties": {
                "pa_label": "p201-S05",
                "PSDATE": "2003-06-23",
                "PHTD": 0.421,
                "STDD": 8.7,
                "MSNODE": 8.0,
                "PFNODE": 4.0,
                "VBNUM": 2.0,
                "VBNODE": 4.0,
                "SQRNUM": 7.3,
                "FLRNUM": 0.0,
                "GBNUM": 0.0,
                "MBNUM": 0.0,
                "LWPD": 6.3,
                "SWPD": 5.47,
                "CWPD": 12.1,
                "LWAD": 1388.2,
                "SWAD": 1204.4,
                "MBWAD": 0.0,
                "PWAD": 72.3,
                "CWAD": 2664.9,
                "LAID_LAB": 2.093
            },
            "_id": "68c445408ac547b6574216f7",
            "paid": "68c445408ac547b6574216f7"
        },
        {
            "type": "Feature",
            "geometry": {
                "type": "Polygon",
                "coordinates": [
                    [
                        [
                            -111.97174604,
                            33.06757132
                        ],
                        [
                            -111.97174589,
                            33.0676074
                        ],
                        [
                            -111.97168063,
                            33.06760791
                        ],
                        [
                            -111.97168092,
                            33.06757183
                        ],
                        [
                            -111.97174604,
                            33.06757132
                        ]
                    ]
                ]
            },
            "properties": {
                "pa_label": "p202-S05",
                "PSDATE": "2003-06-23",
                "PHTD": 0.255,
                "STDD": 8.2,
                "MSNODE": 10.0,
                "PFNODE": 5.0,
                "VBNUM": 1.0,
                "VBNODE": 1.0,
                "SQRNUM": 4.2,
                "FLRNUM": 0.0,
                "GBNUM": 0.0,
                "MBNUM": 0.0,
                "LWPD": 5.54,
                "SWPD": 3.96,
                "CWPD": 9.66,
                "LWAD": 694.2,
                "SWAD": 496.2,
                "MBWAD": 0.0,
                "PWAD": 20.0,
                "CWAD": 1210.5,
                "LAID_LAB": 0.889
            },
            "_id": "68c445408ac547b657421709",
            "paid": "68c445408ac547b657421709"
        },
        {
            "type": "Feature",
            "geometry": {
                "type": "Polygon",
                "coordinates": [
                    [
                        [
                            -111.97155004,
                            33.06757057
                        ],
                        [
                            -111.97161523,
                            33.06757007
                        ],
                        [
                            -111.97161508,
                            33.06760614
                        ],
                        [
                            -111.97155011,
                            33.06760665
                        ],
                        [
                            -111.97155004,
                            33.06757057
                        ]
                    ]
                ]
            },
            "properties": {
                "pa_label": "p203-S05",
                "PSDATE": "2003-06-23",
                "PHTD": 0.48,
                "STDD": 7.2,
                "MSNODE": 14.0,
                "PFNODE": 7.0,
                "VBNUM": 0.0,
                "VBNODE": 0.0,
                "SQRNUM": 6.3,
                "FLRNUM": 0.0,
                "GBNUM": 0.0,
                "MBNUM": 0.0,
                "LWPD": 7.4,
                "SWPD": 5.61,
                "CWPD": 13.42,
                "LWAD": 801.5,
                "SWAD": 607.9,
                "MBWAD": 0.0,
                "PWAD": 43.3,
                "CWAD": 1452.8,
                "LAID_LAB": 0.973
            },
            "_id": "68c445408ac547b65742171b",
            "paid": "68c445408ac547b65742171b"
        },
        {
            "type": "Feature",
            "geometry": {
                "type": "Polygon",
                "coordinates": [
                    [
                        [
                            -111.9714203,
                            33.06756971
                        ],
                        [
                            -111.97148582,
                            33.0675692
                        ],
                        [
                            -111.97148572,
                            33.06760528
                        ],
                        [
                            -111.97142021,
                            33.06760579
                        ],
                        [
                            -111.9714203,
                            33.06756971
                        ]
                    ]
                ]
            },
            "properties": {
                "pa_label": "p204-S05",
                "PSDATE": "2003-06-23",
                "PHTD": 0.55,
                "STDD": 6.1,
                "MSNODE": 9.0,
                "PFNODE": 4.0,
                "VBNUM": 0.0,
                "VBNODE": 0.0,
                "SQRNUM": 5.3,
                "FLRNUM": 0.0,
                "GBNUM": 0.0,
                "MBNUM": 0.0,
                "LWPD": 5.38,
                "SWPD": 2.99,
                "CWPD": 8.6,
                "LWAD": 1301.2,
                "SWAD": 723.7,
                "MBWAD": 0.0,
                "PWAD": 54.4,
                "CWAD": 2079.3,
                "LAID_LAB": 1.887
            },
            "_id": "68c445408ac547b65742172d",
            "paid": "68c445408ac547b65742172d"
        },
        {
            "type": "Feature",
            "geometry": {
                "type": "Polygon",
                "coordinates": [
                    [
                        [
                            -111.97135527,
                            33.06756811
                        ],
                        [
                            -111.97135526,
                            33.06760418
                        ],
                        [
                            -111.97128981,
                            33.06760469
                        ],
                        [
                            -111.9712899,
                            33.06756862
                        ],
                        [
                            -111.97135527,
                            33.06756811
                        ]
                    ]
                ]
            },
            "properties": {
                "pa_label": "p205-S05",
                "PSDATE": "2003-06-23",
                "PHTD": 0.483,
                "STDD": 11.2,
                "MSNODE": 12.0,
                "PFNODE": 5.0,
                "VBNUM": 2.0,
                "VBNODE": 10.0,
                "SQRNUM": 9.8,
                "FLRNUM": 0.0,
                "GBNUM": 0.0,
                "MBNUM": 0.0,
                "LWPD": 9.49,
                "SWPD": 7.68,
                "CWPD": 17.51,
                "LWAD": 467.2,
                "SWAD": 378.1,
                "MBWAD": 0.0,
                "PWAD": 16.3,
                "CWAD": 861.6,
                "LAID_LAB": 0.61
            },
            "_id": "68c445408ac547b65742173f",
            "paid": "68c445408ac547b65742173f"
        },
        {
            "type": "Feature",
            "geometry": {
                "type": "Polygon",
                "coordinates": [
                    [
                        [
                            -111.97115981,
                            33.06756766
                        ],
                        [
                            -111.9712253,
                            33.06756715
                        ],
                        [
                            -111.97122523,
                            33.06760323
                        ],
                        [
                            -111.97115975,
                            33.06760374
                        ],
                        [
                            -111.97115981,
                            33.06756766
                        ]
                    ]
                ]
            },
            "properties": {
                "pa_label": "p206-S05",
                "PSDATE": "2003-06-23",
                "PHTD": 0.461,
                "STDD": 10.7,
                "MSNODE": 17.0,
                "PFNODE": 6.0,
                "VBNUM": 0.0,
                "VBNODE": 0.0,
                "SQRNUM": 9.0,
                "FLRNUM": 0.0,
                "GBNUM": 0.0,
                "MBNUM": 0.0,
                "LWPD": 7.51,
                "SWPD": 5.71,
                "CWPD": 13.63,
                "LWAD": 386.4,
                "SWAD": 293.8,
                "MBWAD": 0.0,
                "PWAD": 21.3,
                "CWAD": 701.4,
                "LAID_LAB": 0.521
            },
            "_id": "68c445408ac547b657421751",
            "paid": "68c445408ac547b657421751"
        },
        {
            "type": "Feature",
            "geometry": {
                "type": "Polygon",
                "coordinates": [
                    [
                        [
                            -111.97109537,
                            33.06756618
                        ],
                        [
                            -111.97109539,
                            33.06760225
                        ],
                        [
                            -111.9710302,
                            33.06760276
                        ],
                        [
                            -111.97103019,
                            33.06756668
                        ],
                        [
                            -111.97109537,
                            33.06756618
                        ]
                    ]
                ]
            },
            "properties": {
                "pa_label": "p207-S05",
                "PSDATE": "2003-06-23",
                "PHTD": 0.403,
                "STDD": 8.9,
                "MSNODE": 13.0,
                "PFNODE": 6.0,
                "VBNUM": 2.0,
                "VBNODE": 5.0,
                "SQRNUM": 8.3,
                "FLRNUM": 0.0,
                "GBNUM": 0.0,
                "MBNUM": 0.0,
                "LWPD": 6.2,
                "SWPD": 4.88,
                "CWPD": 11.43,
                "LWAD": 732.9,
                "SWAD": 576.4,
                "MBWAD": 0.0,
                "PWAD": 40.4,
                "CWAD": 1349.6,
                "LAID_LAB": 0.979
            },
            "_id": "68c445408ac547b657421763",
            "paid": "68c445408ac547b657421763"
        },
        {
            "type": "Feature",
            "geometry": {
                "type": "Polygon",
                "coordinates": [
                    [
                        [
                            -111.97096531,
                            33.0675651
                        ],
                        [
                            -111.97096521,
                            33.06760118
                        ],
                        [
                            -111.97090006,
                            33.06760169
                        ],
                        [
                            -111.97090018,
                            33.06756561
                        ],
                        [
                            -111.97096531,
                            33.0675651
                        ]
                    ]
                ]
            },
            "properties": {
                "pa_label": "p208-S05",
                "PSDATE": "2003-06-23",
                "PHTD": 0.317,
                "STDD": 8.2,
                "MSNODE": 10.0,
                "PFNODE": 4.0,
                "VBNUM": 2.0,
                "VBNODE": 0.0,
                "SQRNUM": 6.7,
                "FLRNUM": 0.0,
                "GBNUM": 0.0,
                "MBNUM": 0.0,
                "LWPD": 5.62,
                "SWPD": 4.62,
                "CWPD": 10.59,
                "LWAD": 277.6,
                "SWAD": 228.3,
                "MBWAD": 0.0,
                "PWAD": 17.5,
                "CWAD": 523.5,
                "LAID_LAB": 0.4
            },
            "_id": "68c445408ac547b657421775",
            "paid": "68c445408ac547b657421775"
        },
        {
            "type": "Feature",
            "geometry": {
                "type": "Polygon",
                "coordinates": [
                    [
                        [
                            -111.97187688,
                            33.06730302
                        ],
                        [
                            -111.97187683,
                            33.0673391
                        ],
                        [
                            -111.97181172,
                            33.0673396
                        ],
                        [
                            -111.97181177,
                            33.06730353
                        ],
                        [
                            -111.97187688,
                            33.06730302
                        ]
                    ]
                ]
            },
            "properties": {
                "pa_label": "p301-S05",
                "PSDATE": "2003-06-23",
                "PHTD": 0.431,
                "STDD": 8.5,
                "MSNODE": 11.0,
                "PFNODE": 4.0,
                "VBNUM": 1.0,
                "VBNODE": 4.0,
                "SQRNUM": 16.3,
                "FLRNUM": 0.2,
                "GBNUM": 0.0,
                "MBNUM": 0.0,
                "LWPD": 7.2,
                "SWPD": 6.18,
                "CWPD": 14.05,
                "LWAD": 790.1,
                "SWAD": 679.0,
                "MBWAD": 0.0,
                "PWAD": 74.1,
                "CWAD": 1543.3,
                "LAID_LAB": 1.179
            },
            "_id": "68c445408ac547b657421787",
            "paid": "68c445408ac547b657421787"
        },
        {
            "type": "Feature",
            "geometry": {
                "type": "Polygon",
                "coordinates": [
                    [
                        [
                            -111.9717462,
                            33.06730236
                        ],
                        [
                            -111.97174612,
                            33.06733844
                        ],
                        [
                            -111.9716806,
                            33.06733895
                        ],
                        [
                            -111.97168072,
                            33.06730287
                        ],
                        [
                            -111.9717462,
                            33.06730236
                        ]
                    ]
                ]
            },
            "properties": {
                "pa_label": "p302-S05",
                "PSDATE": "2003-06-23",
                "PHTD": 0.438,
                "STDD": 7.3,
                "MSNODE": 13.0,
                "PFNODE": 8.0,
                "VBNUM": 1.0,
                "VBNODE": 2.0,
                "SQRNUM": 10.3,
                "FLRNUM": 0.0,
                "GBNUM": 0.0,
                "MBNUM": 0.0,
                "LWPD": 5.82,
                "SWPD": 4.46,
                "CWPD": 10.55,
                "LWAD": 669.6,
                "SWAD": 512.6,
                "MBWAD": 0.0,
                "PWAD": 31.2,
                "CWAD": 1213.4,
                "LAID_LAB": 1.075
            },
            "_id": "68c445408ac547b657421799",
            "paid": "68c445408ac547b657421799"
        },
        {
            "type": "Feature",
            "geometry": {
                "type": "Polygon",
                "coordinates": [
                    [
                        [
                            -111.97161629,
                            33.06730059
                        ],
                        [
                            -111.97161636,
                            33.06733666
                        ],
                        [
                            -111.9715507,
                            33.06733718
                        ],
                        [
                            -111.97155072,
                            33.0673011
                        ],
                        [
                            -111.97161629,
                            33.06730059
                        ]
                    ]
                ]
            },
            "properties": {
                "pa_label": "p303-S05",
                "PSDATE": "2003-06-23",
                "PHTD": 0.5,
                "STDD": 11.4,
                "MSNODE": 14.0,
                "PFNODE": 6.0,
                "VBNUM": 5.0,
                "VBNODE": 12.0,
                "SQRNUM": 14.3,
                "FLRNUM": 0.0,
                "GBNUM": 0.0,
                "MBNUM": 0.0,
                "LWPD": 10.83,
                "SWPD": 8.32,
                "CWPD": 19.7,
                "LWAD": 572.8,
                "SWAD": 440.2,
                "MBWAD": 0.0,
                "PWAD": 29.4,
                "CWAD": 1042.3,
                "LAID_LAB": 0.874
            },
            "_id": "68c445408ac547b6574217ab",
            "paid": "68c445408ac547b6574217ab"
        },
        {
            "type": "Feature",
            "geometry": {
                "type": "Polygon",
                "coordinates": [
                    [
                        [
                            -111.97142099,
                            33.06730122
                        ],
                        [
                            -111.97148642,
                            33.06730071
                        ],
                        [
                            -111.97148637,
                            33.06733679
                        ],
                        [
                            -111.97142098,
                            33.06733729
                        ],
                        [
                            -111.97142099,
                            33.06730122
                        ]
                    ]
                ]
            },
            "properties": {
                "pa_label": "p304-S05",
                "PSDATE": "2003-06-23",
                "PHTD": 0.348,
                "STDD": 9.5,
                "MSNODE": 13.0,
                "PFNODE": 4.0,
                "VBNUM": 1.0,
                "VBNODE": 5.0,
                "SQRNUM": 17.7,
                "FLRNUM": 0.0,
                "GBNUM": 0.0,
                "MBNUM": 0.0,
                "LWPD": 11.43,
                "SWPD": 8.96,
                "CWPD": 21.11,
                "LWAD": 581.1,
                "SWAD": 455.9,
                "MBWAD": 0.0,
                "PWAD": 36.4,
                "CWAD": 1073.4,
                "LAID_LAB": 0.873
            },
            "_id": "68c445408ac547b6574217bd",
            "paid": "68c445408ac547b6574217bd"
        },
        {
            "type": "Feature",
            "geometry": {
                "type": "Polygon",
                "coordinates": [
                    [
                        [
                            -111.97135578,
                            33.06729995
                        ],
                        [
                            -111.97135575,
                            33.06733603
                        ],
                        [
                            -111.97129027,
                            33.06733654
                        ],
                        [
                            -111.97129031,
                            33.06730046
                        ],
                        [
                            -111.97135578,
                            33.06729995
                        ]
                    ]
                ]
            },
            "properties": {
                "pa_label": "p305-S05",
                "PSDATE": "2003-06-23",
                "PHTD": 0.489,
                "STDD": 8.2,
                "MSNODE": 14.0,
                "PFNODE": 11.0,
                "VBNUM": 2.0,
                "VBNODE": 2.0,
                "SQRNUM": 7.2,
                "FLRNUM": 0.0,
                "GBNUM": 0.0,
                "MBNUM": 0.0,
                "LWPD": 5.88,
                "SWPD": 5.21,
                "CWPD": 11.49,
                "LWAD": 1462.1,
                "SWAD": 1296.6,
                "MBWAD": 0.0,
                "PWAD": 100.8,
                "CWAD": 2859.5,
                "LAID_LAB": 2.154
            },
            "_id": "68c445408ac547b6574217cf",
            "paid": "68c445408ac547b6574217cf"
        },
        {
            "type": "Feature",
            "geometry": {
                "type": "Polygon",
                "coordinates": [
                    [
                        [
                            -111.97116049,
                            33.0672995
                        ],
                        [
                            -111.97122594,
                            33.06729899
                        ],
                        [
                            -111.9712259,
                            33.06733507
                        ],
                        [
                            -111.97116045,
                            33.06733558
                        ],
                        [
                            -111.97116049,
                            33.0672995
                        ]
                    ]
                ]
            },
            "properties": {
                "pa_label": "p306-S05",
                "PSDATE": "2003-06-23",
                "PHTD": 0.454,
                "STDD": 8.7,
                "MSNODE": 13.0,
                "PFNODE": 5.0,
                "VBNUM": 0.0,
                "VBNODE": 0.0,
                "SQRNUM": 5.5,
                "FLRNUM": 0.0,
                "GBNUM": 0.0,
                "MBNUM": 0.0,
                "LWPD": 5.52,
                "SWPD": 4.81,
                "CWPD": 10.56,
                "LWAD": 680.3,
                "SWAD": 592.4,
                "MBWAD": 0.0,
                "PWAD": 27.5,
                "CWAD": 1300.2,
                "LAID_LAB": 1.014
            },
            "_id": "68c445408ac547b6574217e1",
            "paid": "68c445408ac547b6574217e1"
        },
        {
            "type": "Feature",
            "geometry": {
                "type": "Polygon",
                "coordinates": [
                    [
                        [
                            -111.97109568,
                            33.06729819
                        ],
                        [
                            -111.97109568,
                            33.06733426
                        ],
                        [
                            -111.97103033,
                            33.06733477
                        ],
                        [
                            -111.97103036,
                            33.0672987
                        ],
                        [
                            -111.97109568,
                            33.06729819
                        ]
                    ]
                ]
            },
            "properties": {
                "pa_label": "p307-S05",
                "PSDATE": "2003-06-23",
                "PHTD": 0.459,
                "STDD": 9.2,
                "MSNODE": 14.0,
                "PFNODE": 4.0,
                "VBNUM": 1.0,
                "VBNODE": 8.0,
                "SQRNUM": 6.0,
                "FLRNUM": 0.0,
                "GBNUM": 0.0,
                "MBNUM": 0.0,
                "LWPD": 6.99,
                "SWPD": 5.81,
                "CWPD": 13.12,
                "LWAD": 811.3,
                "SWAD": 673.8,
                "MBWAD": 0.0,
                "PWAD": 36.5,
                "CWAD": 1521.7,
                "LAID_LAB": 1.216
            },
            "_id": "68c445408ac547b6574217f3",
            "paid": "68c445408ac547b6574217f3"
        },
        {
            "type": "Feature",
            "geometry": {
                "type": "Polygon",
                "coordinates": [
                    [
                        [
                            -111.97090064,
                            33.06729787
                        ],
                        [
                            -111.97096582,
                            33.06729737
                        ],
                        [
                            -111.97096575,
                            33.06733344
                        ],
                        [
                            -111.97090057,
                            33.06733395
                        ],
                        [
                            -111.97090064,
                            33.06729787
                        ]
                    ]
                ]
            },
            "properties": {
                "pa_label": "p308-S05",
                "PSDATE": "2003-06-23",
                "PHTD": 0.384,
                "STDD": 8.4,
                "MSNODE": 13.0,
                "PFNODE": 7.0,
                "VBNUM": 2.0,
                "VBNODE": 3.0,
                "SQRNUM": 5.0,
                "FLRNUM": 0.0,
                "GBNUM": 0.0,
                "MBNUM": 0.0,
                "LWPD": 4.5,
                "SWPD": 3.97,
                "CWPD": 8.74,
                "LWAD": 1023.2,
                "SWAD": 902.3,
                "MBWAD": 0.0,
                "PWAD": 61.8,
                "CWAD": 1987.3,
                "LAID_LAB": 1.395
            },
            "_id": "68c445408ac547b657421805",
            "paid": "68c445408ac547b657421805"
        },
        {
            "type": "Feature",
            "geometry": {
                "type": "Polygon",
                "coordinates": [
                    [
                        [
                            -111.97187724,
                            33.06710108
                        ],
                        [
                            -111.97187714,
                            33.06713716
                        ],
                        [
                            -111.97181187,
                            33.06713767
                        ],
                        [
                            -111.971812,
                            33.06710159
                        ],
                        [
                            -111.97187724,
                            33.06710108
                        ]
                    ]
                ]
            },
            "properties": {
                "pa_label": "p401-S05",
                "PSDATE": "2003-06-23",
                "PHTD": 0.356,
                "STDD": 8.3,
                "MSNODE": 13.0,
                "PFNODE": 9.0,
                "VBNUM": 2.0,
                "VBNODE": 4.0,
                "SQRNUM": 8.2,
                "FLRNUM": 0.0,
                "GBNUM": 0.0,
                "MBNUM": 0.0,
                "LWPD": 6.95,
                "SWPD": 4.87,
                "CWPD": 12.11,
                "LWAD": 333.5,
                "SWAD": 233.8,
                "MBWAD": 0.0,
                "PWAD": 13.9,
                "CWAD": 581.2,
                "LAID_LAB": 0.481
            },
            "_id": "68c445408ac547b657421817",
            "paid": "68c445408ac547b657421817"
        },
        {
            "type": "Feature",
            "geometry": {
                "type": "Polygon",
                "coordinates": [
                    [
                        [
                            -111.97168138,
                            33.06710081
                        ],
                        [
                            -111.97174663,
                            33.06710031
                        ],
                        [
                            -111.97174658,
                            33.06713638
                        ],
                        [
                            -111.97168137,
                            33.06713689
                        ],
                        [
                            -111.97168138,
                            33.06710081
                        ]
                    ]
                ]
            },
            "properties": {
                "pa_label": "p402-S05",
                "PSDATE": "2003-06-23",
                "PHTD": 0.465,
                "STDD": 11.9,
                "MSNODE": 13.0,
                "PFNODE": 3.0,
                "VBNUM": 2.0,
                "VBNODE": 2.0,
                "SQRNUM": 4.7,
                "FLRNUM": 0.0,
                "GBNUM": 0.0,
                "MBNUM": 0.0,
                "LWPD": 5.07,
                "SWPD": 3.94,
                "CWPD": 9.2,
                "LWAD": 572.5,
                "SWAD": 444.3,
                "MBWAD": 0.0,
                "PWAD": 22.4,
                "CWAD": 1039.2,
                "LAID_LAB": 0.939
            },
            "_id": "68c445408ac547b657421829",
            "paid": "68c445408ac547b657421829"
        },
        {
            "type": "Feature",
            "geometry": {
                "type": "Polygon",
                "coordinates": [
                    [
                        [
                            -111.97161609,
                            33.0670997
                        ],
                        [
                            -111.97161607,
                            33.06713577
                        ],
                        [
                            -111.97155092,
                            33.06713628
                        ],
                        [
                            -111.97155096,
                            33.0671002
                        ],
                        [
                            -111.97161609,
                            33.0670997
                        ]
                    ]
                ]
            },
            "properties": {
                "pa_label": "p403-S05",
                "PSDATE": "2003-06-23",
                "PHTD": 0.405,
                "STDD": 8.0,
                "MSNODE": 12.0,
                "PFNODE": 7.0,
                "VBNUM": 4.0,
                "VBNODE": 0.0,
                "SQRNUM": 3.5,
                "FLRNUM": 0.0,
                "GBNUM": 0.0,
                "MBNUM": 0.0,
                "LWPD": 4.08,
                "SWPD": 3.43,
                "CWPD": 7.71,
                "LWAD": 896.5,
                "SWAD": 755.3,
                "MBWAD": 0.0,
                "PWAD": 43.6,
                "CWAD": 1695.5,
                "LAID_LAB": 1.254
            },
            "_id": "68c445408ac547b65742183b",
            "paid": "68c445408ac547b65742183b"
        },
        {
            "type": "Feature",
            "geometry": {
                "type": "Polygon",
                "coordinates": [
                    [
                        [
                            -111.97142134,
                            33.06709924
                        ],
                        [
                            -111.97148675,
                            33.06709873
                        ],
                        [
                            -111.97148667,
                            33.06713481
                        ],
                        [
                            -111.97142126,
                            33.06713532
                        ],
                        [
                            -111.97142134,
                            33.06709924
                        ]
                    ]
                ]
            },
            "properties": {
                "pa_label": "p404-S05",
                "PSDATE": "2003-06-23",
                "PHTD": 0.29,
                "STDD": 6.3,
                "MSNODE": 8.0,
                "PFNODE": 6.0,
                "VBNUM": 1.0,
                "VBNODE": 1.0,
                "SQRNUM": 6.5,
                "FLRNUM": 0.0,
                "GBNUM": 0.0,
                "MBNUM": 0.0,
                "LWPD": 5.8,
                "SWPD": 4.15,
                "CWPD": 10.2,
                "LWAD": 625.0,
                "SWAD": 447.4,
                "MBWAD": 0.0,
                "PWAD": 26.4,
                "CWAD": 1098.8,
                "LAID_LAB": 0.994
            },
            "_id": "68c445408ac547b65742184d",
            "paid": "68c445408ac547b65742184d"
        },
        {
            "type": "Feature",
            "geometry": {
                "type": "Polygon",
                "coordinates": [
                    [
                        [
                            -111.97135613,
                            33.06709809
                        ],
                        [
                            -111.97135613,
                            33.06713417
                        ],
                        [
                            -111.97129074,
                            33.06713468
                        ],
                        [
                            -111.97129079,
                            33.0670986
                        ],
                        [
                            -111.97135613,
                            33.06709809
                        ]
                    ]
                ]
            },
            "properties": {
                "pa_label": "p405-S05",
                "PSDATE": "2003-06-23",
                "PHTD": 0.432,
                "STDD": 9.6,
                "MSNODE": 16.0,
                "PFNODE": 7.0,
                "VBNUM": 1.0,
                "VBNODE": 2.0,
                "SQRNUM": 3.0,
                "FLRNUM": 0.2,
                "GBNUM": 0.0,
                "MBNUM": 0.0,
                "LWPD": 5.51,
                "SWPD": 4.99,
                "CWPD": 10.81,
                "LWAD": 1298.3,
                "SWAD": 1176.9,
                "MBWAD": 0.0,
                "PWAD": 73.9,
                "CWAD": 2549.0,
                "LAID_LAB": 1.886
            },
            "_id": "68c445408ac547b65742185f",
            "paid": "68c445408ac547b65742185f"
        },
        {
            "type": "Feature",
            "geometry": {
                "type": "Polygon",
                "coordinates": [
                    [
                        [
                            -111.97116078,
                            33.06709769
                        ],
                        [
                            -111.97122634,
                            33.06709718
                        ],
                        [
                            -111.97122625,
                            33.06713325
                        ],
                        [
                            -111.9711607,
                            33.06713376
                        ],
                        [
                            -111.97116078,
                            33.06709769
                        ]
                    ]
                ]
            },
            "properties": {
                "pa_label": "p406-S05",
                "PSDATE": "2003-06-23",
                "PHTD": 0.448,
                "STDD": 11.2,
                "MSNODE": 16.0,
                "PFNODE": 6.0,
                "VBNUM": 0.0,
                "VBNODE": 0.0,
                "SQRNUM": 5.3,
                "FLRNUM": 0.0,
                "GBNUM": 0.0,
                "MBNUM": 0.0,
                "LWPD": 7.69,
                "SWPD": 6.31,
                "CWPD": 14.23,
                "LWAD": 881.3,
                "SWAD": 723.2,
                "MBWAD": 0.0,
                "PWAD": 26.6,
                "CWAD": 1631.0,
                "LAID_LAB": 1.437
            },
            "_id": "68c445408ac547b657421871",
            "paid": "68c445408ac547b657421871"
        },
        {
            "type": "Feature",
            "geometry": {
                "type": "Polygon",
                "coordinates": [
                    [
                        [
                            -111.97109572,
                            33.06709658
                        ],
                        [
                            -111.97109572,
                            33.06713266
                        ],
                        [
                            -111.97103059,
                            33.06713316
                        ],
                        [
                            -111.97103061,
                            33.06709709
                        ],
                        [
                            -111.97109572,
                            33.06709658
                        ]
                    ]
                ]
            },
            "properties": {
                "pa_label": "p407-S05",
                "PSDATE": "2003-06-23",
                "PHTD": 0.412,
                "STDD": 10.3,
                "MSNODE": 13.0,
                "PFNODE": 5.0,
                "VBNUM": 1.0,
                "VBNODE": 6.0,
                "SQRNUM": 8.6,
                "FLRNUM": 0.0,
                "GBNUM": 0.0,
                "MBNUM": 0.0,
                "LWPD": 8.47,
                "SWPD": 6.47,
                "CWPD": 15.28,
                "LWAD": 422.2,
                "SWAD": 322.2,
                "MBWAD": 0.0,
                "PWAD": 16.9,
                "CWAD": 761.4,
                "LAID_LAB": 0.607
            },
            "_id": "68c445408ac547b657421883",
            "paid": "68c445408ac547b657421883"
        },
        {
            "type": "Feature",
            "geometry": {
                "type": "Polygon",
                "coordinates": [
                    [
                        [
                            -111.97090096,
                            33.06709603
                        ],
                        [
                            -111.97096601,
                            33.06709552
                        ],
                        [
                            -111.97096594,
                            33.0671316
                        ],
                        [
                            -111.9709009,
                            33.0671321
                        ],
                        [
                            -111.97090096,
                            33.06709603
                        ]
                    ]
                ]
            },
            "properties": {
                "pa_label": "p408-S05",
                "PSDATE": "2003-06-23",
                "PHTD": 0.428,
                "STDD": 7.9,
                "MSNODE": 14.0,
                "PFNODE": 7.0,
                "VBNUM": 1.0,
                "VBNODE": 1.0,
                "SQRNUM": 7.2,
                "FLRNUM": 0.2,
                "GBNUM": 0.2,
                "MBNUM": 0.0,
                "LWPD": 5.37,
                "SWPD": 4.52,
                "CWPD": 10.31,
                "LWAD": 633.4,
                "SWAD": 533.4,
                "MBWAD": 0.0,
                "PWAD": 49.8,
                "CWAD": 1216.6,
                "LAID_LAB": 1.043
            },
            "_id": "68c445408ac547b657421895",
            "paid": "68c445408ac547b657421895"
        },
        {
            "type": "Feature",
            "geometry": {
                "type": "Polygon",
                "coordinates": [
                    [
                        [
                            -111.97187593,
                            33.06777126
                        ],
                        [
                            -111.97187587,
                            33.06780734
                        ],
                        [
                            -111.97181049,
                            33.06780785
                        ],
                        [
                            -111.97181058,
                            33.06777177
                        ],
                        [
                            -111.97187593,
                            33.06777126
                        ]
                    ]
                ]
            },
            "properties": {
                "pa_label": "p101-S06",
                "PSDATE": "2003-06-30",
                "PHTD": 0.4,
                "STDD": 8.5,
                "MSNODE": 12.0,
                "PFNODE": 4.0,
                "VBNUM": 1.0,
                "VBNODE": 0.0,
                "SQRNUM": 21.2,
                "FLRNUM": 0.0,
                "GBNUM": 0.2,
                "MBNUM": 0.0,
                "LWPD": 14.6,
                "SWPD": 12.59,
                "CWPD": 28.46,
                "LWAD": 757.2,
                "SWAD": 653.1,
                "MBWAD": 0.0,
                "PWAD": 66.1,
                "CWAD": 1476.5,
                "LAID_LAB": 1.105
            },
            "_id": "68c445408ac547b657421668",
            "paid": "68c445408ac547b657421668"
        },
        {
            "type": "Feature",
            "geometry": {
                "type": "Polygon",
                "coordinates": [
                    [
                        [
                            -111.97168048,
                            33.06777095
                        ],
                        [
                            -111.97174565,
                            33.06777045
                        ],
                        [
                            -111.9717456,
                            33.06780652
                        ],
                        [
                            -111.97168043,
                            33.06780703
                        ],
                        [
                            -111.97168048,
                            33.06777095
                        ]
                    ]
                ]
            },
            "properties": {
                "pa_label": "p102-S06",
                "PSDATE": "2003-06-30",
                "PHTD": 0.321,
                "STDD": 6.8,
                "MSNODE": 10.0,
                "PFNODE": 8.0,
                "VBNUM": 3.0,
                "VBNODE": 2.0,
                "SQRNUM": 11.0,
                "FLRNUM": 0.0,
                "GBNUM": 0.7,
                "MBNUM": 0.0,
                "LWPD": 9.77,
                "SWPD": 8.79,
                "CWPD": 19.58,
                "LWAD": 924.4,
                "SWAD": 831.5,
                "MBWAD": 0.0,
                "PWAD": 96.6,
                "CWAD": 1852.5,
                "LAID_LAB": 1.381
            },
            "_id": "68c445408ac547b65742167a",
            "paid": "68c445408ac547b65742167a"
        },
        {
            "type": "Feature",
            "geometry": {
                "type": "Polygon",
                "coordinates": [
                    [
                        [
                            -111.97161533,
                            33.06776968
                        ],
                        [
                            -111.97161529,
                            33.06780576
                        ],
                        [
                            -111.97155009,
                            33.06780627
                        ],
                        [
                            -111.97155013,
                            33.06777019
                        ],
                        [
                            -111.97161533,
                            33.06776968
                        ]
                    ]
                ]
            },
            "properties": {
                "pa_label": "p103-S06",
                "PSDATE": "2003-06-30",
                "PHTD": 0.46,
                "STDD": 9.1,
                "MSNODE": 12.0,
                "PFNODE": 7.0,
                "VBNUM": 1.0,
                "VBNODE": 2.0,
                "SQRNUM": 6.8,
                "FLRNUM": 0.0,
                "GBNUM": 0.0,
                "MBNUM": 0.0,
                "LWPD": 7.64,
                "SWPD": 6.96,
                "CWPD": 15.14,
                "LWAD": 1722.5,
                "SWAD": 1569.9,
                "MBWAD": 0.0,
                "PWAD": 123.6,
                "CWAD": 3416.0,
                "LAID_LAB": 2.32
            },
            "_id": "68c445408ac547b65742168c",
            "paid": "68c445408ac547b65742168c"
        },
        {
            "type": "Feature",
            "geometry": {
                "type": "Polygon",
                "coordinates": [
                    [
                        [
                            -111.97148529,
                            33.06776917
                        ],
                        [
                            -111.97148519,
                            33.06780525
                        ],
                        [
                            -111.9714195,
                            33.06780576
                        ],
                        [
                            -111.97141966,
                            33.06776969
                        ],
                        [
                            -111.97148529,
                            33.06776917
                        ]
                    ]
                ]
            },
            "properties": {
                "pa_label": "p104-S06",
                "PSDATE": "2003-06-30",
                "PHTD": 0.473,
                "STDD": 8.6,
                "MSNODE": 14.0,
                "PFNODE": 9.0,
                "VBNUM": 3.0,
                "VBNODE": 3.0,
                "SQRNUM": 9.2,
                "FLRNUM": 0.0,
                "GBNUM": 0.0,
                "MBNUM": 0.0,
                "LWPD": 10.64,
                "SWPD": 10.52,
                "CWPD": 22.4,
                "LWAD": 1290.1,
                "SWAD": 1275.5,
                "MBWAD": 0.0,
                "PWAD": 149.5,
                "CWAD": 2715.1,
                "LAID_LAB": 1.801
            },
            "_id": "68c445408ac547b65742169e",
            "paid": "68c445408ac547b65742169e"
        },
        {
            "type": "Feature",
            "geometry": {
                "type": "Polygon",
                "coordinates": [
                    [
                        [
                            -111.97128944,
                            33.0677683
                        ],
                        [
                            -111.97135489,
                            33.06776779
                        ],
                        [
                            -111.97135482,
                            33.06780387
                        ],
                        [
                            -111.97128937,
                            33.06780438
                        ],
                        [
                            -111.97128944,
                            33.0677683
                        ]
                    ]
                ]
            },
            "properties": {
                "pa_label": "p105-S06",
                "PSDATE": "2003-06-30",
                "PHTD": 0.573,
                "STDD": 10.4,
                "MSNODE": 15.0,
                "PFNODE": 7.0,
                "VBNUM": 1.0,
                "VBNODE": 9.0,
                "SQRNUM": 10.3,
                "FLRNUM": 0.0,
                "GBNUM": 0.0,
                "MBNUM": 0.0,
                "LWPD": 8.17,
                "SWPD": 8.91,
                "CWPD": 17.84,
                "LWAD": 1919.5,
                "SWAD": 2093.7,
                "MBWAD": 0.0,
                "PWAD": 178.2,
                "CWAD": 4191.4,
                "LAID_LAB": 2.916
            },
            "_id": "68c445408ac547b6574216b0",
            "paid": "68c445408ac547b6574216b0"
        },
        {
            "type": "Feature",
            "geometry": {
                "type": "Polygon",
                "coordinates": [
                    [
                        [
                            -111.97122492,
                            33.06776681
                        ],
                        [
                            -111.97122485,
                            33.06780289
                        ],
                        [
                            -111.97115941,
                            33.0678034
                        ],
                        [
                            -111.97115949,
                            33.06776732
                        ],
                        [
                            -111.97122492,
                            33.06776681
                        ]
                    ]
                ]
            },
            "properties": {
                "pa_label": "p106-S06",
                "PSDATE": "2003-06-30",
                "PHTD": 0.51,
                "STDD": 9.1,
                "MSNODE": 14.0,
                "PFNODE": 7.0,
                "VBNUM": 3.0,
                "VBNODE": 3.0,
                "SQRNUM": 9.7,
                "FLRNUM": 0.0,
                "GBNUM": 0.3,
                "MBNUM": 0.0,
                "LWPD": 9.21,
                "SWPD": 8.93,
                "CWPD": 18.76,
                "LWAD": 1125.4,
                "SWAD": 1090.9,
                "MBWAD": 0.0,
                "PWAD": 76.4,
                "CWAD": 2292.7,
                "LAID_LAB": 1.64
            },
            "_id": "68c445408ac547b6574216c2",
            "paid": "68c445408ac547b6574216c2"
        },
        {
            "type": "Feature",
            "geometry": {
                "type": "Polygon",
                "coordinates": [
                    [
                        [
                            -111.97109558,
                            33.06776662
                        ],
                        [
                            -111.97109559,
                            33.0678027
                        ],
                        [
                            -111.97102967,
                            33.06780321
                        ],
                        [
                            -111.9710298,
                            33.06776713
                        ],
                        [
                            -111.97109558,
                            33.06776662
                        ]
                    ]
                ]
            },
            "properties": {
                "pa_label": "p107-S06",
                "PSDATE": "2003-06-30",
                "PHTD": 0.502,
                "STDD": 9.3,
                "MSNODE": 17.0,
                "PFNODE": 5.0,
                "VBNUM": 0.0,
                "VBNODE": 0.0,
                "SQRNUM": 8.3,
                "FLRNUM": 0.2,
                "GBNUM": 0.8,
                "MBNUM": 0.0,
                "LWPD": 8.63,
                "SWPD": 8.58,
                "CWPD": 18.17,
                "LWAD": 990.8,
                "SWAD": 983.9,
                "MBWAD": 0.0,
                "PWAD": 110.0,
                "CWAD": 2084.6,
                "LAID_LAB": 1.611
            },
            "_id": "68c445408ac547b6574216d4",
            "paid": "68c445408ac547b6574216d4"
        },
        {
            "type": "Feature",
            "geometry": {
                "type": "Polygon",
                "coordinates": [
                    [
                        [
                            -111.97096537,
                            33.06776524
                        ],
                        [
                            -111.97096535,
                            33.06780131
                        ],
                        [
                            -111.97090004,
                            33.06780182
                        ],
                        [
                            -111.97090025,
                            33.06776575
                        ],
                        [
                            -111.97096537,
                            33.06776524
                        ]
                    ]
                ]
            },
            "properties": {
                "pa_label": "p108-S06",
                "PSDATE": "2003-06-30",
                "PHTD": 0.527,
                "STDD": 8.4,
                "MSNODE": 15.0,
                "PFNODE": 6.0,
                "VBNUM": 0.0,
                "VBNODE": 0.0,
                "SQRNUM": 11.8,
                "FLRNUM": 0.0,
                "GBNUM": 0.5,
                "MBNUM": 0.0,
                "LWPD": 8.8,
                "SWPD": 8.77,
                "CWPD": 18.38,
                "LWAD": 1051.0,
                "SWAD": 1047.8,
                "MBWAD": 0.0,
                "PWAD": 97.4,
                "CWAD": 2196.2,
                "LAID_LAB": 1.631
            },
            "_id": "68c445408ac547b6574216e6",
            "paid": "68c445408ac547b6574216e6"
        },
        {
            "type": "Feature",
            "geometry": {
                "type": "Polygon",
                "coordinates": [
                    [
                        [
                            -111.97187636,
                            33.06757231
                        ],
                        [
                            -111.97187629,
                            33.06760839
                        ],
                        [
                            -111.97181097,
                            33.06760889
                        ],
                        [
                            -111.97181104,
                            33.06757282
                        ],
                        [
                            -111.97187636,
                            33.06757231
                        ]
                    ]
                ]
            },
            "properties": {
                "pa_label": "p201-S06",
                "PSDATE": "2003-06-30",
                "PHTD": 0.565,
                "STDD": 8.4,
                "MSNODE": 13.0,
                "PFNODE": 4.0,
                "VBNUM": 1.0,
                "VBNODE": 6.0,
                "SQRNUM": 14.5,
                "FLRNUM": 0.5,
                "GBNUM": 0.3,
                "MBNUM": 0.0,
                "LWPD": 8.3,
                "SWPD": 8.54,
                "CWPD": 17.83,
                "LWAD": 1828.2,
                "SWAD": 1880.3,
                "MBWAD": 0.0,
                "PWAD": 217.6,
                "CWAD": 3926.2,
                "LAID_LAB": 2.618
            },
            "_id": "68c445408ac547b6574216f8",
            "paid": "68c445408ac547b6574216f8"
        },
        {
            "type": "Feature",
            "geometry": {
                "type": "Polygon",
                "coordinates": [
                    [
                        [
                            -111.97174604,
                            33.06757132
                        ],
                        [
                            -111.97174589,
                            33.0676074
                        ],
                        [
                            -111.97168063,
                            33.06760791
                        ],
                        [
                            -111.97168092,
                            33.06757183
                        ],
                        [
                            -111.97174604,
                            33.06757132
                        ]
                    ]
                ]
            },
            "properties": {
                "pa_label": "p202-S06",
                "PSDATE": "2003-06-30",
                "PHTD": 0.523,
                "STDD": 12.2,
                "MSNODE": 15.0,
                "PFNODE": 5.0,
                "VBNUM": 1.0,
                "VBNODE": 9.0,
                "SQRNUM": 20.7,
                "FLRNUM": 0.3,
                "GBNUM": 0.2,
                "MBNUM": 0.0,
                "LWPD": 11.23,
                "SWPD": 10.11,
                "CWPD": 22.61,
                "LWAD": 1407.0,
                "SWAD": 1266.7,
                "MBWAD": 0.0,
                "PWAD": 159.4,
                "CWAD": 2833.0,
                "LAID_LAB": 0.714
            },
            "_id": "68c445408ac547b65742170a",
            "paid": "68c445408ac547b65742170a"
        },
        {
            "type": "Feature",
            "geometry": {
                "type": "Polygon",
                "coordinates": [
                    [
                        [
                            -111.97155004,
                            33.06757057
                        ],
                        [
                            -111.97161523,
                            33.06757007
                        ],
                        [
                            -111.97161508,
                            33.06760614
                        ],
                        [
                            -111.97155011,
                            33.06760665
                        ],
                        [
                            -111.97155004,
                            33.06757057
                        ]
                    ]
                ]
            },
            "properties": {
                "pa_label": "p203-S06",
                "PSDATE": "2003-06-30",
                "PHTD": 0.532,
                "STDD": 13.6,
                "MSNODE": 13.0,
                "PFNODE": 5.0,
                "VBNUM": 5.0,
                "VBNODE": 19.0,
                "SQRNUM": 24.8,
                "FLRNUM": 0.2,
                "GBNUM": 0.8,
                "MBNUM": 0.0,
                "LWPD": 13.25,
                "SWPD": 12.59,
                "CWPD": 27.21,
                "LWAD": 1434.2,
                "SWAD": 1363.6,
                "MBWAD": 0.0,
                "PWAD": 147.8,
                "CWAD": 2945.6,
                "LAID_LAB": 2.211
            },
            "_id": "68c445408ac547b65742171c",
            "paid": "68c445408ac547b65742171c"
        },
        {
            "type": "Feature",
            "geometry": {
                "type": "Polygon",
                "coordinates": [
                    [
                        [
                            -111.9714203,
                            33.06756971
                        ],
                        [
                            -111.97148582,
                            33.0675692
                        ],
                        [
                            -111.97148572,
                            33.06760528
                        ],
                        [
                            -111.97142021,
                            33.06760579
                        ],
                        [
                            -111.9714203,
                            33.06756971
                        ]
                    ]
                ]
            },
            "properties": {
                "pa_label": "p204-S06",
                "PSDATE": "2003-06-30",
                "PHTD": 0.615,
                "STDD": 9.7,
                "MSNODE": 18.0,
                "PFNODE": 7.0,
                "VBNUM": 0.0,
                "VBNODE": 0.0,
                "SQRNUM": 9.7,
                "FLRNUM": 0.0,
                "GBNUM": 0.8,
                "MBNUM": 0.0,
                "LWPD": 7.32,
                "SWPD": 7.61,
                "CWPD": 15.6,
                "LWAD": 1769.4,
                "SWAD": 1839.5,
                "MBWAD": 0.0,
                "PWAD": 162.4,
                "CWAD": 3771.4,
                "LAID_LAB": 2.684
            },
            "_id": "68c445408ac547b65742172e",
            "paid": "68c445408ac547b65742172e"
        },
        {
            "type": "Feature",
            "geometry": {
                "type": "Polygon",
                "coordinates": [
                    [
                        [
                            -111.97135527,
                            33.06756811
                        ],
                        [
                            -111.97135526,
                            33.06760418
                        ],
                        [
                            -111.97128981,
                            33.06760469
                        ],
                        [
                            -111.9712899,
                            33.06756862
                        ],
                        [
                            -111.97135527,
                            33.06756811
                        ]
                    ]
                ]
            },
            "properties": {
                "pa_label": "p205-S06",
                "PSDATE": "2003-06-30",
                "PHTD": 0.522,
                "STDD": 11.8,
                "MSNODE": 15.0,
                "PFNODE": 4.0,
                "VBNUM": 2.0,
                "VBNODE": 7.0,
                "SQRNUM": 18.0,
                "FLRNUM": 0.3,
                "GBNUM": 0.3,
                "MBNUM": 0.0,
                "LWPD": 14.96,
                "SWPD": 13.53,
                "CWPD": 29.88,
                "LWAD": 736.1,
                "SWAD": 666.1,
                "MBWAD": 0.0,
                "PWAD": 68.0,
                "CWAD": 1470.2,
                "LAID_LAB": 1.106
            },
            "_id": "68c445408ac547b657421740",
            "paid": "68c445408ac547b657421740"
        },
        {
            "type": "Feature",
            "geometry": {
                "type": "Polygon",
                "coordinates": [
                    [
                        [
                            -111.97115981,
                            33.06756766
                        ],
                        [
                            -111.9712253,
                            33.06756715
                        ],
                        [
                            -111.97122523,
                            33.06760323
                        ],
                        [
                            -111.97115975,
                            33.06760374
                        ],
                        [
                            -111.97115981,
                            33.06756766
                        ]
                    ]
                ]
            },
            "properties": {
                "pa_label": "p206-S06",
                "PSDATE": "2003-06-30",
                "PHTD": 0.472,
                "STDD": 11.8,
                "MSNODE": 14.0,
                "PFNODE": 7.0,
                "VBNUM": 5.0,
                "VBNODE": 13.0,
                "SQRNUM": 13.7,
                "FLRNUM": 0.0,
                "GBNUM": 0.0,
                "MBNUM": 0.0,
                "LWPD": 10.67,
                "SWPD": 9.36,
                "CWPD": 21.08,
                "LWAD": 549.3,
                "SWAD": 481.6,
                "MBWAD": 0.0,
                "PWAD": 54.1,
                "CWAD": 1084.9,
                "LAID_LAB": 0.863
            },
            "_id": "68c445408ac547b657421752",
            "paid": "68c445408ac547b657421752"
        },
        {
            "type": "Feature",
            "geometry": {
                "type": "Polygon",
                "coordinates": [
                    [
                        [
                            -111.97109537,
                            33.06756618
                        ],
                        [
                            -111.97109539,
                            33.06760225
                        ],
                        [
                            -111.9710302,
                            33.06760276
                        ],
                        [
                            -111.97103019,
                            33.06756668
                        ],
                        [
                            -111.97109537,
                            33.06756618
                        ]
                    ]
                ]
            },
            "properties": {
                "pa_label": "p207-S06",
                "PSDATE": "2003-06-30",
                "PHTD": 0.441,
                "STDD": 8.9,
                "MSNODE": 13.0,
                "PFNODE": 5.0,
                "VBNUM": 2.0,
                "VBNODE": 6.0,
                "SQRNUM": 15.2,
                "FLRNUM": 0.2,
                "GBNUM": 0.5,
                "MBNUM": 0.0,
                "LWPD": 9.35,
                "SWPD": 8.71,
                "CWPD": 19.66,
                "LWAD": 1104.5,
                "SWAD": 1029.3,
                "MBWAD": 0.0,
                "PWAD": 188.0,
                "CWAD": 2321.9,
                "LAID_LAB": 1.641
            },
            "_id": "68c445408ac547b657421764",
            "paid": "68c445408ac547b657421764"
        },
        {
            "type": "Feature",
            "geometry": {
                "type": "Polygon",
                "coordinates": [
                    [
                        [
                            -111.97096531,
                            33.0675651
                        ],
                        [
                            -111.97096521,
                            33.06760118
                        ],
                        [
                            -111.97090006,
                            33.06760169
                        ],
                        [
                            -111.97090018,
                            33.06756561
                        ],
                        [
                            -111.97096531,
                            33.0675651
                        ]
                    ]
                ]
            },
            "properties": {
                "pa_label": "p208-S06",
                "PSDATE": "2003-06-30",
                "PHTD": 0.31,
                "STDD": 7.9,
                "MSNODE": 12.0,
                "PFNODE": 3.0,
                "VBNUM": 3.0,
                "VBNODE": 5.0,
                "SQRNUM": 10.8,
                "FLRNUM": 0.2,
                "GBNUM": 0.0,
                "MBNUM": 0.0,
                "LWPD": 8.28,
                "SWPD": 6.71,
                "CWPD": 15.62,
                "LWAD": 409.0,
                "SWAD": 331.8,
                "MBWAD": 0.0,
                "PWAD": 31.3,
                "CWAD": 772.1,
                "LAID_LAB": 0.596
            },
            "_id": "68c445408ac547b657421776",
            "paid": "68c445408ac547b657421776"
        },
        {
            "type": "Feature",
            "geometry": {
                "type": "Polygon",
                "coordinates": [
                    [
                        [
                            -111.97187688,
                            33.06730302
                        ],
                        [
                            -111.97187683,
                            33.0673391
                        ],
                        [
                            -111.97181172,
                            33.0673396
                        ],
                        [
                            -111.97181177,
                            33.06730353
                        ],
                        [
                            -111.97187688,
                            33.06730302
                        ]
                    ]
                ]
            },
            "properties": {
                "pa_label": "p301-S06",
                "PSDATE": "2003-06-30",
                "PHTD": 0.535,
                "STDD": 10.3,
                "MSNODE": 15.0,
                "PFNODE": 4.0,
                "VBNUM": 1.0,
                "VBNODE": 8.0,
                "SQRNUM": 10.0,
                "FLRNUM": 0.0,
                "GBNUM": 0.3,
                "MBNUM": 0.0,
                "LWPD": 6.89,
                "SWPD": 6.59,
                "CWPD": 14.11,
                "LWAD": 757.2,
                "SWAD": 723.3,
                "MBWAD": 0.0,
                "PWAD": 68.6,
                "CWAD": 1549.2,
                "LAID_LAB": 1.351
            },
            "_id": "68c445408ac547b657421788",
            "paid": "68c445408ac547b657421788"
        },
        {
            "type": "Feature",
            "geometry": {
                "type": "Polygon",
                "coordinates": [
                    [
                        [
                            -111.9717462,
                            33.06730236
                        ],
                        [
                            -111.97174612,
                            33.06733844
                        ],
                        [
                            -111.9716806,
                            33.06733895
                        ],
                        [
                            -111.97168072,
                            33.06730287
                        ],
                        [
                            -111.9717462,
                            33.06730236
                        ]
                    ]
                ]
            },
            "properties": {
                "pa_label": "p302-S06",
                "PSDATE": "2003-06-30",
                "PHTD": 0.594,
                "STDD": 9.8,
                "MSNODE": 16.0,
                "PFNODE": 6.0,
                "VBNUM": 3.0,
                "VBNODE": 5.0,
                "SQRNUM": 19.3,
                "FLRNUM": 0.0,
                "GBNUM": 0.0,
                "MBNUM": 0.0,
                "LWPD": 10.93,
                "SWPD": 10.31,
                "CWPD": 22.38,
                "LWAD": 1257.3,
                "SWAD": 1186.0,
                "MBWAD": 0.0,
                "PWAD": 130.3,
                "CWAD": 2573.6,
                "LAID_LAB": 1.963
            },
            "_id": "68c445408ac547b65742179a",
            "paid": "68c445408ac547b65742179a"
        },
        {
            "type": "Feature",
            "geometry": {
                "type": "Polygon",
                "coordinates": [
                    [
                        [
                            -111.97161629,
                            33.06730059
                        ],
                        [
                            -111.97161636,
                            33.06733666
                        ],
                        [
                            -111.9715507,
                            33.06733718
                        ],
                        [
                            -111.97155072,
                            33.0673011
                        ],
                        [
                            -111.97161629,
                            33.06730059
                        ]
                    ]
                ]
            },
            "properties": {
                "pa_label": "p303-S06",
                "PSDATE": "2003-06-30",
                "PHTD": 0.548,
                "STDD": 13.0,
                "MSNODE": 18.0,
                "PFNODE": 5.0,
                "VBNUM": 2.0,
                "VBNODE": 10.0,
                "SQRNUM": 33.3,
                "FLRNUM": 0.2,
                "GBNUM": 0.7,
                "MBNUM": 0.0,
                "LWPD": 19.45,
                "SWPD": 18.61,
                "CWPD": 40.48,
                "LWAD": 1029.2,
                "SWAD": 984.5,
                "MBWAD": 0.0,
                "PWAD": 127.5,
                "CWAD": 2141.3,
                "LAID_LAB": 1.544
            },
            "_id": "68c445408ac547b6574217ac",
            "paid": "68c445408ac547b6574217ac"
        },
        {
            "type": "Feature",
            "geometry": {
                "type": "Polygon",
                "coordinates": [
                    [
                        [
                            -111.97142099,
                            33.06730122
                        ],
                        [
                            -111.97148642,
                            33.06730071
                        ],
                        [
                            -111.97148637,
                            33.06733679
                        ],
                        [
                            -111.97142098,
                            33.06733729
                        ],
                        [
                            -111.97142099,
                            33.06730122
                        ]
                    ]
                ]
            },
            "properties": {
                "pa_label": "p304-S06",
                "PSDATE": "2003-06-30",
                "PHTD": 0.472,
                "STDD": 10.2,
                "MSNODE": 13.0,
                "PFNODE": 3.0,
                "VBNUM": 4.0,
                "VBNODE": 8.0,
                "SQRNUM": 25.6,
                "FLRNUM": 0.4,
                "GBNUM": 0.2,
                "MBNUM": 0.0,
                "LWPD": 17.89,
                "SWPD": 16.8,
                "CWPD": 36.52,
                "LWAD": 909.8,
                "SWAD": 854.5,
                "MBWAD": 0.0,
                "PWAD": 92.7,
                "CWAD": 1856.9,
                "LAID_LAB": 1.358
            },
            "_id": "68c445408ac547b6574217be",
            "paid": "68c445408ac547b6574217be"
        },
        {
            "type": "Feature",
            "geometry": {
                "type": "Polygon",
                "coordinates": [
                    [
                        [
                            -111.97135578,
                            33.06729995
                        ],
                        [
                            -111.97135575,
                            33.06733603
                        ],
                        [
                            -111.97129027,
                            33.06733654
                        ],
                        [
                            -111.97129031,
                            33.06730046
                        ],
                        [
                            -111.97135578,
                            33.06729995
                        ]
                    ]
                ]
            },
            "properties": {
                "pa_label": "p305-S06",
                "PSDATE": "2003-06-30",
                "PHTD": 0.504,
                "STDD": 7.8,
                "MSNODE": 13.0,
                "PFNODE": 7.0,
                "VBNUM": 0.0,
                "VBNODE": 0.0,
                "SQRNUM": 9.8,
                "FLRNUM": 0.3,
                "GBNUM": 0.0,
                "MBNUM": 0.0,
                "LWPD": 5.8,
                "SWPD": 5.54,
                "CWPD": 11.82,
                "LWAD": 1443.0,
                "SWAD": 1377.9,
                "MBWAD": 0.0,
                "PWAD": 120.7,
                "CWAD": 2941.6,
                "LAID_LAB": 2.689
            },
            "_id": "68c445408ac547b6574217d0",
            "paid": "68c445408ac547b6574217d0"
        },
        {
            "type": "Feature",
            "geometry": {
                "type": "Polygon",
                "coordinates": [
                    [
                        [
                            -111.97116049,
                            33.0672995
                        ],
                        [
                            -111.97122594,
                            33.06729899
                        ],
                        [
                            -111.9712259,
                            33.06733507
                        ],
                        [
                            -111.97116045,
                            33.06733558
                        ],
                        [
                            -111.97116049,
                            33.0672995
                        ]
                    ]
                ]
            },
            "properties": {
                "pa_label": "p306-S06",
                "PSDATE": "2003-06-30",
                "PHTD": 0.63,
                "STDD": 11.2,
                "MSNODE": 13.0,
                "PFNODE": 6.0,
                "VBNUM": 2.0,
                "VBNODE": 3.0,
                "SQRNUM": 8.5,
                "FLRNUM": 0.5,
                "GBNUM": 0.2,
                "MBNUM": 0.0,
                "LWPD": 8.46,
                "SWPD": 7.6,
                "CWPD": 16.68,
                "LWAD": 1042.0,
                "SWAD": 935.9,
                "MBWAD": 0.0,
                "PWAD": 75.3,
                "CWAD": 2053.3,
                "LAID_LAB": 1.673
            },
            "_id": "68c445408ac547b6574217e2",
            "paid": "68c445408ac547b6574217e2"
        },
        {
            "type": "Feature",
            "geometry": {
                "type": "Polygon",
                "coordinates": [
                    [
                        [
                            -111.97109568,
                            33.06729819
                        ],
                        [
                            -111.97109568,
                            33.06733426
                        ],
                        [
                            -111.97103033,
                            33.06733477
                        ],
                        [
                            -111.97103036,
                            33.0672987
                        ],
                        [
                            -111.97109568,
                            33.06729819
                        ]
                    ]
                ]
            },
            "properties": {
                "pa_label": "p307-S06",
                "PSDATE": "2003-06-30",
                "PHTD": 0.467,
                "STDD": 9.7,
                "MSNODE": 12.0,
                "PFNODE": 4.0,
                "VBNUM": 1.0,
                "VBNODE": 12.0,
                "SQRNUM": 12.0,
                "FLRNUM": 0.3,
                "GBNUM": 0.0,
                "MBNUM": 0.0,
                "LWPD": 8.73,
                "SWPD": 7.82,
                "CWPD": 17.41,
                "LWAD": 1012.4,
                "SWAD": 907.2,
                "MBWAD": 0.0,
                "PWAD": 99.6,
                "CWAD": 2019.2,
                "LAID_LAB": 1.414
            },
            "_id": "68c445408ac547b6574217f4",
            "paid": "68c445408ac547b6574217f4"
        },
        {
            "type": "Feature",
            "geometry": {
                "type": "Polygon",
                "coordinates": [
                    [
                        [
                            -111.97090064,
                            33.06729787
                        ],
                        [
                            -111.97096582,
                            33.06729737
                        ],
                        [
                            -111.97096575,
                            33.06733344
                        ],
                        [
                            -111.97090057,
                            33.06733395
                        ],
                        [
                            -111.97090064,
                            33.06729787
                        ]
                    ]
                ]
            },
            "properties": {
                "pa_label": "p308-S06",
                "PSDATE": "2003-06-30",
                "PHTD": 0.49,
                "STDD": 9.2,
                "MSNODE": 12.0,
                "PFNODE": 5.0,
                "VBNUM": 1.0,
                "VBNODE": 4.0,
                "SQRNUM": 7.0,
                "FLRNUM": 0.7,
                "GBNUM": 0.2,
                "MBNUM": 0.0,
                "LWPD": 5.65,
                "SWPD": 4.99,
                "CWPD": 11.34,
                "LWAD": 1284.5,
                "SWAD": 1135.8,
                "MBWAD": 0.0,
                "PWAD": 160.0,
                "CWAD": 2580.3,
                "LAID_LAB": 1.741
            },
            "_id": "68c445408ac547b657421806",
            "paid": "68c445408ac547b657421806"
        },
        {
            "type": "Feature",
            "geometry": {
                "type": "Polygon",
                "coordinates": [
                    [
                        [
                            -111.97187724,
                            33.06710108
                        ],
                        [
                            -111.97187714,
                            33.06713716
                        ],
                        [
                            -111.97181187,
                            33.06713767
                        ],
                        [
                            -111.971812,
                            33.06710159
                        ],
                        [
                            -111.97187724,
                            33.06710108
                        ]
                    ]
                ]
            },
            "properties": {
                "pa_label": "p401-S06",
                "PSDATE": "2003-06-30",
                "PHTD": 0.51,
                "STDD": 11.6,
                "MSNODE": 15.0,
                "PFNODE": 5.0,
                "VBNUM": 1.0,
                "VBNODE": 14.0,
                "SQRNUM": 17.7,
                "FLRNUM": 0.3,
                "GBNUM": 1.0,
                "MBNUM": 0.0,
                "LWPD": 10.94,
                "SWPD": 9.05,
                "CWPD": 21.47,
                "LWAD": 524.8,
                "SWAD": 434.1,
                "MBWAD": 0.0,
                "PWAD": 71.0,
                "CWAD": 1029.9,
                "LAID_LAB": 0.653
            },
            "_id": "68c445408ac547b657421818",
            "paid": "68c445408ac547b657421818"
        },
        {
            "type": "Feature",
            "geometry": {
                "type": "Polygon",
                "coordinates": [
                    [
                        [
                            -111.97168138,
                            33.06710081
                        ],
                        [
                            -111.97174663,
                            33.06710031
                        ],
                        [
                            -111.97174658,
                            33.06713638
                        ],
                        [
                            -111.97168137,
                            33.06713689
                        ],
                        [
                            -111.97168138,
                            33.06710081
                        ]
                    ]
                ]
            },
            "properties": {
                "pa_label": "p402-S06",
                "PSDATE": "2003-06-30",
                "PHTD": 0.608,
                "STDD": 8.8,
                "MSNODE": 14.0,
                "PFNODE": 6.0,
                "VBNUM": 1.0,
                "VBNODE": 2.0,
                "SQRNUM": 10.5,
                "FLRNUM": 0.2,
                "GBNUM": 0.0,
                "MBNUM": 0.0,
                "LWPD": 8.19,
                "SWPD": 7.49,
                "CWPD": 16.4,
                "LWAD": 925.0,
                "SWAD": 845.7,
                "MBWAD": 0.0,
                "PWAD": 80.7,
                "CWAD": 1851.4,
                "LAID_LAB": 1.327
            },
            "_id": "68c445408ac547b65742182a",
            "paid": "68c445408ac547b65742182a"
        },
        {
            "type": "Feature",
            "geometry": {
                "type": "Polygon",
                "coordinates": [
                    [
                        [
                            -111.97161609,
                            33.0670997
                        ],
                        [
                            -111.97161607,
                            33.06713577
                        ],
                        [
                            -111.97155092,
                            33.06713628
                        ],
                        [
                            -111.97155096,
                            33.0671002
                        ],
                        [
                            -111.97161609,
                            33.0670997
                        ]
                    ]
                ]
            },
            "properties": {
                "pa_label": "p403-S06",
                "PSDATE": "2003-06-30",
                "PHTD": 0.399,
                "STDD": 7.6,
                "MSNODE": 12.0,
                "PFNODE": 7.0,
                "VBNUM": 2.0,
                "VBNODE": 4.0,
                "SQRNUM": 6.5,
                "FLRNUM": 0.2,
                "GBNUM": 0.7,
                "MBNUM": 0.0,
                "LWPD": 6.25,
                "SWPD": 5.45,
                "CWPD": 12.36,
                "LWAD": 1374.3,
                "SWAD": 1200.1,
                "MBWAD": 0.0,
                "PWAD": 145.6,
                "CWAD": 2719.9,
                "LAID_LAB": 1.906
            },
            "_id": "68c445408ac547b65742183c",
            "paid": "68c445408ac547b65742183c"
        },
        {
            "type": "Feature",
            "geometry": {
                "type": "Polygon",
                "coordinates": [
                    [
                        [
                            -111.97142134,
                            33.06709924
                        ],
                        [
                            -111.97148675,
                            33.06709873
                        ],
                        [
                            -111.97148667,
                            33.06713481
                        ],
                        [
                            -111.97142126,
                            33.06713532
                        ],
                        [
                            -111.97142134,
                            33.06709924
                        ]
                    ]
                ]
            },
            "properties": {
                "pa_label": "p404-S06",
                "PSDATE": "2003-06-30",
                "PHTD": 0.39,
                "STDD": 8.7,
                "MSNODE": 11.0,
                "PFNODE": 4.0,
                "VBNUM": 2.0,
                "VBNODE": 3.0,
                "SQRNUM": 12.2,
                "FLRNUM": 0.0,
                "GBNUM": 0.0,
                "MBNUM": 0.0,
                "LWPD": 9.18,
                "SWPD": 7.93,
                "CWPD": 17.86,
                "LWAD": 989.1,
                "SWAD": 854.2,
                "MBWAD": 0.0,
                "PWAD": 80.1,
                "CWAD": 1923.4,
                "LAID_LAB": 1.5
            },
            "_id": "68c445408ac547b65742184e",
            "paid": "68c445408ac547b65742184e"
        },
        {
            "type": "Feature",
            "geometry": {
                "type": "Polygon",
                "coordinates": [
                    [
                        [
                            -111.97135613,
                            33.06709809
                        ],
                        [
                            -111.97135613,
                            33.06713417
                        ],
                        [
                            -111.97129074,
                            33.06713468
                        ],
                        [
                            -111.97129079,
                            33.0670986
                        ],
                        [
                            -111.97135613,
                            33.06709809
                        ]
                    ]
                ]
            },
            "properties": {
                "pa_label": "p405-S06",
                "PSDATE": "2003-06-30",
                "PHTD": 0.596,
                "STDD": 9.2,
                "MSNODE": 17.0,
                "PFNODE": 8.0,
                "VBNUM": 2.0,
                "VBNODE": 9.0,
                "SQRNUM": 7.8,
                "FLRNUM": 0.2,
                "GBNUM": 0.0,
                "MBNUM": 0.0,
                "LWPD": 6.08,
                "SWPD": 6.35,
                "CWPD": 12.97,
                "LWAD": 1434.6,
                "SWAD": 1496.3,
                "MBWAD": 0.0,
                "PWAD": 128.1,
                "CWAD": 3059.0,
                "LAID_LAB": 2.049
            },
            "_id": "68c445408ac547b657421860",
            "paid": "68c445408ac547b657421860"
        },
        {
            "type": "Feature",
            "geometry": {
                "type": "Polygon",
                "coordinates": [
                    [
                        [
                            -111.97116078,
                            33.06709769
                        ],
                        [
                            -111.97122634,
                            33.06709718
                        ],
                        [
                            -111.97122625,
                            33.06713325
                        ],
                        [
                            -111.9711607,
                            33.06713376
                        ],
                        [
                            -111.97116078,
                            33.06709769
                        ]
                    ]
                ]
            },
            "properties": {
                "pa_label": "p406-S06",
                "PSDATE": "2003-06-30",
                "PHTD": 0.486,
                "STDD": 10.5,
                "MSNODE": 14.0,
                "PFNODE": 6.0,
                "VBNUM": 1.0,
                "VBNODE": 8.0,
                "SQRNUM": 13.0,
                "FLRNUM": 0.0,
                "GBNUM": 0.8,
                "MBNUM": 0.0,
                "LWPD": 8.59,
                "SWPD": 8.42,
                "CWPD": 17.91,
                "LWAD": 984.2,
                "SWAD": 965.7,
                "MBWAD": 0.0,
                "PWAD": 103.0,
                "CWAD": 2052.9,
                "LAID_LAB": 1.462
            },
            "_id": "68c445408ac547b657421872",
            "paid": "68c445408ac547b657421872"
        },
        {
            "type": "Feature",
            "geometry": {
                "type": "Polygon",
                "coordinates": [
                    [
                        [
                            -111.97109572,
                            33.06709658
                        ],
                        [
                            -111.97109572,
                            33.06713266
                        ],
                        [
                            -111.97103059,
                            33.06713316
                        ],
                        [
                            -111.97103061,
                            33.06709709
                        ],
                        [
                            -111.97109572,
                            33.06709658
                        ]
                    ]
                ]
            },
            "properties": {
                "pa_label": "p407-S06",
                "PSDATE": "2003-06-30",
                "PHTD": 0.393,
                "STDD": 8.7,
                "MSNODE": 13.0,
                "PFNODE": 5.0,
                "VBNUM": 1.0,
                "VBNODE": 6.0,
                "SQRNUM": 18.8,
                "FLRNUM": 0.0,
                "GBNUM": 0.7,
                "MBNUM": 0.0,
                "LWPD": 10.9,
                "SWPD": 8.74,
                "CWPD": 20.8,
                "LWAD": 543.0,
                "SWAD": 435.6,
                "MBWAD": 0.0,
                "PWAD": 58.0,
                "CWAD": 1036.6,
                "LAID_LAB": 0.749
            },
            "_id": "68c445408ac547b657421884",
            "paid": "68c445408ac547b657421884"
        },
        {
            "type": "Feature",
            "geometry": {
                "type": "Polygon",
                "coordinates": [
                    [
                        [
                            -111.97090096,
                            33.06709603
                        ],
                        [
                            -111.97096601,
                            33.06709552
                        ],
                        [
                            -111.97096594,
                            33.0671316
                        ],
                        [
                            -111.9709009,
                            33.0671321
                        ],
                        [
                            -111.97090096,
                            33.06709603
                        ]
                    ]
                ]
            },
            "properties": {
                "pa_label": "p408-S06",
                "PSDATE": "2003-06-30",
                "PHTD": 0.463,
                "STDD": 7.6,
                "MSNODE": 16.0,
                "PFNODE": 7.0,
                "VBNUM": 0.0,
                "VBNODE": 0.0,
                "SQRNUM": 13.5,
                "FLRNUM": 0.0,
                "GBNUM": 0.5,
                "MBNUM": 0.0,
                "LWPD": 8.7,
                "SWPD": 8.6,
                "CWPD": 18.22,
                "LWAD": 1026.4,
                "SWAD": 1015.4,
                "MBWAD": 0.0,
                "PWAD": 109.2,
                "CWAD": 2150.9,
                "LAID_LAB": 1.59
            },
            "_id": "68c445408ac547b657421896",
            "paid": "68c445408ac547b657421896"
        },
        {
            "type": "Feature",
            "geometry": {
                "type": "Polygon",
                "coordinates": [
                    [
                        [
                            -111.97187593,
                            33.06777126
                        ],
                        [
                            -111.97187587,
                            33.06780734
                        ],
                        [
                            -111.97181049,
                            33.06780785
                        ],
                        [
                            -111.97181058,
                            33.06777177
                        ],
                        [
                            -111.97187593,
                            33.06777126
                        ]
                    ]
                ]
            },
            "properties": {
                "pa_label": "p101-S07",
                "PSDATE": "2003-07-07",
                "PHTD": 0.661,
                "STDD": 15.2,
                "MSNODE": 19.0,
                "PFNODE": 4.0,
                "VBNUM": 3.0,
                "VBNODE": 46.0,
                "SQRNUM": 33.5,
                "FLRNUM": 1.5,
                "GBNUM": 13.5,
                "MBNUM": 0.0,
                "LWPD": 28.82,
                "SWPD": 26.11,
                "CWPD": 61.39,
                "LWAD": 1494.9,
                "SWAD": 1354.8,
                "MBWAD": 0.0,
                "PWAD": 335.1,
                "CWAD": 3184.8,
                "LAID_LAB": 2.434
            },
            "_id": "68c445408ac547b657421669",
            "paid": "68c445408ac547b657421669"
        },
        {
            "type": "Feature",
            "geometry": {
                "type": "Polygon",
                "coordinates": [
                    [
                        [
                            -111.97168048,
                            33.06777095
                        ],
                        [
                            -111.97174565,
                            33.06777045
                        ],
                        [
                            -111.9717456,
                            33.06780652
                        ],
                        [
                            -111.97168043,
                            33.06780703
                        ],
                        [
                            -111.97168048,
                            33.06777095
                        ]
                    ]
                ]
            },
            "properties": {
                "pa_label": "p102-S07",
                "PSDATE": "2003-07-07",
                "PHTD": 0.568,
                "STDD": 12.9,
                "MSNODE": 16.0,
                "PFNODE": 5.0,
                "VBNUM": 1.0,
                "VBNODE": 25.0,
                "SQRNUM": 21.2,
                "FLRNUM": 0.0,
                "GBNUM": 7.5,
                "MBNUM": 0.0,
                "LWPD": 16.2,
                "SWPD": 14.66,
                "CWPD": 36.36,
                "LWAD": 1532.0,
                "SWAD": 1386.6,
                "MBWAD": 0.0,
                "PWAD": 520.8,
                "CWAD": 3439.3,
                "LAID_LAB": 2.525
            },
            "_id": "68c445408ac547b65742167b",
            "paid": "68c445408ac547b65742167b"
        },
        {
            "type": "Feature",
            "geometry": {
                "type": "Polygon",
                "coordinates": [
                    [
                        [
                            -111.97161533,
                            33.06776968
                        ],
                        [
                            -111.97161529,
                            33.06780576
                        ],
                        [
                            -111.97155009,
                            33.06780627
                        ],
                        [
                            -111.97155013,
                            33.06777019
                        ],
                        [
                            -111.97161533,
                            33.06776968
                        ]
                    ]
                ]
            },
            "properties": {
                "pa_label": "p103-S07",
                "PSDATE": "2003-07-07",
                "PHTD": 0.427,
                "STDD": 6.2,
                "MSNODE": 11.0,
                "PFNODE": 6.0,
                "VBNUM": 0.0,
                "VBNODE": 0.0,
                "SQRNUM": 5.0,
                "FLRNUM": 0.5,
                "GBNUM": 0.2,
                "MBNUM": 0.0,
                "LWPD": 5.27,
                "SWPD": 4.95,
                "CWPD": 10.69,
                "LWAD": 1189.3,
                "SWAD": 1116.5,
                "MBWAD": 0.0,
                "PWAD": 104.9,
                "CWAD": 2410.6,
                "LAID_LAB": 2.135
            },
            "_id": "68c445408ac547b65742168d",
            "paid": "68c445408ac547b65742168d"
        },
        {
            "type": "Feature",
            "geometry": {
                "type": "Polygon",
                "coordinates": [
                    [
                        [
                            -111.97148529,
                            33.06776917
                        ],
                        [
                            -111.97148519,
                            33.06780525
                        ],
                        [
                            -111.9714195,
                            33.06780576
                        ],
                        [
                            -111.97141966,
                            33.06776969
                        ],
                        [
                            -111.97148529,
                            33.06776917
                        ]
                    ]
                ]
            },
            "properties": {
                "pa_label": "p104-S07",
                "PSDATE": "2003-07-07",
                "PHTD": 0.663,
                "STDD": 12.5,
                "MSNODE": 19.0,
                "PFNODE": 5.0,
                "VBNUM": 2.0,
                "VBNODE": 29.0,
                "SQRNUM": 15.8,
                "FLRNUM": 1.0,
                "GBNUM": 3.0,
                "MBNUM": 0.0,
                "LWPD": 13.1,
                "SWPD": 12.84,
                "CWPD": 28.13,
                "LWAD": 1587.5,
                "SWAD": 1556.0,
                "MBWAD": 0.0,
                "PWAD": 265.8,
                "CWAD": 3409.3,
                "LAID_LAB": 2.936
            },
            "_id": "68c445408ac547b65742169f",
            "paid": "68c445408ac547b65742169f"
        },
        {
            "type": "Feature",
            "geometry": {
                "type": "Polygon",
                "coordinates": [
                    [
                        [
                            -111.97128944,
                            33.0677683
                        ],
                        [
                            -111.97135489,
                            33.06776779
                        ],
                        [
                            -111.97135482,
                            33.06780387
                        ],
                        [
                            -111.97128937,
                            33.06780438
                        ],
                        [
                            -111.97128944,
                            33.0677683
                        ]
                    ]
                ]
            },
            "properties": {
                "pa_label": "p105-S07",
                "PSDATE": "2003-07-07",
                "PHTD": 0.47,
                "STDD": 8.7,
                "MSNODE": 9.0,
                "PFNODE": 4.0,
                "VBNUM": 2.0,
                "VBNODE": 6.0,
                "SQRNUM": 6.8,
                "FLRNUM": 0.8,
                "GBNUM": 0.5,
                "MBNUM": 0.0,
                "LWPD": 6.83,
                "SWPD": 6.42,
                "CWPD": 14.07,
                "LWAD": 1605.8,
                "SWAD": 1508.3,
                "MBWAD": 0.0,
                "PWAD": 192.1,
                "CWAD": 3306.3,
                "LAID_LAB": 3.274
            },
            "_id": "68c445408ac547b6574216b1",
            "paid": "68c445408ac547b6574216b1"
        },
        {
            "type": "Feature",
            "geometry": {
                "type": "Polygon",
                "coordinates": [
                    [
                        [
                            -111.97122492,
                            33.06776681
                        ],
                        [
                            -111.97122485,
                            33.06780289
                        ],
                        [
                            -111.97115941,
                            33.0678034
                        ],
                        [
                            -111.97115949,
                            33.06776732
                        ],
                        [
                            -111.97122492,
                            33.06776681
                        ]
                    ]
                ]
            },
            "properties": {
                "pa_label": "p106-S07",
                "PSDATE": "2003-07-07",
                "PHTD": 0.4,
                "STDD": 6.4,
                "MSNODE": 9.0,
                "PFNODE": 7.0,
                "VBNUM": 1.0,
                "VBNODE": 1.0,
                "SQRNUM": 12.8,
                "FLRNUM": 0.2,
                "GBNUM": 2.0,
                "MBNUM": 0.0,
                "LWPD": 9.56,
                "SWPD": 8.39,
                "CWPD": 19.54,
                "LWAD": 1168.0,
                "SWAD": 1026.0,
                "MBWAD": 0.0,
                "PWAD": 193.4,
                "CWAD": 2387.4,
                "LAID_LAB": 2.006
            },
            "_id": "68c445408ac547b6574216c3",
            "paid": "68c445408ac547b6574216c3"
        },
        {
            "type": "Feature",
            "geometry": {
                "type": "Polygon",
                "coordinates": [
                    [
                        [
                            -111.97109558,
                            33.06776662
                        ],
                        [
                            -111.97109559,
                            33.0678027
                        ],
                        [
                            -111.97102967,
                            33.06780321
                        ],
                        [
                            -111.9710298,
                            33.06776713
                        ],
                        [
                            -111.97109558,
                            33.06776662
                        ]
                    ]
                ]
            },
            "properties": {
                "pa_label": "p107-S07",
                "PSDATE": "2003-07-07",
                "PHTD": 0.57,
                "STDD": 9.9,
                "MSNODE": 19.0,
                "PFNODE": 8.0,
                "VBNUM": 2.0,
                "VBNODE": 6.0,
                "SQRNUM": 10.8,
                "FLRNUM": 0.0,
                "GBNUM": 2.0,
                "MBNUM": 0.0,
                "LWPD": 11.93,
                "SWPD": 10.46,
                "CWPD": 24.09,
                "LWAD": 1368.8,
                "SWAD": 1200.7,
                "MBWAD": 0.0,
                "PWAD": 194.8,
                "CWAD": 2764.3,
                "LAID_LAB": 2.172
            },
            "_id": "68c445408ac547b6574216d5",
            "paid": "68c445408ac547b6574216d5"
        },
        {
            "type": "Feature",
            "geometry": {
                "type": "Polygon",
                "coordinates": [
                    [
                        [
                            -111.97096537,
                            33.06776524
                        ],
                        [
                            -111.97096535,
                            33.06780131
                        ],
                        [
                            -111.97090004,
                            33.06780182
                        ],
                        [
                            -111.97090025,
                            33.06776575
                        ],
                        [
                            -111.97096537,
                            33.06776524
                        ]
                    ]
                ]
            },
            "properties": {
                "pa_label": "p108-S07",
                "PSDATE": "2003-07-07",
                "PHTD": 0.65,
                "STDD": 11.4,
                "MSNODE": 16.0,
                "PFNODE": 6.0,
                "VBNUM": 3.0,
                "VBNODE": 0.0,
                "SQRNUM": 12.2,
                "FLRNUM": 0.5,
                "GBNUM": 2.2,
                "MBNUM": 0.0,
                "LWPD": 14.99,
                "SWPD": 14.35,
                "CWPD": 31.25,
                "LWAD": 1790.7,
                "SWAD": 1714.5,
                "MBWAD": 0.0,
                "PWAD": 228.2,
                "CWAD": 3733.4,
                "LAID_LAB": 3.201
            },
            "_id": "68c445408ac547b6574216e7",
            "paid": "68c445408ac547b6574216e7"
        },
        {
            "type": "Feature",
            "geometry": {
                "type": "Polygon",
                "coordinates": [
                    [
                        [
                            -111.97187636,
                            33.06757231
                        ],
                        [
                            -111.97187629,
                            33.06760839
                        ],
                        [
                            -111.97181097,
                            33.06760889
                        ],
                        [
                            -111.97181104,
                            33.06757282
                        ],
                        [
                            -111.97187636,
                            33.06757231
                        ]
                    ]
                ]
            },
            "properties": {
                "pa_label": "p201-S07",
                "PSDATE": "2003-07-07",
                "PHTD": 0.61,
                "STDD": 11.7,
                "MSNODE": 14.0,
                "PFNODE": 5.0,
                "VBNUM": 3.0,
                "VBNODE": 21.0,
                "SQRNUM": 9.2,
                "FLRNUM": 1.5,
                "GBNUM": 1.8,
                "MBNUM": 0.0,
                "LWPD": 12.26,
                "SWPD": 12.54,
                "CWPD": 26.38,
                "LWAD": 2698.9,
                "SWAD": 2760.0,
                "MBWAD": 0.0,
                "PWAD": 349.0,
                "CWAD": 5807.8,
                "LAID_LAB": 4.414
            },
            "_id": "68c445408ac547b6574216f9",
            "paid": "68c445408ac547b6574216f9"
        },
        {
            "type": "Feature",
            "geometry": {
                "type": "Polygon",
                "coordinates": [
                    [
                        [
                            -111.97174604,
                            33.06757132
                        ],
                        [
                            -111.97174589,
                            33.0676074
                        ],
                        [
                            -111.97168063,
                            33.06760791
                        ],
                        [
                            -111.97168092,
                            33.06757183
                        ],
                        [
                            -111.97174604,
                            33.06757132
                        ]
                    ]
                ]
            },
            "properties": {
                "pa_label": "p202-S07",
                "PSDATE": "2003-07-07",
                "PHTD": 0.38,
                "STDD": 9.5,
                "MSNODE": 13.0,
                "PFNODE": 4.0,
                "VBNUM": 1.0,
                "VBNODE": 0.0,
                "SQRNUM": 14.2,
                "FLRNUM": 0.5,
                "GBNUM": 2.0,
                "MBNUM": 0.0,
                "LWPD": 11.56,
                "SWPD": 10.05,
                "CWPD": 23.42,
                "LWAD": 1448.9,
                "SWAD": 1259.4,
                "MBWAD": 0.0,
                "PWAD": 226.5,
                "CWAD": 2934.8,
                "LAID_LAB": 2.526
            },
            "_id": "68c445408ac547b65742170b",
            "paid": "68c445408ac547b65742170b"
        },
        {
            "type": "Feature",
            "geometry": {
                "type": "Polygon",
                "coordinates": [
                    [
                        [
                            -111.97155004,
                            33.06757057
                        ],
                        [
                            -111.97161523,
                            33.06757007
                        ],
                        [
                            -111.97161508,
                            33.06760614
                        ],
                        [
                            -111.97155011,
                            33.06760665
                        ],
                        [
                            -111.97155004,
                            33.06757057
                        ]
                    ]
                ]
            },
            "properties": {
                "pa_label": "p203-S07",
                "PSDATE": "2003-07-07",
                "PHTD": 0.61,
                "STDD": 10.1,
                "MSNODE": 17.0,
                "PFNODE": 4.0,
                "VBNUM": 2.0,
                "VBNODE": 3.0,
                "SQRNUM": 9.8,
                "FLRNUM": 2.0,
                "GBNUM": 2.8,
                "MBNUM": 0.0,
                "LWPD": 13.66,
                "SWPD": 12.86,
                "CWPD": 29.27,
                "LWAD": 1478.7,
                "SWAD": 1391.8,
                "MBWAD": 0.0,
                "PWAD": 299.1,
                "CWAD": 3169.5,
                "LAID_LAB": 2.478
            },
            "_id": "68c445408ac547b65742171d",
            "paid": "68c445408ac547b65742171d"
        },
        {
            "type": "Feature",
            "geometry": {
                "type": "Polygon",
                "coordinates": [
                    [
                        [
                            -111.9714203,
                            33.06756971
                        ],
                        [
                            -111.97148582,
                            33.0675692
                        ],
                        [
                            -111.97148572,
                            33.06760528
                        ],
                        [
                            -111.97142021,
                            33.06760579
                        ],
                        [
                            -111.9714203,
                            33.06756971
                        ]
                    ]
                ]
            },
            "properties": {
                "pa_label": "p204-S07",
                "PSDATE": "2003-07-07",
                "PHTD": 0.505,
                "STDD": 10.3,
                "MSNODE": 12.0,
                "PFNODE": 5.0,
                "VBNUM": 1.0,
                "VBNODE": 2.0,
                "SQRNUM": 5.0,
                "FLRNUM": 1.0,
                "GBNUM": 1.0,
                "MBNUM": 0.0,
                "LWPD": 8.2,
                "SWPD": 7.85,
                "CWPD": 16.88,
                "LWAD": 1982.0,
                "SWAD": 1898.0,
                "MBWAD": 0.0,
                "PWAD": 201.3,
                "CWAD": 4081.2,
                "LAID_LAB": 3.464
            },
            "_id": "68c445408ac547b65742172f",
            "paid": "68c445408ac547b65742172f"
        },
        {
            "type": "Feature",
            "geometry": {
                "type": "Polygon",
                "coordinates": [
                    [
                        [
                            -111.97135527,
                            33.06756811
                        ],
                        [
                            -111.97135526,
                            33.06760418
                        ],
                        [
                            -111.97128981,
                            33.06760469
                        ],
                        [
                            -111.9712899,
                            33.06756862
                        ],
                        [
                            -111.97135527,
                            33.06756811
                        ]
                    ]
                ]
            },
            "properties": {
                "pa_label": "p205-S07",
                "PSDATE": "2003-07-07",
                "PHTD": 0.584,
                "STDD": 14.3,
                "MSNODE": 20.0,
                "PFNODE": 7.0,
                "VBNUM": 1.0,
                "VBNODE": 19.0,
                "SQRNUM": 34.8,
                "FLRNUM": 0.5,
                "GBNUM": 8.0,
                "MBNUM": 0.0,
                "LWPD": 27.72,
                "SWPD": 27.73,
                "CWPD": 62.76,
                "LWAD": 1364.1,
                "SWAD": 1364.5,
                "MBWAD": 0.0,
                "PWAD": 360.0,
                "CWAD": 3088.6,
                "LAID_LAB": 1.965
            },
            "_id": "68c445408ac547b657421741",
            "paid": "68c445408ac547b657421741"
        },
        {
            "type": "Feature",
            "geometry": {
                "type": "Polygon",
                "coordinates": [
                    [
                        [
                            -111.97115981,
                            33.06756766
                        ],
                        [
                            -111.9712253,
                            33.06756715
                        ],
                        [
                            -111.97122523,
                            33.06760323
                        ],
                        [
                            -111.97115975,
                            33.06760374
                        ],
                        [
                            -111.97115981,
                            33.06756766
                        ]
                    ]
                ]
            },
            "properties": {
                "pa_label": "p206-S07",
                "PSDATE": "2003-07-07",
                "PHTD": 0.623,
                "STDD": 14.2,
                "MSNODE": 17.0,
                "PFNODE": 4.0,
                "VBNUM": 1.0,
                "VBNODE": 38.0,
                "SQRNUM": 28.0,
                "FLRNUM": 0.8,
                "GBNUM": 5.8,
                "MBNUM": 0.0,
                "LWPD": 19.09,
                "SWPD": 18.42,
                "CWPD": 42.45,
                "LWAD": 982.3,
                "SWAD": 948.0,
                "MBWAD": 0.0,
                "PWAD": 254.3,
                "CWAD": 2184.6,
                "LAID_LAB": 1.5
            },
            "_id": "68c445408ac547b657421753",
            "paid": "68c445408ac547b657421753"
        },
        {
            "type": "Feature",
            "geometry": {
                "type": "Polygon",
                "coordinates": [
                    [
                        [
                            -111.97109537,
                            33.06756618
                        ],
                        [
                            -111.97109539,
                            33.06760225
                        ],
                        [
                            -111.9710302,
                            33.06760276
                        ],
                        [
                            -111.97103019,
                            33.06756668
                        ],
                        [
                            -111.97109537,
                            33.06756618
                        ]
                    ]
                ]
            },
            "properties": {
                "pa_label": "p207-S07",
                "PSDATE": "2003-07-07",
                "PHTD": 0.708,
                "STDD": 11.7,
                "MSNODE": 17.0,
                "PFNODE": 4.0,
                "VBNUM": 1.0,
                "VBNODE": 11.0,
                "SQRNUM": 12.0,
                "FLRNUM": 0.5,
                "GBNUM": 3.2,
                "MBNUM": 0.0,
                "LWPD": 11.93,
                "SWPD": 11.96,
                "CWPD": 26.08,
                "LWAD": 1409.6,
                "SWAD": 1412.9,
                "MBWAD": 0.0,
                "PWAD": 257.5,
                "CWAD": 3080.0,
                "LAID_LAB": 2.245
            },
            "_id": "68c445408ac547b657421765",
            "paid": "68c445408ac547b657421765"
        },
        {
            "type": "Feature",
            "geometry": {
                "type": "Polygon",
                "coordinates": [
                    [
                        [
                            -111.97096531,
                            33.0675651
                        ],
                        [
                            -111.97096521,
                            33.06760118
                        ],
                        [
                            -111.97090006,
                            33.06760169
                        ],
                        [
                            -111.97090018,
                            33.06756561
                        ],
                        [
                            -111.97096531,
                            33.0675651
                        ]
                    ]
                ]
            },
            "properties": {
                "pa_label": "p208-S07",
                "PSDATE": "2003-07-07",
                "PHTD": 0.699,
                "STDD": 14.4,
                "MSNODE": 22.0,
                "PFNODE": 7.0,
                "VBNUM": 1.0,
                "VBNODE": 7.0,
                "SQRNUM": 30.5,
                "FLRNUM": 1.2,
                "GBNUM": 7.8,
                "MBNUM": 0.0,
                "LWPD": 21.61,
                "SWPD": 20.11,
                "CWPD": 48.0,
                "LWAD": 1068.0,
                "SWAD": 993.5,
                "MBWAD": 0.0,
                "PWAD": 310.6,
                "CWAD": 2372.2,
                "LAID_LAB": 1.925
            },
            "_id": "68c445408ac547b657421777",
            "paid": "68c445408ac547b657421777"
        },
        {
            "type": "Feature",
            "geometry": {
                "type": "Polygon",
                "coordinates": [
                    [
                        [
                            -111.97187688,
                            33.06730302
                        ],
                        [
                            -111.97187683,
                            33.0673391
                        ],
                        [
                            -111.97181172,
                            33.0673396
                        ],
                        [
                            -111.97181177,
                            33.06730353
                        ],
                        [
                            -111.97187688,
                            33.06730302
                        ]
                    ]
                ]
            },
            "properties": {
                "pa_label": "p301-S07",
                "PSDATE": "2003-07-07",
                "PHTD": 0.59,
                "STDD": 11.2,
                "MSNODE": 12.0,
                "PFNODE": 7.0,
                "VBNUM": 5.0,
                "VBNODE": 2.0,
                "SQRNUM": 11.2,
                "FLRNUM": 1.8,
                "GBNUM": 1.2,
                "MBNUM": 0.0,
                "LWPD": 13.29,
                "SWPD": 12.16,
                "CWPD": 27.31,
                "LWAD": 1458.9,
                "SWAD": 1335.1,
                "MBWAD": 0.0,
                "PWAD": 205.1,
                "CWAD": 2999.1,
                "LAID_LAB": 2.706
            },
            "_id": "68c445408ac547b657421789",
            "paid": "68c445408ac547b657421789"
        },
        {
            "type": "Feature",
            "geometry": {
                "type": "Polygon",
                "coordinates": [
                    [
                        [
                            -111.9717462,
                            33.06730236
                        ],
                        [
                            -111.97174612,
                            33.06733844
                        ],
                        [
                            -111.9716806,
                            33.06733895
                        ],
                        [
                            -111.97168072,
                            33.06730287
                        ],
                        [
                            -111.9717462,
                            33.06730236
                        ]
                    ]
                ]
            },
            "properties": {
                "pa_label": "p302-S07",
                "PSDATE": "2003-07-07",
                "PHTD": 0.58,
                "STDD": 13.2,
                "MSNODE": 16.0,
                "PFNODE": 5.0,
                "VBNUM": 2.0,
                "VBNODE": 15.0,
                "SQRNUM": 11.2,
                "FLRNUM": 0.2,
                "GBNUM": 3.0,
                "MBNUM": 0.0,
                "LWPD": 10.58,
                "SWPD": 9.22,
                "CWPD": 21.7,
                "LWAD": 1216.8,
                "SWAD": 1060.1,
                "MBWAD": 0.0,
                "PWAD": 219.4,
                "CWAD": 2496.3,
                "LAID_LAB": 2.022
            },
            "_id": "68c445408ac547b65742179b",
            "paid": "68c445408ac547b65742179b"
        },
        {
            "type": "Feature",
            "geometry": {
                "type": "Polygon",
                "coordinates": [
                    [
                        [
                            -111.97161629,
                            33.06730059
                        ],
                        [
                            -111.97161636,
                            33.06733666
                        ],
                        [
                            -111.9715507,
                            33.06733718
                        ],
                        [
                            -111.97155072,
                            33.0673011
                        ],
                        [
                            -111.97161629,
                            33.06730059
                        ]
                    ]
                ]
            },
            "properties": {
                "pa_label": "p303-S07",
                "PSDATE": "2003-07-07",
                "PHTD": 0.552,
                "STDD": 16.6,
                "MSNODE": 17.0,
                "PFNODE": 4.0,
                "VBNUM": 3.0,
                "VBNODE": 15.0,
                "SQRNUM": 21.5,
                "FLRNUM": 1.0,
                "GBNUM": 3.5,
                "MBNUM": 0.0,
                "LWPD": 17.2,
                "SWPD": 16.63,
                "CWPD": 37.47,
                "LWAD": 909.9,
                "SWAD": 879.9,
                "MBWAD": 0.0,
                "PWAD": 192.2,
                "CWAD": 1982.0,
                "LAID_LAB": 1.509
            },
            "_id": "68c445408ac547b6574217ad",
            "paid": "68c445408ac547b6574217ad"
        },
        {
            "type": "Feature",
            "geometry": {
                "type": "Polygon",
                "coordinates": [
                    [
                        [
                            -111.97142099,
                            33.06730122
                        ],
                        [
                            -111.97148642,
                            33.06730071
                        ],
                        [
                            -111.97148637,
                            33.06733679
                        ],
                        [
                            -111.97142098,
                            33.06733729
                        ],
                        [
                            -111.97142099,
                            33.06730122
                        ]
                    ]
                ]
            },
            "properties": {
                "pa_label": "p304-S07",
                "PSDATE": "2003-07-07",
                "PHTD": 0.645,
                "STDD": 15.4,
                "MSNODE": 17.0,
                "PFNODE": 4.0,
                "VBNUM": 2.0,
                "VBNODE": 37.0,
                "SQRNUM": 32.2,
                "FLRNUM": 1.0,
                "GBNUM": 10.0,
                "MBNUM": 0.0,
                "LWPD": 28.07,
                "SWPD": 27.81,
                "CWPD": 62.06,
                "LWAD": 1427.6,
                "SWAD": 1414.2,
                "MBWAD": 0.0,
                "PWAD": 314.4,
                "CWAD": 3156.2,
                "LAID_LAB": 2.611
            },
            "_id": "68c445408ac547b6574217bf",
            "paid": "68c445408ac547b6574217bf"
        },
        {
            "type": "Feature",
            "geometry": {
                "type": "Polygon",
                "coordinates": [
                    [
                        [
                            -111.97135578,
                            33.06729995
                        ],
                        [
                            -111.97135575,
                            33.06733603
                        ],
                        [
                            -111.97129027,
                            33.06733654
                        ],
                        [
                            -111.97129031,
                            33.06730046
                        ],
                        [
                            -111.97135578,
                            33.06729995
                        ]
                    ]
                ]
            },
            "properties": {
                "pa_label": "p305-S07",
                "PSDATE": "2003-07-07",
                "PHTD": 0.59,
                "STDD": 8.4,
                "MSNODE": 16.0,
                "PFNODE": 8.0,
                "VBNUM": 3.0,
                "VBNODE": 2.0,
                "SQRNUM": 10.0,
                "FLRNUM": 1.0,
                "GBNUM": 2.5,
                "MBNUM": 0.0,
                "LWPD": 11.49,
                "SWPD": 10.58,
                "CWPD": 24.94,
                "LWAD": 2859.3,
                "SWAD": 2632.9,
                "MBWAD": 0.0,
                "PWAD": 713.4,
                "CWAD": 6205.6,
                "LAID_LAB": 4.567
            },
            "_id": "68c445408ac547b6574217d1",
            "paid": "68c445408ac547b6574217d1"
        },
        {
            "type": "Feature",
            "geometry": {
                "type": "Polygon",
                "coordinates": [
                    [
                        [
                            -111.97116049,
                            33.0672995
                        ],
                        [
                            -111.97122594,
                            33.06729899
                        ],
                        [
                            -111.9712259,
                            33.06733507
                        ],
                        [
                            -111.97116045,
                            33.06733558
                        ],
                        [
                            -111.97116049,
                            33.0672995
                        ]
                    ]
                ]
            },
            "properties": {
                "pa_label": "p306-S07",
                "PSDATE": "2003-07-07",
                "PHTD": 0.65,
                "STDD": 13.9,
                "MSNODE": 17.0,
                "PFNODE": 4.0,
                "VBNUM": 2.0,
                "VBNODE": 16.0,
                "SQRNUM": 13.2,
                "FLRNUM": 1.5,
                "GBNUM": 1.5,
                "MBNUM": 0.0,
                "LWPD": 11.76,
                "SWPD": 11.64,
                "CWPD": 24.98,
                "LWAD": 1447.3,
                "SWAD": 1433.5,
                "MBWAD": 0.0,
                "PWAD": 195.1,
                "CWAD": 3075.9,
                "LAID_LAB": 2.731
            },
            "_id": "68c445408ac547b6574217e3",
            "paid": "68c445408ac547b6574217e3"
        },
        {
            "type": "Feature",
            "geometry": {
                "type": "Polygon",
                "coordinates": [
                    [
                        [
                            -111.97109568,
                            33.06729819
                        ],
                        [
                            -111.97109568,
                            33.06733426
                        ],
                        [
                            -111.97103033,
                            33.06733477
                        ],
                        [
                            -111.97103036,
                            33.0672987
                        ],
                        [
                            -111.97109568,
                            33.06729819
                        ]
                    ]
                ]
            },
            "properties": {
                "pa_label": "p307-S07",
                "PSDATE": "2003-07-07",
                "PHTD": 0.5,
                "STDD": 9.5,
                "MSNODE": 18.0,
                "PFNODE": 5.0,
                "VBNUM": 3.0,
                "VBNODE": 12.0,
                "SQRNUM": 12.5,
                "FLRNUM": 1.5,
                "GBNUM": 1.8,
                "MBNUM": 0.0,
                "LWPD": 13.64,
                "SWPD": 11.53,
                "CWPD": 27.05,
                "LWAD": 1583.0,
                "SWAD": 1337.6,
                "MBWAD": 0.0,
                "PWAD": 218.1,
                "CWAD": 3138.8,
                "LAID_LAB": 2.509
            },
            "_id": "68c445408ac547b6574217f5",
            "paid": "68c445408ac547b6574217f5"
        },
        {
            "type": "Feature",
            "geometry": {
                "type": "Polygon",
                "coordinates": [
                    [
                        [
                            -111.97090064,
                            33.06729787
                        ],
                        [
                            -111.97096582,
                            33.06729737
                        ],
                        [
                            -111.97096575,
                            33.06733344
                        ],
                        [
                            -111.97090057,
                            33.06733395
                        ],
                        [
                            -111.97090064,
                            33.06729787
                        ]
                    ]
                ]
            },
            "properties": {
                "pa_label": "p308-S07",
                "PSDATE": "2003-07-07",
                "PHTD": 0.539,
                "STDD": 7.7,
                "MSNODE": 15.0,
                "PFNODE": 5.0,
                "VBNUM": 1.0,
                "VBNODE": 2.0,
                "SQRNUM": 8.8,
                "FLRNUM": 0.8,
                "GBNUM": 3.0,
                "MBNUM": 0.0,
                "LWPD": 8.56,
                "SWPD": 7.98,
                "CWPD": 19.6,
                "LWAD": 1947.2,
                "SWAD": 1815.2,
                "MBWAD": 0.0,
                "PWAD": 696.6,
                "CWAD": 4459.0,
                "LAID_LAB": 2.965
            },
            "_id": "68c445408ac547b657421807",
            "paid": "68c445408ac547b657421807"
        },
        {
            "type": "Feature",
            "geometry": {
                "type": "Polygon",
                "coordinates": [
                    [
                        [
                            -111.97187724,
                            33.06710108
                        ],
                        [
                            -111.97187714,
                            33.06713716
                        ],
                        [
                            -111.97181187,
                            33.06713767
                        ],
                        [
                            -111.971812,
                            33.06710159
                        ],
                        [
                            -111.97187724,
                            33.06710108
                        ]
                    ]
                ]
            },
            "properties": {
                "pa_label": "p401-S07",
                "PSDATE": "2003-07-07",
                "PHTD": 0.469,
                "STDD": 11.1,
                "MSNODE": 17.0,
                "PFNODE": 6.0,
                "VBNUM": 2.0,
                "VBNODE": 26.0,
                "SQRNUM": 22.5,
                "FLRNUM": 1.2,
                "GBNUM": 9.0,
                "MBNUM": 0.0,
                "LWPD": 21.2,
                "SWPD": 19.27,
                "CWPD": 46.17,
                "LWAD": 1017.1,
                "SWAD": 924.6,
                "MBWAD": 0.0,
                "PWAD": 273.9,
                "CWAD": 2215.6,
                "LAID_LAB": 1.455
            },
            "_id": "68c445408ac547b657421819",
            "paid": "68c445408ac547b657421819"
        },
        {
            "type": "Feature",
            "geometry": {
                "type": "Polygon",
                "coordinates": [
                    [
                        [
                            -111.97168138,
                            33.06710081
                        ],
                        [
                            -111.97174663,
                            33.06710031
                        ],
                        [
                            -111.97174658,
                            33.06713638
                        ],
                        [
                            -111.97168137,
                            33.06713689
                        ],
                        [
                            -111.97168138,
                            33.06710081
                        ]
                    ]
                ]
            },
            "properties": {
                "pa_label": "p402-S07",
                "PSDATE": "2003-07-07",
                "PHTD": 0.649,
                "STDD": 12.7,
                "MSNODE": 16.0,
                "PFNODE": 8.0,
                "VBNUM": 3.0,
                "VBNODE": 29.0,
                "SQRNUM": 18.5,
                "FLRNUM": 1.8,
                "GBNUM": 3.0,
                "MBNUM": 0.0,
                "LWPD": 13.9,
                "SWPD": 14.26,
                "CWPD": 30.61,
                "LWAD": 1570.1,
                "SWAD": 1609.9,
                "MBWAD": 0.0,
                "PWAD": 276.9,
                "CWAD": 3456.9,
                "LAID_LAB": 2.574
            },
            "_id": "68c445408ac547b65742182b",
            "paid": "68c445408ac547b65742182b"
        },
        {
            "type": "Feature",
            "geometry": {
                "type": "Polygon",
                "coordinates": [
                    [
                        [
                            -111.97161609,
                            33.0670997
                        ],
                        [
                            -111.97161607,
                            33.06713577
                        ],
                        [
                            -111.97155092,
                            33.06713628
                        ],
                        [
                            -111.97155096,
                            33.0671002
                        ],
                        [
                            -111.97161609,
                            33.0670997
                        ]
                    ]
                ]
            },
            "properties": {
                "pa_label": "p403-S07",
                "PSDATE": "2003-07-07",
                "PHTD": 0.473,
                "STDD": 10.3,
                "MSNODE": 14.0,
                "PFNODE": 5.0,
                "VBNUM": 2.0,
                "VBNODE": 12.0,
                "SQRNUM": 7.5,
                "FLRNUM": 0.8,
                "GBNUM": 1.0,
                "MBNUM": 0.0,
                "LWPD": 7.79,
                "SWPD": 7.17,
                "CWPD": 15.58,
                "LWAD": 1714.9,
                "SWAD": 1577.9,
                "MBWAD": 0.0,
                "PWAD": 134.7,
                "CWAD": 3427.6,
                "LAID_LAB": 2.742
            },
            "_id": "68c445408ac547b65742183d",
            "paid": "68c445408ac547b65742183d"
        },
        {
            "type": "Feature",
            "geometry": {
                "type": "Polygon",
                "coordinates": [
                    [
                        [
                            -111.97142134,
                            33.06709924
                        ],
                        [
                            -111.97148675,
                            33.06709873
                        ],
                        [
                            -111.97148667,
                            33.06713481
                        ],
                        [
                            -111.97142126,
                            33.06713532
                        ],
                        [
                            -111.97142134,
                            33.06709924
                        ]
                    ]
                ]
            },
            "properties": {
                "pa_label": "p404-S07",
                "PSDATE": "2003-07-07",
                "PHTD": 0.503,
                "STDD": 7.8,
                "MSNODE": 12.0,
                "PFNODE": 7.0,
                "VBNUM": 1.0,
                "VBNODE": 5.0,
                "SQRNUM": 15.2,
                "FLRNUM": 1.5,
                "GBNUM": 2.0,
                "MBNUM": 0.0,
                "LWPD": 13.2,
                "SWPD": 12.59,
                "CWPD": 28.1,
                "LWAD": 1422.5,
                "SWAD": 1355.7,
                "MBWAD": 0.0,
                "PWAD": 249.4,
                "CWAD": 3027.5,
                "LAID_LAB": 2.28
            },
            "_id": "68c445408ac547b65742184f",
            "paid": "68c445408ac547b65742184f"
        },
        {
            "type": "Feature",
            "geometry": {
                "type": "Polygon",
                "coordinates": [
                    [
                        [
                            -111.97135613,
                            33.06709809
                        ],
                        [
                            -111.97135613,
                            33.06713417
                        ],
                        [
                            -111.97129074,
                            33.06713468
                        ],
                        [
                            -111.97129079,
                            33.0670986
                        ],
                        [
                            -111.97135613,
                            33.06709809
                        ]
                    ]
                ]
            },
            "properties": {
                "pa_label": "p405-S07",
                "PSDATE": "2003-07-07",
                "PHTD": 0.501,
                "STDD": 10.5,
                "MSNODE": 15.0,
                "PFNODE": 4.0,
                "VBNUM": 1.0,
                "VBNODE": 7.0,
                "SQRNUM": 16.2,
                "FLRNUM": 0.5,
                "GBNUM": 3.0,
                "MBNUM": 0.0,
                "LWPD": 9.66,
                "SWPD": 9.42,
                "CWPD": 20.85,
                "LWAD": 2277.5,
                "SWAD": 2221.5,
                "MBWAD": 0.0,
                "PWAD": 416.1,
                "CWAD": 4915.1,
                "LAID_LAB": 3.877
            },
            "_id": "68c445408ac547b657421861",
            "paid": "68c445408ac547b657421861"
        },
        {
            "type": "Feature",
            "geometry": {
                "type": "Polygon",
                "coordinates": [
                    [
                        [
                            -111.97116078,
                            33.06709769
                        ],
                        [
                            -111.97122634,
                            33.06709718
                        ],
                        [
                            -111.97122625,
                            33.06713325
                        ],
                        [
                            -111.9711607,
                            33.06713376
                        ],
                        [
                            -111.97116078,
                            33.06709769
                        ]
                    ]
                ]
            },
            "properties": {
                "pa_label": "p406-S07",
                "PSDATE": "2003-07-07",
                "PHTD": 0.438,
                "STDD": 10.0,
                "MSNODE": 10.0,
                "PFNODE": 4.0,
                "VBNUM": 4.0,
                "VBNODE": 7.0,
                "SQRNUM": 17.5,
                "FLRNUM": 0.8,
                "GBNUM": 4.0,
                "MBNUM": 0.0,
                "LWPD": 12.26,
                "SWPD": 11.46,
                "CWPD": 26.34,
                "LWAD": 1405.3,
                "SWAD": 1313.6,
                "MBWAD": 0.0,
                "PWAD": 301.5,
                "CWAD": 3020.4,
                "LAID_LAB": 2.66
            },
            "_id": "68c445408ac547b657421873",
            "paid": "68c445408ac547b657421873"
        },
        {
            "type": "Feature",
            "geometry": {
                "type": "Polygon",
                "coordinates": [
                    [
                        [
                            -111.97109572,
                            33.06709658
                        ],
                        [
                            -111.97109572,
                            33.06713266
                        ],
                        [
                            -111.97103059,
                            33.06713316
                        ],
                        [
                            -111.97103061,
                            33.06709709
                        ],
                        [
                            -111.97109572,
                            33.06709658
                        ]
                    ]
                ]
            },
            "properties": {
                "pa_label": "p407-S07",
                "PSDATE": "2003-07-07",
                "PHTD": 0.487,
                "STDD": 11.2,
                "MSNODE": 15.0,
                "PFNODE": 10.0,
                "VBNUM": 2.0,
                "VBNODE": 28.0,
                "SQRNUM": 19.8,
                "FLRNUM": 1.5,
                "GBNUM": 2.5,
                "MBNUM": 0.0,
                "LWPD": 11.57,
                "SWPD": 10.24,
                "CWPD": 24.05,
                "LWAD": 576.5,
                "SWAD": 510.1,
                "MBWAD": 0.0,
                "PWAD": 112.0,
                "CWAD": 1198.6,
                "LAID_LAB": 0.822
            },
            "_id": "68c445408ac547b657421885",
            "paid": "68c445408ac547b657421885"
        },
        {
            "type": "Feature",
            "geometry": {
                "type": "Polygon",
                "coordinates": [
                    [
                        [
                            -111.97090096,
                            33.06709603
                        ],
                        [
                            -111.97096601,
                            33.06709552
                        ],
                        [
                            -111.97096594,
                            33.0671316
                        ],
                        [
                            -111.9709009,
                            33.0671321
                        ],
                        [
                            -111.97090096,
                            33.06709603
                        ]
                    ]
                ]
            },
            "properties": {
                "pa_label": "p408-S07",
                "PSDATE": "2003-07-07",
                "PHTD": 0.766,
                "STDD": 11.0,
                "MSNODE": 19.0,
                "PFNODE": 5.0,
                "VBNUM": 0.0,
                "VBNODE": 0.0,
                "SQRNUM": 20.2,
                "FLRNUM": 2.5,
                "GBNUM": 5.0,
                "MBNUM": 0.0,
                "LWPD": 15.23,
                "SWPD": 15.72,
                "CWPD": 35.29,
                "LWAD": 1797.1,
                "SWAD": 1855.3,
                "MBWAD": 0.0,
                "PWAD": 512.5,
                "CWAD": 4164.9,
                "LAID_LAB": 2.544
            },
            "_id": "68c445408ac547b657421897",
            "paid": "68c445408ac547b657421897"
        },
        {
            "type": "Feature",
            "geometry": {
                "type": "Polygon",
                "coordinates": [
                    [
                        [
                            -111.97187593,
                            33.06777126
                        ],
                        [
                            -111.97187587,
                            33.06780734
                        ],
                        [
                            -111.97181049,
                            33.06780785
                        ],
                        [
                            -111.97181058,
                            33.06777177
                        ],
                        [
                            -111.97187593,
                            33.06777126
                        ]
                    ]
                ]
            },
            "properties": {
                "pa_label": "p101-S08",
                "PSDATE": "2003-07-14",
                "PHTD": 0.742,
                "STDD": 13.5,
                "MSNODE": 18.0,
                "PFNODE": 8.0,
                "VBNUM": 3.0,
                "VBNODE": 37.0,
                "SQRNUM": 28.2,
                "FLRNUM": 0.2,
                "GBNUM": 5.5,
                "MBNUM": 0.0,
                "LWPD": 21.74,
                "SWPD": 21.18,
                "CWPD": 46.85,
                "LWAD": 1128.0,
                "SWAD": 1099.0,
                "MBWAD": 0.0,
                "PWAD": 203.5,
                "CWAD": 2430.5,
                "LAID_LAB": 1.751
            },
            "_id": "68c445408ac547b65742166a",
            "paid": "68c445408ac547b65742166a"
        },
        {
            "type": "Feature",
            "geometry": {
                "type": "Polygon",
                "coordinates": [
                    [
                        [
                            -111.97168048,
                            33.06777095
                        ],
                        [
                            -111.97174565,
                            33.06777045
                        ],
                        [
                            -111.9717456,
                            33.06780652
                        ],
                        [
                            -111.97168043,
                            33.06780703
                        ],
                        [
                            -111.97168048,
                            33.06777095
                        ]
                    ]
                ]
            },
            "properties": {
                "pa_label": "p102-S08",
                "PSDATE": "2003-07-14",
                "PHTD": 0.457,
                "STDD": 10.6,
                "MSNODE": 13.0,
                "PFNODE": 4.0,
                "VBNUM": 2.0,
                "VBNODE": 22.0,
                "SQRNUM": 15.0,
                "FLRNUM": 0.5,
                "GBNUM": 5.2,
                "MBNUM": 0.0,
                "LWPD": 14.82,
                "SWPD": 14.77,
                "CWPD": 35.2,
                "LWAD": 1402.4,
                "SWAD": 1397.2,
                "MBWAD": 0.0,
                "PWAD": 530.2,
                "CWAD": 3329.8,
                "LAID_LAB": 2.371
            },
            "_id": "68c445408ac547b65742167c",
            "paid": "68c445408ac547b65742167c"
        },
        {
            "type": "Feature",
            "geometry": {
                "type": "Polygon",
                "coordinates": [
                    [
                        [
                            -111.97161533,
                            33.06776968
                        ],
                        [
                            -111.97161529,
                            33.06780576
                        ],
                        [
                            -111.97155009,
                            33.06780627
                        ],
                        [
                            -111.97155013,
                            33.06777019
                        ],
                        [
                            -111.97161533,
                            33.06776968
                        ]
                    ]
                ]
            },
            "properties": {
                "pa_label": "p103-S08",
                "PSDATE": "2003-07-14",
                "PHTD": 0.526,
                "STDD": 9.8,
                "MSNODE": 17.0,
                "PFNODE": 4.0,
                "VBNUM": 1.0,
                "VBNODE": 13.0,
                "SQRNUM": 14.2,
                "FLRNUM": 0.5,
                "GBNUM": 3.0,
                "MBNUM": 0.0,
                "LWPD": 11.45,
                "SWPD": 11.52,
                "CWPD": 26.46,
                "LWAD": 2582.1,
                "SWAD": 2597.9,
                "MBWAD": 0.0,
                "PWAD": 789.5,
                "CWAD": 5969.4,
                "LAID_LAB": 3.503
            },
            "_id": "68c445408ac547b65742168e",
            "paid": "68c445408ac547b65742168e"
        },
        {
            "type": "Feature",
            "geometry": {
                "type": "Polygon",
                "coordinates": [
                    [
                        [
                            -111.97148529,
                            33.06776917
                        ],
                        [
                            -111.97148519,
                            33.06780525
                        ],
                        [
                            -111.9714195,
                            33.06780576
                        ],
                        [
                            -111.97141966,
                            33.06776969
                        ],
                        [
                            -111.97148529,
                            33.06776917
                        ]
                    ]
                ]
            },
            "properties": {
                "pa_label": "p104-S08",
                "PSDATE": "2003-07-14",
                "PHTD": 0.773,
                "STDD": 12.6,
                "MSNODE": 16.0,
                "PFNODE": 7.0,
                "VBNUM": 4.0,
                "VBNODE": 36.0,
                "SQRNUM": 18.0,
                "FLRNUM": 0.5,
                "GBNUM": 3.5,
                "MBNUM": 0.0,
                "LWPD": 15.72,
                "SWPD": 18.12,
                "CWPD": 37.46,
                "LWAD": 1905.1,
                "SWAD": 2196.3,
                "MBWAD": 0.0,
                "PWAD": 439.1,
                "CWAD": 4540.5,
                "LAID_LAB": 3.882
            },
            "_id": "68c445408ac547b6574216a0",
            "paid": "68c445408ac547b6574216a0"
        },
        {
            "type": "Feature",
            "geometry": {
                "type": "Polygon",
                "coordinates": [
                    [
                        [
                            -111.97128944,
                            33.0677683
                        ],
                        [
                            -111.97135489,
                            33.06776779
                        ],
                        [
                            -111.97135482,
                            33.06780387
                        ],
                        [
                            -111.97128937,
                            33.06780438
                        ],
                        [
                            -111.97128944,
                            33.0677683
                        ]
                    ]
                ]
            },
            "properties": {
                "pa_label": "p105-S08",
                "PSDATE": "2003-07-14",
                "PHTD": 0.78,
                "STDD": 9.2,
                "MSNODE": 16.0,
                "PFNODE": 5.0,
                "VBNUM": 1.0,
                "VBNODE": 1.0,
                "SQRNUM": 7.8,
                "FLRNUM": 0.8,
                "GBNUM": 3.2,
                "MBNUM": 0.0,
                "LWPD": 9.56,
                "SWPD": 10.96,
                "CWPD": 23.74,
                "LWAD": 2245.5,
                "SWAD": 2575.0,
                "MBWAD": 0.0,
                "PWAD": 757.1,
                "CWAD": 5577.6,
                "LAID_LAB": 3.63
            },
            "_id": "68c445408ac547b6574216b2",
            "paid": "68c445408ac547b6574216b2"
        },
        {
            "type": "Feature",
            "geometry": {
                "type": "Polygon",
                "coordinates": [
                    [
                        [
                            -111.97122492,
                            33.06776681
                        ],
                        [
                            -111.97122485,
                            33.06780289
                        ],
                        [
                            -111.97115941,
                            33.0678034
                        ],
                        [
                            -111.97115949,
                            33.06776732
                        ],
                        [
                            -111.97122492,
                            33.06776681
                        ]
                    ]
                ]
            },
            "properties": {
                "pa_label": "p106-S08",
                "PSDATE": "2003-07-14",
                "PHTD": 0.74,
                "STDD": 10.3,
                "MSNODE": 17.0,
                "PFNODE": 9.0,
                "VBNUM": 2.0,
                "VBNODE": 4.0,
                "SQRNUM": 17.2,
                "FLRNUM": 0.8,
                "GBNUM": 3.8,
                "MBNUM": 0.0,
                "LWPD": 20.07,
                "SWPD": 21.5,
                "CWPD": 44.81,
                "LWAD": 2452.5,
                "SWAD": 2628.2,
                "MBWAD": 0.0,
                "PWAD": 396.3,
                "CWAD": 5476.9,
                "LAID_LAB": 4.354
            },
            "_id": "68c445408ac547b6574216c4",
            "paid": "68c445408ac547b6574216c4"
        },
        {
            "type": "Feature",
            "geometry": {
                "type": "Polygon",
                "coordinates": [
                    [
                        [
                            -111.97109558,
                            33.06776662
                        ],
                        [
                            -111.97109559,
                            33.0678027
                        ],
                        [
                            -111.97102967,
                            33.06780321
                        ],
                        [
                            -111.9710298,
                            33.06776713
                        ],
                        [
                            -111.97109558,
                            33.06776662
                        ]
                    ]
                ]
            },
            "properties": {
                "pa_label": "p107-S08",
                "PSDATE": "2003-07-14",
                "PHTD": 0.5,
                "STDD": 9.8,
                "MSNODE": 16.0,
                "PFNODE": 6.0,
                "VBNUM": 1.0,
                "VBNODE": 2.0,
                "SQRNUM": 14.0,
                "FLRNUM": 0.2,
                "GBNUM": 5.0,
                "MBNUM": 0.0,
                "LWPD": 14.0,
                "SWPD": 15.3,
                "CWPD": 34.57,
                "LWAD": 1606.0,
                "SWAD": 1756.1,
                "MBWAD": 0.0,
                "PWAD": 604.1,
                "CWAD": 3966.2,
                "LAID_LAB": 2.756
            },
            "_id": "68c445408ac547b6574216d6",
            "paid": "68c445408ac547b6574216d6"
        },
        {
            "type": "Feature",
            "geometry": {
                "type": "Polygon",
                "coordinates": [
                    [
                        [
                            -111.97096537,
                            33.06776524
                        ],
                        [
                            -111.97096535,
                            33.06780131
                        ],
                        [
                            -111.97090004,
                            33.06780182
                        ],
                        [
                            -111.97090025,
                            33.06776575
                        ],
                        [
                            -111.97096537,
                            33.06776524
                        ]
                    ]
                ]
            },
            "properties": {
                "pa_label": "p108-S08",
                "PSDATE": "2003-07-14",
                "PHTD": 0.65,
                "STDD": 10.7,
                "MSNODE": 14.0,
                "PFNODE": 5.0,
                "VBNUM": 2.0,
                "VBNODE": 6.0,
                "SQRNUM": 8.2,
                "FLRNUM": 8.2,
                "GBNUM": 8.8,
                "MBNUM": 0.0,
                "LWPD": 17.98,
                "SWPD": 18.25,
                "CWPD": 45.7,
                "LWAD": 2148.5,
                "SWAD": 2180.2,
                "MBWAD": 0.0,
                "PWAD": 1131.4,
                "CWAD": 5460.1,
                "LAID_LAB": 3.795
            },
            "_id": "68c445408ac547b6574216e8",
            "paid": "68c445408ac547b6574216e8"
        },
        {
            "type": "Feature",
            "geometry": {
                "type": "Polygon",
                "coordinates": [
                    [
                        [
                            -111.97187636,
                            33.06757231
                        ],
                        [
                            -111.97187629,
                            33.06760839
                        ],
                        [
                            -111.97181097,
                            33.06760889
                        ],
                        [
                            -111.97181104,
                            33.06757282
                        ],
                        [
                            -111.97187636,
                            33.06757231
                        ]
                    ]
                ]
            },
            "properties": {
                "pa_label": "p201-S08",
                "PSDATE": "2003-07-14",
                "PHTD": 0.794,
                "STDD": 10.1,
                "MSNODE": 22.0,
                "PFNODE": 6.0,
                "VBNUM": 0.0,
                "VBNODE": 0.0,
                "SQRNUM": 13.5,
                "FLRNUM": 1.0,
                "GBNUM": 5.0,
                "MBNUM": 0.0,
                "LWPD": 10.04,
                "SWPD": 12.62,
                "CWPD": 28.06,
                "LWAD": 2210.6,
                "SWAD": 2778.1,
                "MBWAD": 0.0,
                "PWAD": 1190.1,
                "CWAD": 6178.8,
                "LAID_LAB": 3.953
            },
            "_id": "68c445408ac547b6574216fa",
            "paid": "68c445408ac547b6574216fa"
        },
        {
            "type": "Feature",
            "geometry": {
                "type": "Polygon",
                "coordinates": [
                    [
                        [
                            -111.97174604,
                            33.06757132
                        ],
                        [
                            -111.97174589,
                            33.0676074
                        ],
                        [
                            -111.97168063,
                            33.06760791
                        ],
                        [
                            -111.97168092,
                            33.06757183
                        ],
                        [
                            -111.97174604,
                            33.06757132
                        ]
                    ]
                ]
            },
            "properties": {
                "pa_label": "p202-S08",
                "PSDATE": "2003-07-14",
                "PHTD": 0.651,
                "STDD": 12.7,
                "MSNODE": 13.0,
                "PFNODE": 5.0,
                "VBNUM": 3.0,
                "VBNODE": 16.0,
                "SQRNUM": 33.8,
                "FLRNUM": 1.2,
                "GBNUM": 6.8,
                "MBNUM": 0.0,
                "LWPD": 24.51,
                "SWPD": 26.53,
                "CWPD": 57.6,
                "LWAD": 3071.7,
                "SWAD": 3324.5,
                "MBWAD": 0.0,
                "PWAD": 821.4,
                "CWAD": 7217.5,
                "LAID_LAB": 5.629
            },
            "_id": "68c445408ac547b65742170c",
            "paid": "68c445408ac547b65742170c"
        },
        {
            "type": "Feature",
            "geometry": {
                "type": "Polygon",
                "coordinates": [
                    [
                        [
                            -111.97155004,
                            33.06757057
                        ],
                        [
                            -111.97161523,
                            33.06757007
                        ],
                        [
                            -111.97161508,
                            33.06760614
                        ],
                        [
                            -111.97155011,
                            33.06760665
                        ],
                        [
                            -111.97155004,
                            33.06757057
                        ]
                    ]
                ]
            },
            "properties": {
                "pa_label": "p203-S08",
                "PSDATE": "2003-07-14",
                "PHTD": 0.78,
                "STDD": 17.7,
                "MSNODE": 20.0,
                "PFNODE": 4.0,
                "VBNUM": 4.0,
                "VBNODE": 23.0,
                "SQRNUM": 22.2,
                "FLRNUM": 0.5,
                "GBNUM": 7.8,
                "MBNUM": 0.0,
                "LWPD": 24.82,
                "SWPD": 24.98,
                "CWPD": 56.07,
                "LWAD": 2686.9,
                "SWAD": 2704.5,
                "MBWAD": 0.0,
                "PWAD": 679.4,
                "CWAD": 6070.8,
                "LAID_LAB": 4.476
            },
            "_id": "68c445408ac547b65742171e",
            "paid": "68c445408ac547b65742171e"
        },
        {
            "type": "Feature",
            "geometry": {
                "type": "Polygon",
                "coordinates": [
                    [
                        [
                            -111.9714203,
                            33.06756971
                        ],
                        [
                            -111.97148582,
                            33.0675692
                        ],
                        [
                            -111.97148572,
                            33.06760528
                        ],
                        [
                            -111.97142021,
                            33.06760579
                        ],
                        [
                            -111.9714203,
                            33.06756971
                        ]
                    ]
                ]
            },
            "properties": {
                "pa_label": "p204-S08",
                "PSDATE": "2003-07-14",
                "PHTD": 0.73,
                "STDD": 8.3,
                "MSNODE": 14.0,
                "PFNODE": 5.0,
                "VBNUM": 2.0,
                "VBNODE": 6.0,
                "SQRNUM": 11.2,
                "FLRNUM": 1.0,
                "GBNUM": 2.2,
                "MBNUM": 0.0,
                "LWPD": 13.5,
                "SWPD": 15.07,
                "CWPD": 30.72,
                "LWAD": 3265.2,
                "SWAD": 3644.8,
                "MBWAD": 0.0,
                "PWAD": 518.0,
                "CWAD": 7428.1,
                "LAID_LAB": 5.743
            },
            "_id": "68c445408ac547b657421730",
            "paid": "68c445408ac547b657421730"
        },
        {
            "type": "Feature",
            "geometry": {
                "type": "Polygon",
                "coordinates": [
                    [
                        [
                            -111.97135527,
                            33.06756811
                        ],
                        [
                            -111.97135526,
                            33.06760418
                        ],
                        [
                            -111.97128981,
                            33.06760469
                        ],
                        [
                            -111.9712899,
                            33.06756862
                        ],
                        [
                            -111.97135527,
                            33.06756811
                        ]
                    ]
                ]
            },
            "properties": {
                "pa_label": "p205-S08",
                "PSDATE": "2003-07-14",
                "PHTD": 0.69,
                "STDD": 16.6,
                "MSNODE": 18.0,
                "PFNODE": 3.0,
                "VBNUM": 4.0,
                "VBNODE": 57.0,
                "SQRNUM": 51.2,
                "FLRNUM": 2.0,
                "GBNUM": 9.2,
                "MBNUM": 0.0,
                "LWPD": 35.26,
                "SWPD": 39.02,
                "CWPD": 82.34,
                "LWAD": 1735.4,
                "SWAD": 1920.2,
                "MBWAD": 0.0,
                "PWAD": 396.5,
                "CWAD": 4052.0,
                "LAID_LAB": 3.24
            },
            "_id": "68c445408ac547b657421742",
            "paid": "68c445408ac547b657421742"
        },
        {
            "type": "Feature",
            "geometry": {
                "type": "Polygon",
                "coordinates": [
                    [
                        [
                            -111.97115981,
                            33.06756766
                        ],
                        [
                            -111.9712253,
                            33.06756715
                        ],
                        [
                            -111.97122523,
                            33.06760323
                        ],
                        [
                            -111.97115975,
                            33.06760374
                        ],
                        [
                            -111.97115981,
                            33.06756766
                        ]
                    ]
                ]
            },
            "properties": {
                "pa_label": "p206-S08",
                "PSDATE": "2003-07-14",
                "PHTD": 0.681,
                "STDD": 11.3,
                "MSNODE": 18.0,
                "PFNODE": 4.0,
                "VBNUM": 2.0,
                "VBNODE": 8.0,
                "SQRNUM": 25.5,
                "FLRNUM": 2.2,
                "GBNUM": 15.2,
                "MBNUM": 0.0,
                "LWPD": 23.26,
                "SWPD": 24.12,
                "CWPD": 57.15,
                "LWAD": 1197.3,
                "SWAD": 1241.3,
                "MBWAD": 0.0,
                "PWAD": 502.7,
                "CWAD": 2941.3,
                "LAID_LAB": 1.923
            },
            "_id": "68c445408ac547b657421754",
            "paid": "68c445408ac547b657421754"
        },
        {
            "type": "Feature",
            "geometry": {
                "type": "Polygon",
                "coordinates": [
                    [
                        [
                            -111.97109537,
                            33.06756618
                        ],
                        [
                            -111.97109539,
                            33.06760225
                        ],
                        [
                            -111.9710302,
                            33.06760276
                        ],
                        [
                            -111.97103019,
                            33.06756668
                        ],
                        [
                            -111.97109537,
                            33.06756618
                        ]
                    ]
                ]
            },
            "properties": {
                "pa_label": "p207-S08",
                "PSDATE": "2003-07-14",
                "PHTD": 0.781,
                "STDD": 12.0,
                "MSNODE": 19.0,
                "PFNODE": 5.0,
                "VBNUM": 2.0,
                "VBNODE": 33.0,
                "SQRNUM": 21.8,
                "FLRNUM": 1.2,
                "GBNUM": 6.8,
                "MBNUM": 0.0,
                "LWPD": 17.11,
                "SWPD": 20.59,
                "CWPD": 44.0,
                "LWAD": 2021.2,
                "SWAD": 2432.2,
                "MBWAD": 0.0,
                "PWAD": 742.9,
                "CWAD": 5196.3,
                "LAID_LAB": 3.19
            },
            "_id": "68c445408ac547b657421766",
            "paid": "68c445408ac547b657421766"
        },
        {
            "type": "Feature",
            "geometry": {
                "type": "Polygon",
                "coordinates": [
                    [
                        [
                            -111.97096531,
                            33.0675651
                        ],
                        [
                            -111.97096521,
                            33.06760118
                        ],
                        [
                            -111.97090006,
                            33.06760169
                        ],
                        [
                            -111.97090018,
                            33.06756561
                        ],
                        [
                            -111.97096531,
                            33.0675651
                        ]
                    ]
                ]
            },
            "properties": {
                "pa_label": "p208-S08",
                "PSDATE": "2003-07-14",
                "PHTD": 0.597,
                "STDD": 13.3,
                "MSNODE": 20.0,
                "PFNODE": 4.0,
                "VBNUM": 3.0,
                "VBNODE": 42.0,
                "SQRNUM": 36.0,
                "FLRNUM": 3.5,
                "GBNUM": 7.8,
                "MBNUM": 0.0,
                "LWPD": 25.59,
                "SWPD": 28.09,
                "CWPD": 62.02,
                "LWAD": 1264.6,
                "SWAD": 1388.1,
                "MBWAD": 0.0,
                "PWAD": 412.0,
                "CWAD": 3064.8,
                "LAID_LAB": 2.131
            },
            "_id": "68c445408ac547b657421778",
            "paid": "68c445408ac547b657421778"
        },
        {
            "type": "Feature",
            "geometry": {
                "type": "Polygon",
                "coordinates": [
                    [
                        [
                            -111.97187688,
                            33.06730302
                        ],
                        [
                            -111.97187683,
                            33.0673391
                        ],
                        [
                            -111.97181172,
                            33.0673396
                        ],
                        [
                            -111.97181177,
                            33.06730353
                        ],
                        [
                            -111.97187688,
                            33.06730302
                        ]
                    ]
                ]
            },
            "properties": {
                "pa_label": "p301-S08",
                "PSDATE": "2003-07-14",
                "PHTD": 0.74,
                "STDD": 11.0,
                "MSNODE": 16.0,
                "PFNODE": 5.0,
                "VBNUM": 1.0,
                "VBNODE": 23.0,
                "SQRNUM": 18.2,
                "FLRNUM": 1.8,
                "GBNUM": 3.8,
                "MBNUM": 0.0,
                "LWPD": 14.87,
                "SWPD": 15.97,
                "CWPD": 34.6,
                "LWAD": 1632.4,
                "SWAD": 1754.3,
                "MBWAD": 0.0,
                "PWAD": 412.6,
                "CWAD": 3799.4,
                "LAID_LAB": 2.783
            },
            "_id": "68c445408ac547b65742178a",
            "paid": "68c445408ac547b65742178a"
        },
        {
            "type": "Feature",
            "geometry": {
                "type": "Polygon",
                "coordinates": [
                    [
                        [
                            -111.9717462,
                            33.06730236
                        ],
                        [
                            -111.97174612,
                            33.06733844
                        ],
                        [
                            -111.9716806,
                            33.06733895
                        ],
                        [
                            -111.97168072,
                            33.06730287
                        ],
                        [
                            -111.9717462,
                            33.06730236
                        ]
                    ]
                ]
            },
            "properties": {
                "pa_label": "p302-S08",
                "PSDATE": "2003-07-14",
                "PHTD": 0.841,
                "STDD": 13.0,
                "MSNODE": 15.0,
                "PFNODE": 3.0,
                "VBNUM": 1.0,
                "VBNODE": 9.0,
                "SQRNUM": 20.2,
                "FLRNUM": 3.5,
                "GBNUM": 9.8,
                "MBNUM": 0.0,
                "LWPD": 22.05,
                "SWPD": 20.79,
                "CWPD": 51.65,
                "LWAD": 2536.3,
                "SWAD": 2390.5,
                "MBWAD": 0.0,
                "PWAD": 1013.3,
                "CWAD": 5940.1,
                "LAID_LAB": 3.679
            },
            "_id": "68c445408ac547b65742179c",
            "paid": "68c445408ac547b65742179c"
        },
        {
            "type": "Feature",
            "geometry": {
                "type": "Polygon",
                "coordinates": [
                    [
                        [
                            -111.97161629,
                            33.06730059
                        ],
                        [
                            -111.97161636,
                            33.06733666
                        ],
                        [
                            -111.9715507,
                            33.06733718
                        ],
                        [
                            -111.97155072,
                            33.0673011
                        ],
                        [
                            -111.97161629,
                            33.06730059
                        ]
                    ]
                ]
            },
            "properties": {
                "pa_label": "p303-S08",
                "PSDATE": "2003-07-14",
                "PHTD": 0.58,
                "STDD": 13.7,
                "MSNODE": 16.0,
                "PFNODE": 5.0,
                "VBNUM": 3.0,
                "VBNODE": 36.0,
                "SQRNUM": 26.2,
                "FLRNUM": 2.5,
                "GBNUM": 23.2,
                "MBNUM": 0.0,
                "LWPD": 29.61,
                "SWPD": 28.23,
                "CWPD": 82.28,
                "LWAD": 1566.3,
                "SWAD": 1493.2,
                "MBWAD": 0.0,
                "PWAD": 1293.4,
                "CWAD": 4352.9,
                "LAID_LAB": 3.139
            },
            "_id": "68c445408ac547b6574217ae",
            "paid": "68c445408ac547b6574217ae"
        },
        {
            "type": "Feature",
            "geometry": {
                "type": "Polygon",
                "coordinates": [
                    [
                        [
                            -111.97142099,
                            33.06730122
                        ],
                        [
                            -111.97148642,
                            33.06730071
                        ],
                        [
                            -111.97148637,
                            33.06733679
                        ],
                        [
                            -111.97142098,
                            33.06733729
                        ],
                        [
                            -111.97142099,
                            33.06730122
                        ]
                    ]
                ]
            },
            "properties": {
                "pa_label": "p304-S08",
                "PSDATE": "2003-07-14",
                "PHTD": 0.85,
                "STDD": 18.6,
                "MSNODE": 19.0,
                "PFNODE": 4.0,
                "VBNUM": 2.0,
                "VBNODE": 27.0,
                "SQRNUM": 27.2,
                "FLRNUM": 3.0,
                "GBNUM": 11.5,
                "MBNUM": 0.0,
                "LWPD": 31.31,
                "SWPD": 31.89,
                "CWPD": 76.87,
                "LWAD": 1592.2,
                "SWAD": 1621.8,
                "MBWAD": 0.0,
                "PWAD": 695.0,
                "CWAD": 3909.1,
                "LAID_LAB": 3.029
            },
            "_id": "68c445408ac547b6574217c0",
            "paid": "68c445408ac547b6574217c0"
        },
        {
            "type": "Feature",
            "geometry": {
                "type": "Polygon",
                "coordinates": [
                    [
                        [
                            -111.97135578,
                            33.06729995
                        ],
                        [
                            -111.97135575,
                            33.06733603
                        ],
                        [
                            -111.97129027,
                            33.06733654
                        ],
                        [
                            -111.97129031,
                            33.06730046
                        ],
                        [
                            -111.97135578,
                            33.06729995
                        ]
                    ]
                ]
            },
            "properties": {
                "pa_label": "p305-S08",
                "PSDATE": "2003-07-14",
                "PHTD": 0.66,
                "STDD": 7.7,
                "MSNODE": 12.0,
                "PFNODE": 4.0,
                "VBNUM": 2.0,
                "VBNODE": 3.0,
                "SQRNUM": 7.5,
                "FLRNUM": 0.5,
                "GBNUM": 1.5,
                "MBNUM": 0.0,
                "LWPD": 7.59,
                "SWPD": 7.78,
                "CWPD": 17.07,
                "LWAD": 1889.6,
                "SWAD": 1934.4,
                "MBWAD": 0.0,
                "PWAD": 423.6,
                "CWAD": 4247.6,
                "LAID_LAB": 3.178
            },
            "_id": "68c445408ac547b6574217d2",
            "paid": "68c445408ac547b6574217d2"
        },
        {
            "type": "Feature",
            "geometry": {
                "type": "Polygon",
                "coordinates": [
                    [
                        [
                            -111.97116049,
                            33.0672995
                        ],
                        [
                            -111.97122594,
                            33.06729899
                        ],
                        [
                            -111.9712259,
                            33.06733507
                        ],
                        [
                            -111.97116045,
                            33.06733558
                        ],
                        [
                            -111.97116049,
                            33.0672995
                        ]
                    ]
                ]
            },
            "properties": {
                "pa_label": "p306-S08",
                "PSDATE": "2003-07-14",
                "PHTD": 0.81,
                "STDD": 12.0,
                "MSNODE": 24.0,
                "PFNODE": 6.0,
                "VBNUM": 3.0,
                "VBNODE": 0.0,
                "SQRNUM": 22.2,
                "FLRNUM": 0.5,
                "GBNUM": 6.0,
                "MBNUM": 0.0,
                "LWPD": 20.57,
                "SWPD": 24.23,
                "CWPD": 51.9,
                "LWAD": 2532.9,
                "SWAD": 2983.3,
                "MBWAD": 0.0,
                "PWAD": 873.6,
                "CWAD": 6389.8,
                "LAID_LAB": 4.447
            },
            "_id": "68c445408ac547b6574217e4",
            "paid": "68c445408ac547b6574217e4"
        },
        {
            "type": "Feature",
            "geometry": {
                "type": "Polygon",
                "coordinates": [
                    [
                        [
                            -111.97109568,
                            33.06729819
                        ],
                        [
                            -111.97109568,
                            33.06733426
                        ],
                        [
                            -111.97103033,
                            33.06733477
                        ],
                        [
                            -111.97103036,
                            33.0672987
                        ],
                        [
                            -111.97109568,
                            33.06729819
                        ]
                    ]
                ]
            },
            "properties": {
                "pa_label": "p307-S08",
                "PSDATE": "2003-07-14",
                "PHTD": 0.86,
                "STDD": 10.1,
                "MSNODE": 19.0,
                "PFNODE": 12.0,
                "VBNUM": 3.0,
                "VBNODE": 8.0,
                "SQRNUM": 16.8,
                "FLRNUM": 3.0,
                "GBNUM": 4.8,
                "MBNUM": 0.0,
                "LWPD": 18.88,
                "SWPD": 18.54,
                "CWPD": 43.32,
                "LWAD": 2190.6,
                "SWAD": 2150.9,
                "MBWAD": 0.0,
                "PWAD": 684.2,
                "CWAD": 5025.7,
                "LAID_LAB": 3.672
            },
            "_id": "68c445408ac547b6574217f6",
            "paid": "68c445408ac547b6574217f6"
        },
        {
            "type": "Feature",
            "geometry": {
                "type": "Polygon",
                "coordinates": [
                    [
                        [
                            -111.97090064,
                            33.06729787
                        ],
                        [
                            -111.97096582,
                            33.06729737
                        ],
                        [
                            -111.97096575,
                            33.06733344
                        ],
                        [
                            -111.97090057,
                            33.06733395
                        ],
                        [
                            -111.97090064,
                            33.06729787
                        ]
                    ]
                ]
            },
            "properties": {
                "pa_label": "p308-S08",
                "PSDATE": "2003-07-14",
                "PHTD": 0.78,
                "STDD": 11.0,
                "MSNODE": 14.0,
                "PFNODE": 5.0,
                "VBNUM": 2.0,
                "VBNODE": 10.0,
                "SQRNUM": 10.8,
                "FLRNUM": 1.0,
                "GBNUM": 2.2,
                "MBNUM": 0.0,
                "LWPD": 11.04,
                "SWPD": 11.22,
                "CWPD": 24.24,
                "LWAD": 2511.3,
                "SWAD": 2553.4,
                "MBWAD": 0.0,
                "PWAD": 449.8,
                "CWAD": 5514.5,
                "LAID_LAB": 3.406
            },
            "_id": "68c445408ac547b657421808",
            "paid": "68c445408ac547b657421808"
        },
        {
            "type": "Feature",
            "geometry": {
                "type": "Polygon",
                "coordinates": [
                    [
                        [
                            -111.97187724,
                            33.06710108
                        ],
                        [
                            -111.97187714,
                            33.06713716
                        ],
                        [
                            -111.97181187,
                            33.06713767
                        ],
                        [
                            -111.971812,
                            33.06710159
                        ],
                        [
                            -111.97187724,
                            33.06710108
                        ]
                    ]
                ]
            },
            "properties": {
                "pa_label": "p401-S08",
                "PSDATE": "2003-07-14",
                "PHTD": 0.624,
                "STDD": 13.0,
                "MSNODE": 18.0,
                "PFNODE": 5.0,
                "VBNUM": 2.0,
                "VBNODE": 34.0,
                "SQRNUM": 19.5,
                "FLRNUM": 1.8,
                "GBNUM": 9.5,
                "MBNUM": 0.0,
                "LWPD": 17.93,
                "SWPD": 15.45,
                "CWPD": 40.82,
                "LWAD": 860.3,
                "SWAD": 741.4,
                "MBWAD": 0.0,
                "PWAD": 356.7,
                "CWAD": 1958.5,
                "LAID_LAB": 1.216
            },
            "_id": "68c445408ac547b65742181a",
            "paid": "68c445408ac547b65742181a"
        },
        {
            "type": "Feature",
            "geometry": {
                "type": "Polygon",
                "coordinates": [
                    [
                        [
                            -111.97168138,
                            33.06710081
                        ],
                        [
                            -111.97174663,
                            33.06710031
                        ],
                        [
                            -111.97174658,
                            33.06713638
                        ],
                        [
                            -111.97168137,
                            33.06713689
                        ],
                        [
                            -111.97168138,
                            33.06710081
                        ]
                    ]
                ]
            },
            "properties": {
                "pa_label": "p402-S08",
                "PSDATE": "2003-07-14",
                "PHTD": 0.753,
                "STDD": 11.4,
                "MSNODE": 20.0,
                "PFNODE": 7.0,
                "VBNUM": 1.0,
                "VBNODE": 8.0,
                "SQRNUM": 13.2,
                "FLRNUM": 1.0,
                "GBNUM": 7.0,
                "MBNUM": 0.0,
                "LWPD": 11.87,
                "SWPD": 10.96,
                "CWPD": 28.52,
                "LWAD": 1340.0,
                "SWAD": 1237.8,
                "MBWAD": 0.0,
                "PWAD": 641.9,
                "CWAD": 3219.8,
                "LAID_LAB": 2.138
            },
            "_id": "68c445408ac547b65742182c",
            "paid": "68c445408ac547b65742182c"
        },
        {
            "type": "Feature",
            "geometry": {
                "type": "Polygon",
                "coordinates": [
                    [
                        [
                            -111.97161609,
                            33.0670997
                        ],
                        [
                            -111.97161607,
                            33.06713577
                        ],
                        [
                            -111.97155092,
                            33.06713628
                        ],
                        [
                            -111.97155096,
                            33.0671002
                        ],
                        [
                            -111.97161609,
                            33.0670997
                        ]
                    ]
                ]
            },
            "properties": {
                "pa_label": "p403-S08",
                "PSDATE": "2003-07-14",
                "PHTD": 0.583,
                "STDD": 9.1,
                "MSNODE": 20.0,
                "PFNODE": 7.0,
                "VBNUM": 1.0,
                "VBNODE": 13.0,
                "SQRNUM": 11.8,
                "FLRNUM": 0.0,
                "GBNUM": 4.8,
                "MBNUM": 0.0,
                "LWPD": 9.51,
                "SWPD": 23.12,
                "CWPD": 35.09,
                "LWAD": 2092.2,
                "SWAD": 5085.8,
                "MBWAD": 0.0,
                "PWAD": 540.6,
                "CWAD": 7718.6,
                "LAID_LAB": 3.382
            },
            "_id": "68c445408ac547b65742183e",
            "paid": "68c445408ac547b65742183e"
        },
        {
            "type": "Feature",
            "geometry": {
                "type": "Polygon",
                "coordinates": [
                    [
                        [
                            -111.97142134,
                            33.06709924
                        ],
                        [
                            -111.97148675,
                            33.06709873
                        ],
                        [
                            -111.97148667,
                            33.06713481
                        ],
                        [
                            -111.97142126,
                            33.06713532
                        ],
                        [
                            -111.97142134,
                            33.06709924
                        ]
                    ]
                ]
            },
            "properties": {
                "pa_label": "p404-S08",
                "PSDATE": "2003-07-14",
                "PHTD": 0.783,
                "STDD": 12.9,
                "MSNODE": 22.0,
                "PFNODE": 10.0,
                "VBNUM": 4.0,
                "VBNODE": 42.0,
                "SQRNUM": 15.2,
                "FLRNUM": 0.5,
                "GBNUM": 3.0,
                "MBNUM": 0.0,
                "LWPD": 12.48,
                "SWPD": 13.41,
                "CWPD": 28.52,
                "LWAD": 1343.8,
                "SWAD": 1444.8,
                "MBWAD": 0.0,
                "PWAD": 283.0,
                "CWAD": 3071.7,
                "LAID_LAB": 2.344
            },
            "_id": "68c445408ac547b657421850",
            "paid": "68c445408ac547b657421850"
        },
        {
            "type": "Feature",
            "geometry": {
                "type": "Polygon",
                "coordinates": [
                    [
                        [
                            -111.97135613,
                            33.06709809
                        ],
                        [
                            -111.97135613,
                            33.06713417
                        ],
                        [
                            -111.97129074,
                            33.06713468
                        ],
                        [
                            -111.97129079,
                            33.0670986
                        ],
                        [
                            -111.97135613,
                            33.06709809
                        ]
                    ]
                ]
            },
            "properties": {
                "pa_label": "p405-S08",
                "PSDATE": "2003-07-14",
                "PHTD": 0.645,
                "STDD": 8.6,
                "MSNODE": 16.0,
                "PFNODE": 5.0,
                "VBNUM": 0.0,
                "VBNODE": 0.0,
                "SQRNUM": 6.2,
                "FLRNUM": 1.0,
                "GBNUM": 3.5,
                "MBNUM": 0.0,
                "LWPD": 7.44,
                "SWPD": 7.54,
                "CWPD": 17.04,
                "LWAD": 1752.9,
                "SWAD": 1778.3,
                "MBWAD": 0.0,
                "PWAD": 486.3,
                "CWAD": 4017.4,
                "LAID_LAB": 3.245
            },
            "_id": "68c445408ac547b657421862",
            "paid": "68c445408ac547b657421862"
        },
        {
            "type": "Feature",
            "geometry": {
                "type": "Polygon",
                "coordinates": [
                    [
                        [
                            -111.97116078,
                            33.06709769
                        ],
                        [
                            -111.97122634,
                            33.06709718
                        ],
                        [
                            -111.97122625,
                            33.06713325
                        ],
                        [
                            -111.9711607,
                            33.06713376
                        ],
                        [
                            -111.97116078,
                            33.06709769
                        ]
                    ]
                ]
            },
            "properties": {
                "pa_label": "p406-S08",
                "PSDATE": "2003-07-14",
                "PHTD": 0.7,
                "STDD": 8.8,
                "MSNODE": 16.0,
                "PFNODE": 12.0,
                "VBNUM": 1.0,
                "VBNODE": 2.0,
                "SQRNUM": 7.8,
                "FLRNUM": 0.8,
                "GBNUM": 2.8,
                "MBNUM": 0.0,
                "LWPD": 11.49,
                "SWPD": 10.72,
                "CWPD": 24.57,
                "LWAD": 1317.9,
                "SWAD": 1229.3,
                "MBWAD": 0.0,
                "PWAD": 269.7,
                "CWAD": 2816.9,
                "LAID_LAB": 2.292
            },
            "_id": "68c445408ac547b657421874",
            "paid": "68c445408ac547b657421874"
        },
        {
            "type": "Feature",
            "geometry": {
                "type": "Polygon",
                "coordinates": [
                    [
                        [
                            -111.97109572,
                            33.06709658
                        ],
                        [
                            -111.97109572,
                            33.06713266
                        ],
                        [
                            -111.97103059,
                            33.06713316
                        ],
                        [
                            -111.97103061,
                            33.06709709
                        ],
                        [
                            -111.97109572,
                            33.06709658
                        ]
                    ]
                ]
            },
            "properties": {
                "pa_label": "p407-S08",
                "PSDATE": "2003-07-14",
                "PHTD": 0.71,
                "STDD": 15.6,
                "MSNODE": 17.0,
                "PFNODE": 3.0,
                "VBNUM": 3.0,
                "VBNODE": 19.0,
                "SQRNUM": 20.8,
                "FLRNUM": 3.2,
                "GBNUM": 10.0,
                "MBNUM": 0.0,
                "LWPD": 25.44,
                "SWPD": 24.2,
                "CWPD": 57.19,
                "LWAD": 1267.7,
                "SWAD": 1206.0,
                "MBWAD": 0.0,
                "PWAD": 375.7,
                "CWAD": 2849.4,
                "LAID_LAB": 2.101
            },
            "_id": "68c445408ac547b657421886",
            "paid": "68c445408ac547b657421886"
        },
        {
            "type": "Feature",
            "geometry": {
                "type": "Polygon",
                "coordinates": [
                    [
                        [
                            -111.97090096,
                            33.06709603
                        ],
                        [
                            -111.97096601,
                            33.06709552
                        ],
                        [
                            -111.97096594,
                            33.0671316
                        ],
                        [
                            -111.9709009,
                            33.0671321
                        ],
                        [
                            -111.97090096,
                            33.06709603
                        ]
                    ]
                ]
            },
            "properties": {
                "pa_label": "p408-S08",
                "PSDATE": "2003-07-14",
                "PHTD": 0.76,
                "STDD": 9.2,
                "MSNODE": 17.0,
                "PFNODE": 4.0,
                "VBNUM": 1.0,
                "VBNODE": 6.0,
                "SQRNUM": 12.0,
                "FLRNUM": 1.8,
                "GBNUM": 5.2,
                "MBNUM": 0.0,
                "LWPD": 13.75,
                "SWPD": 14.25,
                "CWPD": 33.51,
                "LWAD": 1623.1,
                "SWAD": 1681.8,
                "MBWAD": 0.0,
                "PWAD": 649.7,
                "CWAD": 3954.5,
                "LAID_LAB": 2.642
            },
            "_id": "68c445408ac547b657421898",
            "paid": "68c445408ac547b657421898"
        },
        {
            "type": "Feature",
            "geometry": {
                "type": "Polygon",
                "coordinates": [
                    [
                        [
                            -111.97187593,
                            33.06777126
                        ],
                        [
                            -111.97187587,
                            33.06780734
                        ],
                        [
                            -111.97181049,
                            33.06780785
                        ],
                        [
                            -111.97181058,
                            33.06777177
                        ],
                        [
                            -111.97187593,
                            33.06777126
                        ]
                    ]
                ]
            },
            "properties": {
                "pa_label": "p101-S09",
                "PSDATE": "2003-07-21",
                "PHTD": 0.794,
                "STDD": 13.9,
                "MSNODE": 21.0,
                "PFNODE": 4.0,
                "VBNUM": 1.0,
                "VBNODE": 39.0,
                "SQRNUM": 20.8,
                "FLRNUM": 2.2,
                "GBNUM": 21.5,
                "MBNUM": 0.0,
                "LWPD": 33.26,
                "SWPD": 33.52,
                "CWPD": 89.72,
                "LWAD": 1725.6,
                "SWAD": 1738.7,
                "MBWAD": 0.0,
                "PWAD": 1190.1,
                "CWAD": 4654.4,
                "LAID_LAB": 2.617
            },
            "_id": "68c445408ac547b65742166b",
            "paid": "68c445408ac547b65742166b"
        },
        {
            "type": "Feature",
            "geometry": {
                "type": "Polygon",
                "coordinates": [
                    [
                        [
                            -111.97168048,
                            33.06777095
                        ],
                        [
                            -111.97174565,
                            33.06777045
                        ],
                        [
                            -111.9717456,
                            33.06780652
                        ],
                        [
                            -111.97168043,
                            33.06780703
                        ],
                        [
                            -111.97168048,
                            33.06777095
                        ]
                    ]
                ]
            },
            "properties": {
                "pa_label": "p102-S09",
                "PSDATE": "2003-07-21",
                "PHTD": 0.516,
                "STDD": 8.8,
                "MSNODE": 15.0,
                "PFNODE": 5.0,
                "VBNUM": 1.0,
                "VBNODE": 7.0,
                "SQRNUM": 11.5,
                "FLRNUM": 0.5,
                "GBNUM": 5.2,
                "MBNUM": 0.0,
                "LWPD": 10.32,
                "SWPD": 11.26,
                "CWPD": 25.46,
                "LWAD": 976.2,
                "SWAD": 1065.4,
                "MBWAD": 0.0,
                "PWAD": 367.3,
                "CWAD": 2408.9,
                "LAID_LAB": 1.991
            },
            "_id": "68c445408ac547b65742167d",
            "paid": "68c445408ac547b65742167d"
        },
        {
            "type": "Feature",
            "geometry": {
                "type": "Polygon",
                "coordinates": [
                    [
                        [
                            -111.97161533,
                            33.06776968
                        ],
                        [
                            -111.97161529,
                            33.06780576
                        ],
                        [
                            -111.97155009,
                            33.06780627
                        ],
                        [
                            -111.97155013,
                            33.06777019
                        ],
                        [
                            -111.97161533,
                            33.06776968
                        ]
                    ]
                ]
            },
            "properties": {
                "pa_label": "p103-S09",
                "PSDATE": "2003-07-21",
                "PHTD": 0.577,
                "STDD": 7.5,
                "MSNODE": 11.0,
                "PFNODE": 4.0,
                "VBNUM": 2.0,
                "VBNODE": 2.0,
                "SQRNUM": 8.5,
                "FLRNUM": 0.5,
                "GBNUM": 3.5,
                "MBNUM": 0.0,
                "LWPD": 10.93,
                "SWPD": 12.15,
                "CWPD": 27.52,
                "LWAD": 2465.3,
                "SWAD": 2741.7,
                "MBWAD": 0.0,
                "PWAD": 1000.9,
                "CWAD": 6207.9,
                "LAID_LAB": 5.455
            },
            "_id": "68c445408ac547b65742168f",
            "paid": "68c445408ac547b65742168f"
        },
        {
            "type": "Feature",
            "geometry": {
                "type": "Polygon",
                "coordinates": [
                    [
                        [
                            -111.97148529,
                            33.06776917
                        ],
                        [
                            -111.97148519,
                            33.06780525
                        ],
                        [
                            -111.9714195,
                            33.06780576
                        ],
                        [
                            -111.97141966,
                            33.06776969
                        ],
                        [
                            -111.97148529,
                            33.06776917
                        ]
                    ]
                ]
            },
            "properties": {
                "pa_label": "p104-S09",
                "PSDATE": "2003-07-21",
                "PHTD": 0.757,
                "STDD": 12.9,
                "MSNODE": 19.0,
                "PFNODE": 5.0,
                "VBNUM": 2.0,
                "VBNODE": 23.0,
                "SQRNUM": 11.5,
                "FLRNUM": 1.0,
                "GBNUM": 8.0,
                "MBNUM": 0.0,
                "LWPD": 18.86,
                "SWPD": 22.05,
                "CWPD": 49.91,
                "LWAD": 2286.0,
                "SWAD": 2672.0,
                "MBWAD": 0.0,
                "PWAD": 1092.1,
                "CWAD": 6050.1,
                "LAID_LAB": 4.212
            },
            "_id": "68c445408ac547b6574216a1",
            "paid": "68c445408ac547b6574216a1"
        },
        {
            "type": "Feature",
            "geometry": {
                "type": "Polygon",
                "coordinates": [
                    [
                        [
                            -111.97128944,
                            33.0677683
                        ],
                        [
                            -111.97135489,
                            33.06776779
                        ],
                        [
                            -111.97135482,
                            33.06780387
                        ],
                        [
                            -111.97128937,
                            33.06780438
                        ],
                        [
                            -111.97128944,
                            33.0677683
                        ]
                    ]
                ]
            },
            "properties": {
                "pa_label": "p105-S09",
                "PSDATE": "2003-07-21",
                "PHTD": 0.98,
                "STDD": 11.3,
                "MSNODE": 22.0,
                "PFNODE": 6.0,
                "VBNUM": 3.0,
                "VBNODE": 3.0,
                "SQRNUM": 10.0,
                "FLRNUM": 0.2,
                "GBNUM": 1.0,
                "MBNUM": 0.0,
                "LWPD": 11.25,
                "SWPD": 15.25,
                "CWPD": 28.83,
                "LWAD": 2643.7,
                "SWAD": 3582.9,
                "MBWAD": 0.0,
                "PWAD": 545.7,
                "CWAD": 6772.3,
                "LAID_LAB": 5.068
            },
            "_id": "68c445408ac547b6574216b3",
            "paid": "68c445408ac547b6574216b3"
        },
        {
            "type": "Feature",
            "geometry": {
                "type": "Polygon",
                "coordinates": [
                    [
                        [
                            -111.97122492,
                            33.06776681
                        ],
                        [
                            -111.97122485,
                            33.06780289
                        ],
                        [
                            -111.97115941,
                            33.0678034
                        ],
                        [
                            -111.97115949,
                            33.06776732
                        ],
                        [
                            -111.97122492,
                            33.06776681
                        ]
                    ]
                ]
            },
            "properties": {
                "pa_label": "p106-S09",
                "PSDATE": "2003-07-21",
                "PHTD": 0.88,
                "STDD": 7.9,
                "MSNODE": 15.0,
                "PFNODE": 4.0,
                "VBNUM": 1.0,
                "VBNODE": 1.0,
                "SQRNUM": 17.2,
                "FLRNUM": 1.0,
                "GBNUM": 11.8,
                "MBNUM": 0.0,
                "LWPD": 25.14,
                "SWPD": 27.58,
                "CWPD": 67.34,
                "LWAD": 3072.4,
                "SWAD": 3370.6,
                "MBWAD": 0.0,
                "PWAD": 1786.7,
                "CWAD": 8229.7,
                "LAID_LAB": 5.803
            },
            "_id": "68c445408ac547b6574216c5",
            "paid": "68c445408ac547b6574216c5"
        },
        {
            "type": "Feature",
            "geometry": {
                "type": "Polygon",
                "coordinates": [
                    [
                        [
                            -111.97109558,
                            33.06776662
                        ],
                        [
                            -111.97109559,
                            33.0678027
                        ],
                        [
                            -111.97102967,
                            33.06780321
                        ],
                        [
                            -111.9710298,
                            33.06776713
                        ],
                        [
                            -111.97109558,
                            33.06776662
                        ]
                    ]
                ]
            },
            "properties": {
                "pa_label": "p107-S09",
                "PSDATE": "2003-07-21",
                "PHTD": 0.92,
                "STDD": 16.4,
                "MSNODE": 17.0,
                "PFNODE": 3.0,
                "VBNUM": 4.0,
                "VBNODE": 25.0,
                "SQRNUM": 19.7,
                "FLRNUM": 1.7,
                "GBNUM": 7.0,
                "MBNUM": 0.0,
                "LWPD": 26.37,
                "SWPD": 30.39,
                "CWPD": 67.06,
                "LWAD": 3025.3,
                "SWAD": 3486.5,
                "MBWAD": 0.0,
                "PWAD": 1183.0,
                "CWAD": 7694.7,
                "LAID_LAB": 5.34
            },
            "_id": "68c445408ac547b6574216d7",
            "paid": "68c445408ac547b6574216d7"
        },
        {
            "type": "Feature",
            "geometry": {
                "type": "Polygon",
                "coordinates": [
                    [
                        [
                            -111.97096537,
                            33.06776524
                        ],
                        [
                            -111.97096535,
                            33.06780131
                        ],
                        [
                            -111.97090004,
                            33.06780182
                        ],
                        [
                            -111.97090025,
                            33.06776575
                        ],
                        [
                            -111.97096537,
                            33.06776524
                        ]
                    ]
                ]
            },
            "properties": {
                "pa_label": "p108-S09",
                "PSDATE": "2003-07-21",
                "PHTD": 0.79,
                "STDD": 9.9,
                "MSNODE": 16.0,
                "PFNODE": 6.0,
                "VBNUM": 2.0,
                "VBNODE": 8.0,
                "SQRNUM": 17.5,
                "FLRNUM": 0.5,
                "GBNUM": 15.8,
                "MBNUM": 0.0,
                "LWPD": 26.33,
                "SWPD": 29.04,
                "CWPD": 69.98,
                "LWAD": 3145.2,
                "SWAD": 3469.3,
                "MBWAD": 0.0,
                "PWAD": 1746.5,
                "CWAD": 8361.0,
                "LAID_LAB": 5.446
            },
            "_id": "68c445408ac547b6574216e9",
            "paid": "68c445408ac547b6574216e9"
        },
        {
            "type": "Feature",
            "geometry": {
                "type": "Polygon",
                "coordinates": [
                    [
                        [
                            -111.97187636,
                            33.06757231
                        ],
                        [
                            -111.97187629,
                            33.06760839
                        ],
                        [
                            -111.97181097,
                            33.06760889
                        ],
                        [
                            -111.97181104,
                            33.06757282
                        ],
                        [
                            -111.97187636,
                            33.06757231
                        ]
                    ]
                ]
            },
            "properties": {
                "pa_label": "p201-S09",
                "PSDATE": "2003-07-21",
                "PHTD": 0.76,
                "STDD": 9.4,
                "MSNODE": 18.0,
                "PFNODE": 6.0,
                "VBNUM": 2.0,
                "VBNODE": 2.0,
                "SQRNUM": 3.8,
                "FLRNUM": 0.8,
                "GBNUM": 5.0,
                "MBNUM": 0.0,
                "LWPD": 8.96,
                "SWPD": 10.29,
                "CWPD": 25.4,
                "LWAD": 1971.7,
                "SWAD": 2266.2,
                "MBWAD": 0.0,
                "PWAD": 1354.7,
                "CWAD": 5592.6,
                "LAID_LAB": 3.209
            },
            "_id": "68c445408ac547b6574216fb",
            "paid": "68c445408ac547b6574216fb"
        },
        {
            "type": "Feature",
            "geometry": {
                "type": "Polygon",
                "coordinates": [
                    [
                        [
                            -111.97174604,
                            33.06757132
                        ],
                        [
                            -111.97174589,
                            33.0676074
                        ],
                        [
                            -111.97168063,
                            33.06760791
                        ],
                        [
                            -111.97168092,
                            33.06757183
                        ],
                        [
                            -111.97174604,
                            33.06757132
                        ]
                    ]
                ]
            },
            "properties": {
                "pa_label": "p202-S09",
                "PSDATE": "2003-07-21",
                "PHTD": 0.826,
                "STDD": 16.9,
                "MSNODE": 21.0,
                "PFNODE": 5.0,
                "VBNUM": 5.0,
                "VBNODE": 15.0,
                "SQRNUM": 13.2,
                "FLRNUM": 1.5,
                "GBNUM": 12.2,
                "MBNUM": 0.0,
                "LWPD": 28.27,
                "SWPD": 28.03,
                "CWPD": 71.46,
                "LWAD": 3542.5,
                "SWAD": 3512.1,
                "MBWAD": 0.0,
                "PWAD": 1900.0,
                "CWAD": 8954.6,
                "LAID_LAB": 6.671
            },
            "_id": "68c445408ac547b65742170d",
            "paid": "68c445408ac547b65742170d"
        },
        {
            "type": "Feature",
            "geometry": {
                "type": "Polygon",
                "coordinates": [
                    [
                        [
                            -111.97155004,
                            33.06757057
                        ],
                        [
                            -111.97161523,
                            33.06757007
                        ],
                        [
                            -111.97161508,
                            33.06760614
                        ],
                        [
                            -111.97155011,
                            33.06760665
                        ],
                        [
                            -111.97155004,
                            33.06757057
                        ]
                    ]
                ]
            },
            "properties": {
                "pa_label": "p203-S09",
                "PSDATE": "2003-07-21",
                "PHTD": 0.93,
                "STDD": 13.7,
                "MSNODE": 23.0,
                "PFNODE": 6.0,
                "VBNUM": 2.0,
                "VBNODE": 6.0,
                "SQRNUM": 22.2,
                "FLRNUM": 1.8,
                "GBNUM": 19.0,
                "MBNUM": 0.0,
                "LWPD": 22.64,
                "SWPD": 27.03,
                "CWPD": 63.83,
                "LWAD": 2451.5,
                "SWAD": 2926.2,
                "MBWAD": 0.0,
                "PWAD": 1532.5,
                "CWAD": 6910.2,
                "LAID_LAB": 4.109
            },
            "_id": "68c445408ac547b65742171f",
            "paid": "68c445408ac547b65742171f"
        },
        {
            "type": "Feature",
            "geometry": {
                "type": "Polygon",
                "coordinates": [
                    [
                        [
                            -111.9714203,
                            33.06756971
                        ],
                        [
                            -111.97148582,
                            33.0675692
                        ],
                        [
                            -111.97148572,
                            33.06760528
                        ],
                        [
                            -111.97142021,
                            33.06760579
                        ],
                        [
                            -111.9714203,
                            33.06756971
                        ]
                    ]
                ]
            },
            "properties": {
                "pa_label": "p204-S09",
                "PSDATE": "2003-07-21",
                "PHTD": 0.877,
                "STDD": 10.3,
                "MSNODE": 18.0,
                "PFNODE": 4.0,
                "VBNUM": 1.0,
                "VBNODE": 5.0,
                "SQRNUM": 8.3,
                "FLRNUM": 0.7,
                "GBNUM": 3.0,
                "MBNUM": 0.0,
                "LWPD": 10.74,
                "SWPD": 11.29,
                "CWPD": 24.93,
                "LWAD": 2596.7,
                "SWAD": 2728.9,
                "MBWAD": 0.0,
                "PWAD": 701.2,
                "CWAD": 6026.8,
                "LAID_LAB": 5.269
            },
            "_id": "68c445408ac547b657421731",
            "paid": "68c445408ac547b657421731"
        },
        {
            "type": "Feature",
            "geometry": {
                "type": "Polygon",
                "coordinates": [
                    [
                        [
                            -111.97135527,
                            33.06756811
                        ],
                        [
                            -111.97135526,
                            33.06760418
                        ],
                        [
                            -111.97128981,
                            33.06760469
                        ],
                        [
                            -111.9712899,
                            33.06756862
                        ],
                        [
                            -111.97135527,
                            33.06756811
                        ]
                    ]
                ]
            },
            "properties": {
                "pa_label": "p205-S09",
                "PSDATE": "2003-07-21",
                "PHTD": 0.606,
                "STDD": 8.9,
                "MSNODE": 13.0,
                "PFNODE": 6.0,
                "VBNUM": 1.0,
                "VBNODE": 3.0,
                "SQRNUM": 21.8,
                "FLRNUM": 0.8,
                "GBNUM": 13.8,
                "MBNUM": 0.0,
                "LWPD": 33.54,
                "SWPD": 35.68,
                "CWPD": 86.73,
                "LWAD": 1650.7,
                "SWAD": 1756.0,
                "MBWAD": 0.0,
                "PWAD": 861.5,
                "CWAD": 4268.2,
                "LAID_LAB": 2.758
            },
            "_id": "68c445408ac547b657421743",
            "paid": "68c445408ac547b657421743"
        },
        {
            "type": "Feature",
            "geometry": {
                "type": "Polygon",
                "coordinates": [
                    [
                        [
                            -111.97115981,
                            33.06756766
                        ],
                        [
                            -111.9712253,
                            33.06756715
                        ],
                        [
                            -111.97122523,
                            33.06760323
                        ],
                        [
                            -111.97115975,
                            33.06760374
                        ],
                        [
                            -111.97115981,
                            33.06756766
                        ]
                    ]
                ]
            },
            "properties": {
                "pa_label": "p206-S09",
                "PSDATE": "2003-07-21",
                "PHTD": 0.983,
                "STDD": 17.9,
                "MSNODE": 24.0,
                "PFNODE": 5.0,
                "VBNUM": 2.0,
                "VBNODE": 29.0,
                "SQRNUM": 31.8,
                "FLRNUM": 0.8,
                "GBNUM": 22.5,
                "MBNUM": 0.0,
                "LWPD": 43.75,
                "SWPD": 47.81,
                "CWPD": 122.12,
                "LWAD": 2251.9,
                "SWAD": 2460.6,
                "MBWAD": 0.0,
                "PWAD": 1572.9,
                "CWAD": 6285.3,
                "LAID_LAB": 3.464
            },
            "_id": "68c445408ac547b657421755",
            "paid": "68c445408ac547b657421755"
        },
        {
            "type": "Feature",
            "geometry": {
                "type": "Polygon",
                "coordinates": [
                    [
                        [
                            -111.97109537,
                            33.06756618
                        ],
                        [
                            -111.97109539,
                            33.06760225
                        ],
                        [
                            -111.9710302,
                            33.06760276
                        ],
                        [
                            -111.97103019,
                            33.06756668
                        ],
                        [
                            -111.97109537,
                            33.06756618
                        ]
                    ]
                ]
            },
            "properties": {
                "pa_label": "p207-S09",
                "PSDATE": "2003-07-21",
                "PHTD": 0.944,
                "STDD": 12.6,
                "MSNODE": 25.0,
                "PFNODE": 6.0,
                "VBNUM": 0.0,
                "VBNODE": 0.0,
                "SQRNUM": 18.5,
                "FLRNUM": 0.8,
                "GBNUM": 7.5,
                "MBNUM": 0.0,
                "LWPD": 19.98,
                "SWPD": 26.3,
                "CWPD": 55.55,
                "LWAD": 2360.1,
                "SWAD": 3106.9,
                "MBWAD": 0.0,
                "PWAD": 1094.6,
                "CWAD": 6561.6,
                "LAID_LAB": 4.317
            },
            "_id": "68c445408ac547b657421767",
            "paid": "68c445408ac547b657421767"
        },
        {
            "type": "Feature",
            "geometry": {
                "type": "Polygon",
                "coordinates": [
                    [
                        [
                            -111.97096531,
                            33.0675651
                        ],
                        [
                            -111.97096521,
                            33.06760118
                        ],
                        [
                            -111.97090006,
                            33.06760169
                        ],
                        [
                            -111.97090018,
                            33.06756561
                        ],
                        [
                            -111.97096531,
                            33.0675651
                        ]
                    ]
                ]
            },
            "properties": {
                "pa_label": "p208-S09",
                "PSDATE": "2003-07-21",
                "PHTD": 0.762,
                "STDD": 13.8,
                "MSNODE": 24.0,
                "PFNODE": 7.0,
                "VBNUM": 2.0,
                "VBNODE": 13.0,
                "SQRNUM": 22.5,
                "FLRNUM": 1.2,
                "GBNUM": 16.5,
                "MBNUM": 0.0,
                "LWPD": 27.99,
                "SWPD": 32.08,
                "CWPD": 81.23,
                "LWAD": 1383.3,
                "SWAD": 1585.1,
                "MBWAD": 0.0,
                "PWAD": 1045.6,
                "CWAD": 4013.9,
                "LAID_LAB": 2.629
            },
            "_id": "68c445408ac547b657421779",
            "paid": "68c445408ac547b657421779"
        },
        {
            "type": "Feature",
            "geometry": {
                "type": "Polygon",
                "coordinates": [
                    [
                        [
                            -111.97187688,
                            33.06730302
                        ],
                        [
                            -111.97187683,
                            33.0673391
                        ],
                        [
                            -111.97181172,
                            33.0673396
                        ],
                        [
                            -111.97181177,
                            33.06730353
                        ],
                        [
                            -111.97187688,
                            33.06730302
                        ]
                    ]
                ]
            },
            "properties": {
                "pa_label": "p301-S09",
                "PSDATE": "2003-07-21",
                "PHTD": 0.694,
                "STDD": 10.0,
                "MSNODE": 14.0,
                "PFNODE": 4.0,
                "VBNUM": 1.0,
                "VBNODE": 9.0,
                "SQRNUM": 10.5,
                "FLRNUM": 1.0,
                "GBNUM": 9.8,
                "MBNUM": 0.0,
                "LWPD": 15.93,
                "SWPD": 19.23,
                "CWPD": 44.91,
                "LWAD": 1749.1,
                "SWAD": 2111.8,
                "MBWAD": 0.0,
                "PWAD": 1070.7,
                "CWAD": 4931.6,
                "LAID_LAB": 3.355
            },
            "_id": "68c445408ac547b65742178b",
            "paid": "68c445408ac547b65742178b"
        },
        {
            "type": "Feature",
            "geometry": {
                "type": "Polygon",
                "coordinates": [
                    [
                        [
                            -111.9717462,
                            33.06730236
                        ],
                        [
                            -111.97174612,
                            33.06733844
                        ],
                        [
                            -111.9716806,
                            33.06733895
                        ],
                        [
                            -111.97168072,
                            33.06730287
                        ],
                        [
                            -111.9717462,
                            33.06730236
                        ]
                    ]
                ]
            },
            "properties": {
                "pa_label": "p302-S09",
                "PSDATE": "2003-07-21",
                "PHTD": 0.839,
                "STDD": 14.5,
                "MSNODE": 21.0,
                "PFNODE": 7.0,
                "VBNUM": 4.0,
                "VBNODE": 28.0,
                "SQRNUM": 18.8,
                "FLRNUM": 0.5,
                "GBNUM": 12.2,
                "MBNUM": 0.0,
                "LWPD": 20.1,
                "SWPD": 23.81,
                "CWPD": 60.72,
                "LWAD": 2312.0,
                "SWAD": 2738.1,
                "MBWAD": 0.0,
                "PWAD": 1933.6,
                "CWAD": 6983.8,
                "LAID_LAB": 4.005
            },
            "_id": "68c445408ac547b65742179d",
            "paid": "68c445408ac547b65742179d"
        },
        {
            "type": "Feature",
            "geometry": {
                "type": "Polygon",
                "coordinates": [
                    [
                        [
                            -111.97161629,
                            33.06730059
                        ],
                        [
                            -111.97161636,
                            33.06733666
                        ],
                        [
                            -111.9715507,
                            33.06733718
                        ],
                        [
                            -111.97155072,
                            33.0673011
                        ],
                        [
                            -111.97161629,
                            33.06730059
                        ]
                    ]
                ]
            },
            "properties": {
                "pa_label": "p303-S09",
                "PSDATE": "2003-07-21",
                "PHTD": 0.77,
                "STDD": 11.7,
                "MSNODE": 21.0,
                "PFNODE": 6.0,
                "VBNUM": 2.0,
                "VBNODE": 8.0,
                "SQRNUM": 32.5,
                "FLRNUM": 0.2,
                "GBNUM": 6.8,
                "MBNUM": 0.0,
                "LWPD": 27.2,
                "SWPD": 29.6,
                "CWPD": 62.88,
                "LWAD": 1439.0,
                "SWAD": 1565.8,
                "MBWAD": 0.0,
                "PWAD": 321.5,
                "CWAD": 3326.3,
                "LAID_LAB": 2.371
            },
            "_id": "68c445408ac547b6574217af",
            "paid": "68c445408ac547b6574217af"
        },
        {
            "type": "Feature",
            "geometry": {
                "type": "Polygon",
                "coordinates": [
                    [
                        [
                            -111.97142099,
                            33.06730122
                        ],
                        [
                            -111.97148642,
                            33.06730071
                        ],
                        [
                            -111.97148637,
                            33.06733679
                        ],
                        [
                            -111.97142098,
                            33.06733729
                        ],
                        [
                            -111.97142099,
                            33.06730122
                        ]
                    ]
                ]
            },
            "properties": {
                "pa_label": "p304-S09",
                "PSDATE": "2003-07-21",
                "PHTD": 0.954,
                "STDD": 16.0,
                "MSNODE": 22.0,
                "PFNODE": 7.0,
                "VBNUM": 4.0,
                "VBNODE": 8.0,
                "SQRNUM": 25.2,
                "FLRNUM": 1.2,
                "GBNUM": 19.8,
                "MBNUM": 0.0,
                "LWPD": 33.99,
                "SWPD": 39.64,
                "CWPD": 96.73,
                "LWAD": 1728.6,
                "SWAD": 2015.8,
                "MBWAD": 0.0,
                "PWAD": 1174.5,
                "CWAD": 4918.9,
                "LAID_LAB": 2.939
            },
            "_id": "68c445408ac547b6574217c1",
            "paid": "68c445408ac547b6574217c1"
        },
        {
            "type": "Feature",
            "geometry": {
                "type": "Polygon",
                "coordinates": [
                    [
                        [
                            -111.97135578,
                            33.06729995
                        ],
                        [
                            -111.97135575,
                            33.06733603
                        ],
                        [
                            -111.97129027,
                            33.06733654
                        ],
                        [
                            -111.97129031,
                            33.06730046
                        ],
                        [
                            -111.97135578,
                            33.06729995
                        ]
                    ]
                ]
            },
            "properties": {
                "pa_label": "p305-S09",
                "PSDATE": "2003-07-21",
                "PHTD": 0.869,
                "STDD": 9.3,
                "MSNODE": 16.0,
                "PFNODE": 7.0,
                "VBNUM": 3.0,
                "VBNODE": 8.0,
                "SQRNUM": 6.2,
                "FLRNUM": 0.8,
                "GBNUM": 5.2,
                "MBNUM": 0.0,
                "LWPD": 12.32,
                "SWPD": 14.73,
                "CWPD": 34.86,
                "LWAD": 3065.2,
                "SWAD": 3664.8,
                "MBWAD": 0.0,
                "PWAD": 1944.3,
                "CWAD": 8674.3,
                "LAID_LAB": 5.375
            },
            "_id": "68c445408ac547b6574217d3",
            "paid": "68c445408ac547b6574217d3"
        },
        {
            "type": "Feature",
            "geometry": {
                "type": "Polygon",
                "coordinates": [
                    [
                        [
                            -111.97116049,
                            33.0672995
                        ],
                        [
                            -111.97122594,
                            33.06729899
                        ],
                        [
                            -111.9712259,
                            33.06733507
                        ],
                        [
                            -111.97116045,
                            33.06733558
                        ],
                        [
                            -111.97116049,
                            33.0672995
                        ]
                    ]
                ]
            },
            "properties": {
                "pa_label": "p306-S09",
                "PSDATE": "2003-07-21",
                "PHTD": 0.937,
                "STDD": 12.9,
                "MSNODE": 24.0,
                "PFNODE": 6.0,
                "VBNUM": 3.0,
                "VBNODE": 1.0,
                "SQRNUM": 15.0,
                "FLRNUM": 0.5,
                "GBNUM": 6.5,
                "MBNUM": 0.0,
                "LWPD": 19.14,
                "SWPD": 21.66,
                "CWPD": 52.82,
                "LWAD": 2357.2,
                "SWAD": 2666.8,
                "MBWAD": 0.0,
                "PWAD": 1479.0,
                "CWAD": 6503.0,
                "LAID_LAB": 4.21
            },
            "_id": "68c445408ac547b6574217e5",
            "paid": "68c445408ac547b6574217e5"
        },
        {
            "type": "Feature",
            "geometry": {
                "type": "Polygon",
                "coordinates": [
                    [
                        [
                            -111.97109568,
                            33.06729819
                        ],
                        [
                            -111.97109568,
                            33.06733426
                        ],
                        [
                            -111.97103033,
                            33.06733477
                        ],
                        [
                            -111.97103036,
                            33.0672987
                        ],
                        [
                            -111.97109568,
                            33.06729819
                        ]
                    ]
                ]
            },
            "properties": {
                "pa_label": "p307-S09",
                "PSDATE": "2003-07-21",
                "PHTD": 0.787,
                "STDD": 11.0,
                "MSNODE": 22.0,
                "PFNODE": 7.0,
                "VBNUM": 2.0,
                "VBNODE": 9.0,
                "SQRNUM": 17.2,
                "FLRNUM": 0.8,
                "GBNUM": 10.2,
                "MBNUM": 0.0,
                "LWPD": 21.79,
                "SWPD": 25.42,
                "CWPD": 56.94,
                "LWAD": 2527.9,
                "SWAD": 2949.4,
                "MBWAD": 0.0,
                "PWAD": 1128.8,
                "CWAD": 6606.1,
                "LAID_LAB": 4.393
            },
            "_id": "68c445408ac547b6574217f7",
            "paid": "68c445408ac547b6574217f7"
        },
        {
            "type": "Feature",
            "geometry": {
                "type": "Polygon",
                "coordinates": [
                    [
                        [
                            -111.97090064,
                            33.06729787
                        ],
                        [
                            -111.97096582,
                            33.06729737
                        ],
                        [
                            -111.97096575,
                            33.06733344
                        ],
                        [
                            -111.97090057,
                            33.06733395
                        ],
                        [
                            -111.97090064,
                            33.06729787
                        ]
                    ]
                ]
            },
            "properties": {
                "pa_label": "p308-S09",
                "PSDATE": "2003-07-21",
                "PHTD": 0.892,
                "STDD": 12.3,
                "MSNODE": 24.0,
                "PFNODE": 8.0,
                "VBNUM": 4.0,
                "VBNODE": 16.0,
                "SQRNUM": 15.8,
                "FLRNUM": 0.5,
                "GBNUM": 8.2,
                "MBNUM": 0.0,
                "LWPD": 16.71,
                "SWPD": 19.57,
                "CWPD": 42.44,
                "LWAD": 3802.2,
                "SWAD": 4451.0,
                "MBWAD": 0.0,
                "PWAD": 1400.7,
                "CWAD": 9653.9,
                "LAID_LAB": 5.94
            },
            "_id": "68c445408ac547b657421809",
            "paid": "68c445408ac547b657421809"
        },
        {
            "type": "Feature",
            "geometry": {
                "type": "Polygon",
                "coordinates": [
                    [
                        [
                            -111.97187724,
                            33.06710108
                        ],
                        [
                            -111.97187714,
                            33.06713716
                        ],
                        [
                            -111.97181187,
                            33.06713767
                        ],
                        [
                            -111.971812,
                            33.06710159
                        ],
                        [
                            -111.97187724,
                            33.06710108
                        ]
                    ]
                ]
            },
            "properties": {
                "pa_label": "p401-S09",
                "PSDATE": "2003-07-21",
                "PHTD": 0.559,
                "STDD": 12.5,
                "MSNODE": 18.0,
                "PFNODE": 5.0,
                "VBNUM": 2.0,
                "VBNODE": 20.0,
                "SQRNUM": 16.5,
                "FLRNUM": 0.5,
                "GBNUM": 17.2,
                "MBNUM": 0.0,
                "LWPD": 27.94,
                "SWPD": 27.25,
                "CWPD": 78.02,
                "LWAD": 1340.5,
                "SWAD": 1307.4,
                "MBWAD": 0.0,
                "PWAD": 1095.4,
                "CWAD": 3743.3,
                "LAID_LAB": 1.716
            },
            "_id": "68c445408ac547b65742181b",
            "paid": "68c445408ac547b65742181b"
        },
        {
            "type": "Feature",
            "geometry": {
                "type": "Polygon",
                "coordinates": [
                    [
                        [
                            -111.97168138,
                            33.06710081
                        ],
                        [
                            -111.97174663,
                            33.06710031
                        ],
                        [
                            -111.97174658,
                            33.06713638
                        ],
                        [
                            -111.97168137,
                            33.06713689
                        ],
                        [
                            -111.97168138,
                            33.06710081
                        ]
                    ]
                ]
            },
            "properties": {
                "pa_label": "p402-S09",
                "PSDATE": "2003-07-21",
                "PHTD": 0.795,
                "STDD": 11.5,
                "MSNODE": 19.0,
                "PFNODE": 6.0,
                "VBNUM": 1.0,
                "VBNODE": 4.0,
                "SQRNUM": 8.5,
                "FLRNUM": 2.0,
                "GBNUM": 15.2,
                "MBNUM": 0.0,
                "LWPD": 25.26,
                "SWPD": 22.86,
                "CWPD": 68.22,
                "LWAD": 2852.5,
                "SWAD": 2581.0,
                "MBWAD": 0.0,
                "PWAD": 2270.2,
                "CWAD": 7703.7,
                "LAID_LAB": 3.974
            },
            "_id": "68c445408ac547b65742182d",
            "paid": "68c445408ac547b65742182d"
        },
        {
            "type": "Feature",
            "geometry": {
                "type": "Polygon",
                "coordinates": [
                    [
                        [
                            -111.97161609,
                            33.0670997
                        ],
                        [
                            -111.97161607,
                            33.06713577
                        ],
                        [
                            -111.97155092,
                            33.06713628
                        ],
                        [
                            -111.97155096,
                            33.0671002
                        ],
                        [
                            -111.97161609,
                            33.0670997
                        ]
                    ]
                ]
            },
            "properties": {
                "pa_label": "p403-S09",
                "PSDATE": "2003-07-21",
                "PHTD": 0.602,
                "STDD": 9.7,
                "MSNODE": 15.0,
                "PFNODE": 9.0,
                "VBNUM": 3.0,
                "VBNODE": 6.0,
                "SQRNUM": 7.5,
                "FLRNUM": 0.5,
                "GBNUM": 3.2,
                "MBNUM": 0.0,
                "LWPD": 10.46,
                "SWPD": 11.11,
                "CWPD": 25.95,
                "LWAD": 2301.2,
                "SWAD": 2443.1,
                "MBWAD": 0.0,
                "PWAD": 964.7,
                "CWAD": 5709.0,
                "LAID_LAB": 2.887
            },
            "_id": "68c445408ac547b65742183f",
            "paid": "68c445408ac547b65742183f"
        },
        {
            "type": "Feature",
            "geometry": {
                "type": "Polygon",
                "coordinates": [
                    [
                        [
                            -111.97142134,
                            33.06709924
                        ],
                        [
                            -111.97148675,
                            33.06709873
                        ],
                        [
                            -111.97148667,
                            33.06713481
                        ],
                        [
                            -111.97142126,
                            33.06713532
                        ],
                        [
                            -111.97142134,
                            33.06709924
                        ]
                    ]
                ]
            },
            "properties": {
                "pa_label": "p404-S09",
                "PSDATE": "2003-07-21",
                "PHTD": 0.832,
                "STDD": 12.3,
                "MSNODE": 21.0,
                "PFNODE": 7.0,
                "VBNUM": 1.0,
                "VBNODE": 13.0,
                "SQRNUM": 16.2,
                "FLRNUM": 2.5,
                "GBNUM": 11.8,
                "MBNUM": 0.0,
                "LWPD": 23.9,
                "SWPD": 24.9,
                "CWPD": 62.16,
                "LWAD": 2574.5,
                "SWAD": 2682.5,
                "MBWAD": 0.0,
                "PWAD": 1439.4,
                "CWAD": 6696.5,
                "LAID_LAB": 4.267
            },
            "_id": "68c445408ac547b657421851",
            "paid": "68c445408ac547b657421851"
        },
        {
            "type": "Feature",
            "geometry": {
                "type": "Polygon",
                "coordinates": [
                    [
                        [
                            -111.97135613,
                            33.06709809
                        ],
                        [
                            -111.97135613,
                            33.06713417
                        ],
                        [
                            -111.97129074,
                            33.06713468
                        ],
                        [
                            -111.97129079,
                            33.0670986
                        ],
                        [
                            -111.97135613,
                            33.06709809
                        ]
                    ]
                ]
            },
            "properties": {
                "pa_label": "p405-S09",
                "PSDATE": "2003-07-21",
                "PHTD": 0.686,
                "STDD": 8.9,
                "MSNODE": 16.0,
                "PFNODE": 7.0,
                "VBNUM": 3.0,
                "VBNODE": 3.0,
                "SQRNUM": 12.0,
                "FLRNUM": 0.2,
                "GBNUM": 5.2,
                "MBNUM": 0.0,
                "LWPD": 14.34,
                "SWPD": 17.01,
                "CWPD": 40.03,
                "LWAD": 3380.3,
                "SWAD": 4009.8,
                "MBWAD": 0.0,
                "PWAD": 2047.0,
                "CWAD": 9437.1,
                "LAID_LAB": 4.91
            },
            "_id": "68c445408ac547b657421863",
            "paid": "68c445408ac547b657421863"
        },
        {
            "type": "Feature",
            "geometry": {
                "type": "Polygon",
                "coordinates": [
                    [
                        [
                            -111.97116078,
                            33.06709769
                        ],
                        [
                            -111.97122634,
                            33.06709718
                        ],
                        [
                            -111.97122625,
                            33.06713325
                        ],
                        [
                            -111.9711607,
                            33.06713376
                        ],
                        [
                            -111.97116078,
                            33.06709769
                        ]
                    ]
                ]
            },
            "properties": {
                "pa_label": "p406-S09",
                "PSDATE": "2003-07-21",
                "PHTD": 0.89,
                "STDD": 13.7,
                "MSNODE": 18.0,
                "PFNODE": 5.0,
                "VBNUM": 3.0,
                "VBNODE": 26.0,
                "SQRNUM": 22.2,
                "FLRNUM": 1.0,
                "GBNUM": 10.5,
                "MBNUM": 0.0,
                "LWPD": 22.49,
                "SWPD": 26.08,
                "CWPD": 58.62,
                "LWAD": 2579.0,
                "SWAD": 2990.3,
                "MBWAD": 0.0,
                "PWAD": 1151.1,
                "CWAD": 6720.3,
                "LAID_LAB": 4.262
            },
            "_id": "68c445408ac547b657421875",
            "paid": "68c445408ac547b657421875"
        },
        {
            "type": "Feature",
            "geometry": {
                "type": "Polygon",
                "coordinates": [
                    [
                        [
                            -111.97109572,
                            33.06709658
                        ],
                        [
                            -111.97109572,
                            33.06713266
                        ],
                        [
                            -111.97103059,
                            33.06713316
                        ],
                        [
                            -111.97103061,
                            33.06709709
                        ],
                        [
                            -111.97109572,
                            33.06709658
                        ]
                    ]
                ]
            },
            "properties": {
                "pa_label": "p407-S09",
                "PSDATE": "2003-07-21",
                "PHTD": 0.618,
                "STDD": 13.8,
                "MSNODE": 19.0,
                "PFNODE": 5.0,
                "VBNUM": 2.0,
                "VBNODE": 26.0,
                "SQRNUM": 19.8,
                "FLRNUM": 1.5,
                "GBNUM": 13.8,
                "MBNUM": 0.0,
                "LWPD": 27.29,
                "SWPD": 26.09,
                "CWPD": 72.57,
                "LWAD": 1359.7,
                "SWAD": 1300.1,
                "MBWAD": 0.0,
                "PWAD": 956.1,
                "CWAD": 3615.9,
                "LAID_LAB": 2.076
            },
            "_id": "68c445408ac547b657421887",
            "paid": "68c445408ac547b657421887"
        },
        {
            "type": "Feature",
            "geometry": {
                "type": "Polygon",
                "coordinates": [
                    [
                        [
                            -111.97090096,
                            33.06709603
                        ],
                        [
                            -111.97096601,
                            33.06709552
                        ],
                        [
                            -111.97096594,
                            33.0671316
                        ],
                        [
                            -111.9709009,
                            33.0671321
                        ],
                        [
                            -111.97090096,
                            33.06709603
                        ]
                    ]
                ]
            },
            "properties": {
                "pa_label": "p408-S09",
                "PSDATE": "2003-07-21",
                "PHTD": 0.769,
                "STDD": 10.0,
                "MSNODE": 20.0,
                "PFNODE": 1.0,
                "VBNUM": 2.0,
                "VBNODE": 14.0,
                "SQRNUM": 11.5,
                "FLRNUM": 1.5,
                "GBNUM": 8.0,
                "MBNUM": 0.0,
                "LWPD": 15.19,
                "SWPD": 17.2,
                "CWPD": 40.65,
                "LWAD": 1793.0,
                "SWAD": 2030.2,
                "MBWAD": 0.0,
                "PWAD": 974.5,
                "CWAD": 4797.8,
                "LAID_LAB": 2.881
            },
            "_id": "68c445408ac547b657421899",
            "paid": "68c445408ac547b657421899"
        },
        {
            "type": "Feature",
            "geometry": {
                "type": "Polygon",
                "coordinates": [
                    [
                        [
                            -111.97187593,
                            33.06777126
                        ],
                        [
                            -111.97187587,
                            33.06780734
                        ],
                        [
                            -111.97181049,
                            33.06780785
                        ],
                        [
                            -111.97181058,
                            33.06777177
                        ],
                        [
                            -111.97187593,
                            33.06777126
                        ]
                    ]
                ]
            },
            "properties": {
                "pa_label": "p101-S10",
                "PSDATE": "2003-07-28",
                "PHTD": 0.673,
                "STDD": 14.4,
                "MSNODE": 22.0,
                "PFNODE": 6.0,
                "VBNUM": 2.0,
                "VBNODE": 36.0,
                "SQRNUM": 16.0,
                "FLRNUM": 0.8,
                "GBNUM": 23.2,
                "MBNUM": 0.0,
                "LWPD": 37.13,
                "SWPD": 39.55,
                "CWPD": 110.12,
                "LWAD": 1926.1,
                "SWAD": 2051.8,
                "MBWAD": 0.0,
                "PWAD": 1734.9,
                "CWAD": 5712.8,
                "LAID_LAB": 2.707
            },
            "_id": "68c445408ac547b65742166c",
            "paid": "68c445408ac547b65742166c"
        },
        {
            "type": "Feature",
            "geometry": {
                "type": "Polygon",
                "coordinates": [
                    [
                        [
                            -111.97168048,
                            33.06777095
                        ],
                        [
                            -111.97174565,
                            33.06777045
                        ],
                        [
                            -111.9717456,
                            33.06780652
                        ],
                        [
                            -111.97168043,
                            33.06780703
                        ],
                        [
                            -111.97168048,
                            33.06777095
                        ]
                    ]
                ]
            },
            "properties": {
                "pa_label": "p102-S10",
                "PSDATE": "2003-07-28",
                "PHTD": 0.705,
                "STDD": 14.2,
                "MSNODE": 22.0,
                "PFNODE": 4.0,
                "VBNUM": 2.0,
                "VBNODE": 21.0,
                "SQRNUM": 14.2,
                "FLRNUM": 2.5,
                "GBNUM": 17.2,
                "MBNUM": 0.0,
                "LWPD": 25.43,
                "SWPD": 28.75,
                "CWPD": 79.04,
                "LWAD": 2405.4,
                "SWAD": 2719.7,
                "MBWAD": 0.0,
                "PWAD": 2352.2,
                "CWAD": 7477.2,
                "LAID_LAB": 6.076
            },
            "_id": "68c445408ac547b65742167e",
            "paid": "68c445408ac547b65742167e"
        },
        {
            "type": "Feature",
            "geometry": {
                "type": "Polygon",
                "coordinates": [
                    [
                        [
                            -111.97161533,
                            33.06776968
                        ],
                        [
                            -111.97161529,
                            33.06780576
                        ],
                        [
                            -111.97155009,
                            33.06780627
                        ],
                        [
                            -111.97155013,
                            33.06777019
                        ],
                        [
                            -111.97161533,
                            33.06776968
                        ]
                    ]
                ]
            },
            "properties": {
                "pa_label": "p103-S10",
                "PSDATE": "2003-07-28",
                "PHTD": 0.877,
                "STDD": 11.9,
                "MSNODE": 27.0,
                "PFNODE": 5.0,
                "VBNUM": 2.0,
                "VBNODE": 1.0,
                "SQRNUM": 11.0,
                "FLRNUM": 1.0,
                "GBNUM": 10.8,
                "MBNUM": 0.0,
                "LWPD": 20.87,
                "SWPD": 24.23,
                "CWPD": 58.97,
                "LWAD": 4706.8,
                "SWAD": 5464.7,
                "MBWAD": 0.0,
                "PWAD": 3129.6,
                "CWAD": 13301.1,
                "LAID_LAB": 7.783
            },
            "_id": "68c445408ac547b657421690",
            "paid": "68c445408ac547b657421690"
        },
        {
            "type": "Feature",
            "geometry": {
                "type": "Polygon",
                "coordinates": [
                    [
                        [
                            -111.97148529,
                            33.06776917
                        ],
                        [
                            -111.97148519,
                            33.06780525
                        ],
                        [
                            -111.9714195,
                            33.06780576
                        ],
                        [
                            -111.97141966,
                            33.06776969
                        ],
                        [
                            -111.97148529,
                            33.06776917
                        ]
                    ]
                ]
            },
            "properties": {
                "pa_label": "p104-S10",
                "PSDATE": "2003-07-28",
                "PHTD": 0.806,
                "STDD": 10.4,
                "MSNODE": 20.0,
                "PFNODE": 5.0,
                "VBNUM": 0.0,
                "VBNODE": 0.0,
                "SQRNUM": 6.8,
                "FLRNUM": 0.8,
                "GBNUM": 9.2,
                "MBNUM": 0.0,
                "LWPD": 21.99,
                "SWPD": 26.78,
                "CWPD": 63.17,
                "LWAD": 2665.7,
                "SWAD": 3245.7,
                "MBWAD": 0.0,
                "PWAD": 1745.7,
                "CWAD": 7657.1,
                "LAID_LAB": 4.04
            },
            "_id": "68c445408ac547b6574216a2",
            "paid": "68c445408ac547b6574216a2"
        },
        {
            "type": "Feature",
            "geometry": {
                "type": "Polygon",
                "coordinates": [
                    [
                        [
                            -111.97128944,
                            33.0677683
                        ],
                        [
                            -111.97135489,
                            33.06776779
                        ],
                        [
                            -111.97135482,
                            33.06780387
                        ],
                        [
                            -111.97128937,
                            33.06780438
                        ],
                        [
                            -111.97128944,
                            33.0677683
                        ]
                    ]
                ]
            },
            "properties": {
                "pa_label": "p105-S10",
                "PSDATE": "2003-07-28",
                "PHTD": 0.84,
                "STDD": 12.4,
                "MSNODE": 19.0,
                "PFNODE": 5.0,
                "VBNUM": 2.0,
                "VBNODE": 7.0,
                "SQRNUM": 7.2,
                "FLRNUM": 0.2,
                "GBNUM": 7.5,
                "MBNUM": 0.0,
                "LWPD": 13.4,
                "SWPD": 19.2,
                "CWPD": 39.08,
                "LWAD": 3148.3,
                "SWAD": 4511.5,
                "MBWAD": 0.0,
                "PWAD": 1520.7,
                "CWAD": 9180.5,
                "LAID_LAB": 6.551
            },
            "_id": "68c445408ac547b6574216b4",
            "paid": "68c445408ac547b6574216b4"
        },
        {
            "type": "Feature",
            "geometry": {
                "type": "Polygon",
                "coordinates": [
                    [
                        [
                            -111.97122492,
                            33.06776681
                        ],
                        [
                            -111.97122485,
                            33.06780289
                        ],
                        [
                            -111.97115941,
                            33.0678034
                        ],
                        [
                            -111.97115949,
                            33.06776732
                        ],
                        [
                            -111.97122492,
                            33.06776681
                        ]
                    ]
                ]
            },
            "properties": {
                "pa_label": "p106-S10",
                "PSDATE": "2003-07-28",
                "PHTD": 0.821,
                "STDD": 12.6,
                "MSNODE": 21.0,
                "PFNODE": 5.0,
                "VBNUM": 1.0,
                "VBNODE": 12.0,
                "SQRNUM": 6.5,
                "FLRNUM": 1.0,
                "GBNUM": 12.8,
                "MBNUM": 0.0,
                "LWPD": 24.29,
                "SWPD": 28.99,
                "CWPD": 72.97,
                "LWAD": 2967.9,
                "SWAD": 3542.6,
                "MBWAD": 0.0,
                "PWAD": 2406.6,
                "CWAD": 8917.1,
                "LAID_LAB": 6.338
            },
            "_id": "68c445408ac547b6574216c6",
            "paid": "68c445408ac547b6574216c6"
        },
        {
            "type": "Feature",
            "geometry": {
                "type": "Polygon",
                "coordinates": [
                    [
                        [
                            -111.97109558,
                            33.06776662
                        ],
                        [
                            -111.97109559,
                            33.0678027
                        ],
                        [
                            -111.97102967,
                            33.06780321
                        ],
                        [
                            -111.9710298,
                            33.06776713
                        ],
                        [
                            -111.97109558,
                            33.06776662
                        ]
                    ]
                ]
            },
            "properties": {
                "pa_label": "p107-S10",
                "PSDATE": "2003-07-28",
                "PHTD": 0.664,
                "STDD": 12.3,
                "MSNODE": 18.0,
                "PFNODE": 4.0,
                "VBNUM": 2.0,
                "VBNODE": 12.0,
                "SQRNUM": 6.0,
                "FLRNUM": 0.0,
                "GBNUM": 8.8,
                "MBNUM": 0.0,
                "LWPD": 15.92,
                "SWPD": 19.42,
                "CWPD": 48.71,
                "LWAD": 1826.3,
                "SWAD": 2227.9,
                "MBWAD": 0.0,
                "PWAD": 1534.9,
                "CWAD": 5589.2,
                "LAID_LAB": 2.532
            },
            "_id": "68c445408ac547b6574216d8",
            "paid": "68c445408ac547b6574216d8"
        },
        {
            "type": "Feature",
            "geometry": {
                "type": "Polygon",
                "coordinates": [
                    [
                        [
                            -111.97096537,
                            33.06776524
                        ],
                        [
                            -111.97096535,
                            33.06780131
                        ],
                        [
                            -111.97090004,
                            33.06780182
                        ],
                        [
                            -111.97090025,
                            33.06776575
                        ],
                        [
                            -111.97096537,
                            33.06776524
                        ]
                    ]
                ]
            },
            "properties": {
                "pa_label": "p108-S10",
                "PSDATE": "2003-07-28",
                "PHTD": 0.893,
                "STDD": 12.3,
                "MSNODE": 17.0,
                "PFNODE": 7.0,
                "VBNUM": 2.0,
                "VBNODE": 11.0,
                "SQRNUM": 8.8,
                "FLRNUM": 1.0,
                "GBNUM": 7.8,
                "MBNUM": 0.0,
                "LWPD": 19.92,
                "SWPD": 21.85,
                "CWPD": 55.39,
                "LWAD": 2380.3,
                "SWAD": 2610.9,
                "MBWAD": 0.0,
                "PWAD": 1626.4,
                "CWAD": 6617.5,
                "LAID_LAB": 4.256
            },
            "_id": "68c445408ac547b6574216ea",
            "paid": "68c445408ac547b6574216ea"
        },
        {
            "type": "Feature",
            "geometry": {
                "type": "Polygon",
                "coordinates": [
                    [
                        [
                            -111.97187636,
                            33.06757231
                        ],
                        [
                            -111.97187629,
                            33.06760839
                        ],
                        [
                            -111.97181097,
                            33.06760889
                        ],
                        [
                            -111.97181104,
                            33.06757282
                        ],
                        [
                            -111.97187636,
                            33.06757231
                        ]
                    ]
                ]
            },
            "properties": {
                "pa_label": "p201-S10",
                "PSDATE": "2003-07-28",
                "PHTD": 0.74,
                "STDD": 8.2,
                "MSNODE": 14.0,
                "PFNODE": 5.0,
                "VBNUM": 2.0,
                "VBNODE": 5.0,
                "SQRNUM": 5.0,
                "FLRNUM": 0.8,
                "GBNUM": 9.2,
                "MBNUM": 0.0,
                "LWPD": 12.95,
                "SWPD": 16.73,
                "CWPD": 37.96,
                "LWAD": 2850.2,
                "SWAD": 3683.1,
                "MBWAD": 0.0,
                "PWAD": 1824.7,
                "CWAD": 8358.1,
                "LAID_LAB": 5.818
            },
            "_id": "68c445408ac547b6574216fc",
            "paid": "68c445408ac547b6574216fc"
        },
        {
            "type": "Feature",
            "geometry": {
                "type": "Polygon",
                "coordinates": [
                    [
                        [
                            -111.97174604,
                            33.06757132
                        ],
                        [
                            -111.97174589,
                            33.0676074
                        ],
                        [
                            -111.97168063,
                            33.06760791
                        ],
                        [
                            -111.97168092,
                            33.06757183
                        ],
                        [
                            -111.97174604,
                            33.06757132
                        ]
                    ]
                ]
            },
            "properties": {
                "pa_label": "p202-S10",
                "PSDATE": "2003-07-28",
                "PHTD": 0.599,
                "STDD": 10.9,
                "MSNODE": 14.0,
                "PFNODE": 3.0,
                "VBNUM": 3.0,
                "VBNODE": 10.0,
                "SQRNUM": 14.0,
                "FLRNUM": 1.2,
                "GBNUM": 11.0,
                "MBNUM": 0.0,
                "LWPD": 24.57,
                "SWPD": 24.51,
                "CWPD": 64.22,
                "LWAD": 3079.2,
                "SWAD": 3071.3,
                "MBWAD": 0.0,
                "PWAD": 1896.6,
                "CWAD": 8047.1,
                "LAID_LAB": 5.397
            },
            "_id": "68c445408ac547b65742170e",
            "paid": "68c445408ac547b65742170e"
        },
        {
            "type": "Feature",
            "geometry": {
                "type": "Polygon",
                "coordinates": [
                    [
                        [
                            -111.97155004,
                            33.06757057
                        ],
                        [
                            -111.97161523,
                            33.06757007
                        ],
                        [
                            -111.97161508,
                            33.06760614
                        ],
                        [
                            -111.97155011,
                            33.06760665
                        ],
                        [
                            -111.97155004,
                            33.06757057
                        ]
                    ]
                ]
            },
            "properties": {
                "pa_label": "p203-S10",
                "PSDATE": "2003-07-28",
                "PHTD": 0.976,
                "STDD": 11.7,
                "MSNODE": 23.0,
                "PFNODE": 5.0,
                "VBNUM": 2.0,
                "VBNODE": 9.0,
                "SQRNUM": 15.0,
                "FLRNUM": 2.2,
                "GBNUM": 15.2,
                "MBNUM": 0.0,
                "LWPD": 30.29,
                "SWPD": 35.39,
                "CWPD": 85.38,
                "LWAD": 3279.7,
                "SWAD": 3831.6,
                "MBWAD": 0.0,
                "PWAD": 2132.6,
                "CWAD": 9243.9,
                "LAID_LAB": 5.589
            },
            "_id": "68c445408ac547b657421720",
            "paid": "68c445408ac547b657421720"
        },
        {
            "type": "Feature",
            "geometry": {
                "type": "Polygon",
                "coordinates": [
                    [
                        [
                            -111.9714203,
                            33.06756971
                        ],
                        [
                            -111.97148582,
                            33.0675692
                        ],
                        [
                            -111.97148572,
                            33.06760528
                        ],
                        [
                            -111.97142021,
                            33.06760579
                        ],
                        [
                            -111.9714203,
                            33.06756971
                        ]
                    ]
                ]
            },
            "properties": {
                "pa_label": "p204-S10",
                "PSDATE": "2003-07-28",
                "PHTD": 0.875,
                "STDD": 15.2,
                "MSNODE": 23.0,
                "PFNODE": 8.0,
                "VBNUM": 4.0,
                "VBNODE": 14.0,
                "SQRNUM": 16.5,
                "FLRNUM": 2.5,
                "GBNUM": 11.5,
                "MBNUM": 0.0,
                "LWPD": 26.22,
                "SWPD": 34.12,
                "CWPD": 80.03,
                "LWAD": 6339.5,
                "SWAD": 8249.5,
                "MBWAD": 0.0,
                "PWAD": 4761.2,
                "CWAD": 19350.2,
                "LAID_LAB": 9.893
            },
            "_id": "68c445408ac547b657421732",
            "paid": "68c445408ac547b657421732"
        },
        {
            "type": "Feature",
            "geometry": {
                "type": "Polygon",
                "coordinates": [
                    [
                        [
                            -111.97135527,
                            33.06756811
                        ],
                        [
                            -111.97135526,
                            33.06760418
                        ],
                        [
                            -111.97128981,
                            33.06760469
                        ],
                        [
                            -111.9712899,
                            33.06756862
                        ],
                        [
                            -111.97135527,
                            33.06756811
                        ]
                    ]
                ]
            },
            "properties": {
                "pa_label": "p205-S10",
                "PSDATE": "2003-07-28",
                "PHTD": 0.811,
                "STDD": 16.2,
                "MSNODE": 19.0,
                "PFNODE": 1.0,
                "VBNUM": 1.0,
                "VBNODE": 14.0,
                "SQRNUM": 18.5,
                "FLRNUM": 0.8,
                "GBNUM": 19.5,
                "MBNUM": 0.0,
                "LWPD": 40.64,
                "SWPD": 41.84,
                "CWPD": 115.86,
                "LWAD": 2000.0,
                "SWAD": 2059.3,
                "MBWAD": 0.0,
                "PWAD": 1642.2,
                "CWAD": 5701.5,
                "LAID_LAB": 3.065
            },
            "_id": "68c445408ac547b657421744",
            "paid": "68c445408ac547b657421744"
        },
        {
            "type": "Feature",
            "geometry": {
                "type": "Polygon",
                "coordinates": [
                    [
                        [
                            -111.97115981,
                            33.06756766
                        ],
                        [
                            -111.9712253,
                            33.06756715
                        ],
                        [
                            -111.97122523,
                            33.06760323
                        ],
                        [
                            -111.97115975,
                            33.06760374
                        ],
                        [
                            -111.97115981,
                            33.06756766
                        ]
                    ]
                ]
            },
            "properties": {
                "pa_label": "p206-S10",
                "PSDATE": "2003-07-28",
                "PHTD": 0.776,
                "STDD": 10.9,
                "MSNODE": 19.0,
                "PFNODE": 5.0,
                "VBNUM": 0.0,
                "VBNODE": 0.0,
                "SQRNUM": 18.0,
                "FLRNUM": 1.8,
                "GBNUM": 15.0,
                "MBNUM": 0.0,
                "LWPD": 44.93,
                "SWPD": 50.6,
                "CWPD": 141.95,
                "LWAD": 2312.6,
                "SWAD": 2604.4,
                "MBWAD": 0.0,
                "PWAD": 2388.8,
                "CWAD": 7305.8,
                "LAID_LAB": 3.508
            },
            "_id": "68c445408ac547b657421756",
            "paid": "68c445408ac547b657421756"
        },
        {
            "type": "Feature",
            "geometry": {
                "type": "Polygon",
                "coordinates": [
                    [
                        [
                            -111.97109537,
                            33.06756618
                        ],
                        [
                            -111.97109539,
                            33.06760225
                        ],
                        [
                            -111.9710302,
                            33.06760276
                        ],
                        [
                            -111.97103019,
                            33.06756668
                        ],
                        [
                            -111.97109537,
                            33.06756618
                        ]
                    ]
                ]
            },
            "properties": {
                "pa_label": "p207-S10",
                "PSDATE": "2003-07-28",
                "PHTD": 0.776,
                "STDD": 10.9,
                "MSNODE": 19.0,
                "PFNODE": 7.0,
                "VBNUM": 3.0,
                "VBNODE": 3.0,
                "SQRNUM": 6.8,
                "FLRNUM": 1.0,
                "GBNUM": 10.5,
                "MBNUM": 0.0,
                "LWPD": 14.95,
                "SWPD": 18.97,
                "CWPD": 48.56,
                "LWAD": 1765.5,
                "SWAD": 2240.6,
                "MBWAD": 0.0,
                "PWAD": 1729.4,
                "CWAD": 5735.4,
                "LAID_LAB": 2.859
            },
            "_id": "68c445408ac547b657421768",
            "paid": "68c445408ac547b657421768"
        },
        {
            "type": "Feature",
            "geometry": {
                "type": "Polygon",
                "coordinates": [
                    [
                        [
                            -111.97096531,
                            33.0675651
                        ],
                        [
                            -111.97096521,
                            33.06760118
                        ],
                        [
                            -111.97090006,
                            33.06760169
                        ],
                        [
                            -111.97090018,
                            33.06756561
                        ],
                        [
                            -111.97096531,
                            33.0675651
                        ]
                    ]
                ]
            },
            "properties": {
                "pa_label": "p208-S10",
                "PSDATE": "2003-07-28",
                "PHTD": 0.904,
                "STDD": 17.6,
                "MSNODE": 20.0,
                "PFNODE": 5.0,
                "VBNUM": 5.0,
                "VBNODE": 56.0,
                "SQRNUM": 23.2,
                "FLRNUM": 3.0,
                "GBNUM": 36.2,
                "MBNUM": 0.0,
                "LWPD": 44.37,
                "SWPD": 57.99,
                "CWPD": 149.33,
                "LWAD": 2192.7,
                "SWAD": 2865.9,
                "MBWAD": 0.0,
                "PWAD": 2320.9,
                "CWAD": 7379.4,
                "LAID_LAB": 6.647
            },
            "_id": "68c445408ac547b65742177a",
            "paid": "68c445408ac547b65742177a"
        },
        {
            "type": "Feature",
            "geometry": {
                "type": "Polygon",
                "coordinates": [
                    [
                        [
                            -111.97187688,
                            33.06730302
                        ],
                        [
                            -111.97187683,
                            33.0673391
                        ],
                        [
                            -111.97181172,
                            33.0673396
                        ],
                        [
                            -111.97181177,
                            33.06730353
                        ],
                        [
                            -111.97187688,
                            33.06730302
                        ]
                    ]
                ]
            },
            "properties": {
                "pa_label": "p301-S10",
                "PSDATE": "2003-07-28",
                "PHTD": 0.79,
                "STDD": 12.1,
                "MSNODE": 17.0,
                "PFNODE": 3.0,
                "VBNUM": 1.0,
                "VBNODE": 17.0,
                "SQRNUM": 5.5,
                "FLRNUM": 1.0,
                "GBNUM": 17.2,
                "MBNUM": 0.0,
                "LWPD": 21.61,
                "SWPD": 27.36,
                "CWPD": 76.44,
                "LWAD": 2372.6,
                "SWAD": 3005.1,
                "MBWAD": 0.0,
                "PWAD": 3016.7,
                "CWAD": 8394.4,
                "LAID_LAB": 4.383
            },
            "_id": "68c445408ac547b65742178c",
            "paid": "68c445408ac547b65742178c"
        },
        {
            "type": "Feature",
            "geometry": {
                "type": "Polygon",
                "coordinates": [
                    [
                        [
                            -111.9717462,
                            33.06730236
                        ],
                        [
                            -111.97174612,
                            33.06733844
                        ],
                        [
                            -111.9716806,
                            33.06733895
                        ],
                        [
                            -111.97168072,
                            33.06730287
                        ],
                        [
                            -111.9717462,
                            33.06730236
                        ]
                    ]
                ]
            },
            "properties": {
                "pa_label": "p302-S10",
                "PSDATE": "2003-07-28",
                "PHTD": 0.722,
                "STDD": 10.2,
                "MSNODE": 21.0,
                "PFNODE": 7.0,
                "VBNUM": 1.0,
                "VBNODE": 10.0,
                "SQRNUM": 5.8,
                "FLRNUM": 1.0,
                "GBNUM": 11.0,
                "MBNUM": 0.0,
                "LWPD": 15.92,
                "SWPD": 19.41,
                "CWPD": 53.16,
                "LWAD": 1830.4,
                "SWAD": 2231.8,
                "MBWAD": 0.0,
                "PWAD": 2052.1,
                "CWAD": 6114.3,
                "LAID_LAB": 3.704
            },
            "_id": "68c445408ac547b65742179e",
            "paid": "68c445408ac547b65742179e"
        },
        {
            "type": "Feature",
            "geometry": {
                "type": "Polygon",
                "coordinates": [
                    [
                        [
                            -111.97161629,
                            33.06730059
                        ],
                        [
                            -111.97161636,
                            33.06733666
                        ],
                        [
                            -111.9715507,
                            33.06733718
                        ],
                        [
                            -111.97155072,
                            33.0673011
                        ],
                        [
                            -111.97161629,
                            33.06730059
                        ]
                    ]
                ]
            },
            "properties": {
                "pa_label": "p303-S10",
                "PSDATE": "2003-07-28",
                "PHTD": 0.887,
                "STDD": 12.1,
                "MSNODE": 24.0,
                "PFNODE": 6.0,
                "VBNUM": 2.0,
                "VBNODE": 17.0,
                "SQRNUM": 8.5,
                "FLRNUM": 1.2,
                "GBNUM": 21.0,
                "MBNUM": 0.0,
                "LWPD": 30.86,
                "SWPD": 30.93,
                "CWPD": 104.91,
                "LWAD": 1632.7,
                "SWAD": 1636.2,
                "MBWAD": 0.0,
                "PWAD": 2281.1,
                "CWAD": 5550.0,
                "LAID_LAB": 2.747
            },
            "_id": "68c445408ac547b6574217b0",
            "paid": "68c445408ac547b6574217b0"
        },
        {
            "type": "Feature",
            "geometry": {
                "type": "Polygon",
                "coordinates": [
                    [
                        [
                            -111.97142099,
                            33.06730122
                        ],
                        [
                            -111.97148642,
                            33.06730071
                        ],
                        [
                            -111.97148637,
                            33.06733679
                        ],
                        [
                            -111.97142098,
                            33.06733729
                        ],
                        [
                            -111.97142099,
                            33.06730122
                        ]
                    ]
                ]
            },
            "properties": {
                "pa_label": "p304-S10",
                "PSDATE": "2003-07-28",
                "PHTD": 0.908,
                "STDD": 15.1,
                "MSNODE": 26.0,
                "PFNODE": 6.0,
                "VBNUM": 1.0,
                "VBNODE": 12.0,
                "SQRNUM": 17.5,
                "FLRNUM": 1.8,
                "GBNUM": 33.8,
                "MBNUM": 0.0,
                "LWPD": 45.71,
                "SWPD": 54.14,
                "CWPD": 157.94,
                "LWAD": 2324.7,
                "SWAD": 2753.3,
                "MBWAD": 0.0,
                "PWAD": 2953.8,
                "CWAD": 8031.9,
                "LAID_LAB": 4.07
            },
            "_id": "68c445408ac547b6574217c2",
            "paid": "68c445408ac547b6574217c2"
        },
        {
            "type": "Feature",
            "geometry": {
                "type": "Polygon",
                "coordinates": [
                    [
                        [
                            -111.97135578,
                            33.06729995
                        ],
                        [
                            -111.97135575,
                            33.06733603
                        ],
                        [
                            -111.97129027,
                            33.06733654
                        ],
                        [
                            -111.97129031,
                            33.06730046
                        ],
                        [
                            -111.97135578,
                            33.06729995
                        ]
                    ]
                ]
            },
            "properties": {
                "pa_label": "p305-S10",
                "PSDATE": "2003-07-28",
                "PHTD": 0.936,
                "STDD": 10.7,
                "MSNODE": 25.0,
                "PFNODE": 6.0,
                "VBNUM": 1.0,
                "VBNODE": 0.0,
                "SQRNUM": 10.0,
                "FLRNUM": 0.2,
                "GBNUM": 7.2,
                "MBNUM": 0.0,
                "LWPD": 14.09,
                "SWPD": 17.51,
                "CWPD": 43.16,
                "LWAD": 3504.9,
                "SWAD": 4357.1,
                "MBWAD": 0.0,
                "PWAD": 2876.1,
                "CWAD": 10738.1,
                "LAID_LAB": 6.654
            },
            "_id": "68c445408ac547b6574217d4",
            "paid": "68c445408ac547b6574217d4"
        },
        {
            "type": "Feature",
            "geometry": {
                "type": "Polygon",
                "coordinates": [
                    [
                        [
                            -111.97116049,
                            33.0672995
                        ],
                        [
                            -111.97122594,
                            33.06729899
                        ],
                        [
                            -111.9712259,
                            33.06733507
                        ],
                        [
                            -111.97116045,
                            33.06733558
                        ],
                        [
                            -111.97116049,
                            33.0672995
                        ]
                    ]
                ]
            },
            "properties": {
                "pa_label": "p306-S10",
                "PSDATE": "2003-07-28",
                "PHTD": 0.923,
                "STDD": 15.5,
                "MSNODE": 22.0,
                "PFNODE": 6.0,
                "VBNUM": 1.0,
                "VBNODE": 12.0,
                "SQRNUM": 15.5,
                "FLRNUM": 0.8,
                "GBNUM": 15.8,
                "MBNUM": 0.0,
                "LWPD": 24.06,
                "SWPD": 32.61,
                "CWPD": 79.02,
                "LWAD": 2962.3,
                "SWAD": 4015.0,
                "MBWAD": 0.0,
                "PWAD": 2751.8,
                "CWAD": 9729.2,
                "LAID_LAB": 4.583
            },
            "_id": "68c445408ac547b6574217e6",
            "paid": "68c445408ac547b6574217e6"
        },
        {
            "type": "Feature",
            "geometry": {
                "type": "Polygon",
                "coordinates": [
                    [
                        [
                            -111.97109568,
                            33.06729819
                        ],
                        [
                            -111.97109568,
                            33.06733426
                        ],
                        [
                            -111.97103033,
                            33.06733477
                        ],
                        [
                            -111.97103036,
                            33.0672987
                        ],
                        [
                            -111.97109568,
                            33.06729819
                        ]
                    ]
                ]
            },
            "properties": {
                "pa_label": "p307-S10",
                "PSDATE": "2003-07-28",
                "PHTD": 0.97,
                "STDD": 11.7,
                "MSNODE": 22.0,
                "PFNODE": 5.0,
                "VBNUM": 3.0,
                "VBNODE": 11.0,
                "SQRNUM": 8.2,
                "FLRNUM": 0.5,
                "GBNUM": 4.5,
                "MBNUM": 0.0,
                "LWPD": 11.9,
                "SWPD": 13.78,
                "CWPD": 30.14,
                "LWAD": 1381.1,
                "SWAD": 1598.4,
                "MBWAD": 0.0,
                "PWAD": 517.1,
                "CWAD": 3496.7,
                "LAID_LAB": 2.651
            },
            "_id": "68c445408ac547b6574217f8",
            "paid": "68c445408ac547b6574217f8"
        },
        {
            "type": "Feature",
            "geometry": {
                "type": "Polygon",
                "coordinates": [
                    [
                        [
                            -111.97090064,
                            33.06729787
                        ],
                        [
                            -111.97096582,
                            33.06729737
                        ],
                        [
                            -111.97096575,
                            33.06733344
                        ],
                        [
                            -111.97090057,
                            33.06733395
                        ],
                        [
                            -111.97090064,
                            33.06729787
                        ]
                    ]
                ]
            },
            "properties": {
                "pa_label": "p308-S10",
                "PSDATE": "2003-07-28",
                "PHTD": 0.954,
                "STDD": 12.3,
                "MSNODE": 24.0,
                "PFNODE": 5.0,
                "VBNUM": 0.0,
                "VBNODE": 0.0,
                "SQRNUM": 7.2,
                "FLRNUM": 0.8,
                "GBNUM": 5.2,
                "MBNUM": 0.0,
                "LWPD": 13.44,
                "SWPD": 14.93,
                "CWPD": 36.19,
                "LWAD": 3056.6,
                "SWAD": 3395.6,
                "MBWAD": 0.0,
                "PWAD": 1778.8,
                "CWAD": 8231.1,
                "LAID_LAB": 4.958
            },
            "_id": "68c445408ac547b65742180a",
            "paid": "68c445408ac547b65742180a"
        },
        {
            "type": "Feature",
            "geometry": {
                "type": "Polygon",
                "coordinates": [
                    [
                        [
                            -111.97187724,
                            33.06710108
                        ],
                        [
                            -111.97187714,
                            33.06713716
                        ],
                        [
                            -111.97181187,
                            33.06713767
                        ],
                        [
                            -111.971812,
                            33.06710159
                        ],
                        [
                            -111.97187724,
                            33.06710108
                        ]
                    ]
                ]
            },
            "properties": {
                "pa_label": "p401-S10",
                "PSDATE": "2003-07-28",
                "PHTD": 0.645,
                "STDD": 13.0,
                "MSNODE": 19.0,
                "PFNODE": 3.0,
                "VBNUM": 2.0,
                "VBNODE": 5.0,
                "SQRNUM": 8.0,
                "FLRNUM": 3.2,
                "GBNUM": 10.2,
                "MBNUM": 0.0,
                "LWPD": 25.69,
                "SWPD": 21.91,
                "CWPD": 70.26,
                "LWAD": 1232.5,
                "SWAD": 1051.4,
                "MBWAD": 0.0,
                "PWAD": 1087.2,
                "CWAD": 3371.1,
                "LAID_LAB": 1.734
            },
            "_id": "68c445408ac547b65742181c",
            "paid": "68c445408ac547b65742181c"
        },
        {
            "type": "Feature",
            "geometry": {
                "type": "Polygon",
                "coordinates": [
                    [
                        [
                            -111.97168138,
                            33.06710081
                        ],
                        [
                            -111.97174663,
                            33.06710031
                        ],
                        [
                            -111.97174658,
                            33.06713638
                        ],
                        [
                            -111.97168137,
                            33.06713689
                        ],
                        [
                            -111.97168138,
                            33.06710081
                        ]
                    ]
                ]
            },
            "properties": {
                "pa_label": "p402-S10",
                "PSDATE": "2003-07-28",
                "PHTD": 0.715,
                "STDD": 9.9,
                "MSNODE": 20.0,
                "PFNODE": 7.0,
                "VBNUM": 2.0,
                "VBNODE": 2.0,
                "SQRNUM": 3.8,
                "FLRNUM": 0.5,
                "GBNUM": 9.8,
                "MBNUM": 0.0,
                "LWPD": 18.43,
                "SWPD": 19.46,
                "CWPD": 55.12,
                "LWAD": 2081.3,
                "SWAD": 2197.3,
                "MBWAD": 0.0,
                "PWAD": 1945.8,
                "CWAD": 6224.5,
                "LAID_LAB": 3.399
            },
            "_id": "68c445408ac547b65742182e",
            "paid": "68c445408ac547b65742182e"
        },
        {
            "type": "Feature",
            "geometry": {
                "type": "Polygon",
                "coordinates": [
                    [
                        [
                            -111.97161609,
                            33.0670997
                        ],
                        [
                            -111.97161607,
                            33.06713577
                        ],
                        [
                            -111.97155092,
                            33.06713628
                        ],
                        [
                            -111.97155096,
                            33.0671002
                        ],
                        [
                            -111.97161609,
                            33.0670997
                        ]
                    ]
                ]
            },
            "properties": {
                "pa_label": "p403-S10",
                "PSDATE": "2003-07-28",
                "PHTD": 0.72,
                "STDD": 9.9,
                "MSNODE": 19.0,
                "PFNODE": 9.0,
                "VBNUM": 3.0,
                "VBNODE": 3.0,
                "SQRNUM": 5.2,
                "FLRNUM": 0.8,
                "GBNUM": 9.0,
                "MBNUM": 0.0,
                "LWPD": 13.71,
                "SWPD": 15.96,
                "CWPD": 44.32,
                "LWAD": 3015.1,
                "SWAD": 3511.2,
                "MBWAD": 0.0,
                "PWAD": 3224.6,
                "CWAD": 9750.9,
                "LAID_LAB": 4.4
            },
            "_id": "68c445408ac547b657421840",
            "paid": "68c445408ac547b657421840"
        },
        {
            "type": "Feature",
            "geometry": {
                "type": "Polygon",
                "coordinates": [
                    [
                        [
                            -111.97142134,
                            33.06709924
                        ],
                        [
                            -111.97148675,
                            33.06709873
                        ],
                        [
                            -111.97148667,
                            33.06713481
                        ],
                        [
                            -111.97142126,
                            33.06713532
                        ],
                        [
                            -111.97142134,
                            33.06709924
                        ]
                    ]
                ]
            },
            "properties": {
                "pa_label": "p404-S10",
                "PSDATE": "2003-07-28",
                "PHTD": 0.782,
                "STDD": 10.0,
                "MSNODE": 21.0,
                "PFNODE": 7.0,
                "VBNUM": 0.0,
                "VBNODE": 0.0,
                "SQRNUM": 14.0,
                "FLRNUM": 1.0,
                "GBNUM": 14.5,
                "MBNUM": 0.0,
                "LWPD": 26.23,
                "SWPD": 31.3,
                "CWPD": 74.7,
                "LWAD": 2825.0,
                "SWAD": 3371.1,
                "MBWAD": 0.0,
                "PWAD": 1850.6,
                "CWAD": 8046.8,
                "LAID_LAB": 5.655
            },
            "_id": "68c445408ac547b657421852",
            "paid": "68c445408ac547b657421852"
        },
        {
            "type": "Feature",
            "geometry": {
                "type": "Polygon",
                "coordinates": [
                    [
                        [
                            -111.97135613,
                            33.06709809
                        ],
                        [
                            -111.97135613,
                            33.06713417
                        ],
                        [
                            -111.97129074,
                            33.06713468
                        ],
                        [
                            -111.97129079,
                            33.0670986
                        ],
                        [
                            -111.97135613,
                            33.06709809
                        ]
                    ]
                ]
            },
            "properties": {
                "pa_label": "p405-S10",
                "PSDATE": "2003-07-28",
                "PHTD": 0.643,
                "STDD": 10.2,
                "MSNODE": 19.0,
                "PFNODE": 5.0,
                "VBNUM": 2.0,
                "VBNODE": 12.0,
                "SQRNUM": 6.8,
                "FLRNUM": 0.0,
                "GBNUM": 6.8,
                "MBNUM": 0.0,
                "LWPD": 17.89,
                "SWPD": 23.25,
                "CWPD": 49.05,
                "LWAD": 4217.2,
                "SWAD": 5482.1,
                "MBWAD": 0.0,
                "PWAD": 1864.3,
                "CWAD": 11563.7,
                "LAID_LAB": 7.385
            },
            "_id": "68c445408ac547b657421864",
            "paid": "68c445408ac547b657421864"
        },
        {
            "type": "Feature",
            "geometry": {
                "type": "Polygon",
                "coordinates": [
                    [
                        [
                            -111.97116078,
                            33.06709769
                        ],
                        [
                            -111.97122634,
                            33.06709718
                        ],
                        [
                            -111.97122625,
                            33.06713325
                        ],
                        [
                            -111.9711607,
                            33.06713376
                        ],
                        [
                            -111.97116078,
                            33.06709769
                        ]
                    ]
                ]
            },
            "properties": {
                "pa_label": "p406-S10",
                "PSDATE": "2003-07-28",
                "PHTD": 0.825,
                "STDD": 11.9,
                "MSNODE": 21.0,
                "PFNODE": 6.0,
                "VBNUM": 1.0,
                "VBNODE": 9.0,
                "SQRNUM": 13.0,
                "FLRNUM": 0.8,
                "GBNUM": 12.2,
                "MBNUM": 0.0,
                "LWPD": 15.92,
                "SWPD": 17.45,
                "CWPD": 45.17,
                "LWAD": 1825.5,
                "SWAD": 2000.3,
                "MBWAD": 0.0,
                "PWAD": 1352.3,
                "CWAD": 5178.0,
                "LAID_LAB": 4.417
            },
            "_id": "68c445408ac547b657421876",
            "paid": "68c445408ac547b657421876"
        },
        {
            "type": "Feature",
            "geometry": {
                "type": "Polygon",
                "coordinates": [
                    [
                        [
                            -111.97109572,
                            33.06709658
                        ],
                        [
                            -111.97109572,
                            33.06713266
                        ],
                        [
                            -111.97103059,
                            33.06713316
                        ],
                        [
                            -111.97103061,
                            33.06709709
                        ],
                        [
                            -111.97109572,
                            33.06709658
                        ]
                    ]
                ]
            },
            "properties": {
                "pa_label": "p407-S10",
                "PSDATE": "2003-07-28",
                "PHTD": 0.726,
                "STDD": 13.1,
                "MSNODE": 23.0,
                "PFNODE": 4.0,
                "VBNUM": 4.0,
                "VBNODE": 26.0,
                "SQRNUM": 20.5,
                "FLRNUM": 0.8,
                "GBNUM": 21.0,
                "MBNUM": 0.0,
                "LWPD": 35.01,
                "SWPD": 33.24,
                "CWPD": 100.59,
                "LWAD": 1744.5,
                "SWAD": 1656.4,
                "MBWAD": 0.0,
                "PWAD": 1611.1,
                "CWAD": 5011.9,
                "LAID_LAB": 2.621
            },
            "_id": "68c445408ac547b657421888",
            "paid": "68c445408ac547b657421888"
        },
        {
            "type": "Feature",
            "geometry": {
                "type": "Polygon",
                "coordinates": [
                    [
                        [
                            -111.97090096,
                            33.06709603
                        ],
                        [
                            -111.97096601,
                            33.06709552
                        ],
                        [
                            -111.97096594,
                            33.0671316
                        ],
                        [
                            -111.9709009,
                            33.0671321
                        ],
                        [
                            -111.97090096,
                            33.06709603
                        ]
                    ]
                ]
            },
            "properties": {
                "pa_label": "p408-S10",
                "PSDATE": "2003-07-28",
                "PHTD": 0.766,
                "STDD": 11.4,
                "MSNODE": 20.0,
                "PFNODE": 4.0,
                "VBNUM": 1.0,
                "VBNODE": 14.0,
                "SQRNUM": 5.2,
                "FLRNUM": 0.5,
                "GBNUM": 13.8,
                "MBNUM": 0.0,
                "LWPD": 18.99,
                "SWPD": 22.66,
                "CWPD": 65.45,
                "LWAD": 2241.2,
                "SWAD": 2674.6,
                "MBWAD": 0.0,
                "PWAD": 2808.6,
                "CWAD": 7724.4,
                "LAID_LAB": 3.379
            },
            "_id": "68c445408ac547b65742189a",
            "paid": "68c445408ac547b65742189a"
        },
        {
            "type": "Feature",
            "geometry": {
                "type": "Polygon",
                "coordinates": [
                    [
                        [
                            -111.97187593,
                            33.06777126
                        ],
                        [
                            -111.97187587,
                            33.06780734
                        ],
                        [
                            -111.97181049,
                            33.06780785
                        ],
                        [
                            -111.97181058,
                            33.06777177
                        ],
                        [
                            -111.97187593,
                            33.06777126
                        ]
                    ]
                ]
            },
            "properties": {
                "pa_label": "p101-S11",
                "PSDATE": "2003-08-04",
                "PHTD": 0.769,
                "STDD": 13.5,
                "MSNODE": 23.0,
                "PFNODE": 5.0,
                "VBNUM": 2.0,
                "VBNODE": 9.0,
                "SQRNUM": 2.0,
                "FLRNUM": 0.0,
                "GBNUM": 17.0,
                "MBNUM": 0.0,
                "LWPD": 32.09,
                "SWPD": 30.92,
                "CWPD": 109.55,
                "LWAD": 1664.8,
                "SWAD": 1603.9,
                "MBWAD": 0.0,
                "PWAD": 2414.8,
                "CWAD": 5683.4,
                "LAID_LAB": 2.323
            },
            "_id": "68c445408ac547b65742166d",
            "paid": "68c445408ac547b65742166d"
        },
        {
            "type": "Feature",
            "geometry": {
                "type": "Polygon",
                "coordinates": [
                    [
                        [
                            -111.97168048,
                            33.06777095
                        ],
                        [
                            -111.97174565,
                            33.06777045
                        ],
                        [
                            -111.9717456,
                            33.06780652
                        ],
                        [
                            -111.97168043,
                            33.06780703
                        ],
                        [
                            -111.97168048,
                            33.06777095
                        ]
                    ]
                ]
            },
            "properties": {
                "pa_label": "p102-S11",
                "PSDATE": "2003-08-04",
                "PHTD": 0.741,
                "STDD": 10.5,
                "MSNODE": 22.0,
                "PFNODE": 5.0,
                "VBNUM": 2.0,
                "VBNODE": 0.0,
                "SQRNUM": 8.3,
                "FLRNUM": 0.7,
                "GBNUM": 15.7,
                "MBNUM": 0.3,
                "LWPD": 25.18,
                "SWPD": 28.63,
                "CWPD": 93.15,
                "LWAD": 2382.3,
                "SWAD": 2708.6,
                "MBWAD": 178.2,
                "PWAD": 3720.5,
                "CWAD": 8811.4,
                "LAID_LAB": 3.912
            },
            "_id": "68c445408ac547b65742167f",
            "paid": "68c445408ac547b65742167f"
        },
        {
            "type": "Feature",
            "geometry": {
                "type": "Polygon",
                "coordinates": [
                    [
                        [
                            -111.97161533,
                            33.06776968
                        ],
                        [
                            -111.97161529,
                            33.06780576
                        ],
                        [
                            -111.97155009,
                            33.06780627
                        ],
                        [
                            -111.97155013,
                            33.06777019
                        ],
                        [
                            -111.97161533,
                            33.06776968
                        ]
                    ]
                ]
            },
            "properties": {
                "pa_label": "p103-S11",
                "PSDATE": "2003-08-04",
                "PHTD": 0.771,
                "STDD": 10.6,
                "MSNODE": 21.0,
                "PFNODE": 8.0,
                "VBNUM": 3.0,
                "VBNODE": 12.0,
                "SQRNUM": 8.0,
                "FLRNUM": 0.0,
                "GBNUM": 7.3,
                "MBNUM": 0.0,
                "LWPD": 13.22,
                "SWPD": 16.06,
                "CWPD": 37.22,
                "LWAD": 2982.6,
                "SWAD": 3623.2,
                "MBWAD": 0.0,
                "PWAD": 1789.4,
                "CWAD": 8395.3,
                "LAID_LAB": 5.577
            },
            "_id": "68c445408ac547b657421691",
            "paid": "68c445408ac547b657421691"
        },
        {
            "type": "Feature",
            "geometry": {
                "type": "Polygon",
                "coordinates": [
                    [
                        [
                            -111.97148529,
                            33.06776917
                        ],
                        [
                            -111.97148519,
                            33.06780525
                        ],
                        [
                            -111.9714195,
                            33.06780576
                        ],
                        [
                            -111.97141966,
                            33.06776969
                        ],
                        [
                            -111.97148529,
                            33.06776917
                        ]
                    ]
                ]
            },
            "properties": {
                "pa_label": "p104-S11",
                "PSDATE": "2003-08-04",
                "PHTD": 1.002,
                "STDD": 14.6,
                "MSNODE": 28.0,
                "PFNODE": 7.0,
                "VBNUM": 2.0,
                "VBNODE": 6.0,
                "SQRNUM": 8.7,
                "FLRNUM": 2.0,
                "GBNUM": 15.0,
                "MBNUM": 0.0,
                "LWPD": 27.9,
                "SWPD": 36.54,
                "CWPD": 93.52,
                "LWAD": 3381.3,
                "SWAD": 4429.0,
                "MBWAD": 0.0,
                "PWAD": 3525.2,
                "CWAD": 11335.4,
                "LAID_LAB": 5.081
            },
            "_id": "68c445408ac547b6574216a3",
            "paid": "68c445408ac547b6574216a3"
        },
        {
            "type": "Feature",
            "geometry": {
                "type": "Polygon",
                "coordinates": [
                    [
                        [
                            -111.97128944,
                            33.0677683
                        ],
                        [
                            -111.97135489,
                            33.06776779
                        ],
                        [
                            -111.97135482,
                            33.06780387
                        ],
                        [
                            -111.97128937,
                            33.06780438
                        ],
                        [
                            -111.97128944,
                            33.0677683
                        ]
                    ]
                ]
            },
            "properties": {
                "pa_label": "p105-S11",
                "PSDATE": "2003-08-04",
                "PHTD": 0.764,
                "STDD": 10.8,
                "MSNODE": 20.0,
                "PFNODE": 7.0,
                "VBNUM": 3.0,
                "VBNODE": 18.0,
                "SQRNUM": 7.3,
                "FLRNUM": 0.0,
                "GBNUM": 7.0,
                "MBNUM": 0.0,
                "LWPD": 14.14,
                "SWPD": 20.01,
                "CWPD": 47.72,
                "LWAD": 3322.1,
                "SWAD": 4701.2,
                "MBWAD": 0.0,
                "PWAD": 3188.2,
                "CWAD": 11211.6,
                "LAID_LAB": 4.44
            },
            "_id": "68c445408ac547b6574216b5",
            "paid": "68c445408ac547b6574216b5"
        },
        {
            "type": "Feature",
            "geometry": {
                "type": "Polygon",
                "coordinates": [
                    [
                        [
                            -111.97122492,
                            33.06776681
                        ],
                        [
                            -111.97122485,
                            33.06780289
                        ],
                        [
                            -111.97115941,
                            33.0678034
                        ],
                        [
                            -111.97115949,
                            33.06776732
                        ],
                        [
                            -111.97122492,
                            33.06776681
                        ]
                    ]
                ]
            },
            "properties": {
                "pa_label": "p106-S11",
                "PSDATE": "2003-08-04",
                "PHTD": 1.038,
                "STDD": 13.8,
                "MSNODE": 28.0,
                "PFNODE": 6.0,
                "VBNUM": 0.0,
                "VBNODE": 0.0,
                "SQRNUM": 3.0,
                "FLRNUM": 1.0,
                "GBNUM": 16.7,
                "MBNUM": 0.0,
                "LWPD": 31.91,
                "SWPD": 38.48,
                "CWPD": 110.39,
                "LWAD": 3899.8,
                "SWAD": 4702.7,
                "MBWAD": 0.0,
                "PWAD": 4888.9,
                "CWAD": 13491.3,
                "LAID_LAB": 6.371
            },
            "_id": "68c445408ac547b6574216c7",
            "paid": "68c445408ac547b6574216c7"
        },
        {
            "type": "Feature",
            "geometry": {
                "type": "Polygon",
                "coordinates": [
                    [
                        [
                            -111.97109558,
                            33.06776662
                        ],
                        [
                            -111.97109559,
                            33.0678027
                        ],
                        [
                            -111.97102967,
                            33.06780321
                        ],
                        [
                            -111.9710298,
                            33.06776713
                        ],
                        [
                            -111.97109558,
                            33.06776662
                        ]
                    ]
                ]
            },
            "properties": {
                "pa_label": "p107-S11",
                "PSDATE": "2003-08-04",
                "PHTD": 0.909,
                "STDD": 13.8,
                "MSNODE": 24.0,
                "PFNODE": 7.0,
                "VBNUM": 3.0,
                "VBNODE": 34.0,
                "SQRNUM": 6.3,
                "FLRNUM": 1.0,
                "GBNUM": 12.7,
                "MBNUM": 0.0,
                "LWPD": 24.64,
                "SWPD": 34.84,
                "CWPD": 87.44,
                "LWAD": 2827.2,
                "SWAD": 3997.1,
                "MBWAD": 0.0,
                "PWAD": 3208.8,
                "CWAD": 10033.1,
                "LAID_LAB": 4.799
            },
            "_id": "68c445408ac547b6574216d9",
            "paid": "68c445408ac547b6574216d9"
        },
        {
            "type": "Feature",
            "geometry": {
                "type": "Polygon",
                "coordinates": [
                    [
                        [
                            -111.97096537,
                            33.06776524
                        ],
                        [
                            -111.97096535,
                            33.06780131
                        ],
                        [
                            -111.97090004,
                            33.06780182
                        ],
                        [
                            -111.97090025,
                            33.06776575
                        ],
                        [
                            -111.97096537,
                            33.06776524
                        ]
                    ]
                ]
            },
            "properties": {
                "pa_label": "p108-S11",
                "PSDATE": "2003-08-04",
                "PHTD": 1.025,
                "STDD": 13.1,
                "MSNODE": 27.0,
                "PFNODE": 8.0,
                "VBNUM": 2.0,
                "VBNODE": 14.0,
                "SQRNUM": 2.0,
                "FLRNUM": 0.7,
                "GBNUM": 19.7,
                "MBNUM": 0.0,
                "LWPD": 30.7,
                "SWPD": 36.11,
                "CWPD": 114.32,
                "LWAD": 3668.0,
                "SWAD": 4314.3,
                "MBWAD": 0.0,
                "PWAD": 5676.4,
                "CWAD": 13658.6,
                "LAID_LAB": 7.077
            },
            "_id": "68c445408ac547b6574216eb",
            "paid": "68c445408ac547b6574216eb"
        },
        {
            "type": "Feature",
            "geometry": {
                "type": "Polygon",
                "coordinates": [
                    [
                        [
                            -111.97187636,
                            33.06757231
                        ],
                        [
                            -111.97187629,
                            33.06760839
                        ],
                        [
                            -111.97181097,
                            33.06760889
                        ],
                        [
                            -111.97181104,
                            33.06757282
                        ],
                        [
                            -111.97187636,
                            33.06757231
                        ]
                    ]
                ]
            },
            "properties": {
                "pa_label": "p201-S11",
                "PSDATE": "2003-08-04",
                "PHTD": 0.853,
                "STDD": 8.6,
                "MSNODE": 18.0,
                "PFNODE": 5.0,
                "VBNUM": 1.0,
                "VBNODE": 6.0,
                "SQRNUM": 0.3,
                "FLRNUM": 0.0,
                "GBNUM": 5.7,
                "MBNUM": 0.0,
                "LWPD": 9.12,
                "SWPD": 11.3,
                "CWPD": 37.59,
                "LWAD": 2007.3,
                "SWAD": 2488.0,
                "MBWAD": 0.0,
                "PWAD": 3780.5,
                "CWAD": 8275.9,
                "LAID_LAB": 3.381
            },
            "_id": "68c445408ac547b6574216fd",
            "paid": "68c445408ac547b6574216fd"
        },
        {
            "type": "Feature",
            "geometry": {
                "type": "Polygon",
                "coordinates": [
                    [
                        [
                            -111.97174604,
                            33.06757132
                        ],
                        [
                            -111.97174589,
                            33.0676074
                        ],
                        [
                            -111.97168063,
                            33.06760791
                        ],
                        [
                            -111.97168092,
                            33.06757183
                        ],
                        [
                            -111.97174604,
                            33.06757132
                        ]
                    ]
                ]
            },
            "properties": {
                "pa_label": "p202-S11",
                "PSDATE": "2003-08-04",
                "PHTD": 0.827,
                "STDD": 11.1,
                "MSNODE": 21.0,
                "PFNODE": 7.0,
                "VBNUM": 2.0,
                "VBNODE": 17.0,
                "SQRNUM": 9.0,
                "FLRNUM": 0.7,
                "GBNUM": 13.0,
                "MBNUM": 0.0,
                "LWPD": 23.61,
                "SWPD": 24.98,
                "CWPD": 79.6,
                "LWAD": 2958.1,
                "SWAD": 3130.7,
                "MBWAD": 0.0,
                "PWAD": 3886.3,
                "CWAD": 9975.1,
                "LAID_LAB": 6.016
            },
            "_id": "68c445408ac547b65742170f",
            "paid": "68c445408ac547b65742170f"
        },
        {
            "type": "Feature",
            "geometry": {
                "type": "Polygon",
                "coordinates": [
                    [
                        [
                            -111.97155004,
                            33.06757057
                        ],
                        [
                            -111.97161523,
                            33.06757007
                        ],
                        [
                            -111.97161508,
                            33.06760614
                        ],
                        [
                            -111.97155011,
                            33.06760665
                        ],
                        [
                            -111.97155004,
                            33.06757057
                        ]
                    ]
                ]
            },
            "properties": {
                "pa_label": "p203-S11",
                "PSDATE": "2003-08-04",
                "PHTD": 0.845,
                "STDD": 13.0,
                "MSNODE": 24.0,
                "PFNODE": 7.0,
                "VBNUM": 2.0,
                "VBNODE": 21.0,
                "SQRNUM": 0.0,
                "FLRNUM": 0.0,
                "GBNUM": 18.0,
                "MBNUM": 0.0,
                "LWPD": 31.33,
                "SWPD": 37.02,
                "CWPD": 126.29,
                "LWAD": 3392.0,
                "SWAD": 4008.1,
                "MBWAD": 0.0,
                "PWAD": 6273.0,
                "CWAD": 13673.1,
                "LAID_LAB": 5.669
            },
            "_id": "68c445408ac547b657421721",
            "paid": "68c445408ac547b657421721"
        },
        {
            "type": "Feature",
            "geometry": {
                "type": "Polygon",
                "coordinates": [
                    [
                        [
                            -111.9714203,
                            33.06756971
                        ],
                        [
                            -111.97148582,
                            33.0675692
                        ],
                        [
                            -111.97148572,
                            33.06760528
                        ],
                        [
                            -111.97142021,
                            33.06760579
                        ],
                        [
                            -111.9714203,
                            33.06756971
                        ]
                    ]
                ]
            },
            "properties": {
                "pa_label": "p204-S11",
                "PSDATE": "2003-08-04",
                "PHTD": 1.072,
                "STDD": 9.5,
                "MSNODE": 24.0,
                "PFNODE": 9.0,
                "VBNUM": 1.0,
                "VBNODE": 5.0,
                "SQRNUM": 6.3,
                "FLRNUM": 1.0,
                "GBNUM": 4.7,
                "MBNUM": 0.0,
                "LWPD": 11.62,
                "SWPD": 15.63,
                "CWPD": 36.8,
                "LWAD": 2809.5,
                "SWAD": 3778.2,
                "MBWAD": 0.0,
                "PWAD": 2309.0,
                "CWAD": 8896.7,
                "LAID_LAB": 5.166
            },
            "_id": "68c445408ac547b657421733",
            "paid": "68c445408ac547b657421733"
        },
        {
            "type": "Feature",
            "geometry": {
                "type": "Polygon",
                "coordinates": [
                    [
                        [
                            -111.97135527,
                            33.06756811
                        ],
                        [
                            -111.97135526,
                            33.06760418
                        ],
                        [
                            -111.97128981,
                            33.06760469
                        ],
                        [
                            -111.9712899,
                            33.06756862
                        ],
                        [
                            -111.97135527,
                            33.06756811
                        ]
                    ]
                ]
            },
            "properties": {
                "pa_label": "p205-S11",
                "PSDATE": "2003-08-04",
                "PHTD": 0.88,
                "STDD": 13.0,
                "MSNODE": 21.0,
                "PFNODE": 8.0,
                "VBNUM": 5.0,
                "VBNODE": 26.0,
                "SQRNUM": 12.7,
                "FLRNUM": 2.3,
                "GBNUM": 19.0,
                "MBNUM": 0.0,
                "LWPD": 38.94,
                "SWPD": 42.18,
                "CWPD": 128.6,
                "LWAD": 1916.2,
                "SWAD": 2076.0,
                "MBWAD": 0.0,
                "PWAD": 2336.6,
                "CWAD": 6328.7,
                "LAID_LAB": 3.159
            },
            "_id": "68c445408ac547b657421745",
            "paid": "68c445408ac547b657421745"
        },
        {
            "type": "Feature",
            "geometry": {
                "type": "Polygon",
                "coordinates": [
                    [
                        [
                            -111.97115981,
                            33.06756766
                        ],
                        [
                            -111.9712253,
                            33.06756715
                        ],
                        [
                            -111.97122523,
                            33.06760323
                        ],
                        [
                            -111.97115975,
                            33.06760374
                        ],
                        [
                            -111.97115981,
                            33.06756766
                        ]
                    ]
                ]
            },
            "properties": {
                "pa_label": "p206-S11",
                "PSDATE": "2003-08-04",
                "PHTD": 0.845,
                "STDD": 14.6,
                "MSNODE": 20.0,
                "PFNODE": 3.0,
                "VBNUM": 2.0,
                "VBNODE": 16.0,
                "SQRNUM": 9.0,
                "FLRNUM": 0.7,
                "GBNUM": 13.3,
                "MBNUM": 0.0,
                "LWPD": 25.17,
                "SWPD": 28.83,
                "CWPD": 84.26,
                "LWAD": 1295.3,
                "SWAD": 1483.8,
                "MBWAD": 0.0,
                "PWAD": 1557.4,
                "CWAD": 4336.5,
                "LAID_LAB": 2.185
            },
            "_id": "68c445408ac547b657421757",
            "paid": "68c445408ac547b657421757"
        },
        {
            "type": "Feature",
            "geometry": {
                "type": "Polygon",
                "coordinates": [
                    [
                        [
                            -111.97109537,
                            33.06756618
                        ],
                        [
                            -111.97109539,
                            33.06760225
                        ],
                        [
                            -111.9710302,
                            33.06760276
                        ],
                        [
                            -111.97103019,
                            33.06756668
                        ],
                        [
                            -111.97109537,
                            33.06756618
                        ]
                    ]
                ]
            },
            "properties": {
                "pa_label": "p207-S11",
                "PSDATE": "2003-08-04",
                "PHTD": 0.75,
                "STDD": 11.5,
                "MSNODE": 16.0,
                "PFNODE": 6.0,
                "VBNUM": 2.0,
                "VBNODE": 13.0,
                "SQRNUM": 0.0,
                "FLRNUM": 0.0,
                "GBNUM": 11.3,
                "MBNUM": 0.3,
                "LWPD": 17.74,
                "SWPD": 19.34,
                "CWPD": 72.62,
                "LWAD": 2095.7,
                "SWAD": 2284.6,
                "MBWAD": 257.9,
                "PWAD": 4196.5,
                "CWAD": 8576.8,
                "LAID_LAB": 3.224
            },
            "_id": "68c445408ac547b657421769",
            "paid": "68c445408ac547b657421769"
        },
        {
            "type": "Feature",
            "geometry": {
                "type": "Polygon",
                "coordinates": [
                    [
                        [
                            -111.97096531,
                            33.0675651
                        ],
                        [
                            -111.97096521,
                            33.06760118
                        ],
                        [
                            -111.97090006,
                            33.06760169
                        ],
                        [
                            -111.97090018,
                            33.06756561
                        ],
                        [
                            -111.97096531,
                            33.0675651
                        ]
                    ]
                ]
            },
            "properties": {
                "pa_label": "p208-S11",
                "PSDATE": "2003-08-04",
                "PHTD": 0.93,
                "STDD": 13.1,
                "MSNODE": 20.0,
                "PFNODE": 7.0,
                "VBNUM": 3.0,
                "VBNODE": 8.0,
                "SQRNUM": 14.7,
                "FLRNUM": 1.0,
                "GBNUM": 17.3,
                "MBNUM": 0.0,
                "LWPD": 28.7,
                "SWPD": 35.77,
                "CWPD": 91.62,
                "LWAD": 1418.3,
                "SWAD": 1767.5,
                "MBWAD": 0.0,
                "PWAD": 1341.9,
                "CWAD": 4527.6,
                "LAID_LAB": 2.133
            },
            "_id": "68c445408ac547b65742177b",
            "paid": "68c445408ac547b65742177b"
        },
        {
            "type": "Feature",
            "geometry": {
                "type": "Polygon",
                "coordinates": [
                    [
                        [
                            -111.97187688,
                            33.06730302
                        ],
                        [
                            -111.97187683,
                            33.0673391
                        ],
                        [
                            -111.97181172,
                            33.0673396
                        ],
                        [
                            -111.97181177,
                            33.06730353
                        ],
                        [
                            -111.97187688,
                            33.06730302
                        ]
                    ]
                ]
            },
            "properties": {
                "pa_label": "p301-S11",
                "PSDATE": "2003-08-04",
                "PHTD": 0.843,
                "STDD": 11.8,
                "MSNODE": 23.0,
                "PFNODE": 6.0,
                "VBNUM": 2.0,
                "VBNODE": 8.0,
                "SQRNUM": 3.3,
                "FLRNUM": 0.0,
                "GBNUM": 13.0,
                "MBNUM": 0.0,
                "LWPD": 22.34,
                "SWPD": 25.57,
                "CWPD": 85.38,
                "LWAD": 2453.3,
                "SWAD": 2808.4,
                "MBWAD": 0.0,
                "PWAD": 4114.1,
                "CWAD": 9375.8,
                "LAID_LAB": 3.86
            },
            "_id": "68c445408ac547b65742178d",
            "paid": "68c445408ac547b65742178d"
        },
        {
            "type": "Feature",
            "geometry": {
                "type": "Polygon",
                "coordinates": [
                    [
                        [
                            -111.9717462,
                            33.06730236
                        ],
                        [
                            -111.97174612,
                            33.06733844
                        ],
                        [
                            -111.9716806,
                            33.06733895
                        ],
                        [
                            -111.97168072,
                            33.06730287
                        ],
                        [
                            -111.9717462,
                            33.06730236
                        ]
                    ]
                ]
            },
            "properties": {
                "pa_label": "p302-S11",
                "PSDATE": "2003-08-04",
                "PHTD": 0.871,
                "STDD": 10.1,
                "MSNODE": 21.0,
                "PFNODE": 6.0,
                "VBNUM": 3.0,
                "VBNODE": 16.0,
                "SQRNUM": 4.3,
                "FLRNUM": 1.3,
                "GBNUM": 10.7,
                "MBNUM": 0.0,
                "LWPD": 20.58,
                "SWPD": 24.31,
                "CWPD": 74.09,
                "LWAD": 2366.9,
                "SWAD": 2796.3,
                "MBWAD": 0.0,
                "PWAD": 3357.6,
                "CWAD": 8520.8,
                "LAID_LAB": 3.878
            },
            "_id": "68c445408ac547b65742179f",
            "paid": "68c445408ac547b65742179f"
        },
        {
            "type": "Feature",
            "geometry": {
                "type": "Polygon",
                "coordinates": [
                    [
                        [
                            -111.97161629,
                            33.06730059
                        ],
                        [
                            -111.97161636,
                            33.06733666
                        ],
                        [
                            -111.9715507,
                            33.06733718
                        ],
                        [
                            -111.97155072,
                            33.0673011
                        ],
                        [
                            -111.97161629,
                            33.06730059
                        ]
                    ]
                ]
            },
            "properties": {
                "pa_label": "p303-S11",
                "PSDATE": "2003-08-04",
                "PHTD": 0.922,
                "STDD": 13.0,
                "MSNODE": 24.0,
                "PFNODE": 5.0,
                "VBNUM": 0.0,
                "VBNODE": 0.0,
                "SQRNUM": 10.0,
                "FLRNUM": 1.3,
                "GBNUM": 20.3,
                "MBNUM": 0.0,
                "LWPD": 34.01,
                "SWPD": 38.55,
                "CWPD": 123.67,
                "LWAD": 1799.2,
                "SWAD": 2039.3,
                "MBWAD": 0.0,
                "PWAD": 2703.9,
                "CWAD": 6542.4,
                "LAID_LAB": 2.939
            },
            "_id": "68c445408ac547b6574217b1",
            "paid": "68c445408ac547b6574217b1"
        },
        {
            "type": "Feature",
            "geometry": {
                "type": "Polygon",
                "coordinates": [
                    [
                        [
                            -111.97142099,
                            33.06730122
                        ],
                        [
                            -111.97148642,
                            33.06730071
                        ],
                        [
                            -111.97148637,
                            33.06733679
                        ],
                        [
                            -111.97142098,
                            33.06733729
                        ],
                        [
                            -111.97142099,
                            33.06730122
                        ]
                    ]
                ]
            },
            "properties": {
                "pa_label": "p304-S11",
                "PSDATE": "2003-08-04",
                "PHTD": 1.092,
                "STDD": 18.2,
                "MSNODE": 27.0,
                "PFNODE": 8.0,
                "VBNUM": 2.0,
                "VBNODE": 18.0,
                "SQRNUM": 11.3,
                "FLRNUM": 1.7,
                "GBNUM": 31.3,
                "MBNUM": 0.0,
                "LWPD": 50.39,
                "SWPD": 68.58,
                "CWPD": 195.83,
                "LWAD": 2562.7,
                "SWAD": 3487.3,
                "MBWAD": 0.0,
                "PWAD": 3908.7,
                "CWAD": 9958.7,
                "LAID_LAB": 3.58
            },
            "_id": "68c445408ac547b6574217c3",
            "paid": "68c445408ac547b6574217c3"
        },
        {
            "type": "Feature",
            "geometry": {
                "type": "Polygon",
                "coordinates": [
                    [
                        [
                            -111.97135578,
                            33.06729995
                        ],
                        [
                            -111.97135575,
                            33.06733603
                        ],
                        [
                            -111.97129027,
                            33.06733654
                        ],
                        [
                            -111.97129031,
                            33.06730046
                        ],
                        [
                            -111.97135578,
                            33.06729995
                        ]
                    ]
                ]
            },
            "properties": {
                "pa_label": "p305-S11",
                "PSDATE": "2003-08-04",
                "PHTD": 0.87,
                "STDD": 10.9,
                "MSNODE": 20.0,
                "PFNODE": 6.0,
                "VBNUM": 1.0,
                "VBNODE": 7.0,
                "SQRNUM": 1.7,
                "FLRNUM": 0.0,
                "GBNUM": 11.0,
                "MBNUM": 0.0,
                "LWPD": 16.19,
                "SWPD": 19.98,
                "CWPD": 57.05,
                "LWAD": 4028.9,
                "SWAD": 4971.8,
                "MBWAD": 0.0,
                "PWAD": 5194.1,
                "CWAD": 14194.7,
                "LAID_LAB": 7.263
            },
            "_id": "68c445408ac547b6574217d5",
            "paid": "68c445408ac547b6574217d5"
        },
        {
            "type": "Feature",
            "geometry": {
                "type": "Polygon",
                "coordinates": [
                    [
                        [
                            -111.97116049,
                            33.0672995
                        ],
                        [
                            -111.97122594,
                            33.06729899
                        ],
                        [
                            -111.9712259,
                            33.06733507
                        ],
                        [
                            -111.97116045,
                            33.06733558
                        ],
                        [
                            -111.97116049,
                            33.0672995
                        ]
                    ]
                ]
            },
            "properties": {
                "pa_label": "p306-S11",
                "PSDATE": "2003-08-04",
                "PHTD": 0.86,
                "STDD": 10.1,
                "MSNODE": 21.0,
                "PFNODE": 6.0,
                "VBNUM": 0.0,
                "VBNODE": 0.0,
                "SQRNUM": 2.3,
                "FLRNUM": 1.3,
                "GBNUM": 8.7,
                "MBNUM": 0.0,
                "LWPD": 19.96,
                "SWPD": 19.59,
                "CWPD": 70.03,
                "LWAD": 2457.1,
                "SWAD": 2412.4,
                "MBWAD": 0.0,
                "PWAD": 3752.4,
                "CWAD": 8621.9,
                "LAID_LAB": 3.866
            },
            "_id": "68c445408ac547b6574217e7",
            "paid": "68c445408ac547b6574217e7"
        },
        {
            "type": "Feature",
            "geometry": {
                "type": "Polygon",
                "coordinates": [
                    [
                        [
                            -111.97109568,
                            33.06729819
                        ],
                        [
                            -111.97109568,
                            33.06733426
                        ],
                        [
                            -111.97103033,
                            33.06733477
                        ],
                        [
                            -111.97103036,
                            33.0672987
                        ],
                        [
                            -111.97109568,
                            33.06729819
                        ]
                    ]
                ]
            },
            "properties": {
                "pa_label": "p307-S11",
                "PSDATE": "2003-08-04",
                "PHTD": 0.93,
                "STDD": 14.3,
                "MSNODE": 19.0,
                "PFNODE": 5.0,
                "VBNUM": 1.0,
                "VBNODE": 8.0,
                "SQRNUM": 8.3,
                "FLRNUM": 1.3,
                "GBNUM": 11.0,
                "MBNUM": 0.0,
                "LWPD": 25.76,
                "SWPD": 30.31,
                "CWPD": 75.53,
                "LWAD": 2988.9,
                "SWAD": 3516.8,
                "MBWAD": 0.0,
                "PWAD": 2257.2,
                "CWAD": 8762.9,
                "LAID_LAB": 5.746
            },
            "_id": "68c445408ac547b6574217f9",
            "paid": "68c445408ac547b6574217f9"
        },
        {
            "type": "Feature",
            "geometry": {
                "type": "Polygon",
                "coordinates": [
                    [
                        [
                            -111.97090064,
                            33.06729787
                        ],
                        [
                            -111.97096582,
                            33.06729737
                        ],
                        [
                            -111.97096575,
                            33.06733344
                        ],
                        [
                            -111.97090057,
                            33.06733395
                        ],
                        [
                            -111.97090064,
                            33.06729787
                        ]
                    ]
                ]
            },
            "properties": {
                "pa_label": "p308-S11",
                "PSDATE": "2003-08-04",
                "PHTD": 0.661,
                "STDD": 9.0,
                "MSNODE": 12.0,
                "PFNODE": 5.0,
                "VBNUM": 0.0,
                "VBNODE": 0.0,
                "SQRNUM": 8.0,
                "FLRNUM": 0.3,
                "GBNUM": 2.3,
                "MBNUM": 0.0,
                "LWPD": 11.64,
                "SWPD": 24.9,
                "CWPD": 39.41,
                "LWAD": 2647.0,
                "SWAD": 5664.8,
                "MBWAD": 0.0,
                "PWAD": 653.6,
                "CWAD": 8965.4,
                "LAID_LAB": 5.588
            },
            "_id": "68c445408ac547b65742180b",
            "paid": "68c445408ac547b65742180b"
        },
        {
            "type": "Feature",
            "geometry": {
                "type": "Polygon",
                "coordinates": [
                    [
                        [
                            -111.97187724,
                            33.06710108
                        ],
                        [
                            -111.97187714,
                            33.06713716
                        ],
                        [
                            -111.97181187,
                            33.06713767
                        ],
                        [
                            -111.971812,
                            33.06710159
                        ],
                        [
                            -111.97187724,
                            33.06710108
                        ]
                    ]
                ]
            },
            "properties": {
                "pa_label": "p401-S11",
                "PSDATE": "2003-08-04",
                "PHTD": 0.664,
                "STDD": 12.4,
                "MSNODE": 23.0,
                "PFNODE": 4.0,
                "VBNUM": 2.0,
                "VBNODE": 11.0,
                "SQRNUM": 19.0,
                "FLRNUM": 0.0,
                "GBNUM": 11.0,
                "MBNUM": 0.0,
                "LWPD": 35.4,
                "SWPD": 33.76,
                "CWPD": 94.55,
                "LWAD": 1698.7,
                "SWAD": 1620.0,
                "MBWAD": 0.0,
                "PWAD": 1217.8,
                "CWAD": 4536.6,
                "LAID_LAB": 2.348
            },
            "_id": "68c445408ac547b65742181d",
            "paid": "68c445408ac547b65742181d"
        },
        {
            "type": "Feature",
            "geometry": {
                "type": "Polygon",
                "coordinates": [
                    [
                        [
                            -111.97168138,
                            33.06710081
                        ],
                        [
                            -111.97174663,
                            33.06710031
                        ],
                        [
                            -111.97174658,
                            33.06713638
                        ],
                        [
                            -111.97168137,
                            33.06713689
                        ],
                        [
                            -111.97168138,
                            33.06710081
                        ]
                    ]
                ]
            },
            "properties": {
                "pa_label": "p402-S11",
                "PSDATE": "2003-08-04",
                "PHTD": 0.653,
                "STDD": 11.4,
                "MSNODE": 19.0,
                "PFNODE": 5.0,
                "VBNUM": 1.0,
                "VBNODE": 12.0,
                "SQRNUM": 6.7,
                "FLRNUM": 0.0,
                "GBNUM": 8.3,
                "MBNUM": 0.0,
                "LWPD": 15.9,
                "SWPD": 16.34,
                "CWPD": 47.02,
                "LWAD": 1795.4,
                "SWAD": 1844.7,
                "MBWAD": 0.0,
                "PWAD": 1669.6,
                "CWAD": 5309.7,
                "LAID_LAB": 2.921
            },
            "_id": "68c445408ac547b65742182f",
            "paid": "68c445408ac547b65742182f"
        },
        {
            "type": "Feature",
            "geometry": {
                "type": "Polygon",
                "coordinates": [
                    [
                        [
                            -111.97161609,
                            33.0670997
                        ],
                        [
                            -111.97161607,
                            33.06713577
                        ],
                        [
                            -111.97155092,
                            33.06713628
                        ],
                        [
                            -111.97155096,
                            33.0671002
                        ],
                        [
                            -111.97161609,
                            33.0670997
                        ]
                    ]
                ]
            },
            "properties": {
                "pa_label": "p403-S11",
                "PSDATE": "2003-08-04",
                "PHTD": 0.705,
                "STDD": 10.5,
                "MSNODE": 19.0,
                "PFNODE": 3.0,
                "VBNUM": 1.0,
                "VBNODE": 11.0,
                "SQRNUM": 1.3,
                "FLRNUM": 0.0,
                "GBNUM": 7.0,
                "MBNUM": 0.0,
                "LWPD": 8.75,
                "SWPD": 10.6,
                "CWPD": 30.4,
                "LWAD": 1924.3,
                "SWAD": 2332.0,
                "MBWAD": 0.0,
                "PWAD": 2432.5,
                "CWAD": 6688.7,
                "LAID_LAB": 3.392
            },
            "_id": "68c445408ac547b657421841",
            "paid": "68c445408ac547b657421841"
        },
        {
            "type": "Feature",
            "geometry": {
                "type": "Polygon",
                "coordinates": [
                    [
                        [
                            -111.97142134,
                            33.06709924
                        ],
                        [
                            -111.97148675,
                            33.06709873
                        ],
                        [
                            -111.97148667,
                            33.06713481
                        ],
                        [
                            -111.97142126,
                            33.06713532
                        ],
                        [
                            -111.97142134,
                            33.06709924
                        ]
                    ]
                ]
            },
            "properties": {
                "pa_label": "p404-S11",
                "PSDATE": "2003-08-04",
                "PHTD": 0.805,
                "STDD": 12.6,
                "MSNODE": 25.0,
                "PFNODE": 5.0,
                "VBNUM": 0.0,
                "VBNODE": 0.0,
                "SQRNUM": 1.7,
                "FLRNUM": 0.0,
                "GBNUM": 16.3,
                "MBNUM": 0.0,
                "LWPD": 23.67,
                "SWPD": 26.31,
                "CWPD": 85.33,
                "LWAD": 2549.4,
                "SWAD": 2834.5,
                "MBWAD": 0.0,
                "PWAD": 3807.6,
                "CWAD": 9191.5,
                "LAID_LAB": 4.419
            },
            "_id": "68c445408ac547b657421853",
            "paid": "68c445408ac547b657421853"
        },
        {
            "type": "Feature",
            "geometry": {
                "type": "Polygon",
                "coordinates": [
                    [
                        [
                            -111.97135613,
                            33.06709809
                        ],
                        [
                            -111.97135613,
                            33.06713417
                        ],
                        [
                            -111.97129074,
                            33.06713468
                        ],
                        [
                            -111.97129079,
                            33.0670986
                        ],
                        [
                            -111.97135613,
                            33.06709809
                        ]
                    ]
                ]
            },
            "properties": {
                "pa_label": "p405-S11",
                "PSDATE": "2003-08-04",
                "PHTD": 0.63,
                "STDD": 6.8,
                "MSNODE": 15.0,
                "PFNODE": 4.0,
                "VBNUM": 0.0,
                "VBNODE": 0.0,
                "SQRNUM": 3.3,
                "FLRNUM": 0.7,
                "GBNUM": 5.3,
                "MBNUM": 0.0,
                "LWPD": 11.99,
                "SWPD": 14.93,
                "CWPD": 38.79,
                "LWAD": 2826.8,
                "SWAD": 3520.8,
                "MBWAD": 0.0,
                "PWAD": 2798.5,
                "CWAD": 9146.1,
                "LAID_LAB": 4.508
            },
            "_id": "68c445408ac547b657421865",
            "paid": "68c445408ac547b657421865"
        },
        {
            "type": "Feature",
            "geometry": {
                "type": "Polygon",
                "coordinates": [
                    [
                        [
                            -111.97116078,
                            33.06709769
                        ],
                        [
                            -111.97122634,
                            33.06709718
                        ],
                        [
                            -111.97122625,
                            33.06713325
                        ],
                        [
                            -111.9711607,
                            33.06713376
                        ],
                        [
                            -111.97116078,
                            33.06709769
                        ]
                    ]
                ]
            },
            "properties": {
                "pa_label": "p406-S11",
                "PSDATE": "2003-08-04",
                "PHTD": 0.93,
                "STDD": 12.8,
                "MSNODE": 15.0,
                "PFNODE": 5.0,
                "VBNUM": 2.0,
                "VBNODE": 6.0,
                "SQRNUM": 5.7,
                "FLRNUM": 0.3,
                "GBNUM": 18.7,
                "MBNUM": 0.0,
                "LWPD": 35.09,
                "SWPD": 43.41,
                "CWPD": 120.1,
                "LWAD": 4023.3,
                "SWAD": 4976.4,
                "MBWAD": 0.0,
                "PWAD": 4769.7,
                "CWAD": 13769.5,
                "LAID_LAB": 6.982
            },
            "_id": "68c445408ac547b657421877",
            "paid": "68c445408ac547b657421877"
        },
        {
            "type": "Feature",
            "geometry": {
                "type": "Polygon",
                "coordinates": [
                    [
                        [
                            -111.97109572,
                            33.06709658
                        ],
                        [
                            -111.97109572,
                            33.06713266
                        ],
                        [
                            -111.97103059,
                            33.06713316
                        ],
                        [
                            -111.97103061,
                            33.06709709
                        ],
                        [
                            -111.97109572,
                            33.06709658
                        ]
                    ]
                ]
            },
            "properties": {
                "pa_label": "p407-S11",
                "PSDATE": "2003-08-04",
                "PHTD": 0.88,
                "STDD": 17.6,
                "MSNODE": 23.0,
                "PFNODE": 4.0,
                "VBNUM": 1.0,
                "VBNODE": 13.0,
                "SQRNUM": 11.7,
                "FLRNUM": 2.7,
                "GBNUM": 25.0,
                "MBNUM": 0.0,
                "LWPD": 49.25,
                "SWPD": 48.11,
                "CWPD": 161.63,
                "LWAD": 2454.0,
                "SWAD": 2397.0,
                "MBWAD": 0.0,
                "PWAD": 3202.4,
                "CWAD": 8053.5,
                "LAID_LAB": 4.072
            },
            "_id": "68c445408ac547b657421889",
            "paid": "68c445408ac547b657421889"
        },
        {
            "type": "Feature",
            "geometry": {
                "type": "Polygon",
                "coordinates": [
                    [
                        [
                            -111.97090096,
                            33.06709603
                        ],
                        [
                            -111.97096601,
                            33.06709552
                        ],
                        [
                            -111.97096594,
                            33.0671316
                        ],
                        [
                            -111.9709009,
                            33.0671321
                        ],
                        [
                            -111.97090096,
                            33.06709603
                        ]
                    ]
                ]
            },
            "properties": {
                "pa_label": "p408-S11",
                "PSDATE": "2003-08-04",
                "PHTD": 0.82,
                "STDD": 9.0,
                "MSNODE": 16.0,
                "PFNODE": 4.0,
                "VBNUM": 1.0,
                "VBNODE": 5.0,
                "SQRNUM": 2.7,
                "FLRNUM": 1.0,
                "GBNUM": 9.3,
                "MBNUM": 0.0,
                "LWPD": 15.28,
                "SWPD": 17.03,
                "CWPD": 47.69,
                "LWAD": 1803.3,
                "SWAD": 2010.3,
                "MBWAD": 0.0,
                "PWAD": 1814.3,
                "CWAD": 5627.9,
                "LAID_LAB": 4.227
            },
            "_id": "68c445408ac547b65742189b",
            "paid": "68c445408ac547b65742189b"
        },
        {
            "type": "Feature",
            "geometry": {
                "type": "Polygon",
                "coordinates": [
                    [
                        [
                            -111.97187593,
                            33.06777126
                        ],
                        [
                            -111.97187587,
                            33.06780734
                        ],
                        [
                            -111.97181049,
                            33.06780785
                        ],
                        [
                            -111.97181058,
                            33.06777177
                        ],
                        [
                            -111.97187593,
                            33.06777126
                        ]
                    ]
                ]
            },
            "properties": {
                "pa_label": "p101-S12",
                "PSDATE": "2003-08-11",
                "PHTD": 0.821,
                "STDD": 14.2,
                "MSNODE": 27.0,
                "PFNODE": 4.0,
                "VBNUM": 2.0,
                "VBNODE": 28.0,
                "SQRNUM": 2.0,
                "FLRNUM": 0.0,
                "GBNUM": 25.3,
                "MBNUM": 1.0,
                "LWPD": 45.66,
                "SWPD": 43.75,
                "CWPD": 182.32,
                "LWAD": 2368.8,
                "SWAD": 2269.7,
                "MBWAD": 313.5,
                "PWAD": 4820.2,
                "CWAD": 9458.6,
                "LAID_LAB": 4.392
            },
            "_id": "68c445408ac547b65742166e",
            "paid": "68c445408ac547b65742166e"
        },
        {
            "type": "Feature",
            "geometry": {
                "type": "Polygon",
                "coordinates": [
                    [
                        [
                            -111.97168048,
                            33.06777095
                        ],
                        [
                            -111.97174565,
                            33.06777045
                        ],
                        [
                            -111.9717456,
                            33.06780652
                        ],
                        [
                            -111.97168043,
                            33.06780703
                        ],
                        [
                            -111.97168048,
                            33.06777095
                        ]
                    ]
                ]
            },
            "properties": {
                "pa_label": "p102-S12",
                "PSDATE": "2003-08-11",
                "PHTD": 0.892,
                "STDD": 14.9,
                "MSNODE": 25.0,
                "PFNODE": 4.0,
                "VBNUM": 2.0,
                "VBNODE": 27.0,
                "SQRNUM": 4.0,
                "FLRNUM": 0.0,
                "GBNUM": 17.0,
                "MBNUM": 0.0,
                "LWPD": 23.11,
                "SWPD": 26.89,
                "CWPD": 82.8,
                "LWAD": 2185.8,
                "SWAD": 2544.0,
                "MBWAD": 0.0,
                "PWAD": 3102.5,
                "CWAD": 7832.4,
                "LAID_LAB": 4.313
            },
            "_id": "68c445408ac547b657421680",
            "paid": "68c445408ac547b657421680"
        },
        {
            "type": "Feature",
            "geometry": {
                "type": "Polygon",
                "coordinates": [
                    [
                        [
                            -111.97161533,
                            33.06776968
                        ],
                        [
                            -111.97161529,
                            33.06780576
                        ],
                        [
                            -111.97155009,
                            33.06780627
                        ],
                        [
                            -111.97155013,
                            33.06777019
                        ],
                        [
                            -111.97161533,
                            33.06776968
                        ]
                    ]
                ]
            },
            "properties": {
                "pa_label": "p103-S12",
                "PSDATE": "2003-08-11",
                "PHTD": 1.023,
                "STDD": 10.0,
                "MSNODE": 25.0,
                "PFNODE": 5.0,
                "VBNUM": 0.0,
                "VBNODE": 0.0,
                "SQRNUM": 3.7,
                "FLRNUM": 1.0,
                "GBNUM": 12.3,
                "MBNUM": 0.0,
                "LWPD": 20.24,
                "SWPD": 25.54,
                "CWPD": 67.4,
                "LWAD": 4564.5,
                "SWAD": 5761.5,
                "MBWAD": 0.0,
                "PWAD": 4875.8,
                "CWAD": 15201.8,
                "LAID_LAB": 7.08
            },
            "_id": "68c445408ac547b657421692",
            "paid": "68c445408ac547b657421692"
        },
        {
            "type": "Feature",
            "geometry": {
                "type": "Polygon",
                "coordinates": [
                    [
                        [
                            -111.97148529,
                            33.06776917
                        ],
                        [
                            -111.97148519,
                            33.06780525
                        ],
                        [
                            -111.9714195,
                            33.06780576
                        ],
                        [
                            -111.97141966,
                            33.06776969
                        ],
                        [
                            -111.97148529,
                            33.06776917
                        ]
                    ]
                ]
            },
            "properties": {
                "pa_label": "p104-S12",
                "PSDATE": "2003-08-11",
                "PHTD": 0.723,
                "STDD": 9.0,
                "MSNODE": 18.0,
                "PFNODE": 3.0,
                "VBNUM": 1.0,
                "VBNODE": 8.0,
                "SQRNUM": 1.7,
                "FLRNUM": 0.7,
                "GBNUM": 9.7,
                "MBNUM": 0.0,
                "LWPD": 16.53,
                "SWPD": 19.94,
                "CWPD": 57.41,
                "LWAD": 2004.0,
                "SWAD": 2416.9,
                "MBWAD": 0.0,
                "PWAD": 2537.3,
                "CWAD": 6958.2,
                "LAID_LAB": 3.414
            },
            "_id": "68c445408ac547b6574216a4",
            "paid": "68c445408ac547b6574216a4"
        },
        {
            "type": "Feature",
            "geometry": {
                "type": "Polygon",
                "coordinates": [
                    [
                        [
                            -111.97128944,
                            33.0677683
                        ],
                        [
                            -111.97135489,
                            33.06776779
                        ],
                        [
                            -111.97135482,
                            33.06780387
                        ],
                        [
                            -111.97128937,
                            33.06780438
                        ],
                        [
                            -111.97128944,
                            33.0677683
                        ]
                    ]
                ]
            },
            "properties": {
                "pa_label": "p105-S12",
                "PSDATE": "2003-08-11",
                "PHTD": 0.816,
                "STDD": 12.3,
                "MSNODE": 18.0,
                "PFNODE": 4.0,
                "VBNUM": 1.0,
                "VBNODE": 12.0,
                "SQRNUM": 2.3,
                "FLRNUM": 0.3,
                "GBNUM": 6.0,
                "MBNUM": 0.0,
                "LWPD": 11.64,
                "SWPD": 16.98,
                "CWPD": 41.66,
                "LWAD": 2734.8,
                "SWAD": 3988.6,
                "MBWAD": 0.0,
                "PWAD": 3064.5,
                "CWAD": 9787.8,
                "LAID_LAB": 5.161
            },
            "_id": "68c445408ac547b6574216b6",
            "paid": "68c445408ac547b6574216b6"
        },
        {
            "type": "Feature",
            "geometry": {
                "type": "Polygon",
                "coordinates": [
                    [
                        [
                            -111.97122492,
                            33.06776681
                        ],
                        [
                            -111.97122485,
                            33.06780289
                        ],
                        [
                            -111.97115941,
                            33.0678034
                        ],
                        [
                            -111.97115949,
                            33.06776732
                        ],
                        [
                            -111.97122492,
                            33.06776681
                        ]
                    ]
                ]
            },
            "properties": {
                "pa_label": "p106-S12",
                "PSDATE": "2003-08-11",
                "PHTD": 0.985,
                "STDD": 11.9,
                "MSNODE": 20.0,
                "PFNODE": 10.0,
                "VBNUM": 1.0,
                "VBNODE": 4.0,
                "SQRNUM": 1.3,
                "FLRNUM": 0.3,
                "GBNUM": 9.7,
                "MBNUM": 0.0,
                "LWPD": 20.38,
                "SWPD": 23.48,
                "CWPD": 70.46,
                "LWAD": 2491.1,
                "SWAD": 2869.9,
                "MBWAD": 0.0,
                "PWAD": 3250.4,
                "CWAD": 8611.4,
                "LAID_LAB": 4.871
            },
            "_id": "68c445408ac547b6574216c8",
            "paid": "68c445408ac547b6574216c8"
        },
        {
            "type": "Feature",
            "geometry": {
                "type": "Polygon",
                "coordinates": [
                    [
                        [
                            -111.97109558,
                            33.06776662
                        ],
                        [
                            -111.97109559,
                            33.0678027
                        ],
                        [
                            -111.97102967,
                            33.06780321
                        ],
                        [
                            -111.9710298,
                            33.06776713
                        ],
                        [
                            -111.97109558,
                            33.06776662
                        ]
                    ]
                ]
            },
            "properties": {
                "pa_label": "p107-S12",
                "PSDATE": "2003-08-11",
                "PHTD": 0.881,
                "STDD": 12.8,
                "MSNODE": 21.0,
                "PFNODE": 6.0,
                "VBNUM": 3.0,
                "VBNODE": 14.0,
                "SQRNUM": 1.3,
                "FLRNUM": 0.0,
                "GBNUM": 14.0,
                "MBNUM": 0.3,
                "LWPD": 22.08,
                "SWPD": 28.93,
                "CWPD": 87.49,
                "LWAD": 2533.4,
                "SWAD": 3319.4,
                "MBWAD": 191.2,
                "PWAD": 4185.3,
                "CWAD": 10038.1,
                "LAID_LAB": 3.986
            },
            "_id": "68c445408ac547b6574216da",
            "paid": "68c445408ac547b6574216da"
        },
        {
            "type": "Feature",
            "geometry": {
                "type": "Polygon",
                "coordinates": [
                    [
                        [
                            -111.97096537,
                            33.06776524
                        ],
                        [
                            -111.97096535,
                            33.06780131
                        ],
                        [
                            -111.97090004,
                            33.06780182
                        ],
                        [
                            -111.97090025,
                            33.06776575
                        ],
                        [
                            -111.97096537,
                            33.06776524
                        ]
                    ]
                ]
            },
            "properties": {
                "pa_label": "p108-S12",
                "PSDATE": "2003-08-11",
                "PHTD": 0.961,
                "STDD": 12.9,
                "MSNODE": 19.0,
                "PFNODE": 8.0,
                "VBNUM": 1.0,
                "VBNODE": 6.0,
                "SQRNUM": 2.7,
                "FLRNUM": 0.3,
                "GBNUM": 8.7,
                "MBNUM": 0.0,
                "LWPD": 19.02,
                "SWPD": 21.94,
                "CWPD": 61.47,
                "LWAD": 2272.9,
                "SWAD": 2620.9,
                "MBWAD": 0.0,
                "PWAD": 2450.5,
                "CWAD": 7344.3,
                "LAID_LAB": 4.13
            },
            "_id": "68c445408ac547b6574216ec",
            "paid": "68c445408ac547b6574216ec"
        },
        {
            "type": "Feature",
            "geometry": {
                "type": "Polygon",
                "coordinates": [
                    [
                        [
                            -111.97187636,
                            33.06757231
                        ],
                        [
                            -111.97187629,
                            33.06760839
                        ],
                        [
                            -111.97181097,
                            33.06760889
                        ],
                        [
                            -111.97181104,
                            33.06757282
                        ],
                        [
                            -111.97187636,
                            33.06757231
                        ]
                    ]
                ]
            },
            "properties": {
                "pa_label": "p201-S12",
                "PSDATE": "2003-08-11",
                "PHTD": 0.783,
                "STDD": 8.4,
                "MSNODE": 14.0,
                "PFNODE": 4.0,
                "VBNUM": 0.0,
                "VBNODE": 0.0,
                "SQRNUM": 0.3,
                "FLRNUM": 0.3,
                "GBNUM": 7.7,
                "MBNUM": 0.7,
                "LWPD": 11.6,
                "SWPD": 14.58,
                "CWPD": 48.05,
                "LWAD": 2554.1,
                "SWAD": 3209.5,
                "MBWAD": 847.0,
                "PWAD": 4816.1,
                "CWAD": 10579.7,
                "LAID_LAB": 4.22
            },
            "_id": "68c445408ac547b6574216fe",
            "paid": "68c445408ac547b6574216fe"
        },
        {
            "type": "Feature",
            "geometry": {
                "type": "Polygon",
                "coordinates": [
                    [
                        [
                            -111.97174604,
                            33.06757132
                        ],
                        [
                            -111.97174589,
                            33.0676074
                        ],
                        [
                            -111.97168063,
                            33.06760791
                        ],
                        [
                            -111.97168092,
                            33.06757183
                        ],
                        [
                            -111.97174604,
                            33.06757132
                        ]
                    ]
                ]
            },
            "properties": {
                "pa_label": "p202-S12",
                "PSDATE": "2003-08-11",
                "PHTD": 0.915,
                "STDD": 11.5,
                "MSNODE": 24.0,
                "PFNODE": 4.0,
                "VBNUM": 1.0,
                "VBNODE": 6.0,
                "SQRNUM": 3.3,
                "FLRNUM": 0.0,
                "GBNUM": 15.7,
                "MBNUM": 0.7,
                "LWPD": 28.29,
                "SWPD": 30.79,
                "CWPD": 102.85,
                "LWAD": 3545.0,
                "SWAD": 3858.7,
                "MBWAD": 461.1,
                "PWAD": 5484.8,
                "CWAD": 12888.5,
                "LAID_LAB": 5.52
            },
            "_id": "68c445408ac547b657421710",
            "paid": "68c445408ac547b657421710"
        },
        {
            "type": "Feature",
            "geometry": {
                "type": "Polygon",
                "coordinates": [
                    [
                        [
                            -111.97155004,
                            33.06757057
                        ],
                        [
                            -111.97161523,
                            33.06757007
                        ],
                        [
                            -111.97161508,
                            33.06760614
                        ],
                        [
                            -111.97155011,
                            33.06760665
                        ],
                        [
                            -111.97155004,
                            33.06757057
                        ]
                    ]
                ]
            },
            "properties": {
                "pa_label": "p203-S12",
                "PSDATE": "2003-08-11",
                "PHTD": 0.822,
                "STDD": 12.1,
                "MSNODE": 24.0,
                "PFNODE": 8.0,
                "VBNUM": 3.0,
                "VBNODE": 23.0,
                "SQRNUM": 6.7,
                "FLRNUM": 0.0,
                "GBNUM": 18.7,
                "MBNUM": 0.3,
                "LWPD": 34.45,
                "SWPD": 41.16,
                "CWPD": 129.26,
                "LWAD": 3729.8,
                "SWAD": 4456.7,
                "MBWAD": 264.9,
                "PWAD": 5808.2,
                "CWAD": 13994.7,
                "LAID_LAB": 5.451
            },
            "_id": "68c445408ac547b657421722",
            "paid": "68c445408ac547b657421722"
        },
        {
            "type": "Feature",
            "geometry": {
                "type": "Polygon",
                "coordinates": [
                    [
                        [
                            -111.9714203,
                            33.06756971
                        ],
                        [
                            -111.97148582,
                            33.0675692
                        ],
                        [
                            -111.97148572,
                            33.06760528
                        ],
                        [
                            -111.97142021,
                            33.06760579
                        ],
                        [
                            -111.9714203,
                            33.06756971
                        ]
                    ]
                ]
            },
            "properties": {
                "pa_label": "p204-S12",
                "PSDATE": "2003-08-11",
                "PHTD": 0.938,
                "STDD": 9.6,
                "MSNODE": 21.0,
                "PFNODE": 5.0,
                "VBNUM": 1.0,
                "VBNODE": 9.0,
                "SQRNUM": 1.7,
                "FLRNUM": 0.3,
                "GBNUM": 5.0,
                "MBNUM": 0.0,
                "LWPD": 10.9,
                "SWPD": 15.36,
                "CWPD": 36.58,
                "LWAD": 2636.2,
                "SWAD": 3714.5,
                "MBWAD": 0.0,
                "PWAD": 2492.7,
                "CWAD": 8843.5,
                "LAID_LAB": 5.057
            },
            "_id": "68c445408ac547b657421734",
            "paid": "68c445408ac547b657421734"
        },
        {
            "type": "Feature",
            "geometry": {
                "type": "Polygon",
                "coordinates": [
                    [
                        [
                            -111.97135527,
                            33.06756811
                        ],
                        [
                            -111.97135526,
                            33.06760418
                        ],
                        [
                            -111.97128981,
                            33.06760469
                        ],
                        [
                            -111.9712899,
                            33.06756862
                        ],
                        [
                            -111.97135527,
                            33.06756811
                        ]
                    ]
                ]
            },
            "properties": {
                "pa_label": "p205-S12",
                "PSDATE": "2003-08-11",
                "PHTD": 1.044,
                "STDD": 15.0,
                "MSNODE": 28.0,
                "PFNODE": 5.0,
                "VBNUM": 2.0,
                "VBNODE": 21.0,
                "SQRNUM": 3.0,
                "FLRNUM": 0.3,
                "GBNUM": 20.0,
                "MBNUM": 0.3,
                "LWPD": 41.22,
                "SWPD": 41.57,
                "CWPD": 151.73,
                "LWAD": 2028.7,
                "SWAD": 2045.6,
                "MBWAD": 93.5,
                "PWAD": 3392.9,
                "CWAD": 7467.2,
                "LAID_LAB": 3.381
            },
            "_id": "68c445408ac547b657421746",
            "paid": "68c445408ac547b657421746"
        },
        {
            "type": "Feature",
            "geometry": {
                "type": "Polygon",
                "coordinates": [
                    [
                        [
                            -111.97115981,
                            33.06756766
                        ],
                        [
                            -111.9712253,
                            33.06756715
                        ],
                        [
                            -111.97122523,
                            33.06760323
                        ],
                        [
                            -111.97115975,
                            33.06760374
                        ],
                        [
                            -111.97115981,
                            33.06756766
                        ]
                    ]
                ]
            },
            "properties": {
                "pa_label": "p206-S12",
                "PSDATE": "2003-08-11",
                "PHTD": 0.89,
                "STDD": 17.1,
                "MSNODE": 22.0,
                "PFNODE": 4.0,
                "VBNUM": 2.0,
                "VBNODE": 27.0,
                "SQRNUM": 11.0,
                "FLRNUM": 1.7,
                "GBNUM": 23.0,
                "MBNUM": 0.3,
                "LWPD": 42.33,
                "SWPD": 44.3,
                "CWPD": 154.84,
                "LWAD": 2178.5,
                "SWAD": 2279.9,
                "MBWAD": 66.1,
                "PWAD": 3510.8,
                "CWAD": 7969.2,
                "LAID_LAB": 3.453
            },
            "_id": "68c445408ac547b657421758",
            "paid": "68c445408ac547b657421758"
        },
        {
            "type": "Feature",
            "geometry": {
                "type": "Polygon",
                "coordinates": [
                    [
                        [
                            -111.97109537,
                            33.06756618
                        ],
                        [
                            -111.97109539,
                            33.06760225
                        ],
                        [
                            -111.9710302,
                            33.06760276
                        ],
                        [
                            -111.97103019,
                            33.06756668
                        ],
                        [
                            -111.97109537,
                            33.06756618
                        ]
                    ]
                ]
            },
            "properties": {
                "pa_label": "p207-S12",
                "PSDATE": "2003-08-11",
                "PHTD": 0.792,
                "STDD": 11.3,
                "MSNODE": 14.0,
                "PFNODE": 7.0,
                "VBNUM": 4.0,
                "VBNODE": 3.0,
                "SQRNUM": 0.0,
                "FLRNUM": 0.3,
                "GBNUM": 10.7,
                "MBNUM": 0.0,
                "LWPD": 15.37,
                "SWPD": 17.14,
                "CWPD": 66.94,
                "LWAD": 1815.7,
                "SWAD": 2024.8,
                "MBWAD": 0.0,
                "PWAD": 4065.7,
                "CWAD": 7906.3,
                "LAID_LAB": 3.043
            },
            "_id": "68c445408ac547b65742176a",
            "paid": "68c445408ac547b65742176a"
        },
        {
            "type": "Feature",
            "geometry": {
                "type": "Polygon",
                "coordinates": [
                    [
                        [
                            -111.97096531,
                            33.0675651
                        ],
                        [
                            -111.97096521,
                            33.06760118
                        ],
                        [
                            -111.97090006,
                            33.06760169
                        ],
                        [
                            -111.97090018,
                            33.06756561
                        ],
                        [
                            -111.97096531,
                            33.0675651
                        ]
                    ]
                ]
            },
            "properties": {
                "pa_label": "p208-S12",
                "PSDATE": "2003-08-11",
                "PHTD": 0.938,
                "STDD": 14.5,
                "MSNODE": 22.0,
                "PFNODE": 7.0,
                "VBNUM": 3.0,
                "VBNODE": 20.0,
                "SQRNUM": 3.3,
                "FLRNUM": 0.3,
                "GBNUM": 24.7,
                "MBNUM": 1.0,
                "LWPD": 39.15,
                "SWPD": 43.88,
                "CWPD": 173.72,
                "LWAD": 1934.9,
                "SWAD": 2168.6,
                "MBWAD": 292.1,
                "PWAD": 4481.4,
                "CWAD": 8584.8,
                "LAID_LAB": 2.788
            },
            "_id": "68c445408ac547b65742177c",
            "paid": "68c445408ac547b65742177c"
        },
        {
            "type": "Feature",
            "geometry": {
                "type": "Polygon",
                "coordinates": [
                    [
                        [
                            -111.97187688,
                            33.06730302
                        ],
                        [
                            -111.97187683,
                            33.0673391
                        ],
                        [
                            -111.97181172,
                            33.0673396
                        ],
                        [
                            -111.97181177,
                            33.06730353
                        ],
                        [
                            -111.97187688,
                            33.06730302
                        ]
                    ]
                ]
            },
            "properties": {
                "pa_label": "p301-S12",
                "PSDATE": "2003-08-11",
                "PHTD": 0.68,
                "STDD": 9.0,
                "MSNODE": 16.0,
                "PFNODE": 4.0,
                "VBNUM": 2.0,
                "VBNODE": 2.0,
                "SQRNUM": 1.7,
                "FLRNUM": 0.7,
                "GBNUM": 10.3,
                "MBNUM": 0.3,
                "LWPD": 17.06,
                "SWPD": 21.56,
                "CWPD": 65.63,
                "LWAD": 1873.8,
                "SWAD": 2367.7,
                "MBWAD": 211.2,
                "PWAD": 2966.2,
                "CWAD": 7207.7,
                "LAID_LAB": 3.811
            },
            "_id": "68c445408ac547b65742178e",
            "paid": "68c445408ac547b65742178e"
        },
        {
            "type": "Feature",
            "geometry": {
                "type": "Polygon",
                "coordinates": [
                    [
                        [
                            -111.9717462,
                            33.06730236
                        ],
                        [
                            -111.97174612,
                            33.06733844
                        ],
                        [
                            -111.9716806,
                            33.06733895
                        ],
                        [
                            -111.97168072,
                            33.06730287
                        ],
                        [
                            -111.9717462,
                            33.06730236
                        ]
                    ]
                ]
            },
            "properties": {
                "pa_label": "p302-S12",
                "PSDATE": "2003-08-11",
                "PHTD": 0.81,
                "STDD": 12.6,
                "MSNODE": 21.0,
                "PFNODE": 4.0,
                "VBNUM": 3.0,
                "VBNODE": 3.0,
                "SQRNUM": 3.0,
                "FLRNUM": 1.0,
                "GBNUM": 14.7,
                "MBNUM": 0.0,
                "LWPD": 23.45,
                "SWPD": 30.78,
                "CWPD": 84.83,
                "LWAD": 2696.6,
                "SWAD": 3540.4,
                "MBWAD": 0.0,
                "PWAD": 3519.7,
                "CWAD": 9756.8,
                "LAID_LAB": 4.475
            },
            "_id": "68c445408ac547b6574217a0",
            "paid": "68c445408ac547b6574217a0"
        },
        {
            "type": "Feature",
            "geometry": {
                "type": "Polygon",
                "coordinates": [
                    [
                        [
                            -111.97161629,
                            33.06730059
                        ],
                        [
                            -111.97161636,
                            33.06733666
                        ],
                        [
                            -111.9715507,
                            33.06733718
                        ],
                        [
                            -111.97155072,
                            33.0673011
                        ],
                        [
                            -111.97161629,
                            33.06730059
                        ]
                    ]
                ]
            },
            "properties": {
                "pa_label": "p303-S12",
                "PSDATE": "2003-08-11",
                "PHTD": 0.869,
                "STDD": 14.7,
                "MSNODE": 25.0,
                "PFNODE": 6.0,
                "VBNUM": 3.0,
                "VBNODE": 41.0,
                "SQRNUM": 6.3,
                "FLRNUM": 1.0,
                "GBNUM": 27.7,
                "MBNUM": 0.0,
                "LWPD": 43.09,
                "SWPD": 48.48,
                "CWPD": 172.01,
                "LWAD": 2279.4,
                "SWAD": 2564.6,
                "MBWAD": 0.0,
                "PWAD": 4255.9,
                "CWAD": 9099.9,
                "LAID_LAB": 3.883
            },
            "_id": "68c445408ac547b6574217b2",
            "paid": "68c445408ac547b6574217b2"
        },
        {
            "type": "Feature",
            "geometry": {
                "type": "Polygon",
                "coordinates": [
                    [
                        [
                            -111.97142099,
                            33.06730122
                        ],
                        [
                            -111.97148642,
                            33.06730071
                        ],
                        [
                            -111.97148637,
                            33.06733679
                        ],
                        [
                            -111.97142098,
                            33.06733729
                        ],
                        [
                            -111.97142099,
                            33.06730122
                        ]
                    ]
                ]
            },
            "properties": {
                "pa_label": "p304-S12",
                "PSDATE": "2003-08-11",
                "PHTD": 0.956,
                "STDD": 15.3,
                "MSNODE": 28.0,
                "PFNODE": 6.0,
                "VBNUM": 4.0,
                "VBNODE": 25.0,
                "SQRNUM": 1.3,
                "FLRNUM": 0.0,
                "GBNUM": 20.0,
                "MBNUM": 1.0,
                "LWPD": 34.47,
                "SWPD": 43.51,
                "CWPD": 138.91,
                "LWAD": 1752.7,
                "SWAD": 2212.8,
                "MBWAD": 300.5,
                "PWAD": 3098.5,
                "CWAD": 7064.0,
                "LAID_LAB": 3.068
            },
            "_id": "68c445408ac547b6574217c4",
            "paid": "68c445408ac547b6574217c4"
        },
        {
            "type": "Feature",
            "geometry": {
                "type": "Polygon",
                "coordinates": [
                    [
                        [
                            -111.97135578,
                            33.06729995
                        ],
                        [
                            -111.97135575,
                            33.06733603
                        ],
                        [
                            -111.97129027,
                            33.06733654
                        ],
                        [
                            -111.97129031,
                            33.06730046
                        ],
                        [
                            -111.97135578,
                            33.06729995
                        ]
                    ]
                ]
            },
            "properties": {
                "pa_label": "p305-S12",
                "PSDATE": "2003-08-11",
                "PHTD": 1.012,
                "STDD": 10.6,
                "MSNODE": 21.0,
                "PFNODE": 12.0,
                "VBNUM": 3.0,
                "VBNODE": 6.0,
                "SQRNUM": 2.3,
                "FLRNUM": 0.3,
                "GBNUM": 6.7,
                "MBNUM": 0.0,
                "LWPD": 12.0,
                "SWPD": 18.14,
                "CWPD": 41.85,
                "LWAD": 2984.7,
                "SWAD": 4513.2,
                "MBWAD": 0.0,
                "PWAD": 2913.4,
                "CWAD": 10411.3,
                "LAID_LAB": 5.396
            },
            "_id": "68c445408ac547b6574217d6",
            "paid": "68c445408ac547b6574217d6"
        },
        {
            "type": "Feature",
            "geometry": {
                "type": "Polygon",
                "coordinates": [
                    [
                        [
                            -111.97116049,
                            33.0672995
                        ],
                        [
                            -111.97122594,
                            33.06729899
                        ],
                        [
                            -111.9712259,
                            33.06733507
                        ],
                        [
                            -111.97116045,
                            33.06733558
                        ],
                        [
                            -111.97116049,
                            33.0672995
                        ]
                    ]
                ]
            },
            "properties": {
                "pa_label": "p306-S12",
                "PSDATE": "2003-08-11",
                "PHTD": 0.963,
                "STDD": 14.2,
                "MSNODE": 21.0,
                "PFNODE": 5.0,
                "VBNUM": 2.0,
                "VBNODE": 8.0,
                "SQRNUM": 3.7,
                "FLRNUM": 1.0,
                "GBNUM": 17.3,
                "MBNUM": 0.0,
                "LWPD": 24.99,
                "SWPD": 34.94,
                "CWPD": 63.96,
                "LWAD": 3076.4,
                "SWAD": 4302.3,
                "MBWAD": 0.0,
                "PWAD": 496.6,
                "CWAD": 7875.3,
                "LAID_LAB": 4.873
            },
            "_id": "68c445408ac547b6574217e8",
            "paid": "68c445408ac547b6574217e8"
        },
        {
            "type": "Feature",
            "geometry": {
                "type": "Polygon",
                "coordinates": [
                    [
                        [
                            -111.97109568,
                            33.06729819
                        ],
                        [
                            -111.97109568,
                            33.06733426
                        ],
                        [
                            -111.97103033,
                            33.06733477
                        ],
                        [
                            -111.97103036,
                            33.0672987
                        ],
                        [
                            -111.97109568,
                            33.06729819
                        ]
                    ]
                ]
            },
            "properties": {
                "pa_label": "p307-S12",
                "PSDATE": "2003-08-11",
                "PHTD": 0.906,
                "STDD": 12.0,
                "MSNODE": 19.0,
                "PFNODE": 5.0,
                "VBNUM": 2.0,
                "VBNODE": 10.0,
                "SQRNUM": 0.7,
                "FLRNUM": 0.3,
                "GBNUM": 11.3,
                "MBNUM": 0.0,
                "LWPD": 21.65,
                "SWPD": 23.38,
                "CWPD": 81.66,
                "LWAD": 2511.7,
                "SWAD": 2712.4,
                "MBWAD": 0.0,
                "PWAD": 4249.6,
                "CWAD": 9473.7,
                "LAID_LAB": 4.43
            },
            "_id": "68c445408ac547b6574217fa",
            "paid": "68c445408ac547b6574217fa"
        },
        {
            "type": "Feature",
            "geometry": {
                "type": "Polygon",
                "coordinates": [
                    [
                        [
                            -111.97090064,
                            33.06729787
                        ],
                        [
                            -111.97096582,
                            33.06729737
                        ],
                        [
                            -111.97096575,
                            33.06733344
                        ],
                        [
                            -111.97090057,
                            33.06733395
                        ],
                        [
                            -111.97090064,
                            33.06729787
                        ]
                    ]
                ]
            },
            "properties": {
                "pa_label": "p308-S12",
                "PSDATE": "2003-08-11",
                "PHTD": 0.96,
                "STDD": 10.4,
                "MSNODE": 25.0,
                "PFNODE": 5.0,
                "VBNUM": 1.0,
                "VBNODE": 2.0,
                "SQRNUM": 6.0,
                "FLRNUM": 0.0,
                "GBNUM": 9.3,
                "MBNUM": 0.0,
                "LWPD": 15.19,
                "SWPD": 21.36,
                "CWPD": 50.79,
                "LWAD": 3454.5,
                "SWAD": 4858.0,
                "MBWAD": 0.0,
                "PWAD": 3240.7,
                "CWAD": 11553.3,
                "LAID_LAB": 5.559
            },
            "_id": "68c445408ac547b65742180c",
            "paid": "68c445408ac547b65742180c"
        },
        {
            "type": "Feature",
            "geometry": {
                "type": "Polygon",
                "coordinates": [
                    [
                        [
                            -111.97187724,
                            33.06710108
                        ],
                        [
                            -111.97187714,
                            33.06713716
                        ],
                        [
                            -111.97181187,
                            33.06713767
                        ],
                        [
                            -111.971812,
                            33.06710159
                        ],
                        [
                            -111.97187724,
                            33.06710108
                        ]
                    ]
                ]
            },
            "properties": {
                "pa_label": "p401-S12",
                "PSDATE": "2003-08-11",
                "PHTD": 0.853,
                "STDD": 15.0,
                "MSNODE": 26.0,
                "PFNODE": 4.0,
                "VBNUM": 2.0,
                "VBNODE": 25.0,
                "SQRNUM": 12.0,
                "FLRNUM": 1.0,
                "GBNUM": 12.0,
                "MBNUM": 2.0,
                "LWPD": 33.5,
                "SWPD": 32.15,
                "CWPD": 117.78,
                "LWAD": 1607.2,
                "SWAD": 1542.8,
                "MBWAD": 403.5,
                "PWAD": 2501.3,
                "CWAD": 5651.4,
                "LAID_LAB": 2.663
            },
            "_id": "68c445408ac547b65742181e",
            "paid": "68c445408ac547b65742181e"
        },
        {
            "type": "Feature",
            "geometry": {
                "type": "Polygon",
                "coordinates": [
                    [
                        [
                            -111.97168138,
                            33.06710081
                        ],
                        [
                            -111.97174663,
                            33.06710031
                        ],
                        [
                            -111.97174658,
                            33.06713638
                        ],
                        [
                            -111.97168137,
                            33.06713689
                        ],
                        [
                            -111.97168138,
                            33.06710081
                        ]
                    ]
                ]
            },
            "properties": {
                "pa_label": "p402-S12",
                "PSDATE": "2003-08-11",
                "PHTD": 0.773,
                "STDD": 11.6,
                "MSNODE": 21.0,
                "PFNODE": 6.0,
                "VBNUM": 0.0,
                "VBNODE": 0.0,
                "SQRNUM": 3.3,
                "FLRNUM": 0.3,
                "GBNUM": 11.7,
                "MBNUM": 1.0,
                "LWPD": 26.0,
                "SWPD": 25.4,
                "CWPD": 105.83,
                "LWAD": 2935.4,
                "SWAD": 2867.7,
                "MBWAD": 694.1,
                "PWAD": 6147.1,
                "CWAD": 11950.2,
                "LAID_LAB": 4.715
            },
            "_id": "68c445408ac547b657421830",
            "paid": "68c445408ac547b657421830"
        },
        {
            "type": "Feature",
            "geometry": {
                "type": "Polygon",
                "coordinates": [
                    [
                        [
                            -111.97161609,
                            33.0670997
                        ],
                        [
                            -111.97161607,
                            33.06713577
                        ],
                        [
                            -111.97155092,
                            33.06713628
                        ],
                        [
                            -111.97155096,
                            33.0671002
                        ],
                        [
                            -111.97161609,
                            33.0670997
                        ]
                    ]
                ]
            },
            "properties": {
                "pa_label": "p403-S12",
                "PSDATE": "2003-08-11",
                "PHTD": 0.574,
                "STDD": 8.2,
                "MSNODE": 14.0,
                "PFNODE": 8.0,
                "VBNUM": 3.0,
                "VBNODE": 10.0,
                "SQRNUM": 0.3,
                "FLRNUM": 0.3,
                "GBNUM": 6.3,
                "MBNUM": 0.0,
                "LWPD": 11.31,
                "SWPD": 13.98,
                "CWPD": 41.62,
                "LWAD": 2488.2,
                "SWAD": 3074.8,
                "MBWAD": 0.0,
                "PWAD": 3593.3,
                "CWAD": 9156.3,
                "LAID_LAB": 3.842
            },
            "_id": "68c445408ac547b657421842",
            "paid": "68c445408ac547b657421842"
        },
        {
            "type": "Feature",
            "geometry": {
                "type": "Polygon",
                "coordinates": [
                    [
                        [
                            -111.97142134,
                            33.06709924
                        ],
                        [
                            -111.97148675,
                            33.06709873
                        ],
                        [
                            -111.97148667,
                            33.06713481
                        ],
                        [
                            -111.97142126,
                            33.06713532
                        ],
                        [
                            -111.97142134,
                            33.06709924
                        ]
                    ]
                ]
            },
            "properties": {
                "pa_label": "p404-S12",
                "PSDATE": "2003-08-11",
                "PHTD": 0.983,
                "STDD": 12.0,
                "MSNODE": 29.0,
                "PFNODE": 5.0,
                "VBNUM": 1.0,
                "VBNODE": 2.0,
                "SQRNUM": 0.0,
                "FLRNUM": 0.3,
                "GBNUM": 7.0,
                "MBNUM": 1.0,
                "LWPD": 16.18,
                "SWPD": 16.72,
                "CWPD": 61.85,
                "LWAD": 1743.3,
                "SWAD": 1800.7,
                "MBWAD": 556.9,
                "PWAD": 3118.5,
                "CWAD": 6662.5,
                "LAID_LAB": 3.221
            },
            "_id": "68c445408ac547b657421854",
            "paid": "68c445408ac547b657421854"
        },
        {
            "type": "Feature",
            "geometry": {
                "type": "Polygon",
                "coordinates": [
                    [
                        [
                            -111.97135613,
                            33.06709809
                        ],
                        [
                            -111.97135613,
                            33.06713417
                        ],
                        [
                            -111.97129074,
                            33.06713468
                        ],
                        [
                            -111.97129079,
                            33.0670986
                        ],
                        [
                            -111.97135613,
                            33.06709809
                        ]
                    ]
                ]
            },
            "properties": {
                "pa_label": "p405-S12",
                "PSDATE": "2003-08-11",
                "PHTD": 0.575,
                "STDD": 8.3,
                "MSNODE": 12.0,
                "PFNODE": 3.0,
                "VBNUM": 1.0,
                "VBNODE": 2.0,
                "SQRNUM": 4.0,
                "FLRNUM": 0.7,
                "GBNUM": 8.7,
                "MBNUM": 0.0,
                "LWPD": 15.64,
                "SWPD": 20.39,
                "CWPD": 57.76,
                "LWAD": 3686.6,
                "SWAD": 4808.0,
                "MBWAD": 0.0,
                "PWAD": 5124.0,
                "CWAD": 13618.6,
                "LAID_LAB": 5.851
            },
            "_id": "68c445408ac547b657421866",
            "paid": "68c445408ac547b657421866"
        },
        {
            "type": "Feature",
            "geometry": {
                "type": "Polygon",
                "coordinates": [
                    [
                        [
                            -111.97116078,
                            33.06709769
                        ],
                        [
                            -111.97122634,
                            33.06709718
                        ],
                        [
                            -111.97122625,
                            33.06713325
                        ],
                        [
                            -111.9711607,
                            33.06713376
                        ],
                        [
                            -111.97116078,
                            33.06709769
                        ]
                    ]
                ]
            },
            "properties": {
                "pa_label": "p406-S12",
                "PSDATE": "2003-08-11",
                "PHTD": 0.882,
                "STDD": 11.6,
                "MSNODE": 22.0,
                "PFNODE": 9.0,
                "VBNUM": 1.0,
                "VBNODE": 6.0,
                "SQRNUM": 0.7,
                "FLRNUM": 0.3,
                "GBNUM": 16.7,
                "MBNUM": 0.0,
                "LWPD": 26.86,
                "SWPD": 30.98,
                "CWPD": 110.24,
                "LWAD": 3079.0,
                "SWAD": 3552.2,
                "MBWAD": 0.0,
                "PWAD": 6007.5,
                "CWAD": 12638.7,
                "LAID_LAB": 5.168
            },
            "_id": "68c445408ac547b657421878",
            "paid": "68c445408ac547b657421878"
        },
        {
            "type": "Feature",
            "geometry": {
                "type": "Polygon",
                "coordinates": [
                    [
                        [
                            -111.97109572,
                            33.06709658
                        ],
                        [
                            -111.97109572,
                            33.06713266
                        ],
                        [
                            -111.97103059,
                            33.06713316
                        ],
                        [
                            -111.97103061,
                            33.06709709
                        ],
                        [
                            -111.97109572,
                            33.06709658
                        ]
                    ]
                ]
            },
            "properties": {
                "pa_label": "p407-S12",
                "PSDATE": "2003-08-11",
                "PHTD": 0.75,
                "STDD": 17.8,
                "MSNODE": 18.0,
                "PFNODE": 6.0,
                "VBNUM": 3.0,
                "VBNODE": 39.0,
                "SQRNUM": 8.3,
                "FLRNUM": 2.7,
                "GBNUM": 30.3,
                "MBNUM": 2.3,
                "LWPD": 62.11,
                "SWPD": 60.46,
                "CWPD": 216.98,
                "LWAD": 3095.0,
                "SWAD": 3012.8,
                "MBWAD": 627.2,
                "PWAD": 4704.1,
                "CWAD": 10811.8,
                "LAID_LAB": 4.463
            },
            "_id": "68c445408ac547b65742188a",
            "paid": "68c445408ac547b65742188a"
        },
        {
            "type": "Feature",
            "geometry": {
                "type": "Polygon",
                "coordinates": [
                    [
                        [
                            -111.97090096,
                            33.06709603
                        ],
                        [
                            -111.97096601,
                            33.06709552
                        ],
                        [
                            -111.97096594,
                            33.0671316
                        ],
                        [
                            -111.9709009,
                            33.0671321
                        ],
                        [
                            -111.97090096,
                            33.06709603
                        ]
                    ]
                ]
            },
            "properties": {
                "pa_label": "p408-S12",
                "PSDATE": "2003-08-11",
                "PHTD": 0.621,
                "STDD": 8.4,
                "MSNODE": 18.0,
                "PFNODE": 6.0,
                "VBNUM": 0.0,
                "VBNODE": 0.0,
                "SQRNUM": 1.7,
                "FLRNUM": 0.3,
                "GBNUM": 7.3,
                "MBNUM": 0.3,
                "LWPD": 14.97,
                "SWPD": 15.75,
                "CWPD": 55.67,
                "LWAD": 1766.7,
                "SWAD": 1859.2,
                "MBWAD": 171.1,
                "PWAD": 2944.6,
                "CWAD": 6570.5,
                "LAID_LAB": 2.82
            },
            "_id": "68c445408ac547b65742189c",
            "paid": "68c445408ac547b65742189c"
        },
        {
            "type": "Feature",
            "geometry": {
                "type": "Polygon",
                "coordinates": [
                    [
                        [
                            -111.97187593,
                            33.06777126
                        ],
                        [
                            -111.97187587,
                            33.06780734
                        ],
                        [
                            -111.97181049,
                            33.06780785
                        ],
                        [
                            -111.97181058,
                            33.06777177
                        ],
                        [
                            -111.97187593,
                            33.06777126
                        ]
                    ]
                ]
            },
            "properties": {
                "pa_label": "p101-S13",
                "PSDATE": "2003-08-18",
                "PHTD": 0.802,
                "STDD": 10.1,
                "MSNODE": 20.0,
                "PFNODE": 4.0,
                "VBNUM": 2.0,
                "VBNODE": 13.0,
                "SQRNUM": 5.0,
                "FLRNUM": 1.3,
                "GBNUM": 29.3,
                "MBNUM": 2.7
            },
            "_id": "68c445408ac547b65742166f",
            "paid": "68c445408ac547b65742166f"
        },
        {
            "type": "Feature",
            "geometry": {
                "type": "Polygon",
                "coordinates": [
                    [
                        [
                            -111.97168048,
                            33.06777095
                        ],
                        [
                            -111.97174565,
                            33.06777045
                        ],
                        [
                            -111.9717456,
                            33.06780652
                        ],
                        [
                            -111.97168043,
                            33.06780703
                        ],
                        [
                            -111.97168048,
                            33.06777095
                        ]
                    ]
                ]
            },
            "properties": {
                "pa_label": "p102-S13",
                "PSDATE": "2003-08-18",
                "PHTD": 0.778,
                "STDD": 15.1,
                "MSNODE": 24.0,
                "PFNODE": 6.0,
                "VBNUM": 2.0,
                "VBNODE": 31.0,
                "SQRNUM": 4.7,
                "FLRNUM": 1.7,
                "GBNUM": 13.7,
                "MBNUM": 2.3
            },
            "_id": "68c445408ac547b657421681",
            "paid": "68c445408ac547b657421681"
        },
        {
            "type": "Feature",
            "geometry": {
                "type": "Polygon",
                "coordinates": [
                    [
                        [
                            -111.97161533,
                            33.06776968
                        ],
                        [
                            -111.97161529,
                            33.06780576
                        ],
                        [
                            -111.97155009,
                            33.06780627
                        ],
                        [
                            -111.97155013,
                            33.06777019
                        ],
                        [
                            -111.97161533,
                            33.06776968
                        ]
                    ]
                ]
            },
            "properties": {
                "pa_label": "p103-S13",
                "PSDATE": "2003-08-18",
                "PHTD": 0.737,
                "STDD": 11.4,
                "MSNODE": 19.0,
                "PFNODE": 5.0,
                "VBNUM": 5.0,
                "VBNODE": 17.0,
                "SQRNUM": 0.7,
                "FLRNUM": 0.0,
                "GBNUM": 8.7,
                "MBNUM": 0.3
            },
            "_id": "68c445408ac547b657421693",
            "paid": "68c445408ac547b657421693"
        },
        {
            "type": "Feature",
            "geometry": {
                "type": "Polygon",
                "coordinates": [
                    [
                        [
                            -111.97148529,
                            33.06776917
                        ],
                        [
                            -111.97148519,
                            33.06780525
                        ],
                        [
                            -111.9714195,
                            33.06780576
                        ],
                        [
                            -111.97141966,
                            33.06776969
                        ],
                        [
                            -111.97148529,
                            33.06776917
                        ]
                    ]
                ]
            },
            "properties": {
                "pa_label": "p104-S13",
                "PSDATE": "2003-08-18",
                "PHTD": 0.94,
                "STDD": 13.7,
                "MSNODE": 22.0,
                "PFNODE": 5.0,
                "VBNUM": 0.0,
                "VBNODE": 0.0,
                "SQRNUM": 1.7,
                "FLRNUM": 0.3,
                "GBNUM": 10.3,
                "MBNUM": 0.3
            },
            "_id": "68c445408ac547b6574216a5",
            "paid": "68c445408ac547b6574216a5"
        },
        {
            "type": "Feature",
            "geometry": {
                "type": "Polygon",
                "coordinates": [
                    [
                        [
                            -111.97128944,
                            33.0677683
                        ],
                        [
                            -111.97135489,
                            33.06776779
                        ],
                        [
                            -111.97135482,
                            33.06780387
                        ],
                        [
                            -111.97128937,
                            33.06780438
                        ],
                        [
                            -111.97128944,
                            33.0677683
                        ]
                    ]
                ]
            },
            "properties": {
                "pa_label": "p105-S13",
                "PSDATE": "2003-08-18",
                "PHTD": 0.935,
                "STDD": 12.1,
                "MSNODE": 22.0,
                "PFNODE": 9.0,
                "VBNUM": 6.0,
                "VBNODE": 6.0,
                "SQRNUM": 0.0,
                "FLRNUM": 0.0,
                "GBNUM": 12.0,
                "MBNUM": 0.0
            },
            "_id": "68c445408ac547b6574216b7",
            "paid": "68c445408ac547b6574216b7"
        },
        {
            "type": "Feature",
            "geometry": {
                "type": "Polygon",
                "coordinates": [
                    [
                        [
                            -111.97122492,
                            33.06776681
                        ],
                        [
                            -111.97122485,
                            33.06780289
                        ],
                        [
                            -111.97115941,
                            33.0678034
                        ],
                        [
                            -111.97115949,
                            33.06776732
                        ],
                        [
                            -111.97122492,
                            33.06776681
                        ]
                    ]
                ]
            },
            "properties": {
                "pa_label": "p106-S13",
                "PSDATE": "2003-08-18",
                "PHTD": 0.805,
                "STDD": 12.6,
                "MSNODE": 16.0,
                "PFNODE": 7.0,
                "VBNUM": 3.0,
                "VBNODE": 28.0,
                "SQRNUM": 2.3,
                "FLRNUM": 0.0,
                "GBNUM": 17.0,
                "MBNUM": 1.0
            },
            "_id": "68c445408ac547b6574216c9",
            "paid": "68c445408ac547b6574216c9"
        },
        {
            "type": "Feature",
            "geometry": {
                "type": "Polygon",
                "coordinates": [
                    [
                        [
                            -111.97109558,
                            33.06776662
                        ],
                        [
                            -111.97109559,
                            33.0678027
                        ],
                        [
                            -111.97102967,
                            33.06780321
                        ],
                        [
                            -111.9710298,
                            33.06776713
                        ],
                        [
                            -111.97109558,
                            33.06776662
                        ]
                    ]
                ]
            },
            "properties": {
                "pa_label": "p107-S13",
                "PSDATE": "2003-08-18",
                "PHTD": 0.773,
                "STDD": 7.8,
                "MSNODE": 18.0,
                "PFNODE": 10.0,
                "VBNUM": 1.0,
                "VBNODE": 0.0,
                "SQRNUM": 0.7,
                "FLRNUM": 0.3,
                "GBNUM": 8.7,
                "MBNUM": 0.3
            },
            "_id": "68c445408ac547b6574216db",
            "paid": "68c445408ac547b6574216db"
        },
        {
            "type": "Feature",
            "geometry": {
                "type": "Polygon",
                "coordinates": [
                    [
                        [
                            -111.97096537,
                            33.06776524
                        ],
                        [
                            -111.97096535,
                            33.06780131
                        ],
                        [
                            -111.97090004,
                            33.06780182
                        ],
                        [
                            -111.97090025,
                            33.06776575
                        ],
                        [
                            -111.97096537,
                            33.06776524
                        ]
                    ]
                ]
            },
            "properties": {
                "pa_label": "p108-S13",
                "PSDATE": "2003-08-18",
                "PHTD": 0.965,
                "STDD": 10.6,
                "MSNODE": 19.0,
                "PFNODE": 6.0,
                "VBNUM": 1.0,
                "VBNODE": 2.0,
                "SQRNUM": 3.3,
                "FLRNUM": 0.3,
                "GBNUM": 15.7,
                "MBNUM": 0.7
            },
            "_id": "68c445408ac547b6574216ed",
            "paid": "68c445408ac547b6574216ed"
        },
        {
            "type": "Feature",
            "geometry": {
                "type": "Polygon",
                "coordinates": [
                    [
                        [
                            -111.97187636,
                            33.06757231
                        ],
                        [
                            -111.97187629,
                            33.06760839
                        ],
                        [
                            -111.97181097,
                            33.06760889
                        ],
                        [
                            -111.97181104,
                            33.06757282
                        ],
                        [
                            -111.97187636,
                            33.06757231
                        ]
                    ]
                ]
            },
            "properties": {
                "pa_label": "p201-S13",
                "PSDATE": "2003-08-18",
                "PHTD": 0.893,
                "STDD": 10.6,
                "MSNODE": 27.0,
                "PFNODE": 4.0,
                "VBNUM": 2.0,
                "VBNODE": 3.0,
                "SQRNUM": 0.3,
                "FLRNUM": 0.7,
                "GBNUM": 5.7,
                "MBNUM": 0.7
            },
            "_id": "68c445408ac547b6574216ff",
            "paid": "68c445408ac547b6574216ff"
        },
        {
            "type": "Feature",
            "geometry": {
                "type": "Polygon",
                "coordinates": [
                    [
                        [
                            -111.97174604,
                            33.06757132
                        ],
                        [
                            -111.97174589,
                            33.0676074
                        ],
                        [
                            -111.97168063,
                            33.06760791
                        ],
                        [
                            -111.97168092,
                            33.06757183
                        ],
                        [
                            -111.97174604,
                            33.06757132
                        ]
                    ]
                ]
            },
            "properties": {
                "pa_label": "p202-S13",
                "PSDATE": "2003-08-18",
                "PHTD": 0.998,
                "STDD": 19.0,
                "MSNODE": 23.0,
                "PFNODE": 6.0,
                "VBNUM": 2.0,
                "VBNODE": 27.0,
                "SQRNUM": 13.3,
                "FLRNUM": 0.0,
                "GBNUM": 21.3,
                "MBNUM": 0.3
            },
            "_id": "68c445408ac547b657421711",
            "paid": "68c445408ac547b657421711"
        },
        {
            "type": "Feature",
            "geometry": {
                "type": "Polygon",
                "coordinates": [
                    [
                        [
                            -111.97155004,
                            33.06757057
                        ],
                        [
                            -111.97161523,
                            33.06757007
                        ],
                        [
                            -111.97161508,
                            33.06760614
                        ],
                        [
                            -111.97155011,
                            33.06760665
                        ],
                        [
                            -111.97155004,
                            33.06757057
                        ]
                    ]
                ]
            },
            "properties": {
                "pa_label": "p203-S13",
                "PSDATE": "2003-08-18",
                "PHTD": 0.86,
                "STDD": 11.4,
                "MSNODE": 18.0,
                "PFNODE": 5.0,
                "VBNUM": 1.0,
                "VBNODE": 14.0,
                "SQRNUM": 24.3,
                "FLRNUM": 0.0,
                "GBNUM": 26.0,
                "MBNUM": 1.3
            },
            "_id": "68c445408ac547b657421723",
            "paid": "68c445408ac547b657421723"
        },
        {
            "type": "Feature",
            "geometry": {
                "type": "Polygon",
                "coordinates": [
                    [
                        [
                            -111.9714203,
                            33.06756971
                        ],
                        [
                            -111.97148582,
                            33.0675692
                        ],
                        [
                            -111.97148572,
                            33.06760528
                        ],
                        [
                            -111.97142021,
                            33.06760579
                        ],
                        [
                            -111.9714203,
                            33.06756971
                        ]
                    ]
                ]
            },
            "properties": {
                "pa_label": "p204-S13",
                "PSDATE": "2003-08-18",
                "PHTD": 1.006,
                "STDD": 11.9,
                "MSNODE": 19.0,
                "PFNODE": 7.0,
                "VBNUM": 3.0,
                "VBNODE": 6.0,
                "SQRNUM": 0.7,
                "FLRNUM": 0.3,
                "GBNUM": 10.0,
                "MBNUM": 1.0
            },
            "_id": "68c445408ac547b657421735",
            "paid": "68c445408ac547b657421735"
        },
        {
            "type": "Feature",
            "geometry": {
                "type": "Polygon",
                "coordinates": [
                    [
                        [
                            -111.97135527,
                            33.06756811
                        ],
                        [
                            -111.97135526,
                            33.06760418
                        ],
                        [
                            -111.97128981,
                            33.06760469
                        ],
                        [
                            -111.9712899,
                            33.06756862
                        ],
                        [
                            -111.97135527,
                            33.06756811
                        ]
                    ]
                ]
            },
            "properties": {
                "pa_label": "p205-S13",
                "PSDATE": "2003-08-18",
                "PHTD": 1.005,
                "STDD": 11.1,
                "MSNODE": 19.0,
                "PFNODE": 4.0,
                "VBNUM": 1.0,
                "VBNODE": 9.0,
                "SQRNUM": 19.7,
                "FLRNUM": 1.7,
                "GBNUM": 28.0,
                "MBNUM": 0.0
            },
            "_id": "68c445408ac547b657421747",
            "paid": "68c445408ac547b657421747"
        },
        {
            "type": "Feature",
            "geometry": {
                "type": "Polygon",
                "coordinates": [
                    [
                        [
                            -111.97115981,
                            33.06756766
                        ],
                        [
                            -111.9712253,
                            33.06756715
                        ],
                        [
                            -111.97122523,
                            33.06760323
                        ],
                        [
                            -111.97115975,
                            33.06760374
                        ],
                        [
                            -111.97115981,
                            33.06756766
                        ]
                    ]
                ]
            },
            "properties": {
                "pa_label": "p206-S13",
                "PSDATE": "2003-08-18",
                "PHTD": 0.732,
                "STDD": 13.4,
                "MSNODE": 23.0,
                "PFNODE": 5.0,
                "VBNUM": 5.0,
                "VBNODE": 37.0,
                "SQRNUM": 5.7,
                "FLRNUM": 0.3,
                "GBNUM": 16.7,
                "MBNUM": 3.0
            },
            "_id": "68c445408ac547b657421759",
            "paid": "68c445408ac547b657421759"
        },
        {
            "type": "Feature",
            "geometry": {
                "type": "Polygon",
                "coordinates": [
                    [
                        [
                            -111.97109537,
                            33.06756618
                        ],
                        [
                            -111.97109539,
                            33.06760225
                        ],
                        [
                            -111.9710302,
                            33.06760276
                        ],
                        [
                            -111.97103019,
                            33.06756668
                        ],
                        [
                            -111.97109537,
                            33.06756618
                        ]
                    ]
                ]
            },
            "properties": {
                "pa_label": "p207-S13",
                "PSDATE": "2003-08-18",
                "PHTD": 0.783,
                "STDD": 11.7,
                "MSNODE": 21.0,
                "PFNODE": 4.0,
                "VBNUM": 3.0,
                "VBNODE": 18.0,
                "SQRNUM": 0.0,
                "FLRNUM": 0.0,
                "GBNUM": 15.7,
                "MBNUM": 0.7
            },
            "_id": "68c445408ac547b65742176b",
            "paid": "68c445408ac547b65742176b"
        },
        {
            "type": "Feature",
            "geometry": {
                "type": "Polygon",
                "coordinates": [
                    [
                        [
                            -111.97096531,
                            33.0675651
                        ],
                        [
                            -111.97096521,
                            33.06760118
                        ],
                        [
                            -111.97090006,
                            33.06760169
                        ],
                        [
                            -111.97090018,
                            33.06756561
                        ],
                        [
                            -111.97096531,
                            33.0675651
                        ]
                    ]
                ]
            },
            "properties": {
                "pa_label": "p208-S13",
                "PSDATE": "2003-08-18",
                "PHTD": 0.773,
                "STDD": 12.9,
                "MSNODE": 19.0,
                "PFNODE": 2.0,
                "VBNUM": 1.0,
                "VBNODE": 5.0,
                "SQRNUM": 1.7,
                "FLRNUM": 0.0,
                "GBNUM": 15.7,
                "MBNUM": 2.3
            },
            "_id": "68c445408ac547b65742177d",
            "paid": "68c445408ac547b65742177d"
        },
        {
            "type": "Feature",
            "geometry": {
                "type": "Polygon",
                "coordinates": [
                    [
                        [
                            -111.97187688,
                            33.06730302
                        ],
                        [
                            -111.97187683,
                            33.0673391
                        ],
                        [
                            -111.97181172,
                            33.0673396
                        ],
                        [
                            -111.97181177,
                            33.06730353
                        ],
                        [
                            -111.97187688,
                            33.06730302
                        ]
                    ]
                ]
            },
            "properties": {
                "pa_label": "p301-S13",
                "PSDATE": "2003-08-18",
                "PHTD": 0.784,
                "STDD": 11.5,
                "MSNODE": 15.0,
                "PFNODE": 8.0,
                "VBNUM": 3.0,
                "VBNODE": 12.0,
                "SQRNUM": 0.0,
                "FLRNUM": 0.0,
                "GBNUM": 9.0,
                "MBNUM": 0.0
            },
            "_id": "68c445408ac547b65742178f",
            "paid": "68c445408ac547b65742178f"
        },
        {
            "type": "Feature",
            "geometry": {
                "type": "Polygon",
                "coordinates": [
                    [
                        [
                            -111.9717462,
                            33.06730236
                        ],
                        [
                            -111.97174612,
                            33.06733844
                        ],
                        [
                            -111.9716806,
                            33.06733895
                        ],
                        [
                            -111.97168072,
                            33.06730287
                        ],
                        [
                            -111.9717462,
                            33.06730236
                        ]
                    ]
                ]
            },
            "properties": {
                "pa_label": "p302-S13",
                "PSDATE": "2003-08-18",
                "PHTD": 0.761,
                "STDD": 10.8,
                "MSNODE": 17.0,
                "PFNODE": 5.0,
                "VBNUM": 1.0,
                "VBNODE": 12.0,
                "SQRNUM": 1.7,
                "FLRNUM": 0.0,
                "GBNUM": 10.0,
                "MBNUM": 0.3
            },
            "_id": "68c445408ac547b6574217a1",
            "paid": "68c445408ac547b6574217a1"
        },
        {
            "type": "Feature",
            "geometry": {
                "type": "Polygon",
                "coordinates": [
                    [
                        [
                            -111.97161629,
                            33.06730059
                        ],
                        [
                            -111.97161636,
                            33.06733666
                        ],
                        [
                            -111.9715507,
                            33.06733718
                        ],
                        [
                            -111.97155072,
                            33.0673011
                        ],
                        [
                            -111.97161629,
                            33.06730059
                        ]
                    ]
                ]
            },
            "properties": {
                "pa_label": "p303-S13",
                "PSDATE": "2003-08-18",
                "PHTD": 0.78,
                "STDD": 13.5,
                "MSNODE": 21.0,
                "PFNODE": 4.0,
                "VBNUM": 3.0,
                "VBNODE": 19.0,
                "SQRNUM": 11.3,
                "FLRNUM": 0.7,
                "GBNUM": 18.7,
                "MBNUM": 2.0
            },
            "_id": "68c445408ac547b6574217b3",
            "paid": "68c445408ac547b6574217b3"
        },
        {
            "type": "Feature",
            "geometry": {
                "type": "Polygon",
                "coordinates": [
                    [
                        [
                            -111.97142099,
                            33.06730122
                        ],
                        [
                            -111.97148642,
                            33.06730071
                        ],
                        [
                            -111.97148637,
                            33.06733679
                        ],
                        [
                            -111.97142098,
                            33.06733729
                        ],
                        [
                            -111.97142099,
                            33.06730122
                        ]
                    ]
                ]
            },
            "properties": {
                "pa_label": "p304-S13",
                "PSDATE": "2003-08-18",
                "PHTD": 0.899,
                "STDD": 14.6,
                "MSNODE": 21.0,
                "PFNODE": 2.0,
                "VBNUM": 1.0,
                "VBNODE": 13.0,
                "SQRNUM": 0.0,
                "FLRNUM": 1.3,
                "GBNUM": 25.7,
                "MBNUM": 3.0
            },
            "_id": "68c445408ac547b6574217c5",
            "paid": "68c445408ac547b6574217c5"
        },
        {
            "type": "Feature",
            "geometry": {
                "type": "Polygon",
                "coordinates": [
                    [
                        [
                            -111.97135578,
                            33.06729995
                        ],
                        [
                            -111.97135575,
                            33.06733603
                        ],
                        [
                            -111.97129027,
                            33.06733654
                        ],
                        [
                            -111.97129031,
                            33.06730046
                        ],
                        [
                            -111.97135578,
                            33.06729995
                        ]
                    ]
                ]
            },
            "properties": {
                "pa_label": "p305-S13",
                "PSDATE": "2003-08-18",
                "PHTD": 0.861,
                "STDD": 8.9,
                "MSNODE": 16.0,
                "PFNODE": 3.0,
                "VBNUM": 2.0,
                "VBNODE": 5.0,
                "SQRNUM": 0.0,
                "FLRNUM": 0.0,
                "GBNUM": 1.0,
                "MBNUM": 0.3
            },
            "_id": "68c445408ac547b6574217d7",
            "paid": "68c445408ac547b6574217d7"
        },
        {
            "type": "Feature",
            "geometry": {
                "type": "Polygon",
                "coordinates": [
                    [
                        [
                            -111.97116049,
                            33.0672995
                        ],
                        [
                            -111.97122594,
                            33.06729899
                        ],
                        [
                            -111.9712259,
                            33.06733507
                        ],
                        [
                            -111.97116045,
                            33.06733558
                        ],
                        [
                            -111.97116049,
                            33.0672995
                        ]
                    ]
                ]
            },
            "properties": {
                "pa_label": "p306-S13",
                "PSDATE": "2003-08-18",
                "PHTD": 1.148,
                "STDD": 16.9,
                "MSNODE": 27.0,
                "PFNODE": 4.0,
                "VBNUM": 2.0,
                "VBNODE": 18.0,
                "SQRNUM": 4.3,
                "FLRNUM": 1.0,
                "GBNUM": 13.3,
                "MBNUM": 0.0
            },
            "_id": "68c445408ac547b6574217e9",
            "paid": "68c445408ac547b6574217e9"
        },
        {
            "type": "Feature",
            "geometry": {
                "type": "Polygon",
                "coordinates": [
                    [
                        [
                            -111.97109568,
                            33.06729819
                        ],
                        [
                            -111.97109568,
                            33.06733426
                        ],
                        [
                            -111.97103033,
                            33.06733477
                        ],
                        [
                            -111.97103036,
                            33.0672987
                        ],
                        [
                            -111.97109568,
                            33.06729819
                        ]
                    ]
                ]
            },
            "properties": {
                "pa_label": "p307-S13",
                "PSDATE": "2003-08-18",
                "PHTD": 0.898,
                "STDD": 11.4,
                "MSNODE": 22.0,
                "PFNODE": 6.0,
                "VBNUM": 1.0,
                "VBNODE": 6.0,
                "SQRNUM": 8.0,
                "FLRNUM": 0.3,
                "GBNUM": 19.3,
                "MBNUM": 1.3
            },
            "_id": "68c445408ac547b6574217fb",
            "paid": "68c445408ac547b6574217fb"
        },
        {
            "type": "Feature",
            "geometry": {
                "type": "Polygon",
                "coordinates": [
                    [
                        [
                            -111.97090064,
                            33.06729787
                        ],
                        [
                            -111.97096582,
                            33.06729737
                        ],
                        [
                            -111.97096575,
                            33.06733344
                        ],
                        [
                            -111.97090057,
                            33.06733395
                        ],
                        [
                            -111.97090064,
                            33.06729787
                        ]
                    ]
                ]
            },
            "properties": {
                "pa_label": "p308-S13",
                "PSDATE": "2003-08-18",
                "PHTD": 0.683,
                "STDD": 7.7,
                "MSNODE": 16.0,
                "PFNODE": 9.0,
                "VBNUM": 1.0,
                "VBNODE": 1.0,
                "SQRNUM": 1.0,
                "FLRNUM": 0.0,
                "GBNUM": 4.7,
                "MBNUM": 0.3
            },
            "_id": "68c445408ac547b65742180d",
            "paid": "68c445408ac547b65742180d"
        },
        {
            "type": "Feature",
            "geometry": {
                "type": "Polygon",
                "coordinates": [
                    [
                        [
                            -111.97187724,
                            33.06710108
                        ],
                        [
                            -111.97187714,
                            33.06713716
                        ],
                        [
                            -111.97181187,
                            33.06713767
                        ],
                        [
                            -111.971812,
                            33.06710159
                        ],
                        [
                            -111.97187724,
                            33.06710108
                        ]
                    ]
                ]
            },
            "properties": {
                "pa_label": "p401-S13",
                "PSDATE": "2003-08-18",
                "PHTD": 0.93,
                "STDD": 13.4,
                "MSNODE": 25.0,
                "PFNODE": 6.0,
                "VBNUM": 2.0,
                "VBNODE": 12.0,
                "SQRNUM": 10.3,
                "FLRNUM": 2.3,
                "GBNUM": 13.7,
                "MBNUM": 0.3
            },
            "_id": "68c445408ac547b65742181f",
            "paid": "68c445408ac547b65742181f"
        },
        {
            "type": "Feature",
            "geometry": {
                "type": "Polygon",
                "coordinates": [
                    [
                        [
                            -111.97168138,
                            33.06710081
                        ],
                        [
                            -111.97174663,
                            33.06710031
                        ],
                        [
                            -111.97174658,
                            33.06713638
                        ],
                        [
                            -111.97168137,
                            33.06713689
                        ],
                        [
                            -111.97168138,
                            33.06710081
                        ]
                    ]
                ]
            },
            "properties": {
                "pa_label": "p402-S13",
                "PSDATE": "2003-08-18",
                "PHTD": 0.911,
                "STDD": 13.2,
                "MSNODE": 26.0,
                "PFNODE": 4.0,
                "VBNUM": 1.0,
                "VBNODE": 3.0,
                "SQRNUM": 5.0,
                "FLRNUM": 0.0,
                "GBNUM": 11.0,
                "MBNUM": 1.7
            },
            "_id": "68c445408ac547b657421831",
            "paid": "68c445408ac547b657421831"
        },
        {
            "type": "Feature",
            "geometry": {
                "type": "Polygon",
                "coordinates": [
                    [
                        [
                            -111.97161609,
                            33.0670997
                        ],
                        [
                            -111.97161607,
                            33.06713577
                        ],
                        [
                            -111.97155092,
                            33.06713628
                        ],
                        [
                            -111.97155096,
                            33.0671002
                        ],
                        [
                            -111.97161609,
                            33.0670997
                        ]
                    ]
                ]
            },
            "properties": {
                "pa_label": "p403-S13",
                "PSDATE": "2003-08-18",
                "PHTD": 0.636,
                "STDD": 8.7,
                "MSNODE": 19.0,
                "PFNODE": 9.0,
                "VBNUM": 3.0,
                "VBNODE": 4.0,
                "SQRNUM": 0.0,
                "FLRNUM": 0.0,
                "GBNUM": 4.7,
                "MBNUM": 0.7
            },
            "_id": "68c445408ac547b657421843",
            "paid": "68c445408ac547b657421843"
        },
        {
            "type": "Feature",
            "geometry": {
                "type": "Polygon",
                "coordinates": [
                    [
                        [
                            -111.97142134,
                            33.06709924
                        ],
                        [
                            -111.97148675,
                            33.06709873
                        ],
                        [
                            -111.97148667,
                            33.06713481
                        ],
                        [
                            -111.97142126,
                            33.06713532
                        ],
                        [
                            -111.97142134,
                            33.06709924
                        ]
                    ]
                ]
            },
            "properties": {
                "pa_label": "p404-S13",
                "PSDATE": "2003-08-18",
                "PHTD": 0.918,
                "STDD": 13.7,
                "MSNODE": 22.0,
                "PFNODE": 4.0,
                "VBNUM": 3.0,
                "VBNODE": 7.0,
                "SQRNUM": 0.7,
                "FLRNUM": 0.3,
                "GBNUM": 16.3,
                "MBNUM": 1.7
            },
            "_id": "68c445408ac547b657421855",
            "paid": "68c445408ac547b657421855"
        },
        {
            "type": "Feature",
            "geometry": {
                "type": "Polygon",
                "coordinates": [
                    [
                        [
                            -111.97135613,
                            33.06709809
                        ],
                        [
                            -111.97135613,
                            33.06713417
                        ],
                        [
                            -111.97129074,
                            33.06713468
                        ],
                        [
                            -111.97129079,
                            33.0670986
                        ],
                        [
                            -111.97135613,
                            33.06709809
                        ]
                    ]
                ]
            },
            "properties": {
                "pa_label": "p405-S13",
                "PSDATE": "2003-08-18",
                "PHTD": 0.74,
                "STDD": 9.1,
                "MSNODE": 21.0,
                "PFNODE": 4.0,
                "VBNUM": 0.0,
                "VBNODE": 0.0,
                "SQRNUM": 1.3,
                "FLRNUM": 0.0,
                "GBNUM": 6.3,
                "MBNUM": 0.0
            },
            "_id": "68c445408ac547b657421867",
            "paid": "68c445408ac547b657421867"
        },
        {
            "type": "Feature",
            "geometry": {
                "type": "Polygon",
                "coordinates": [
                    [
                        [
                            -111.97116078,
                            33.06709769
                        ],
                        [
                            -111.97122634,
                            33.06709718
                        ],
                        [
                            -111.97122625,
                            33.06713325
                        ],
                        [
                            -111.9711607,
                            33.06713376
                        ],
                        [
                            -111.97116078,
                            33.06709769
                        ]
                    ]
                ]
            },
            "properties": {
                "pa_label": "p406-S13",
                "PSDATE": "2003-08-18",
                "PHTD": 1.235,
                "STDD": 16.4,
                "MSNODE": 25.0,
                "PFNODE": 3.0,
                "VBNUM": 2.0,
                "VBNODE": 16.0,
                "SQRNUM": 5.7,
                "FLRNUM": 1.0,
                "GBNUM": 15.3,
                "MBNUM": 0.3
            },
            "_id": "68c445408ac547b657421879",
            "paid": "68c445408ac547b657421879"
        },
        {
            "type": "Feature",
            "geometry": {
                "type": "Polygon",
                "coordinates": [
                    [
                        [
                            -111.97109572,
                            33.06709658
                        ],
                        [
                            -111.97109572,
                            33.06713266
                        ],
                        [
                            -111.97103059,
                            33.06713316
                        ],
                        [
                            -111.97103061,
                            33.06709709
                        ],
                        [
                            -111.97109572,
                            33.06709658
                        ]
                    ]
                ]
            },
            "properties": {
                "pa_label": "p407-S13",
                "PSDATE": "2003-08-18",
                "PHTD": 1.042,
                "STDD": 15.4,
                "MSNODE": 26.0,
                "PFNODE": 2.0,
                "VBNUM": 4.0,
                "VBNODE": 38.0,
                "SQRNUM": 17.7,
                "FLRNUM": 0.7,
                "GBNUM": 14.0,
                "MBNUM": 0.0
            },
            "_id": "68c445408ac547b65742188b",
            "paid": "68c445408ac547b65742188b"
        },
        {
            "type": "Feature",
            "geometry": {
                "type": "Polygon",
                "coordinates": [
                    [
                        [
                            -111.97090096,
                            33.06709603
                        ],
                        [
                            -111.97096601,
                            33.06709552
                        ],
                        [
                            -111.97096594,
                            33.0671316
                        ],
                        [
                            -111.9709009,
                            33.0671321
                        ],
                        [
                            -111.97090096,
                            33.06709603
                        ]
                    ]
                ]
            },
            "properties": {
                "pa_label": "p408-S13",
                "PSDATE": "2003-08-18",
                "PHTD": 0.684,
                "STDD": 8.6,
                "MSNODE": 19.0,
                "PFNODE": 6.0,
                "VBNUM": 1.0,
                "VBNODE": 6.0,
                "SQRNUM": 0.0,
                "FLRNUM": 0.0,
                "GBNUM": 6.7,
                "MBNUM": 1.0
            },
            "_id": "68c445408ac547b65742189d",
            "paid": "68c445408ac547b65742189d"
        },
        {
            "type": "Feature",
            "geometry": {
                "type": "Polygon",
                "coordinates": [
                    [
                        [
                            -111.97187593,
                            33.06777126
                        ],
                        [
                            -111.97187587,
                            33.06780734
                        ],
                        [
                            -111.97181049,
                            33.06780785
                        ],
                        [
                            -111.97181058,
                            33.06777177
                        ],
                        [
                            -111.97187593,
                            33.06777126
                        ]
                    ]
                ]
            },
            "properties": {
                "pa_label": "p101-S14",
                "PSDATE": "2003-08-25",
                "PHTD": 0.897,
                "STDD": 16.0,
                "MSNODE": 30.0,
                "PFNODE": 6.0,
                "VBNUM": 3.0,
                "VBNODE": 23.0,
                "SQRNUM": 13.0,
                "FLRNUM": 0.0,
                "GBNUM": 20.7,
                "MBNUM": 9.7
            },
            "_id": "68c445408ac547b657421670",
            "paid": "68c445408ac547b657421670"
        },
        {
            "type": "Feature",
            "geometry": {
                "type": "Polygon",
                "coordinates": [
                    [
                        [
                            -111.97168048,
                            33.06777095
                        ],
                        [
                            -111.97174565,
                            33.06777045
                        ],
                        [
                            -111.9717456,
                            33.06780652
                        ],
                        [
                            -111.97168043,
                            33.06780703
                        ],
                        [
                            -111.97168048,
                            33.06777095
                        ]
                    ]
                ]
            },
            "properties": {
                "pa_label": "p102-S14",
                "PSDATE": "2003-08-25",
                "PHTD": 0.685,
                "STDD": 12.8,
                "MSNODE": 23.0,
                "PFNODE": 5.0,
                "VBNUM": 4.0,
                "VBNODE": 33.0,
                "SQRNUM": 1.7,
                "FLRNUM": 0.0,
                "GBNUM": 10.7,
                "MBNUM": 2.0
            },
            "_id": "68c445408ac547b657421682",
            "paid": "68c445408ac547b657421682"
        },
        {
            "type": "Feature",
            "geometry": {
                "type": "Polygon",
                "coordinates": [
                    [
                        [
                            -111.97161533,
                            33.06776968
                        ],
                        [
                            -111.97161529,
                            33.06780576
                        ],
                        [
                            -111.97155009,
                            33.06780627
                        ],
                        [
                            -111.97155013,
                            33.06777019
                        ],
                        [
                            -111.97161533,
                            33.06776968
                        ]
                    ]
                ]
            },
            "properties": {
                "pa_label": "p103-S14",
                "PSDATE": "2003-08-25",
                "PHTD": 0.796,
                "STDD": 7.5,
                "MSNODE": 21.0,
                "PFNODE": 9.0,
                "VBNUM": 2.0,
                "VBNODE": 4.0,
                "SQRNUM": 4.0,
                "FLRNUM": 0.0,
                "GBNUM": 6.0,
                "MBNUM": 0.0
            },
            "_id": "68c445408ac547b657421694",
            "paid": "68c445408ac547b657421694"
        },
        {
            "type": "Feature",
            "geometry": {
                "type": "Polygon",
                "coordinates": [
                    [
                        [
                            -111.97148529,
                            33.06776917
                        ],
                        [
                            -111.97148519,
                            33.06780525
                        ],
                        [
                            -111.9714195,
                            33.06780576
                        ],
                        [
                            -111.97141966,
                            33.06776969
                        ],
                        [
                            -111.97148529,
                            33.06776917
                        ]
                    ]
                ]
            },
            "properties": {
                "pa_label": "p104-S14",
                "PSDATE": "2003-08-25",
                "PHTD": 0.882,
                "STDD": 9.5,
                "MSNODE": 18.0,
                "PFNODE": 4.0,
                "VBNUM": 2.0,
                "VBNODE": 7.0,
                "SQRNUM": 0.0,
                "FLRNUM": 1.0,
                "GBNUM": 5.7,
                "MBNUM": 1.3
            },
            "_id": "68c445408ac547b6574216a6",
            "paid": "68c445408ac547b6574216a6"
        },
        {
            "type": "Feature",
            "geometry": {
                "type": "Polygon",
                "coordinates": [
                    [
                        [
                            -111.97128944,
                            33.0677683
                        ],
                        [
                            -111.97135489,
                            33.06776779
                        ],
                        [
                            -111.97135482,
                            33.06780387
                        ],
                        [
                            -111.97128937,
                            33.06780438
                        ],
                        [
                            -111.97128944,
                            33.0677683
                        ]
                    ]
                ]
            },
            "properties": {
                "pa_label": "p105-S14",
                "PSDATE": "2003-08-25",
                "PHTD": 0.85,
                "STDD": 8.1,
                "MSNODE": 20.0,
                "PFNODE": 2.0,
                "VBNUM": 2.0,
                "VBNODE": 2.0,
                "SQRNUM": 1.0,
                "FLRNUM": 0.0,
                "GBNUM": 8.0,
                "MBNUM": 0.3
            },
            "_id": "68c445408ac547b6574216b8",
            "paid": "68c445408ac547b6574216b8"
        },
        {
            "type": "Feature",
            "geometry": {
                "type": "Polygon",
                "coordinates": [
                    [
                        [
                            -111.97122492,
                            33.06776681
                        ],
                        [
                            -111.97122485,
                            33.06780289
                        ],
                        [
                            -111.97115941,
                            33.0678034
                        ],
                        [
                            -111.97115949,
                            33.06776732
                        ],
                        [
                            -111.97122492,
                            33.06776681
                        ]
                    ]
                ]
            },
            "properties": {
                "pa_label": "p106-S14",
                "PSDATE": "2003-08-25",
                "PHTD": 1.04,
                "STDD": 13.6,
                "MSNODE": 25.0,
                "PFNODE": 6.0,
                "VBNUM": 1.0,
                "VBNODE": 15.0,
                "SQRNUM": 3.0,
                "FLRNUM": 0.3,
                "GBNUM": 12.7,
                "MBNUM": 3.0
            },
            "_id": "68c445408ac547b6574216ca",
            "paid": "68c445408ac547b6574216ca"
        },
        {
            "type": "Feature",
            "geometry": {
                "type": "Polygon",
                "coordinates": [
                    [
                        [
                            -111.97109558,
                            33.06776662
                        ],
                        [
                            -111.97109559,
                            33.0678027
                        ],
                        [
                            -111.97102967,
                            33.06780321
                        ],
                        [
                            -111.9710298,
                            33.06776713
                        ],
                        [
                            -111.97109558,
                            33.06776662
                        ]
                    ]
                ]
            },
            "properties": {
                "pa_label": "p107-S14",
                "PSDATE": "2003-08-25",
                "PHTD": 0.892,
                "STDD": 12.1,
                "MSNODE": 26.0,
                "PFNODE": 8.0,
                "VBNUM": 1.0,
                "VBNODE": 8.0,
                "SQRNUM": 0.3,
                "FLRNUM": 0.3,
                "GBNUM": 10.3,
                "MBNUM": 2.7
            },
            "_id": "68c445408ac547b6574216dc",
            "paid": "68c445408ac547b6574216dc"
        },
        {
            "type": "Feature",
            "geometry": {
                "type": "Polygon",
                "coordinates": [
                    [
                        [
                            -111.97096537,
                            33.06776524
                        ],
                        [
                            -111.97096535,
                            33.06780131
                        ],
                        [
                            -111.97090004,
                            33.06780182
                        ],
                        [
                            -111.97090025,
                            33.06776575
                        ],
                        [
                            -111.97096537,
                            33.06776524
                        ]
                    ]
                ]
            },
            "properties": {
                "pa_label": "p108-S14",
                "PSDATE": "2003-08-25",
                "PHTD": 0.902,
                "STDD": 12.9,
                "MSNODE": 22.0,
                "PFNODE": 5.0,
                "VBNUM": 2.0,
                "VBNODE": 11.0,
                "SQRNUM": 0.0,
                "FLRNUM": 0.0,
                "GBNUM": 17.7,
                "MBNUM": 2.7
            },
            "_id": "68c445408ac547b6574216ee",
            "paid": "68c445408ac547b6574216ee"
        },
        {
            "type": "Feature",
            "geometry": {
                "type": "Polygon",
                "coordinates": [
                    [
                        [
                            -111.97187636,
                            33.06757231
                        ],
                        [
                            -111.97187629,
                            33.06760839
                        ],
                        [
                            -111.97181097,
                            33.06760889
                        ],
                        [
                            -111.97181104,
                            33.06757282
                        ],
                        [
                            -111.97187636,
                            33.06757231
                        ]
                    ]
                ]
            },
            "properties": {
                "pa_label": "p201-S14",
                "PSDATE": "2003-08-25",
                "PHTD": 0.731,
                "STDD": 9.7,
                "MSNODE": 16.0,
                "PFNODE": 6.0,
                "VBNUM": 0.0,
                "VBNODE": 0.0,
                "SQRNUM": 0.0,
                "FLRNUM": 0.0,
                "GBNUM": 3.7,
                "MBNUM": 2.3
            },
            "_id": "68c445408ac547b657421700",
            "paid": "68c445408ac547b657421700"
        },
        {
            "type": "Feature",
            "geometry": {
                "type": "Polygon",
                "coordinates": [
                    [
                        [
                            -111.97174604,
                            33.06757132
                        ],
                        [
                            -111.97174589,
                            33.0676074
                        ],
                        [
                            -111.97168063,
                            33.06760791
                        ],
                        [
                            -111.97168092,
                            33.06757183
                        ],
                        [
                            -111.97174604,
                            33.06757132
                        ]
                    ]
                ]
            },
            "properties": {
                "pa_label": "p202-S14",
                "PSDATE": "2003-08-25",
                "PHTD": 0.721,
                "STDD": 16.1,
                "MSNODE": 18.0,
                "PFNODE": 4.0,
                "VBNUM": 4.0,
                "VBNODE": 28.0,
                "SQRNUM": 5.3,
                "FLRNUM": 0.3,
                "GBNUM": 8.7,
                "MBNUM": 1.0
            },
            "_id": "68c445408ac547b657421712",
            "paid": "68c445408ac547b657421712"
        },
        {
            "type": "Feature",
            "geometry": {
                "type": "Polygon",
                "coordinates": [
                    [
                        [
                            -111.97155004,
                            33.06757057
                        ],
                        [
                            -111.97161523,
                            33.06757007
                        ],
                        [
                            -111.97161508,
                            33.06760614
                        ],
                        [
                            -111.97155011,
                            33.06760665
                        ],
                        [
                            -111.97155004,
                            33.06757057
                        ]
                    ]
                ]
            },
            "properties": {
                "pa_label": "p203-S14",
                "PSDATE": "2003-08-25",
                "PHTD": 1.08,
                "STDD": 19.1,
                "MSNODE": 26.0,
                "PFNODE": 3.0,
                "VBNUM": 5.0,
                "VBNODE": 42.0,
                "SQRNUM": 6.3,
                "FLRNUM": 0.3,
                "GBNUM": 30.3,
                "MBNUM": 5.0
            },
            "_id": "68c445408ac547b657421724",
            "paid": "68c445408ac547b657421724"
        },
        {
            "type": "Feature",
            "geometry": {
                "type": "Polygon",
                "coordinates": [
                    [
                        [
                            -111.9714203,
                            33.06756971
                        ],
                        [
                            -111.97148582,
                            33.0675692
                        ],
                        [
                            -111.97148572,
                            33.06760528
                        ],
                        [
                            -111.97142021,
                            33.06760579
                        ],
                        [
                            -111.9714203,
                            33.06756971
                        ]
                    ]
                ]
            },
            "properties": {
                "pa_label": "p204-S14",
                "PSDATE": "2003-08-25",
                "PHTD": 1.12,
                "STDD": 10.0,
                "MSNODE": 20.0,
                "PFNODE": 6.0,
                "VBNUM": 2.0,
                "VBNODE": 4.0,
                "SQRNUM": 4.7,
                "FLRNUM": 0.0,
                "GBNUM": 7.3,
                "MBNUM": 1.0
            },
            "_id": "68c445408ac547b657421736",
            "paid": "68c445408ac547b657421736"
        },
        {
            "type": "Feature",
            "geometry": {
                "type": "Polygon",
                "coordinates": [
                    [
                        [
                            -111.97135527,
                            33.06756811
                        ],
                        [
                            -111.97135526,
                            33.06760418
                        ],
                        [
                            -111.97128981,
                            33.06760469
                        ],
                        [
                            -111.9712899,
                            33.06756862
                        ],
                        [
                            -111.97135527,
                            33.06756811
                        ]
                    ]
                ]
            },
            "properties": {
                "pa_label": "p205-S14",
                "PSDATE": "2003-08-25",
                "PHTD": 1.11,
                "STDD": 12.5,
                "MSNODE": 20.0,
                "PFNODE": 3.0,
                "VBNUM": 1.0,
                "VBNODE": 9.0,
                "SQRNUM": 4.7,
                "FLRNUM": 0.3,
                "GBNUM": 20.0,
                "MBNUM": 4.3
            },
            "_id": "68c445408ac547b657421748",
            "paid": "68c445408ac547b657421748"
        },
        {
            "type": "Feature",
            "geometry": {
                "type": "Polygon",
                "coordinates": [
                    [
                        [
                            -111.97115981,
                            33.06756766
                        ],
                        [
                            -111.9712253,
                            33.06756715
                        ],
                        [
                            -111.97122523,
                            33.06760323
                        ],
                        [
                            -111.97115975,
                            33.06760374
                        ],
                        [
                            -111.97115981,
                            33.06756766
                        ]
                    ]
                ]
            },
            "properties": {
                "pa_label": "p206-S14",
                "PSDATE": "2003-08-25",
                "PHTD": 0.934,
                "STDD": 15.0,
                "MSNODE": 25.0,
                "PFNODE": 9.0,
                "VBNUM": 3.0,
                "VBNODE": 33.0,
                "SQRNUM": 7.7,
                "FLRNUM": 0.3,
                "GBNUM": 11.3,
                "MBNUM": 7.7
            },
            "_id": "68c445408ac547b65742175a",
            "paid": "68c445408ac547b65742175a"
        },
        {
            "type": "Feature",
            "geometry": {
                "type": "Polygon",
                "coordinates": [
                    [
                        [
                            -111.97109537,
                            33.06756618
                        ],
                        [
                            -111.97109539,
                            33.06760225
                        ],
                        [
                            -111.9710302,
                            33.06760276
                        ],
                        [
                            -111.97103019,
                            33.06756668
                        ],
                        [
                            -111.97109537,
                            33.06756618
                        ]
                    ]
                ]
            },
            "properties": {
                "pa_label": "p207-S14",
                "PSDATE": "2003-08-25",
                "PHTD": 1.14,
                "STDD": 13.8,
                "MSNODE": 20.0,
                "PFNODE": 4.0,
                "VBNUM": 1.0,
                "VBNODE": 20.0,
                "SQRNUM": 5.3,
                "FLRNUM": 0.3,
                "GBNUM": 10.3,
                "MBNUM": 2.7
            },
            "_id": "68c445408ac547b65742176c",
            "paid": "68c445408ac547b65742176c"
        },
        {
            "type": "Feature",
            "geometry": {
                "type": "Polygon",
                "coordinates": [
                    [
                        [
                            -111.97096531,
                            33.0675651
                        ],
                        [
                            -111.97096521,
                            33.06760118
                        ],
                        [
                            -111.97090006,
                            33.06760169
                        ],
                        [
                            -111.97090018,
                            33.06756561
                        ],
                        [
                            -111.97096531,
                            33.0675651
                        ]
                    ]
                ]
            },
            "properties": {
                "pa_label": "p208-S14",
                "PSDATE": "2003-08-25",
                "PHTD": 0.753,
                "STDD": 14.2,
                "MSNODE": 17.0,
                "PFNODE": 5.0,
                "VBNUM": 5.0,
                "VBNODE": 25.0,
                "SQRNUM": 0.0,
                "FLRNUM": 0.3,
                "GBNUM": 18.0,
                "MBNUM": 9.0
            },
            "_id": "68c445408ac547b65742177e",
            "paid": "68c445408ac547b65742177e"
        },
        {
            "type": "Feature",
            "geometry": {
                "type": "Polygon",
                "coordinates": [
                    [
                        [
                            -111.97187688,
                            33.06730302
                        ],
                        [
                            -111.97187683,
                            33.0673391
                        ],
                        [
                            -111.97181172,
                            33.0673396
                        ],
                        [
                            -111.97181177,
                            33.06730353
                        ],
                        [
                            -111.97187688,
                            33.06730302
                        ]
                    ]
                ]
            },
            "properties": {
                "pa_label": "p301-S14",
                "PSDATE": "2003-08-25",
                "PHTD": 1.02,
                "STDD": 14.0,
                "MSNODE": 22.0,
                "PFNODE": 3.0,
                "VBNUM": 2.0,
                "VBNODE": 8.0,
                "SQRNUM": 2.7,
                "FLRNUM": 0.0,
                "GBNUM": 9.3,
                "MBNUM": 4.0
            },
            "_id": "68c445408ac547b657421790",
            "paid": "68c445408ac547b657421790"
        },
        {
            "type": "Feature",
            "geometry": {
                "type": "Polygon",
                "coordinates": [
                    [
                        [
                            -111.9717462,
                            33.06730236
                        ],
                        [
                            -111.97174612,
                            33.06733844
                        ],
                        [
                            -111.9716806,
                            33.06733895
                        ],
                        [
                            -111.97168072,
                            33.06730287
                        ],
                        [
                            -111.9717462,
                            33.06730236
                        ]
                    ]
                ]
            },
            "properties": {
                "pa_label": "p302-S14",
                "PSDATE": "2003-08-25",
                "PHTD": 0.659,
                "STDD": 10.0,
                "MSNODE": 15.0,
                "PFNODE": 4.0,
                "VBNUM": 1.0,
                "VBNODE": 2.0,
                "SQRNUM": 0.0,
                "FLRNUM": 0.0,
                "GBNUM": 4.3,
                "MBNUM": 11.0
            },
            "_id": "68c445408ac547b6574217a2",
            "paid": "68c445408ac547b6574217a2"
        },
        {
            "type": "Feature",
            "geometry": {
                "type": "Polygon",
                "coordinates": [
                    [
                        [
                            -111.97161629,
                            33.06730059
                        ],
                        [
                            -111.97161636,
                            33.06733666
                        ],
                        [
                            -111.9715507,
                            33.06733718
                        ],
                        [
                            -111.97155072,
                            33.0673011
                        ],
                        [
                            -111.97161629,
                            33.06730059
                        ]
                    ]
                ]
            },
            "properties": {
                "pa_label": "p303-S14",
                "PSDATE": "2003-08-25",
                "PHTD": 0.883,
                "STDD": 14.6,
                "MSNODE": 19.0,
                "PFNODE": 9.0,
                "VBNUM": 4.0,
                "VBNODE": 25.0,
                "SQRNUM": 4.7,
                "FLRNUM": 1.0,
                "GBNUM": 18.3,
                "MBNUM": 6.3
            },
            "_id": "68c445408ac547b6574217b4",
            "paid": "68c445408ac547b6574217b4"
        },
        {
            "type": "Feature",
            "geometry": {
                "type": "Polygon",
                "coordinates": [
                    [
                        [
                            -111.97142099,
                            33.06730122
                        ],
                        [
                            -111.97148642,
                            33.06730071
                        ],
                        [
                            -111.97148637,
                            33.06733679
                        ],
                        [
                            -111.97142098,
                            33.06733729
                        ],
                        [
                            -111.97142099,
                            33.06730122
                        ]
                    ]
                ]
            },
            "properties": {
                "pa_label": "p304-S14",
                "PSDATE": "2003-08-25",
                "PHTD": 0.831,
                "STDD": 15.7,
                "MSNODE": 23.0,
                "PFNODE": 3.0,
                "VBNUM": 1.0,
                "VBNODE": 17.0,
                "SQRNUM": 3.0,
                "FLRNUM": 0.3,
                "GBNUM": 17.3,
                "MBNUM": 8.3
            },
            "_id": "68c445408ac547b6574217c6",
            "paid": "68c445408ac547b6574217c6"
        },
        {
            "type": "Feature",
            "geometry": {
                "type": "Polygon",
                "coordinates": [
                    [
                        [
                            -111.97135578,
                            33.06729995
                        ],
                        [
                            -111.97135575,
                            33.06733603
                        ],
                        [
                            -111.97129027,
                            33.06733654
                        ],
                        [
                            -111.97129031,
                            33.06730046
                        ],
                        [
                            -111.97135578,
                            33.06729995
                        ]
                    ]
                ]
            },
            "properties": {
                "pa_label": "p305-S14",
                "PSDATE": "2003-08-25",
                "PHTD": 0.888,
                "STDD": 9.3,
                "MSNODE": 20.0,
                "PFNODE": 6.0,
                "VBNUM": 0.0,
                "VBNODE": 0.0,
                "SQRNUM": 5.0,
                "FLRNUM": 0.0,
                "GBNUM": 5.0,
                "MBNUM": 2.0
            },
            "_id": "68c445408ac547b6574217d8",
            "paid": "68c445408ac547b6574217d8"
        },
        {
            "type": "Feature",
            "geometry": {
                "type": "Polygon",
                "coordinates": [
                    [
                        [
                            -111.97116049,
                            33.0672995
                        ],
                        [
                            -111.97122594,
                            33.06729899
                        ],
                        [
                            -111.9712259,
                            33.06733507
                        ],
                        [
                            -111.97116045,
                            33.06733558
                        ],
                        [
                            -111.97116049,
                            33.0672995
                        ]
                    ]
                ]
            },
            "properties": {
                "pa_label": "p306-S14",
                "PSDATE": "2003-08-25",
                "PHTD": 0.793,
                "STDD": 9.7,
                "MSNODE": 23.0,
                "PFNODE": 6.0,
                "VBNUM": 2.0,
                "VBNODE": 12.0,
                "SQRNUM": 0.0,
                "FLRNUM": 0.0,
                "GBNUM": 9.7,
                "MBNUM": 1.0
            },
            "_id": "68c445408ac547b6574217ea",
            "paid": "68c445408ac547b6574217ea"
        },
        {
            "type": "Feature",
            "geometry": {
                "type": "Polygon",
                "coordinates": [
                    [
                        [
                            -111.97109568,
                            33.06729819
                        ],
                        [
                            -111.97109568,
                            33.06733426
                        ],
                        [
                            -111.97103033,
                            33.06733477
                        ],
                        [
                            -111.97103036,
                            33.0672987
                        ],
                        [
                            -111.97109568,
                            33.06729819
                        ]
                    ]
                ]
            },
            "properties": {
                "pa_label": "p307-S14",
                "PSDATE": "2003-08-25",
                "PHTD": 0.889,
                "STDD": 11.1,
                "MSNODE": 23.0,
                "PFNODE": 4.0,
                "VBNUM": 1.0,
                "VBNODE": 10.0,
                "SQRNUM": 2.0,
                "FLRNUM": 0.3,
                "GBNUM": 4.3,
                "MBNUM": 5.3
            },
            "_id": "68c445408ac547b6574217fc",
            "paid": "68c445408ac547b6574217fc"
        },
        {
            "type": "Feature",
            "geometry": {
                "type": "Polygon",
                "coordinates": [
                    [
                        [
                            -111.97090064,
                            33.06729787
                        ],
                        [
                            -111.97096582,
                            33.06729737
                        ],
                        [
                            -111.97096575,
                            33.06733344
                        ],
                        [
                            -111.97090057,
                            33.06733395
                        ],
                        [
                            -111.97090064,
                            33.06729787
                        ]
                    ]
                ]
            },
            "properties": {
                "pa_label": "p308-S14",
                "PSDATE": "2003-08-25",
                "PHTD": 0.945,
                "STDD": 12.6,
                "MSNODE": 1.0,
                "PFNODE": 25.0,
                "VBNUM": 16.0,
                "VBNODE": 46.0,
                "SQRNUM": 1.3,
                "FLRNUM": 0.0,
                "GBNUM": 12.7,
                "MBNUM": 1.0
            },
            "_id": "68c445408ac547b65742180e",
            "paid": "68c445408ac547b65742180e"
        },
        {
            "type": "Feature",
            "geometry": {
                "type": "Polygon",
                "coordinates": [
                    [
                        [
                            -111.97187724,
                            33.06710108
                        ],
                        [
                            -111.97187714,
                            33.06713716
                        ],
                        [
                            -111.97181187,
                            33.06713767
                        ],
                        [
                            -111.971812,
                            33.06710159
                        ],
                        [
                            -111.97187724,
                            33.06710108
                        ]
                    ]
                ]
            },
            "properties": {
                "pa_label": "p401-S14",
                "PSDATE": "2003-08-25",
                "PHTD": 0.841,
                "STDD": 14.9,
                "MSNODE": 26.0,
                "PFNODE": 5.0,
                "VBNUM": 2.0,
                "VBNODE": 48.0,
                "SQRNUM": 35.0,
                "FLRNUM": 1.3,
                "GBNUM": 22.0,
                "MBNUM": 7.7
            },
            "_id": "68c445408ac547b657421820",
            "paid": "68c445408ac547b657421820"
        },
        {
            "type": "Feature",
            "geometry": {
                "type": "Polygon",
                "coordinates": [
                    [
                        [
                            -111.97168138,
                            33.06710081
                        ],
                        [
                            -111.97174663,
                            33.06710031
                        ],
                        [
                            -111.97174658,
                            33.06713638
                        ],
                        [
                            -111.97168137,
                            33.06713689
                        ],
                        [
                            -111.97168138,
                            33.06710081
                        ]
                    ]
                ]
            },
            "properties": {
                "pa_label": "p402-S14",
                "PSDATE": "2003-08-25",
                "PHTD": 1.063,
                "STDD": 13.2,
                "MSNODE": 27.0,
                "PFNODE": 4.0,
                "VBNUM": 2.0,
                "VBNODE": 7.0,
                "SQRNUM": 12.3,
                "FLRNUM": 1.3,
                "GBNUM": 11.3,
                "MBNUM": 9.3
            },
            "_id": "68c445408ac547b657421832",
            "paid": "68c445408ac547b657421832"
        },
        {
            "type": "Feature",
            "geometry": {
                "type": "Polygon",
                "coordinates": [
                    [
                        [
                            -111.97161609,
                            33.0670997
                        ],
                        [
                            -111.97161607,
                            33.06713577
                        ],
                        [
                            -111.97155092,
                            33.06713628
                        ],
                        [
                            -111.97155096,
                            33.0671002
                        ],
                        [
                            -111.97161609,
                            33.0670997
                        ]
                    ]
                ]
            },
            "properties": {
                "pa_label": "p403-S14",
                "PSDATE": "2003-08-25",
                "PHTD": 0.747,
                "STDD": 11.3,
                "MSNODE": 19.0,
                "PFNODE": 7.0,
                "VBNUM": 4.0,
                "VBNODE": 27.0,
                "SQRNUM": 0.0,
                "FLRNUM": 0.0,
                "GBNUM": 8.7,
                "MBNUM": 1.3
            },
            "_id": "68c445408ac547b657421844",
            "paid": "68c445408ac547b657421844"
        },
        {
            "type": "Feature",
            "geometry": {
                "type": "Polygon",
                "coordinates": [
                    [
                        [
                            -111.97142134,
                            33.06709924
                        ],
                        [
                            -111.97148675,
                            33.06709873
                        ],
                        [
                            -111.97148667,
                            33.06713481
                        ],
                        [
                            -111.97142126,
                            33.06713532
                        ],
                        [
                            -111.97142134,
                            33.06709924
                        ]
                    ]
                ]
            },
            "properties": {
                "pa_label": "p404-S14",
                "PSDATE": "2003-08-25",
                "PHTD": 0.977,
                "STDD": 12.4,
                "MSNODE": 27.0,
                "PFNODE": 6.0,
                "VBNUM": 3.0,
                "VBNODE": 7.0,
                "SQRNUM": 4.7,
                "FLRNUM": 0.0,
                "GBNUM": 10.7,
                "MBNUM": 2.7
            },
            "_id": "68c445408ac547b657421856",
            "paid": "68c445408ac547b657421856"
        },
        {
            "type": "Feature",
            "geometry": {
                "type": "Polygon",
                "coordinates": [
                    [
                        [
                            -111.97135613,
                            33.06709809
                        ],
                        [
                            -111.97135613,
                            33.06713417
                        ],
                        [
                            -111.97129074,
                            33.06713468
                        ],
                        [
                            -111.97129079,
                            33.0670986
                        ],
                        [
                            -111.97135613,
                            33.06709809
                        ]
                    ]
                ]
            },
            "properties": {
                "pa_label": "p405-S14",
                "PSDATE": "2003-08-25",
                "PHTD": 0.78,
                "STDD": 13.2,
                "MSNODE": 23.0,
                "PFNODE": 8.0,
                "VBNUM": 3.0,
                "VBNODE": 10.0,
                "SQRNUM": 0.3,
                "FLRNUM": 0.0,
                "GBNUM": 11.3,
                "MBNUM": 2.0
            },
            "_id": "68c445408ac547b657421868",
            "paid": "68c445408ac547b657421868"
        },
        {
            "type": "Feature",
            "geometry": {
                "type": "Polygon",
                "coordinates": [
                    [
                        [
                            -111.97116078,
                            33.06709769
                        ],
                        [
                            -111.97122634,
                            33.06709718
                        ],
                        [
                            -111.97122625,
                            33.06713325
                        ],
                        [
                            -111.9711607,
                            33.06713376
                        ],
                        [
                            -111.97116078,
                            33.06709769
                        ]
                    ]
                ]
            },
            "properties": {
                "pa_label": "p406-S14",
                "PSDATE": "2003-08-25",
                "PHTD": 1.04,
                "STDD": 14.6,
                "MSNODE": 23.0,
                "PFNODE": 3.0,
                "VBNUM": 2.0,
                "VBNODE": 19.0,
                "SQRNUM": 1.7,
                "FLRNUM": 0.0,
                "GBNUM": 11.7,
                "MBNUM": 3.7
            },
            "_id": "68c445408ac547b65742187a",
            "paid": "68c445408ac547b65742187a"
        },
        {
            "type": "Feature",
            "geometry": {
                "type": "Polygon",
                "coordinates": [
                    [
                        [
                            -111.97109572,
                            33.06709658
                        ],
                        [
                            -111.97109572,
                            33.06713266
                        ],
                        [
                            -111.97103059,
                            33.06713316
                        ],
                        [
                            -111.97103061,
                            33.06709709
                        ],
                        [
                            -111.97109572,
                            33.06709658
                        ]
                    ]
                ]
            },
            "properties": {
                "pa_label": "p407-S14",
                "PSDATE": "2003-08-25",
                "PHTD": 0.73,
                "STDD": 13.8,
                "MSNODE": 18.0,
                "PFNODE": 5.0,
                "VBNUM": 2.0,
                "VBNODE": 19.0,
                "SQRNUM": 11.3,
                "FLRNUM": 0.3,
                "GBNUM": 12.7,
                "MBNUM": 2.0
            },
            "_id": "68c445408ac547b65742188c",
            "paid": "68c445408ac547b65742188c"
        },
        {
            "type": "Feature",
            "geometry": {
                "type": "Polygon",
                "coordinates": [
                    [
                        [
                            -111.97090096,
                            33.06709603
                        ],
                        [
                            -111.97096601,
                            33.06709552
                        ],
                        [
                            -111.97096594,
                            33.0671316
                        ],
                        [
                            -111.9709009,
                            33.0671321
                        ],
                        [
                            -111.97090096,
                            33.06709603
                        ]
                    ]
                ]
            },
            "properties": {
                "pa_label": "p408-S14",
                "PSDATE": "2003-08-25",
                "PHTD": 0.91,
                "STDD": 12.0,
                "MSNODE": 24.0,
                "PFNODE": 6.0,
                "VBNUM": 2.0,
                "VBNODE": 8.0,
                "SQRNUM": 2.0,
                "FLRNUM": 0.0,
                "GBNUM": 8.0,
                "MBNUM": 6.0
            },
            "_id": "68c445408ac547b65742189e",
            "paid": "68c445408ac547b65742189e"
        },
        {
            "type": "Feature",
            "geometry": {
                "type": "Polygon",
                "coordinates": [
                    [
                        [
                            -111.97187593,
                            33.06777126
                        ],
                        [
                            -111.97187587,
                            33.06780734
                        ],
                        [
                            -111.97181049,
                            33.06780785
                        ],
                        [
                            -111.97181058,
                            33.06777177
                        ],
                        [
                            -111.97187593,
                            33.06777126
                        ]
                    ]
                ]
            },
            "properties": {
                "pa_label": "p101-S15",
                "PSDATE": "2003-09-02",
                "PHTD": 1.143,
                "STDD": 17.2,
                "MSNODE": 32.0,
                "PFNODE": 3.0,
                "VBNUM": 1.0,
                "VBNODE": 23.0,
                "SQRNUM": 14.0,
                "FLRNUM": 0.0,
                "GBNUM": 9.7,
                "MBNUM": 21.0,
                "LWPD": 21.73,
                "SWPD": 30.78,
                "CWPD": 103.78,
                "LWAD": 1127.1,
                "SWAD": 1596.6,
                "MBWAD": 2063.2,
                "PWAD": 2660.0,
                "CWAD": 5383.8,
                "LAID_LAB": 1.245
            },
            "_id": "68c445408ac547b657421671",
            "paid": "68c445408ac547b657421671"
        },
        {
            "type": "Feature",
            "geometry": {
                "type": "Polygon",
                "coordinates": [
                    [
                        [
                            -111.97168048,
                            33.06777095
                        ],
                        [
                            -111.97174565,
                            33.06777045
                        ],
                        [
                            -111.9717456,
                            33.06780652
                        ],
                        [
                            -111.97168043,
                            33.06780703
                        ],
                        [
                            -111.97168048,
                            33.06777095
                        ]
                    ]
                ]
            },
            "properties": {
                "pa_label": "p102-S15",
                "PSDATE": "2003-09-02",
                "PHTD": 0.812,
                "STDD": 14.2,
                "MSNODE": 25.0,
                "PFNODE": 3.0,
                "VBNUM": 1.0,
                "VBNODE": 17.0,
                "SQRNUM": 7.0,
                "FLRNUM": 0.0,
                "GBNUM": 12.0,
                "MBNUM": 15.0,
                "LWPD": 25.69,
                "SWPD": 37.25,
                "CWPD": 120.71,
                "LWAD": 2430.2,
                "SWAD": 3523.8,
                "MBWAD": 4442.6,
                "PWAD": 5464.6,
                "CWAD": 11418.6,
                "LAID_LAB": 3.134
            },
            "_id": "68c445408ac547b657421683",
            "paid": "68c445408ac547b657421683"
        },
        {
            "type": "Feature",
            "geometry": {
                "type": "Polygon",
                "coordinates": [
                    [
                        [
                            -111.97161533,
                            33.06776968
                        ],
                        [
                            -111.97161529,
                            33.06780576
                        ],
                        [
                            -111.97155009,
                            33.06780627
                        ],
                        [
                            -111.97155013,
                            33.06777019
                        ],
                        [
                            -111.97161533,
                            33.06776968
                        ]
                    ]
                ]
            },
            "properties": {
                "pa_label": "p103-S15",
                "PSDATE": "2003-09-02",
                "PHTD": 0.872,
                "STDD": 9.9,
                "MSNODE": 22.0,
                "PFNODE": 9.0,
                "VBNUM": 2.0,
                "VBNODE": 10.0,
                "SQRNUM": 2.0,
                "FLRNUM": 0.0,
                "GBNUM": 10.3,
                "MBNUM": 2.0,
                "LWPD": 20.71,
                "SWPD": 27.51,
                "CWPD": 96.26,
                "LWAD": 4672.1,
                "SWAD": 6205.1,
                "MBWAD": 4838.2,
                "PWAD": 10835.0,
                "CWAD": 21712.2,
                "LAID_LAB": 6.801
            },
            "_id": "68c445408ac547b657421695",
            "paid": "68c445408ac547b657421695"
        },
        {
            "type": "Feature",
            "geometry": {
                "type": "Polygon",
                "coordinates": [
                    [
                        [
                            -111.97148529,
                            33.06776917
                        ],
                        [
                            -111.97148519,
                            33.06780525
                        ],
                        [
                            -111.9714195,
                            33.06780576
                        ],
                        [
                            -111.97141966,
                            33.06776969
                        ],
                        [
                            -111.97148529,
                            33.06776917
                        ]
                    ]
                ]
            },
            "properties": {
                "pa_label": "p104-S15",
                "PSDATE": "2003-09-02",
                "PHTD": 0.863,
                "STDD": 13.8,
                "MSNODE": 28.0,
                "PFNODE": 9.0,
                "VBNUM": 3.0,
                "VBNODE": 20.0,
                "SQRNUM": 0.0,
                "FLRNUM": 0.0,
                "GBNUM": 8.3,
                "MBNUM": 6.3,
                "LWPD": 40.93,
                "SWPD": 57.74,
                "CWPD": 206.73,
                "LWAD": 4960.7,
                "SWAD": 6998.2,
                "MBWAD": 8053.5,
                "PWAD": 13099.0,
                "CWAD": 25057.9,
                "LAID_LAB": 6.452
            },
            "_id": "68c445408ac547b6574216a7",
            "paid": "68c445408ac547b6574216a7"
        },
        {
            "type": "Feature",
            "geometry": {
                "type": "Polygon",
                "coordinates": [
                    [
                        [
                            -111.97128944,
                            33.0677683
                        ],
                        [
                            -111.97135489,
                            33.06776779
                        ],
                        [
                            -111.97135482,
                            33.06780387
                        ],
                        [
                            -111.97128937,
                            33.06780438
                        ],
                        [
                            -111.97128944,
                            33.0677683
                        ]
                    ]
                ]
            },
            "properties": {
                "pa_label": "p105-S15",
                "PSDATE": "2003-09-02",
                "PHTD": 1.16,
                "STDD": 11.6,
                "MSNODE": 32.0,
                "PFNODE": 9.0,
                "VBNUM": 1.0,
                "VBNODE": 2.0,
                "SQRNUM": 7.0,
                "FLRNUM": 0.7,
                "GBNUM": 3.0,
                "MBNUM": 2.0,
                "LWPD": 20.99,
                "SWPD": 12.51,
                "CWPD": 52.0,
                "LWAD": 4930.7,
                "SWAD": 2938.4,
                "MBWAD": 2364.3,
                "PWAD": 4348.0,
                "CWAD": 12217.1,
                "LAID_LAB": 11.287
            },
            "_id": "68c445408ac547b6574216b9",
            "paid": "68c445408ac547b6574216b9"
        },
        {
            "type": "Feature",
            "geometry": {
                "type": "Polygon",
                "coordinates": [
                    [
                        [
                            -111.97122492,
                            33.06776681
                        ],
                        [
                            -111.97122485,
                            33.06780289
                        ],
                        [
                            -111.97115941,
                            33.0678034
                        ],
                        [
                            -111.97115949,
                            33.06776732
                        ],
                        [
                            -111.97122492,
                            33.06776681
                        ]
                    ]
                ]
            },
            "properties": {
                "pa_label": "p106-S15",
                "PSDATE": "2003-09-02",
                "PHTD": 1.27,
                "STDD": 14.2,
                "MSNODE": 25.0,
                "PFNODE": 5.0,
                "VBNUM": 1.0,
                "VBNODE": 13.0,
                "SQRNUM": 16.3,
                "FLRNUM": 0.7,
                "GBNUM": 14.0,
                "MBNUM": 3.0,
                "LWPD": 10.77,
                "SWPD": 28.94,
                "CWPD": 81.89,
                "LWAD": 1315.8,
                "SWAD": 3536.8,
                "MBWAD": 4040.7,
                "PWAD": 5155.3,
                "CWAD": 10007.9,
                "LAID_LAB": 1.802
            },
            "_id": "68c445408ac547b6574216cb",
            "paid": "68c445408ac547b6574216cb"
        },
        {
            "type": "Feature",
            "geometry": {
                "type": "Polygon",
                "coordinates": [
                    [
                        [
                            -111.97109558,
                            33.06776662
                        ],
                        [
                            -111.97109559,
                            33.0678027
                        ],
                        [
                            -111.97102967,
                            33.06780321
                        ],
                        [
                            -111.9710298,
                            33.06776713
                        ],
                        [
                            -111.97109558,
                            33.06776662
                        ]
                    ]
                ]
            },
            "properties": {
                "pa_label": "p107-S15",
                "PSDATE": "2003-09-02",
                "PHTD": 0.901,
                "STDD": 10.7,
                "MSNODE": 19.0,
                "PFNODE": 8.0,
                "VBNUM": 2.0,
                "VBNODE": 6.0,
                "SQRNUM": 4.0,
                "FLRNUM": 0.3,
                "GBNUM": 5.3,
                "MBNUM": 4.3,
                "LWPD": 20.65,
                "SWPD": 30.38,
                "CWPD": 83.08,
                "LWAD": 2369.0,
                "SWAD": 3485.4,
                "MBWAD": 969.2,
                "PWAD": 3678.1,
                "CWAD": 9532.5,
                "LAID_LAB": 4.26
            },
            "_id": "68c445408ac547b6574216dd",
            "paid": "68c445408ac547b6574216dd"
        },
        {
            "type": "Feature",
            "geometry": {
                "type": "Polygon",
                "coordinates": [
                    [
                        [
                            -111.97096537,
                            33.06776524
                        ],
                        [
                            -111.97096535,
                            33.06780131
                        ],
                        [
                            -111.97090004,
                            33.06780182
                        ],
                        [
                            -111.97090025,
                            33.06776575
                        ],
                        [
                            -111.97096537,
                            33.06776524
                        ]
                    ]
                ]
            },
            "properties": {
                "pa_label": "p108-S15",
                "PSDATE": "2003-09-02",
                "PHTD": 0.883,
                "STDD": 11.0,
                "MSNODE": 19.0,
                "PFNODE": 3.0,
                "VBNUM": 2.0,
                "VBNODE": 9.0,
                "SQRNUM": 1.3,
                "FLRNUM": 0.0,
                "GBNUM": 14.0,
                "MBNUM": 3.3,
                "LWPD": 21.68,
                "SWPD": 33.39,
                "CWPD": 90.0,
                "LWAD": 2590.3,
                "SWAD": 3988.9,
                "MBWAD": 2428.2,
                "PWAD": 4173.3,
                "CWAD": 10752.6,
                "LAID_LAB": 5.66
            },
            "_id": "68c445408ac547b6574216ef",
            "paid": "68c445408ac547b6574216ef"
        },
        {
            "type": "Feature",
            "geometry": {
                "type": "Polygon",
                "coordinates": [
                    [
                        [
                            -111.97187636,
                            33.06757231
                        ],
                        [
                            -111.97187629,
                            33.06760839
                        ],
                        [
                            -111.97181097,
                            33.06760889
                        ],
                        [
                            -111.97181104,
                            33.06757282
                        ],
                        [
                            -111.97187636,
                            33.06757231
                        ]
                    ]
                ]
            },
            "properties": {
                "pa_label": "p201-S15",
                "PSDATE": "2003-09-02",
                "PHTD": 0.856,
                "STDD": 9.5,
                "MSNODE": 19.0,
                "PFNODE": 8.0,
                "VBNUM": 1.0,
                "VBNODE": 1.0,
                "SQRNUM": 3.0,
                "FLRNUM": 0.0,
                "GBNUM": 4.7,
                "MBNUM": 7.0,
                "LWPD": 52.15,
                "SWPD": 60.8,
                "CWPD": 190.07,
                "LWAD": 11481.7,
                "SWAD": 13386.3,
                "MBWAD": 6471.1,
                "PWAD": 16981.1,
                "CWAD": 41849.0,
                "LAID_LAB": 15.704
            },
            "_id": "68c445408ac547b657421701",
            "paid": "68c445408ac547b657421701"
        },
        {
            "type": "Feature",
            "geometry": {
                "type": "Polygon",
                "coordinates": [
                    [
                        [
                            -111.97174604,
                            33.06757132
                        ],
                        [
                            -111.97174589,
                            33.0676074
                        ],
                        [
                            -111.97168063,
                            33.06760791
                        ],
                        [
                            -111.97168092,
                            33.06757183
                        ],
                        [
                            -111.97174604,
                            33.06757132
                        ]
                    ]
                ]
            },
            "properties": {
                "pa_label": "p202-S15",
                "PSDATE": "2003-09-02",
                "PHTD": 1.403,
                "STDD": 16.3,
                "MSNODE": 36.0,
                "PFNODE": 8.0,
                "VBNUM": 2.0,
                "VBNODE": 20.0,
                "SQRNUM": 19.3,
                "FLRNUM": 1.7,
                "GBNUM": 25.3,
                "MBNUM": 5.0,
                "LWPD": 16.79,
                "SWPD": 21.84,
                "CWPD": 60.17,
                "LWAD": 2103.5,
                "SWAD": 2737.2,
                "MBWAD": 1498.7,
                "PWAD": 2699.2,
                "CWAD": 7539.9,
                "LAID_LAB": 4.62
            },
            "_id": "68c445408ac547b657421713",
            "paid": "68c445408ac547b657421713"
        },
        {
            "type": "Feature",
            "geometry": {
                "type": "Polygon",
                "coordinates": [
                    [
                        [
                            -111.97155004,
                            33.06757057
                        ],
                        [
                            -111.97161523,
                            33.06757007
                        ],
                        [
                            -111.97161508,
                            33.06760614
                        ],
                        [
                            -111.97155011,
                            33.06760665
                        ],
                        [
                            -111.97155004,
                            33.06757057
                        ]
                    ]
                ]
            },
            "properties": {
                "pa_label": "p203-S15",
                "PSDATE": "2003-09-02",
                "PHTD": 1.025,
                "STDD": 12.9,
                "MSNODE": 22.0,
                "PFNODE": 6.0,
                "VBNUM": 3.0,
                "VBNODE": 22.0,
                "SQRNUM": 3.7,
                "FLRNUM": 0.7,
                "GBNUM": 10.7,
                "MBNUM": 6.0,
                "LWPD": 12.2,
                "SWPD": 16.89,
                "CWPD": 56.06,
                "LWAD": 1320.9,
                "SWAD": 1828.6,
                "MBWAD": 1219.5,
                "PWAD": 2920.0,
                "CWAD": 6069.5,
                "LAID_LAB": 2.556
            },
            "_id": "68c445408ac547b657421725",
            "paid": "68c445408ac547b657421725"
        },
        {
            "type": "Feature",
            "geometry": {
                "type": "Polygon",
                "coordinates": [
                    [
                        [
                            -111.9714203,
                            33.06756971
                        ],
                        [
                            -111.97148582,
                            33.0675692
                        ],
                        [
                            -111.97148572,
                            33.06760528
                        ],
                        [
                            -111.97142021,
                            33.06760579
                        ],
                        [
                            -111.9714203,
                            33.06756971
                        ]
                    ]
                ]
            },
            "properties": {
                "pa_label": "p204-S15",
                "PSDATE": "2003-09-02",
                "PHTD": 1.42,
                "STDD": 11.7,
                "MSNODE": 26.0,
                "PFNODE": 6.0,
                "VBNUM": 1.0,
                "VBNODE": 2.0,
                "SQRNUM": 7.7,
                "FLRNUM": 1.7,
                "GBNUM": 12.3,
                "MBNUM": 2.0,
                "LWPD": 32.81,
                "SWPD": 40.97,
                "CWPD": 146.17,
                "LWAD": 7932.0,
                "SWAD": 9906.5,
                "MBWAD": 10335.3,
                "PWAD": 17503.2,
                "CWAD": 35341.7,
                "LAID_LAB": 11.765
            },
            "_id": "68c445408ac547b657421737",
            "paid": "68c445408ac547b657421737"
        },
        {
            "type": "Feature",
            "geometry": {
                "type": "Polygon",
                "coordinates": [
                    [
                        [
                            -111.97135527,
                            33.06756811
                        ],
                        [
                            -111.97135526,
                            33.06760418
                        ],
                        [
                            -111.97128981,
                            33.06760469
                        ],
                        [
                            -111.9712899,
                            33.06756862
                        ],
                        [
                            -111.97135527,
                            33.06756811
                        ]
                    ]
                ]
            },
            "properties": {
                "pa_label": "p205-S15",
                "PSDATE": "2003-09-02",
                "PHTD": 1.104,
                "STDD": 15.1,
                "MSNODE": 26.0,
                "PFNODE": 4.0,
                "VBNUM": 2.0,
                "VBNODE": 21.0,
                "SQRNUM": 18.0,
                "FLRNUM": 0.3,
                "GBNUM": 17.3,
                "MBNUM": 10.3,
                "LWPD": 10.51,
                "SWPD": 14.73,
                "CWPD": 51.67,
                "LWAD": 517.4,
                "SWAD": 724.7,
                "MBWAD": 616.5,
                "PWAD": 1300.5,
                "CWAD": 2542.7,
                "LAID_LAB": 0.837
            },
            "_id": "68c445408ac547b657421749",
            "paid": "68c445408ac547b657421749"
        },
        {
            "type": "Feature",
            "geometry": {
                "type": "Polygon",
                "coordinates": [
                    [
                        [
                            -111.97115981,
                            33.06756766
                        ],
                        [
                            -111.9712253,
                            33.06756715
                        ],
                        [
                            -111.97122523,
                            33.06760323
                        ],
                        [
                            -111.97115975,
                            33.06760374
                        ],
                        [
                            -111.97115981,
                            33.06756766
                        ]
                    ]
                ]
            },
            "properties": {
                "pa_label": "p206-S15",
                "PSDATE": "2003-09-02",
                "PHTD": 1.07,
                "STDD": 15.7,
                "MSNODE": 28.0,
                "PFNODE": 6.0,
                "VBNUM": 4.0,
                "VBNODE": 29.0,
                "SQRNUM": 7.3,
                "FLRNUM": 0.3,
                "GBNUM": 25.7,
                "MBNUM": 16.0,
                "LWPD": 27.25,
                "SWPD": 39.22,
                "CWPD": 102.66,
                "LWAD": 1402.5,
                "SWAD": 2018.8,
                "MBWAD": 500.4,
                "PWAD": 1862.3,
                "CWAD": 5283.6,
                "LAID_LAB": 2.187
            },
            "_id": "68c445408ac547b65742175b",
            "paid": "68c445408ac547b65742175b"
        },
        {
            "type": "Feature",
            "geometry": {
                "type": "Polygon",
                "coordinates": [
                    [
                        [
                            -111.97109537,
                            33.06756618
                        ],
                        [
                            -111.97109539,
                            33.06760225
                        ],
                        [
                            -111.9710302,
                            33.06760276
                        ],
                        [
                            -111.97103019,
                            33.06756668
                        ],
                        [
                            -111.97109537,
                            33.06756618
                        ]
                    ]
                ]
            },
            "properties": {
                "pa_label": "p207-S15",
                "PSDATE": "2003-09-02",
                "PHTD": 0.982,
                "STDD": 12.2,
                "MSNODE": 29.0,
                "PFNODE": 7.0,
                "VBNUM": 1.0,
                "VBNODE": 4.0,
                "SQRNUM": 4.7,
                "FLRNUM": 0.0,
                "GBNUM": 6.0,
                "MBNUM": 6.3,
                "LWPD": 29.3,
                "SWPD": 33.1,
                "CWPD": 117.5,
                "LWAD": 3461.0,
                "SWAD": 3909.1,
                "MBWAD": 3579.5,
                "PWAD": 6508.3,
                "CWAD": 13878.3,
                "LAID_LAB": 4.587
            },
            "_id": "68c445408ac547b65742176d",
            "paid": "68c445408ac547b65742176d"
        },
        {
            "type": "Feature",
            "geometry": {
                "type": "Polygon",
                "coordinates": [
                    [
                        [
                            -111.97096531,
                            33.0675651
                        ],
                        [
                            -111.97096521,
                            33.06760118
                        ],
                        [
                            -111.97090006,
                            33.06760169
                        ],
                        [
                            -111.97090018,
                            33.06756561
                        ],
                        [
                            -111.97096531,
                            33.0675651
                        ]
                    ]
                ]
            },
            "properties": {
                "pa_label": "p208-S15",
                "PSDATE": "2003-09-02",
                "PHTD": 0.88,
                "STDD": 12.2,
                "MSNODE": 24.0,
                "PFNODE": 6.0,
                "VBNUM": 3.0,
                "VBNODE": 17.0,
                "SQRNUM": 3.0,
                "FLRNUM": 0.0,
                "GBNUM": 12.0,
                "MBNUM": 9.7,
                "LWPD": 25.63,
                "SWPD": 36.18,
                "CWPD": 119.12,
                "LWAD": 1266.6,
                "SWAD": 1788.1,
                "MBWAD": 1270.4,
                "PWAD": 2832.1,
                "CWAD": 5886.8,
                "LAID_LAB": 2.436
            },
            "_id": "68c445408ac547b65742177f",
            "paid": "68c445408ac547b65742177f"
        },
        {
            "type": "Feature",
            "geometry": {
                "type": "Polygon",
                "coordinates": [
                    [
                        [
                            -111.97187688,
                            33.06730302
                        ],
                        [
                            -111.97187683,
                            33.0673391
                        ],
                        [
                            -111.97181172,
                            33.0673396
                        ],
                        [
                            -111.97181177,
                            33.06730353
                        ],
                        [
                            -111.97187688,
                            33.06730302
                        ]
                    ]
                ]
            },
            "properties": {
                "pa_label": "p301-S15",
                "PSDATE": "2003-09-02",
                "PHTD": 1.025,
                "STDD": 12.0,
                "MSNODE": 31.0,
                "PFNODE": 5.0,
                "VBNUM": 2.0,
                "VBNODE": 4.0,
                "SQRNUM": 8.3,
                "FLRNUM": 0.3,
                "GBNUM": 4.0,
                "MBNUM": 7.7,
                "LWPD": 62.04,
                "SWPD": 73.69,
                "CWPD": 274.83,
                "LWAD": 6812.7,
                "SWAD": 8092.4,
                "MBWAD": 11401.2,
                "PWAD": 15276.3,
                "CWAD": 30181.4,
                "LAID_LAB": 11.458
            },
            "_id": "68c445408ac547b657421791",
            "paid": "68c445408ac547b657421791"
        },
        {
            "type": "Feature",
            "geometry": {
                "type": "Polygon",
                "coordinates": [
                    [
                        [
                            -111.9717462,
                            33.06730236
                        ],
                        [
                            -111.97174612,
                            33.06733844
                        ],
                        [
                            -111.9716806,
                            33.06733895
                        ],
                        [
                            -111.97168072,
                            33.06730287
                        ],
                        [
                            -111.9717462,
                            33.06730236
                        ]
                    ]
                ]
            },
            "properties": {
                "pa_label": "p302-S15",
                "PSDATE": "2003-09-02",
                "PHTD": 0.874,
                "STDD": 13.0,
                "MSNODE": 27.0,
                "PFNODE": 4.0,
                "VBNUM": 1.0,
                "VBNODE": 10.0,
                "SQRNUM": 7.3,
                "FLRNUM": 0.0,
                "GBNUM": 3.0,
                "MBNUM": 9.7,
                "LWPD": 38.9,
                "SWPD": 47.87,
                "CWPD": 190.89,
                "LWAD": 4474.0,
                "SWAD": 5505.2,
                "MBWAD": 7687.8,
                "PWAD": 11975.8,
                "CWAD": 21955.0,
                "LAID_LAB": 6.8
            },
            "_id": "68c445408ac547b6574217a3",
            "paid": "68c445408ac547b6574217a3"
        },
        {
            "type": "Feature",
            "geometry": {
                "type": "Polygon",
                "coordinates": [
                    [
                        [
                            -111.97161629,
                            33.06730059
                        ],
                        [
                            -111.97161636,
                            33.06733666
                        ],
                        [
                            -111.9715507,
                            33.06733718
                        ],
                        [
                            -111.97155072,
                            33.0673011
                        ],
                        [
                            -111.97161629,
                            33.06730059
                        ]
                    ]
                ]
            },
            "properties": {
                "pa_label": "p303-S15",
                "PSDATE": "2003-09-02",
                "PHTD": 1.057,
                "STDD": 14.4,
                "MSNODE": 26.0,
                "PFNODE": 10.0,
                "VBNUM": 3.0,
                "VBNODE": 20.0,
                "SQRNUM": 2.7,
                "FLRNUM": 0.0,
                "GBNUM": 10.3,
                "MBNUM": 5.0,
                "LWPD": 17.98,
                "SWPD": 23.47,
                "CWPD": 76.44,
                "LWAD": 951.0,
                "SWAD": 1241.5,
                "MBWAD": 441.7,
                "PWAD": 1851.6,
                "CWAD": 4044.1,
                "LAID_LAB": 1.704
            },
            "_id": "68c445408ac547b6574217b5",
            "paid": "68c445408ac547b6574217b5"
        },
        {
            "type": "Feature",
            "geometry": {
                "type": "Polygon",
                "coordinates": [
                    [
                        [
                            -111.97142099,
                            33.06730122
                        ],
                        [
                            -111.97148642,
                            33.06730071
                        ],
                        [
                            -111.97148637,
                            33.06733679
                        ],
                        [
                            -111.97142098,
                            33.06733729
                        ],
                        [
                            -111.97142099,
                            33.06730122
                        ]
                    ]
                ]
            },
            "properties": {
                "pa_label": "p304-S15",
                "PSDATE": "2003-09-02",
                "PHTD": 0.937,
                "STDD": 11.2,
                "MSNODE": 21.0,
                "PFNODE": 6.0,
                "VBNUM": 3.0,
                "VBNODE": 22.0,
                "SQRNUM": 1.3,
                "FLRNUM": 0.0,
                "GBNUM": 12.7,
                "MBNUM": 13.7,
                "LWPD": 27.05,
                "SWPD": 37.29,
                "CWPD": 130.92,
                "LWAD": 1375.4,
                "SWAD": 1896.1,
                "MBWAD": 1800.5,
                "PWAD": 3386.1,
                "CWAD": 6657.7,
                "LAID_LAB": 2.382
            },
            "_id": "68c445408ac547b6574217c7",
            "paid": "68c445408ac547b6574217c7"
        },
        {
            "type": "Feature",
            "geometry": {
                "type": "Polygon",
                "coordinates": [
                    [
                        [
                            -111.97135578,
                            33.06729995
                        ],
                        [
                            -111.97135575,
                            33.06733603
                        ],
                        [
                            -111.97129027,
                            33.06733654
                        ],
                        [
                            -111.97129031,
                            33.06730046
                        ],
                        [
                            -111.97135578,
                            33.06729995
                        ]
                    ]
                ]
            },
            "properties": {
                "pa_label": "p305-S15",
                "PSDATE": "2003-09-02",
                "PHTD": 0.813,
                "STDD": 7.8,
                "MSNODE": 13.0,
                "PFNODE": 6.0,
                "VBNUM": 1.0,
                "VBNODE": 5.0,
                "SQRNUM": 0.7,
                "FLRNUM": 0.0,
                "GBNUM": 2.7,
                "MBNUM": 2.0,
                "LWPD": 13.05,
                "SWPD": 20.94,
                "CWPD": 56.94,
                "LWAD": 3246.0,
                "SWAD": 5209.0,
                "MBWAD": 2240.8,
                "PWAD": 5711.6,
                "CWAD": 14166.5,
                "LAID_LAB": 6.196
            },
            "_id": "68c445408ac547b6574217d9",
            "paid": "68c445408ac547b6574217d9"
        },
        {
            "type": "Feature",
            "geometry": {
                "type": "Polygon",
                "coordinates": [
                    [
                        [
                            -111.97116049,
                            33.0672995
                        ],
                        [
                            -111.97122594,
                            33.06729899
                        ],
                        [
                            -111.9712259,
                            33.06733507
                        ],
                        [
                            -111.97116045,
                            33.06733558
                        ],
                        [
                            -111.97116049,
                            33.0672995
                        ]
                    ]
                ]
            },
            "properties": {
                "pa_label": "p306-S15",
                "PSDATE": "2003-09-02",
                "PHTD": 0.634,
                "STDD": 12.1,
                "MSNODE": 18.0,
                "PFNODE": 3.0,
                "VBNUM": 2.0,
                "VBNODE": 7.0,
                "SQRNUM": 2.7,
                "FLRNUM": 0.0,
                "GBNUM": 2.0,
                "MBNUM": 6.7,
                "LWPD": 32.19,
                "SWPD": 49.13,
                "CWPD": 131.11,
                "LWAD": 3963.3,
                "SWAD": 6048.6,
                "MBWAD": 2054.5,
                "PWAD": 6130.7,
                "CWAD": 16142.6,
                "LAID_LAB": 5.839
            },
            "_id": "68c445408ac547b6574217eb",
            "paid": "68c445408ac547b6574217eb"
        },
        {
            "type": "Feature",
            "geometry": {
                "type": "Polygon",
                "coordinates": [
                    [
                        [
                            -111.97109568,
                            33.06729819
                        ],
                        [
                            -111.97109568,
                            33.06733426
                        ],
                        [
                            -111.97103033,
                            33.06733477
                        ],
                        [
                            -111.97103036,
                            33.0672987
                        ],
                        [
                            -111.97109568,
                            33.06729819
                        ]
                    ]
                ]
            },
            "properties": {
                "pa_label": "p307-S15",
                "PSDATE": "2003-09-02",
                "PHTD": 0.748,
                "STDD": 9.1,
                "MSNODE": 14.0,
                "PFNODE": 5.0,
                "VBNUM": 3.0,
                "VBNODE": 16.0,
                "SQRNUM": 4.0,
                "FLRNUM": 0.0,
                "GBNUM": 8.3,
                "MBNUM": 2.0,
                "LWPD": 21.34,
                "SWPD": 32.33,
                "CWPD": 88.71,
                "LWAD": 2475.4,
                "SWAD": 3751.1,
                "MBWAD": 1983.1,
                "PWAD": 4065.5,
                "CWAD": 10292.0,
                "LAID_LAB": 4.667
            },
            "_id": "68c445408ac547b6574217fd",
            "paid": "68c445408ac547b6574217fd"
        },
        {
            "type": "Feature",
            "geometry": {
                "type": "Polygon",
                "coordinates": [
                    [
                        [
                            -111.97090064,
                            33.06729787
                        ],
                        [
                            -111.97096582,
                            33.06729737
                        ],
                        [
                            -111.97096575,
                            33.06733344
                        ],
                        [
                            -111.97090057,
                            33.06733395
                        ],
                        [
                            -111.97090064,
                            33.06729787
                        ]
                    ]
                ]
            },
            "properties": {
                "pa_label": "p308-S15",
                "PSDATE": "2003-09-02",
                "PHTD": 0.877,
                "STDD": 9.4,
                "MSNODE": 21.0,
                "PFNODE": 3.0,
                "VBNUM": 0.0,
                "VBNODE": 0.0,
                "SQRNUM": 10.7,
                "FLRNUM": 0.3,
                "GBNUM": 5.0,
                "MBNUM": 4.0,
                "LWPD": 25.98,
                "SWPD": 34.74,
                "CWPD": 118.63,
                "LWAD": 5909.7,
                "SWAD": 7902.4,
                "MBWAD": 4319.7,
                "PWAD": 13172.1,
                "CWAD": 26984.2,
                "LAID_LAB": 9.237
            },
            "_id": "68c445408ac547b65742180f",
            "paid": "68c445408ac547b65742180f"
        },
        {
            "type": "Feature",
            "geometry": {
                "type": "Polygon",
                "coordinates": [
                    [
                        [
                            -111.97187724,
                            33.06710108
                        ],
                        [
                            -111.97187714,
                            33.06713716
                        ],
                        [
                            -111.97181187,
                            33.06713767
                        ],
                        [
                            -111.971812,
                            33.06710159
                        ],
                        [
                            -111.97187724,
                            33.06710108
                        ]
                    ]
                ]
            },
            "properties": {
                "pa_label": "p401-S15",
                "PSDATE": "2003-09-02",
                "PHTD": 0.989,
                "STDD": 15.6,
                "MSNODE": 24.0,
                "PFNODE": 4.0,
                "VBNUM": 4.0,
                "VBNODE": 27.0,
                "SQRNUM": 15.0,
                "FLRNUM": 0.7,
                "GBNUM": 22.7,
                "MBNUM": 7.7,
                "LWPD": 11.53,
                "SWPD": 16.07,
                "CWPD": 51.91,
                "LWAD": 553.1,
                "SWAD": 770.9,
                "MBWAD": 800.7,
                "PWAD": 1166.9,
                "CWAD": 2490.9,
                "LAID_LAB": 0.929
            },
            "_id": "68c445408ac547b657421821",
            "paid": "68c445408ac547b657421821"
        },
        {
            "type": "Feature",
            "geometry": {
                "type": "Polygon",
                "coordinates": [
                    [
                        [
                            -111.97168138,
                            33.06710081
                        ],
                        [
                            -111.97174663,
                            33.06710031
                        ],
                        [
                            -111.97174658,
                            33.06713638
                        ],
                        [
                            -111.97168137,
                            33.06713689
                        ],
                        [
                            -111.97168138,
                            33.06710081
                        ]
                    ]
                ]
            },
            "properties": {
                "pa_label": "p402-S15",
                "PSDATE": "2003-09-02",
                "PHTD": 0.898,
                "STDD": 9.7,
                "MSNODE": 21.0,
                "PFNODE": 7.0,
                "VBNUM": 2.0,
                "VBNODE": 4.0,
                "SQRNUM": 9.0,
                "FLRNUM": 0.0,
                "GBNUM": 5.7,
                "MBNUM": 2.7,
                "LWPD": 43.44,
                "SWPD": 60.39,
                "CWPD": 176.18,
                "LWAD": 4904.7,
                "SWAD": 6819.3,
                "MBWAD": 2356.9,
                "PWAD": 8169.8,
                "CWAD": 19893.8,
                "LAID_LAB": 9.123
            },
            "_id": "68c445408ac547b657421833",
            "paid": "68c445408ac547b657421833"
        },
        {
            "type": "Feature",
            "geometry": {
                "type": "Polygon",
                "coordinates": [
                    [
                        [
                            -111.97161609,
                            33.0670997
                        ],
                        [
                            -111.97161607,
                            33.06713577
                        ],
                        [
                            -111.97155092,
                            33.06713628
                        ],
                        [
                            -111.97155096,
                            33.0671002
                        ],
                        [
                            -111.97161609,
                            33.0670997
                        ]
                    ]
                ]
            },
            "properties": {
                "pa_label": "p403-S15",
                "PSDATE": "2003-09-02",
                "PHTD": 0.761,
                "STDD": 12.4,
                "MSNODE": 18.0,
                "PFNODE": 6.0,
                "VBNUM": 3.0,
                "VBNODE": 15.0,
                "SQRNUM": 0.0,
                "FLRNUM": 0.0,
                "GBNUM": 4.7,
                "MBNUM": 2.0,
                "LWPD": 26.4,
                "SWPD": 38.57,
                "CWPD": 124.79,
                "LWAD": 5808.0,
                "SWAD": 8486.1,
                "MBWAD": 6414.4,
                "PWAD": 13160.3,
                "CWAD": 27454.4,
                "LAID_LAB": 9.033
            },
            "_id": "68c445408ac547b657421845",
            "paid": "68c445408ac547b657421845"
        },
        {
            "type": "Feature",
            "geometry": {
                "type": "Polygon",
                "coordinates": [
                    [
                        [
                            -111.97142134,
                            33.06709924
                        ],
                        [
                            -111.97148675,
                            33.06709873
                        ],
                        [
                            -111.97148667,
                            33.06713481
                        ],
                        [
                            -111.97142126,
                            33.06713532
                        ],
                        [
                            -111.97142134,
                            33.06709924
                        ]
                    ]
                ]
            },
            "properties": {
                "pa_label": "p404-S15",
                "PSDATE": "2003-09-02",
                "PHTD": 0.859,
                "STDD": 10.0,
                "MSNODE": 23.0,
                "PFNODE": 4.0,
                "VBNUM": 1.0,
                "VBNODE": 8.0,
                "SQRNUM": 7.7,
                "FLRNUM": 0.3,
                "GBNUM": 8.0,
                "MBNUM": 10.0,
                "LWPD": 22.1,
                "SWPD": 44.37,
                "CWPD": 101.31,
                "LWAD": 2380.6,
                "SWAD": 4779.2,
                "MBWAD": 907.7,
                "PWAD": 3753.0,
                "CWAD": 10912.8,
                "LAID_LAB": 4.3
            },
            "_id": "68c445408ac547b657421857",
            "paid": "68c445408ac547b657421857"
        },
        {
            "type": "Feature",
            "geometry": {
                "type": "Polygon",
                "coordinates": [
                    [
                        [
                            -111.97135613,
                            33.06709809
                        ],
                        [
                            -111.97135613,
                            33.06713417
                        ],
                        [
                            -111.97129074,
                            33.06713468
                        ],
                        [
                            -111.97129079,
                            33.0670986
                        ],
                        [
                            -111.97135613,
                            33.06709809
                        ]
                    ]
                ]
            },
            "properties": {
                "pa_label": "p405-S15",
                "PSDATE": "2003-09-02",
                "PHTD": 0.693,
                "STDD": 8.7,
                "MSNODE": 26.0,
                "PFNODE": 7.0,
                "VBNUM": 0.0,
                "VBNODE": 0.0,
                "SQRNUM": 0.7,
                "FLRNUM": 0.0,
                "GBNUM": 5.0,
                "MBNUM": 3.3,
                "LWPD": 56.45,
                "SWPD": 74.22,
                "CWPD": 234.85,
                "LWAD": 13308.9,
                "SWAD": 17499.2,
                "MBWAD": 11789.8,
                "PWAD": 24562.0,
                "CWAD": 55370.1,
                "LAID_LAB": 26.085
            },
            "_id": "68c445408ac547b657421869",
            "paid": "68c445408ac547b657421869"
        },
        {
            "type": "Feature",
            "geometry": {
                "type": "Polygon",
                "coordinates": [
                    [
                        [
                            -111.97116078,
                            33.06709769
                        ],
                        [
                            -111.97122634,
                            33.06709718
                        ],
                        [
                            -111.97122625,
                            33.06713325
                        ],
                        [
                            -111.9711607,
                            33.06713376
                        ],
                        [
                            -111.97116078,
                            33.06709769
                        ]
                    ]
                ]
            },
            "properties": {
                "pa_label": "p406-S15",
                "PSDATE": "2003-09-02",
                "PHTD": 0.962,
                "STDD": 11.4,
                "MSNODE": 24.0,
                "PFNODE": 6.0,
                "VBNUM": 1.0,
                "VBNODE": 9.0,
                "SQRNUM": 10.0,
                "FLRNUM": 0.3,
                "GBNUM": 9.7,
                "MBNUM": 2.7,
                "LWPD": 54.27,
                "SWPD": 77.16,
                "CWPD": 267.79,
                "LWAD": 6221.5,
                "SWAD": 8845.8,
                "MBWAD": 8446.4,
                "PWAD": 15633.7,
                "CWAD": 30701.0,
                "LAID_LAB": 9.516
            },
            "_id": "68c445408ac547b65742187b",
            "paid": "68c445408ac547b65742187b"
        },
        {
            "type": "Feature",
            "geometry": {
                "type": "Polygon",
                "coordinates": [
                    [
                        [
                            -111.97109572,
                            33.06709658
                        ],
                        [
                            -111.97109572,
                            33.06713266
                        ],
                        [
                            -111.97103059,
                            33.06713316
                        ],
                        [
                            -111.97103061,
                            33.06709709
                        ],
                        [
                            -111.97109572,
                            33.06709658
                        ]
                    ]
                ]
            },
            "properties": {
                "pa_label": "p407-S15",
                "PSDATE": "2003-09-02",
                "PHTD": 0.907,
                "STDD": 14.6,
                "MSNODE": 26.0,
                "PFNODE": 8.0,
                "VBNUM": 5.0,
                "VBNODE": 29.0,
                "SQRNUM": 5.7,
                "FLRNUM": 0.7,
                "GBNUM": 12.3,
                "MBNUM": 6.3,
                "LWPD": 23.12,
                "SWPD": 32.2,
                "CWPD": 103.13,
                "LWAD": 1152.2,
                "SWAD": 1604.3,
                "MBWAD": 1471.2,
                "PWAD": 2382.4,
                "CWAD": 5138.9,
                "LAID_LAB": 1.893
            },
            "_id": "68c445408ac547b65742188d",
            "paid": "68c445408ac547b65742188d"
        },
        {
            "type": "Feature",
            "geometry": {
                "type": "Polygon",
                "coordinates": [
                    [
                        [
                            -111.97090096,
                            33.06709603
                        ],
                        [
                            -111.97096601,
                            33.06709552
                        ],
                        [
                            -111.97096594,
                            33.0671316
                        ],
                        [
                            -111.9709009,
                            33.0671321
                        ],
                        [
                            -111.97090096,
                            33.06709603
                        ]
                    ]
                ]
            },
            "properties": {
                "pa_label": "p408-S15",
                "PSDATE": "2003-09-02",
                "PHTD": 0.98,
                "STDD": 15.8,
                "MSNODE": 26.0,
                "PFNODE": 4.0,
                "VBNUM": 2.0,
                "VBNODE": 24.0,
                "SQRNUM": 6.0,
                "FLRNUM": 1.0,
                "GBNUM": 10.7,
                "MBNUM": 4.7,
                "LWPD": 33.04,
                "SWPD": 45.75,
                "CWPD": 159.86,
                "LWAD": 3899.0,
                "SWAD": 5399.8,
                "MBWAD": 5557.5,
                "PWAD": 9567.4,
                "CWAD": 18866.1,
                "LAID_LAB": 4.864
            },
            "_id": "68c445408ac547b65742189f",
            "paid": "68c445408ac547b65742189f"
        },
        {
            "type": "Feature",
            "geometry": {
                "type": "Polygon",
                "coordinates": [
                    [
                        [
                            -111.97187593,
                            33.06777126
                        ],
                        [
                            -111.97187587,
                            33.06780734
                        ],
                        [
                            -111.97181049,
                            33.06780785
                        ],
                        [
                            -111.97181058,
                            33.06777177
                        ],
                        [
                            -111.97187593,
                            33.06777126
                        ]
                    ]
                ]
            },
            "properties": {
                "pa_label": "p101-S16",
                "PSDATE": "2003-09-08",
                "PHTD": 0.932,
                "STDD": 12.3,
                "MSNODE": 24.0,
                "PFNODE": 4.0,
                "VBNUM": 1.0,
                "VBNODE": 3.0,
                "SQRNUM": 13.0,
                "FLRNUM": 0.0,
                "GBNUM": 8.0,
                "MBNUM": 18.7,
                "LWPD": 50.06,
                "SWPD": 57.11,
                "CWPD": 218.14,
                "LWAD": 2597.0,
                "SWAD": 2962.9,
                "MBWAD": 4680.6,
                "PWAD": 5756.9,
                "CWAD": 11316.9,
                "LAID_LAB": 4.089
            },
            "_id": "68c445408ac547b657421672",
            "paid": "68c445408ac547b657421672"
        },
        {
            "type": "Feature",
            "geometry": {
                "type": "Polygon",
                "coordinates": [
                    [
                        [
                            -111.97168048,
                            33.06777095
                        ],
                        [
                            -111.97174565,
                            33.06777045
                        ],
                        [
                            -111.9717456,
                            33.06780652
                        ],
                        [
                            -111.97168043,
                            33.06780703
                        ],
                        [
                            -111.97168048,
                            33.06777095
                        ]
                    ]
                ]
            },
            "properties": {
                "pa_label": "p102-S16",
                "PSDATE": "2003-09-08",
                "PHTD": 0.87,
                "STDD": 12.2,
                "MSNODE": 29.0,
                "PFNODE": 4.0,
                "VBNUM": 2.0,
                "VBNODE": 17.0,
                "SQRNUM": 9.3,
                "FLRNUM": 0.0,
                "GBNUM": 8.3,
                "MBNUM": 16.0,
                "LWPD": 39.75,
                "SWPD": 51.02,
                "CWPD": 199.79,
                "LWAD": 3760.3,
                "SWAD": 4826.1,
                "MBWAD": 7089.1,
                "PWAD": 10313.7,
                "CWAD": 18900.0,
                "LAID_LAB": 5.78
            },
            "_id": "68c445408ac547b657421684",
            "paid": "68c445408ac547b657421684"
        },
        {
            "type": "Feature",
            "geometry": {
                "type": "Polygon",
                "coordinates": [
                    [
                        [
                            -111.97161533,
                            33.06776968
                        ],
                        [
                            -111.97161529,
                            33.06780576
                        ],
                        [
                            -111.97155009,
                            33.06780627
                        ],
                        [
                            -111.97155013,
                            33.06777019
                        ],
                        [
                            -111.97161533,
                            33.06776968
                        ]
                    ]
                ]
            },
            "properties": {
                "pa_label": "p103-S16",
                "PSDATE": "2003-09-08",
                "PHTD": 0.868,
                "STDD": 6.9,
                "MSNODE": 22.0,
                "PFNODE": 9.0,
                "VBNUM": 1.0,
                "VBNODE": 8.0,
                "SQRNUM": 3.7,
                "FLRNUM": 0.0,
                "GBNUM": 2.3,
                "MBNUM": 4.0,
                "LWPD": 11.08,
                "SWPD": 13.76,
                "CWPD": 44.88,
                "LWAD": 2499.2,
                "SWAD": 3103.7,
                "MBWAD": 3239.8,
                "PWAD": 4519.4,
                "CWAD": 10122.3,
                "LAID_LAB": 4.125
            },
            "_id": "68c445408ac547b657421696",
            "paid": "68c445408ac547b657421696"
        },
        {
            "type": "Feature",
            "geometry": {
                "type": "Polygon",
                "coordinates": [
                    [
                        [
                            -111.97148529,
                            33.06776917
                        ],
                        [
                            -111.97148519,
                            33.06780525
                        ],
                        [
                            -111.9714195,
                            33.06780576
                        ],
                        [
                            -111.97141966,
                            33.06776969
                        ],
                        [
                            -111.97148529,
                            33.06776917
                        ]
                    ]
                ]
            },
            "properties": {
                "pa_label": "p104-S16",
                "PSDATE": "2003-09-08",
                "PHTD": 0.824,
                "STDD": 9.8,
                "MSNODE": 18.0,
                "PFNODE": 7.0,
                "VBNUM": 3.0,
                "VBNODE": 17.0,
                "SQRNUM": 2.3,
                "FLRNUM": 0.0,
                "GBNUM": 3.3,
                "MBNUM": 7.7,
                "LWPD": 22.53,
                "SWPD": 34.41,
                "CWPD": 107.88,
                "LWAD": 2731.2,
                "SWAD": 4170.8,
                "MBWAD": 4760.7,
                "PWAD": 6174.4,
                "CWAD": 13076.4,
                "LAID_LAB": 4.486
            },
            "_id": "68c445408ac547b6574216a8",
            "paid": "68c445408ac547b6574216a8"
        },
        {
            "type": "Feature",
            "geometry": {
                "type": "Polygon",
                "coordinates": [
                    [
                        [
                            -111.97128944,
                            33.0677683
                        ],
                        [
                            -111.97135489,
                            33.06776779
                        ],
                        [
                            -111.97135482,
                            33.06780387
                        ],
                        [
                            -111.97128937,
                            33.06780438
                        ],
                        [
                            -111.97128944,
                            33.0677683
                        ]
                    ]
                ]
            },
            "properties": {
                "pa_label": "p105-S16",
                "PSDATE": "2003-09-08",
                "PHTD": 0.902,
                "STDD": 10.6,
                "MSNODE": 27.0,
                "PFNODE": 6.0,
                "VBNUM": 0.0,
                "VBNODE": 0.0,
                "SQRNUM": 2.3,
                "FLRNUM": 0.7,
                "GBNUM": 2.3,
                "MBNUM": 3.0,
                "LWPD": 10.03,
                "SWPD": 13.66,
                "CWPD": 44.69,
                "LWAD": 2355.7,
                "SWAD": 3208.6,
                "MBWAD": 3482.7,
                "PWAD": 4935.4,
                "CWAD": 10499.7,
                "LAID_LAB": 3.402
            },
            "_id": "68c445408ac547b6574216ba",
            "paid": "68c445408ac547b6574216ba"
        },
        {
            "type": "Feature",
            "geometry": {
                "type": "Polygon",
                "coordinates": [
                    [
                        [
                            -111.97122492,
                            33.06776681
                        ],
                        [
                            -111.97122485,
                            33.06780289
                        ],
                        [
                            -111.97115941,
                            33.0678034
                        ],
                        [
                            -111.97115949,
                            33.06776732
                        ],
                        [
                            -111.97122492,
                            33.06776681
                        ]
                    ]
                ]
            },
            "properties": {
                "pa_label": "p106-S16",
                "PSDATE": "2003-09-08",
                "PHTD": 1.455,
                "STDD": 15.1,
                "MSNODE": 32.0,
                "PFNODE": 6.0,
                "VBNUM": 2.0,
                "VBNODE": 21.0,
                "SQRNUM": 15.0,
                "FLRNUM": 0.7,
                "GBNUM": 11.7,
                "MBNUM": 4.3,
                "LWPD": 27.84,
                "SWPD": 43.18,
                "CWPD": 120.04,
                "LWAD": 3402.4,
                "SWAD": 5276.7,
                "MBWAD": 2523.7,
                "PWAD": 5991.2,
                "CWAD": 14670.2,
                "LAID_LAB": 5.743
            },
            "_id": "68c445408ac547b6574216cc",
            "paid": "68c445408ac547b6574216cc"
        },
        {
            "type": "Feature",
            "geometry": {
                "type": "Polygon",
                "coordinates": [
                    [
                        [
                            -111.97109558,
                            33.06776662
                        ],
                        [
                            -111.97109559,
                            33.0678027
                        ],
                        [
                            -111.97102967,
                            33.06780321
                        ],
                        [
                            -111.9710298,
                            33.06776713
                        ],
                        [
                            -111.97109558,
                            33.06776662
                        ]
                    ]
                ]
            },
            "properties": {
                "pa_label": "p107-S16",
                "PSDATE": "2003-09-08",
                "PHTD": 0.783,
                "STDD": 13.6,
                "MSNODE": 19.0,
                "PFNODE": 5.0,
                "VBNUM": 5.0,
                "VBNODE": 30.0,
                "SQRNUM": 4.0,
                "FLRNUM": 0.0,
                "GBNUM": 2.0,
                "MBNUM": 7.0,
                "LWPD": 16.64,
                "SWPD": 24.88,
                "CWPD": 79.05,
                "LWAD": 1909.2,
                "SWAD": 2854.7,
                "MBWAD": 3526.7,
                "PWAD": 4305.7,
                "CWAD": 9069.7,
                "LAID_LAB": 3.025
            },
            "_id": "68c445408ac547b6574216de",
            "paid": "68c445408ac547b6574216de"
        },
        {
            "type": "Feature",
            "geometry": {
                "type": "Polygon",
                "coordinates": [
                    [
                        [
                            -111.97096537,
                            33.06776524
                        ],
                        [
                            -111.97096535,
                            33.06780131
                        ],
                        [
                            -111.97090004,
                            33.06780182
                        ],
                        [
                            -111.97090025,
                            33.06776575
                        ],
                        [
                            -111.97096537,
                            33.06776524
                        ]
                    ]
                ]
            },
            "properties": {
                "pa_label": "p108-S16",
                "PSDATE": "2003-09-08",
                "PHTD": 1.082,
                "STDD": 13.8,
                "MSNODE": 28.0,
                "PFNODE": 5.0,
                "VBNUM": 0.0,
                "VBNODE": 0.0,
                "SQRNUM": 5.7,
                "FLRNUM": 0.0,
                "GBNUM": 9.7,
                "MBNUM": 4.7,
                "LWPD": 24.57,
                "SWPD": 33.97,
                "CWPD": 114.75,
                "LWAD": 2935.6,
                "SWAD": 4059.0,
                "MBWAD": 2748.8,
                "PWAD": 6715.4,
                "CWAD": 13710.0,
                "LAID_LAB": 4.518
            },
            "_id": "68c445408ac547b6574216f0",
            "paid": "68c445408ac547b6574216f0"
        },
        {
            "type": "Feature",
            "geometry": {
                "type": "Polygon",
                "coordinates": [
                    [
                        [
                            -111.97187636,
                            33.06757231
                        ],
                        [
                            -111.97187629,
                            33.06760839
                        ],
                        [
                            -111.97181097,
                            33.06760889
                        ],
                        [
                            -111.97181104,
                            33.06757282
                        ],
                        [
                            -111.97187636,
                            33.06757231
                        ]
                    ]
                ]
            },
            "properties": {
                "pa_label": "p201-S16",
                "PSDATE": "2003-09-08",
                "PHTD": 0.774,
                "STDD": 9.6,
                "MSNODE": 19.0,
                "PFNODE": 4.0,
                "VBNUM": 1.0,
                "VBNODE": 10.0,
                "SQRNUM": 4.7,
                "FLRNUM": 0.0,
                "GBNUM": 1.0,
                "MBNUM": 5.7,
                "LWPD": 12.65,
                "SWPD": 22.05,
                "CWPD": 61.87,
                "LWAD": 2784.6,
                "SWAD": 4855.0,
                "MBWAD": 5348.2,
                "PWAD": 5982.3,
                "CWAD": 13621.9,
                "LAID_LAB": 4.354
            },
            "_id": "68c445408ac547b657421702",
            "paid": "68c445408ac547b657421702"
        },
        {
            "type": "Feature",
            "geometry": {
                "type": "Polygon",
                "coordinates": [
                    [
                        [
                            -111.97174604,
                            33.06757132
                        ],
                        [
                            -111.97174589,
                            33.0676074
                        ],
                        [
                            -111.97168063,
                            33.06760791
                        ],
                        [
                            -111.97168092,
                            33.06757183
                        ],
                        [
                            -111.97174604,
                            33.06757132
                        ]
                    ]
                ]
            },
            "properties": {
                "pa_label": "p202-S16",
                "PSDATE": "2003-09-08",
                "PHTD": 0.987,
                "STDD": 9.7,
                "MSNODE": 18.0,
                "PFNODE": 5.0,
                "VBNUM": 3.0,
                "VBNODE": 7.0,
                "SQRNUM": 5.0,
                "FLRNUM": 0.3,
                "GBNUM": 8.7,
                "MBNUM": 7.0,
                "LWPD": 24.5,
                "SWPD": 32.94,
                "CWPD": 108.47,
                "LWAD": 3070.1,
                "SWAD": 4128.1,
                "MBWAD": 3554.2,
                "PWAD": 6393.7,
                "CWAD": 13591.9,
                "LAID_LAB": 5.825
            },
            "_id": "68c445408ac547b657421714",
            "paid": "68c445408ac547b657421714"
        },
        {
            "type": "Feature",
            "geometry": {
                "type": "Polygon",
                "coordinates": [
                    [
                        [
                            -111.97155004,
                            33.06757057
                        ],
                        [
                            -111.97161523,
                            33.06757007
                        ],
                        [
                            -111.97161508,
                            33.06760614
                        ],
                        [
                            -111.97155011,
                            33.06760665
                        ],
                        [
                            -111.97155004,
                            33.06757057
                        ]
                    ]
                ]
            },
            "properties": {
                "pa_label": "p203-S16",
                "PSDATE": "2003-09-08",
                "PHTD": 1.16,
                "STDD": 12.0,
                "MSNODE": 24.0,
                "PFNODE": 4.0,
                "VBNUM": 3.0,
                "VBNODE": 15.0,
                "SQRNUM": 24.0,
                "FLRNUM": 2.3,
                "GBNUM": 14.3,
                "MBNUM": 2.3,
                "LWPD": 45.55,
                "SWPD": 69.99,
                "CWPD": 146.72,
                "LWAD": 4931.2,
                "SWAD": 7578.0,
                "MBWAD": 1086.6,
                "PWAD": 3375.8,
                "CWAD": 15885.0,
                "LAID_LAB": 7.962
            },
            "_id": "68c445408ac547b657421726",
            "paid": "68c445408ac547b657421726"
        },
        {
            "type": "Feature",
            "geometry": {
                "type": "Polygon",
                "coordinates": [
                    [
                        [
                            -111.9714203,
                            33.06756971
                        ],
                        [
                            -111.97148582,
                            33.0675692
                        ],
                        [
                            -111.97148572,
                            33.06760528
                        ],
                        [
                            -111.97142021,
                            33.06760579
                        ],
                        [
                            -111.9714203,
                            33.06756971
                        ]
                    ]
                ]
            },
            "properties": {
                "pa_label": "p204-S16",
                "PSDATE": "2003-09-08",
                "PHTD": 0.975,
                "STDD": 9.2,
                "MSNODE": 15.0,
                "PFNODE": 5.0,
                "VBNUM": 1.0,
                "VBNODE": 8.0,
                "SQRNUM": 0.0,
                "FLRNUM": 0.0,
                "GBNUM": 2.7,
                "MBNUM": 4.3,
                "LWPD": 13.52,
                "SWPD": 24.36,
                "CWPD": 61.44,
                "LWAD": 3269.7,
                "SWAD": 5890.6,
                "MBWAD": 4483.4,
                "PWAD": 5694.7,
                "CWAD": 14854.9,
                "LAID_LAB": 6.332
            },
            "_id": "68c445408ac547b657421738",
            "paid": "68c445408ac547b657421738"
        },
        {
            "type": "Feature",
            "geometry": {
                "type": "Polygon",
                "coordinates": [
                    [
                        [
                            -111.97135527,
                            33.06756811
                        ],
                        [
                            -111.97135526,
                            33.06760418
                        ],
                        [
                            -111.97128981,
                            33.06760469
                        ],
                        [
                            -111.9712899,
                            33.06756862
                        ],
                        [
                            -111.97135527,
                            33.06756811
                        ]
                    ]
                ]
            },
            "properties": {
                "pa_label": "p205-S16",
                "PSDATE": "2003-09-08",
                "PHTD": 1.332,
                "STDD": 16.8,
                "MSNODE": 31.0,
                "PFNODE": 7.0,
                "VBNUM": 1.0,
                "VBNODE": 7.0,
                "SQRNUM": 19.0,
                "FLRNUM": 0.3,
                "GBNUM": 22.0,
                "MBNUM": 13.7,
                "LWPD": 57.12,
                "SWPD": 81.06,
                "CWPD": 253.01,
                "LWAD": 2811.2,
                "SWAD": 3989.2,
                "MBWAD": 3022.6,
                "PWAD": 5650.8,
                "CWAD": 12451.1,
                "LAID_LAB": 3.31
            },
            "_id": "68c445408ac547b65742174a",
            "paid": "68c445408ac547b65742174a"
        },
        {
            "type": "Feature",
            "geometry": {
                "type": "Polygon",
                "coordinates": [
                    [
                        [
                            -111.97115981,
                            33.06756766
                        ],
                        [
                            -111.9712253,
                            33.06756715
                        ],
                        [
                            -111.97122523,
                            33.06760323
                        ],
                        [
                            -111.97115975,
                            33.06760374
                        ],
                        [
                            -111.97115981,
                            33.06756766
                        ]
                    ]
                ]
            },
            "properties": {
                "pa_label": "p206-S16",
                "PSDATE": "2003-09-08",
                "PHTD": 0.847,
                "STDD": 13.3,
                "MSNODE": 23.0,
                "PFNODE": 8.0,
                "VBNUM": 3.0,
                "VBNODE": 27.0,
                "SQRNUM": 12.3,
                "FLRNUM": 1.0,
                "GBNUM": 31.0,
                "MBNUM": 13.7,
                "LWPD": 55.65,
                "SWPD": 82.53,
                "CWPD": 256.61,
                "LWAD": 2864.4,
                "SWAD": 4247.5,
                "MBWAD": 3155.5,
                "PWAD": 6095.2,
                "CWAD": 13207.1,
                "LAID_LAB": 5.235
            },
            "_id": "68c445408ac547b65742175c",
            "paid": "68c445408ac547b65742175c"
        },
        {
            "type": "Feature",
            "geometry": {
                "type": "Polygon",
                "coordinates": [
                    [
                        [
                            -111.97109537,
                            33.06756618
                        ],
                        [
                            -111.97109539,
                            33.06760225
                        ],
                        [
                            -111.9710302,
                            33.06760276
                        ],
                        [
                            -111.97103019,
                            33.06756668
                        ],
                        [
                            -111.97109537,
                            33.06756618
                        ]
                    ]
                ]
            },
            "properties": {
                "pa_label": "p207-S16",
                "PSDATE": "2003-09-08",
                "PHTD": 0.838,
                "STDD": 7.8,
                "MSNODE": 21.0,
                "PFNODE": 8.0,
                "VBNUM": 1.0,
                "VBNODE": 2.0,
                "SQRNUM": 4.0,
                "FLRNUM": 0.3,
                "GBNUM": 5.7,
                "MBNUM": 7.7,
                "LWPD": 22.58,
                "SWPD": 32.53,
                "CWPD": 105.45,
                "LWAD": 2666.9,
                "SWAD": 3841.7,
                "MBWAD": 3795.7,
                "PWAD": 5946.5,
                "CWAD": 12455.1,
                "LAID_LAB": 3.138
            },
            "_id": "68c445408ac547b65742176e",
            "paid": "68c445408ac547b65742176e"
        },
        {
            "type": "Feature",
            "geometry": {
                "type": "Polygon",
                "coordinates": [
                    [
                        [
                            -111.97096531,
                            33.0675651
                        ],
                        [
                            -111.97096521,
                            33.06760118
                        ],
                        [
                            -111.97090006,
                            33.06760169
                        ],
                        [
                            -111.97090018,
                            33.06756561
                        ],
                        [
                            -111.97096531,
                            33.0675651
                        ]
                    ]
                ]
            },
            "properties": {
                "pa_label": "p208-S16",
                "PSDATE": "2003-09-08",
                "PHTD": 1.044,
                "STDD": 15.7,
                "MSNODE": 28.0,
                "PFNODE": 7.0,
                "VBNUM": 5.0,
                "VBNODE": 30.0,
                "SQRNUM": 6.3,
                "FLRNUM": 0.0,
                "GBNUM": 12.7,
                "MBNUM": 13.7,
                "LWPD": 36.65,
                "SWPD": 52.64,
                "CWPD": 193.19,
                "LWAD": 1811.3,
                "SWAD": 2601.2,
                "MBWAD": 3072.8,
                "PWAD": 5134.7,
                "CWAD": 9547.2,
                "LAID_LAB": 2.171
            },
            "_id": "68c445408ac547b657421780",
            "paid": "68c445408ac547b657421780"
        },
        {
            "type": "Feature",
            "geometry": {
                "type": "Polygon",
                "coordinates": [
                    [
                        [
                            -111.97187688,
                            33.06730302
                        ],
                        [
                            -111.97187683,
                            33.0673391
                        ],
                        [
                            -111.97181172,
                            33.0673396
                        ],
                        [
                            -111.97181177,
                            33.06730353
                        ],
                        [
                            -111.97187688,
                            33.06730302
                        ]
                    ]
                ]
            },
            "properties": {
                "pa_label": "p301-S16",
                "PSDATE": "2003-09-08",
                "PHTD": 0.791,
                "STDD": 11.8,
                "MSNODE": 20.0,
                "PFNODE": 4.0,
                "VBNUM": 2.0,
                "VBNODE": 20.0,
                "SQRNUM": 11.0,
                "FLRNUM": 0.3,
                "GBNUM": 0.7,
                "MBNUM": 10.7,
                "LWPD": 22.84,
                "SWPD": 33.23,
                "CWPD": 111.34,
                "LWAD": 2507.9,
                "SWAD": 3648.9,
                "MBWAD": 5742.0,
                "PWAD": 6070.3,
                "CWAD": 12227.0,
                "LAID_LAB": 4.2
            },
            "_id": "68c445408ac547b657421792",
            "paid": "68c445408ac547b657421792"
        },
        {
            "type": "Feature",
            "geometry": {
                "type": "Polygon",
                "coordinates": [
                    [
                        [
                            -111.9717462,
                            33.06730236
                        ],
                        [
                            -111.97174612,
                            33.06733844
                        ],
                        [
                            -111.9716806,
                            33.06733895
                        ],
                        [
                            -111.97168072,
                            33.06730287
                        ],
                        [
                            -111.9717462,
                            33.06730236
                        ]
                    ]
                ]
            },
            "properties": {
                "pa_label": "p302-S16",
                "PSDATE": "2003-09-08",
                "PHTD": 0.987,
                "STDD": 15.7,
                "MSNODE": 21.0,
                "PFNODE": 3.0,
                "VBNUM": 3.0,
                "VBNODE": 28.0,
                "SQRNUM": 6.0,
                "FLRNUM": 0.3,
                "GBNUM": 6.3,
                "MBNUM": 9.0,
                "LWPD": 27.92,
                "SWPD": 39.92,
                "CWPD": 135.97,
                "LWAD": 3211.5,
                "SWAD": 4591.3,
                "MBWAD": 5848.0,
                "PWAD": 7835.4,
                "CWAD": 15638.1,
                "LAID_LAB": 4.769
            },
            "_id": "68c445408ac547b6574217a4",
            "paid": "68c445408ac547b6574217a4"
        },
        {
            "type": "Feature",
            "geometry": {
                "type": "Polygon",
                "coordinates": [
                    [
                        [
                            -111.97161629,
                            33.06730059
                        ],
                        [
                            -111.97161636,
                            33.06733666
                        ],
                        [
                            -111.9715507,
                            33.06733718
                        ],
                        [
                            -111.97155072,
                            33.0673011
                        ],
                        [
                            -111.97161629,
                            33.06730059
                        ]
                    ]
                ]
            },
            "properties": {
                "pa_label": "p303-S16",
                "PSDATE": "2003-09-08",
                "PHTD": 0.838,
                "STDD": 12.0,
                "MSNODE": 25.0,
                "PFNODE": 5.0,
                "VBNUM": 2.0,
                "VBNODE": 27.0,
                "SQRNUM": 25.7,
                "FLRNUM": 1.0,
                "GBNUM": 8.3,
                "MBNUM": 10.7,
                "LWPD": 33.48,
                "SWPD": 48.46,
                "CWPD": 136.46,
                "LWAD": 1771.0,
                "SWAD": 2563.5,
                "MBWAD": 1987.9,
                "PWAD": 2884.5,
                "CWAD": 7219.0,
                "LAID_LAB": 2.675
            },
            "_id": "68c445408ac547b6574217b6",
            "paid": "68c445408ac547b6574217b6"
        },
        {
            "type": "Feature",
            "geometry": {
                "type": "Polygon",
                "coordinates": [
                    [
                        [
                            -111.97142099,
                            33.06730122
                        ],
                        [
                            -111.97148642,
                            33.06730071
                        ],
                        [
                            -111.97148637,
                            33.06733679
                        ],
                        [
                            -111.97142098,
                            33.06733729
                        ],
                        [
                            -111.97142099,
                            33.06730122
                        ]
                    ]
                ]
            },
            "properties": {
                "pa_label": "p304-S16",
                "PSDATE": "2003-09-08",
                "PHTD": 0.86,
                "STDD": 15.9,
                "MSNODE": 21.0,
                "PFNODE": 5.0,
                "VBNUM": 6.0,
                "VBNODE": 38.0,
                "SQRNUM": 17.3,
                "FLRNUM": 1.0,
                "GBNUM": 7.3,
                "MBNUM": 16.7,
                "LWPD": 54.57,
                "SWPD": 85.14,
                "CWPD": 226.28,
                "LWAD": 2774.9,
                "SWAD": 4329.8,
                "MBWAD": 3726.0,
                "PWAD": 4402.3,
                "CWAD": 11507.0,
                "LAID_LAB": 3.547
            },
            "_id": "68c445408ac547b6574217c8",
            "paid": "68c445408ac547b6574217c8"
        },
        {
            "type": "Feature",
            "geometry": {
                "type": "Polygon",
                "coordinates": [
                    [
                        [
                            -111.97135578,
                            33.06729995
                        ],
                        [
                            -111.97135575,
                            33.06733603
                        ],
                        [
                            -111.97129027,
                            33.06733654
                        ],
                        [
                            -111.97129031,
                            33.06730046
                        ],
                        [
                            -111.97135578,
                            33.06729995
                        ]
                    ]
                ]
            },
            "properties": {
                "pa_label": "p305-S16",
                "PSDATE": "2003-09-08",
                "PHTD": 1.164,
                "STDD": 12.3,
                "MSNODE": 31.0,
                "PFNODE": 10.0,
                "VBNUM": 2.0,
                "VBNODE": 33.0,
                "SQRNUM": 2.3,
                "FLRNUM": 0.7,
                "GBNUM": 10.3,
                "MBNUM": 5.3,
                "LWPD": 20.49,
                "SWPD": 33.14,
                "CWPD": 106.05,
                "LWAD": 5098.7,
                "SWAD": 8244.3,
                "MBWAD": 6369.2,
                "PWAD": 13041.1,
                "CWAD": 26384.1,
                "LAID_LAB": 8.238
            },
            "_id": "68c445408ac547b6574217da",
            "paid": "68c445408ac547b6574217da"
        },
        {
            "type": "Feature",
            "geometry": {
                "type": "Polygon",
                "coordinates": [
                    [
                        [
                            -111.97116049,
                            33.0672995
                        ],
                        [
                            -111.97122594,
                            33.06729899
                        ],
                        [
                            -111.9712259,
                            33.06733507
                        ],
                        [
                            -111.97116045,
                            33.06733558
                        ],
                        [
                            -111.97116049,
                            33.0672995
                        ]
                    ]
                ]
            },
            "properties": {
                "pa_label": "p306-S16",
                "PSDATE": "2003-09-08",
                "PHTD": 0.994,
                "STDD": 10.5,
                "MSNODE": 29.0,
                "PFNODE": 7.0,
                "VBNUM": 1.0,
                "VBNODE": 8.0,
                "SQRNUM": 8.7,
                "FLRNUM": 0.7,
                "GBNUM": 3.0,
                "MBNUM": 7.0,
                "LWPD": 17.27,
                "SWPD": 25.53,
                "CWPD": 79.34,
                "LWAD": 2126.3,
                "SWAD": 3143.7,
                "MBWAD": 3730.6,
                "PWAD": 4498.5,
                "CWAD": 9768.5,
                "LAID_LAB": 3.317
            },
            "_id": "68c445408ac547b6574217ec",
            "paid": "68c445408ac547b6574217ec"
        },
        {
            "type": "Feature",
            "geometry": {
                "type": "Polygon",
                "coordinates": [
                    [
                        [
                            -111.97109568,
                            33.06729819
                        ],
                        [
                            -111.97109568,
                            33.06733426
                        ],
                        [
                            -111.97103033,
                            33.06733477
                        ],
                        [
                            -111.97103036,
                            33.0672987
                        ],
                        [
                            -111.97109568,
                            33.06729819
                        ]
                    ]
                ]
            },
            "properties": {
                "pa_label": "p307-S16",
                "PSDATE": "2003-09-08",
                "PHTD": 0.856,
                "STDD": 12.0,
                "MSNODE": 22.0,
                "PFNODE": 7.0,
                "VBNUM": 4.0,
                "VBNODE": 42.0,
                "SQRNUM": 6.7,
                "FLRNUM": 0.3,
                "GBNUM": 5.7,
                "MBNUM": 9.0,
                "LWPD": 26.87,
                "SWPD": 34.76,
                "CWPD": 122.46,
                "LWAD": 3117.3,
                "SWAD": 4032.7,
                "MBWAD": 5325.8,
                "PWAD": 7056.8,
                "CWAD": 14206.7,
                "LAID_LAB": 4.392
            },
            "_id": "68c445408ac547b6574217fe",
            "paid": "68c445408ac547b6574217fe"
        },
        {
            "type": "Feature",
            "geometry": {
                "type": "Polygon",
                "coordinates": [
                    [
                        [
                            -111.97090064,
                            33.06729787
                        ],
                        [
                            -111.97096582,
                            33.06729737
                        ],
                        [
                            -111.97096575,
                            33.06733344
                        ],
                        [
                            -111.97090057,
                            33.06733395
                        ],
                        [
                            -111.97090064,
                            33.06729787
                        ]
                    ]
                ]
            },
            "properties": {
                "pa_label": "p308-S16",
                "PSDATE": "2003-09-08",
                "PHTD": 0.777,
                "STDD": 9.2,
                "MSNODE": 21.0,
                "PFNODE": 6.0,
                "VBNUM": 1.0,
                "VBNODE": 12.0,
                "SQRNUM": 0.0,
                "FLRNUM": 0.3,
                "GBNUM": 7.0,
                "MBNUM": 5.7,
                "LWPD": 15.41,
                "SWPD": 24.0,
                "CWPD": 80.3,
                "LWAD": 3506.1,
                "SWAD": 5458.6,
                "MBWAD": 4920.2,
                "PWAD": 9300.6,
                "CWAD": 18265.2,
                "LAID_LAB": 5.77
            },
            "_id": "68c445408ac547b657421810",
            "paid": "68c445408ac547b657421810"
        },
        {
            "type": "Feature",
            "geometry": {
                "type": "Polygon",
                "coordinates": [
                    [
                        [
                            -111.97187724,
                            33.06710108
                        ],
                        [
                            -111.97187714,
                            33.06713716
                        ],
                        [
                            -111.97181187,
                            33.06713767
                        ],
                        [
                            -111.971812,
                            33.06710159
                        ],
                        [
                            -111.97187724,
                            33.06710108
                        ]
                    ]
                ]
            },
            "properties": {
                "pa_label": "p401-S16",
                "PSDATE": "2003-09-08",
                "PHTD": 0.812,
                "STDD": 16.5,
                "MSNODE": 21.0,
                "PFNODE": 5.0,
                "VBNUM": 3.0,
                "VBNODE": 34.0,
                "SQRNUM": 31.3,
                "FLRNUM": 3.0,
                "GBNUM": 32.0,
                "MBNUM": 10.0,
                "LWPD": 74.88,
                "SWPD": 102.17,
                "CWPD": 277.32,
                "LWAD": 3592.9,
                "SWAD": 4902.2,
                "MBWAD": 1816.3,
                "PWAD": 4811.5,
                "CWAD": 13306.6,
                "LAID_LAB": 4.814
            },
            "_id": "68c445408ac547b657421822",
            "paid": "68c445408ac547b657421822"
        },
        {
            "type": "Feature",
            "geometry": {
                "type": "Polygon",
                "coordinates": [
                    [
                        [
                            -111.97168138,
                            33.06710081
                        ],
                        [
                            -111.97174663,
                            33.06710031
                        ],
                        [
                            -111.97174658,
                            33.06713638
                        ],
                        [
                            -111.97168137,
                            33.06713689
                        ],
                        [
                            -111.97168138,
                            33.06710081
                        ]
                    ]
                ]
            },
            "properties": {
                "pa_label": "p402-S16",
                "PSDATE": "2003-09-08",
                "PHTD": 1.06,
                "STDD": 10.8,
                "MSNODE": 24.0,
                "PFNODE": 4.0,
                "VBNUM": 1.0,
                "VBNODE": 2.0,
                "SQRNUM": 9.7,
                "FLRNUM": 0.3,
                "GBNUM": 3.0,
                "MBNUM": 6.3,
                "LWPD": 20.64,
                "SWPD": 22.92,
                "CWPD": 76.86,
                "LWAD": 2330.2,
                "SWAD": 2588.0,
                "MBWAD": 3097.7,
                "PWAD": 3760.5,
                "CWAD": 8678.7,
                "LAID_LAB": 4.003
            },
            "_id": "68c445408ac547b657421834",
            "paid": "68c445408ac547b657421834"
        },
        {
            "type": "Feature",
            "geometry": {
                "type": "Polygon",
                "coordinates": [
                    [
                        [
                            -111.97161609,
                            33.0670997
                        ],
                        [
                            -111.97161607,
                            33.06713577
                        ],
                        [
                            -111.97155092,
                            33.06713628
                        ],
                        [
                            -111.97155096,
                            33.0671002
                        ],
                        [
                            -111.97161609,
                            33.0670997
                        ]
                    ]
                ]
            },
            "properties": {
                "pa_label": "p403-S16",
                "PSDATE": "2003-09-08",
                "PHTD": 0.605,
                "STDD": 9.2,
                "MSNODE": 14.0,
                "PFNODE": 6.0,
                "VBNUM": 1.0,
                "VBNODE": 7.0,
                "SQRNUM": 0.0,
                "FLRNUM": 0.0,
                "GBNUM": 3.0,
                "MBNUM": 5.0,
                "LWPD": 9.56,
                "SWPD": 12.61,
                "CWPD": 48.91,
                "LWAD": 2103.9,
                "SWAD": 2774.9,
                "MBWAD": 4052.4,
                "PWAD": 5881.3,
                "CWAD": 10760.1,
                "LAID_LAB": 2.734
            },
            "_id": "68c445408ac547b657421846",
            "paid": "68c445408ac547b657421846"
        },
        {
            "type": "Feature",
            "geometry": {
                "type": "Polygon",
                "coordinates": [
                    [
                        [
                            -111.97142134,
                            33.06709924
                        ],
                        [
                            -111.97148675,
                            33.06709873
                        ],
                        [
                            -111.97148667,
                            33.06713481
                        ],
                        [
                            -111.97142126,
                            33.06713532
                        ],
                        [
                            -111.97142134,
                            33.06709924
                        ]
                    ]
                ]
            },
            "properties": {
                "pa_label": "p404-S16",
                "PSDATE": "2003-09-08",
                "PHTD": 0.98,
                "STDD": 12.1,
                "MSNODE": 22.0,
                "PFNODE": 3.0,
                "VBNUM": 1.0,
                "VBNODE": 5.0,
                "SQRNUM": 15.0,
                "FLRNUM": 1.3,
                "GBNUM": 14.0,
                "MBNUM": 6.0,
                "LWPD": 32.82,
                "SWPD": 51.25,
                "CWPD": 114.54,
                "LWAD": 3535.8,
                "SWAD": 5521.1,
                "MBWAD": 3114.6,
                "PWAD": 3281.2,
                "CWAD": 12338.0,
                "LAID_LAB": 5.502
            },
            "_id": "68c445408ac547b657421858",
            "paid": "68c445408ac547b657421858"
        },
        {
            "type": "Feature",
            "geometry": {
                "type": "Polygon",
                "coordinates": [
                    [
                        [
                            -111.97135613,
                            33.06709809
                        ],
                        [
                            -111.97135613,
                            33.06713417
                        ],
                        [
                            -111.97129074,
                            33.06713468
                        ],
                        [
                            -111.97129079,
                            33.0670986
                        ],
                        [
                            -111.97135613,
                            33.06709809
                        ]
                    ]
                ]
            },
            "properties": {
                "pa_label": "p405-S16",
                "PSDATE": "2003-09-08",
                "PHTD": 0.738,
                "STDD": 10.0,
                "MSNODE": 23.0,
                "PFNODE": 5.0,
                "VBNUM": 1.0,
                "VBNODE": 7.0,
                "SQRNUM": 2.3,
                "FLRNUM": 0.7,
                "GBNUM": 2.7,
                "MBNUM": 3.0,
                "LWPD": 11.77,
                "SWPD": 17.89,
                "CWPD": 52.78,
                "LWAD": 2775.7,
                "SWAD": 4217.0,
                "MBWAD": 3821.0,
                "PWAD": 5451.7,
                "CWAD": 12444.5,
                "LAID_LAB": 3.723
            },
            "_id": "68c445408ac547b65742186a",
            "paid": "68c445408ac547b65742186a"
        },
        {
            "type": "Feature",
            "geometry": {
                "type": "Polygon",
                "coordinates": [
                    [
                        [
                            -111.97116078,
                            33.06709769
                        ],
                        [
                            -111.97122634,
                            33.06709718
                        ],
                        [
                            -111.97122625,
                            33.06713325
                        ],
                        [
                            -111.9711607,
                            33.06713376
                        ],
                        [
                            -111.97116078,
                            33.06709769
                        ]
                    ]
                ]
            },
            "properties": {
                "pa_label": "p406-S16",
                "PSDATE": "2003-09-08",
                "PHTD": 1.244,
                "STDD": 13.7,
                "MSNODE": 29.0,
                "PFNODE": 5.0,
                "VBNUM": 1.0,
                "VBNODE": 13.0,
                "SQRNUM": 6.7,
                "FLRNUM": 0.7,
                "GBNUM": 10.0,
                "MBNUM": 7.0,
                "LWPD": 28.94,
                "SWPD": 41.11,
                "CWPD": 122.83,
                "LWAD": 3317.9,
                "SWAD": 4713.1,
                "MBWAD": 3337.0,
                "PWAD": 6051.1,
                "CWAD": 14082.1,
                "LAID_LAB": 4.739
            },
            "_id": "68c445408ac547b65742187c",
            "paid": "68c445408ac547b65742187c"
        },
        {
            "type": "Feature",
            "geometry": {
                "type": "Polygon",
                "coordinates": [
                    [
                        [
                            -111.97109572,
                            33.06709658
                        ],
                        [
                            -111.97109572,
                            33.06713266
                        ],
                        [
                            -111.97103059,
                            33.06713316
                        ],
                        [
                            -111.97103061,
                            33.06709709
                        ],
                        [
                            -111.97109572,
                            33.06709658
                        ]
                    ]
                ]
            },
            "properties": {
                "pa_label": "p407-S16",
                "PSDATE": "2003-09-08",
                "PHTD": 0.997,
                "STDD": 17.5,
                "MSNODE": 29.0,
                "PFNODE": 4.0,
                "VBNUM": 2.0,
                "VBNODE": 35.0,
                "SQRNUM": 18.0,
                "FLRNUM": 1.0,
                "GBNUM": 31.7,
                "MBNUM": 21.0,
                "LWPD": 69.53,
                "SWPD": 78.53,
                "CWPD": 309.44,
                "LWAD": 3464.7,
                "SWAD": 3913.0,
                "MBWAD": 4353.8,
                "PWAD": 8041.0,
                "CWAD": 15418.7,
                "LAID_LAB": 4.681
            },
            "_id": "68c445408ac547b65742188e",
            "paid": "68c445408ac547b65742188e"
        },
        {
            "type": "Feature",
            "geometry": {
                "type": "Polygon",
                "coordinates": [
                    [
                        [
                            -111.97090096,
                            33.06709603
                        ],
                        [
                            -111.97096601,
                            33.06709552
                        ],
                        [
                            -111.97096594,
                            33.0671316
                        ],
                        [
                            -111.9709009,
                            33.0671321
                        ],
                        [
                            -111.97090096,
                            33.06709603
                        ]
                    ]
                ]
            },
            "properties": {
                "pa_label": "p408-S16",
                "PSDATE": "2003-09-08",
                "PHTD": 0.905,
                "STDD": 13.0,
                "MSNODE": 28.0,
                "PFNODE": 4.0,
                "VBNUM": 2.0,
                "VBNODE": 19.0,
                "SQRNUM": 5.0,
                "FLRNUM": 0.0,
                "GBNUM": 1.7,
                "MBNUM": 9.7,
                "LWPD": 18.51,
                "SWPD": 22.73,
                "CWPD": 89.99,
                "LWAD": 2184.9,
                "SWAD": 2682.2,
                "MBWAD": 5016.6,
                "PWAD": 5753.4,
                "CWAD": 10620.5,
                "LAID_LAB": 3.271
            },
            "_id": "68c445408ac547b6574218a0",
            "paid": "68c445408ac547b6574218a0"
        },
        {
            "type": "Feature",
            "geometry": {
                "type": "Polygon",
                "coordinates": [
                    [
                        [
                            -111.97187593,
                            33.06777126
                        ],
                        [
                            -111.97187587,
                            33.06780734
                        ],
                        [
                            -111.97181049,
                            33.06780785
                        ],
                        [
                            -111.97181058,
                            33.06777177
                        ],
                        [
                            -111.97187593,
                            33.06777126
                        ]
                    ]
                ]
            },
            "properties": {
                "pa_label": "p101-S17",
                "PSDATE": "2003-09-15",
                "PHTD": 1.03,
                "STDD": 17.0,
                "MSNODE": 29.0,
                "PFNODE": 8.0,
                "VBNUM": 6.0,
                "VBNODE": 37.0,
                "SQRNUM": 10.7,
                "FLRNUM": 1.3,
                "GBNUM": 6.0,
                "MBNUM": 14.3,
                "LWPD": 35.42,
                "SWPD": 46.08,
                "CWPD": 164.37,
                "LWAD": 1837.5,
                "SWAD": 2390.4,
                "MBWAD": 3301.9,
                "PWAD": 4299.2,
                "CWAD": 8527.1,
                "LAID_LAB": 2.552
            },
            "_id": "68c445408ac547b657421673",
            "paid": "68c445408ac547b657421673"
        },
        {
            "type": "Feature",
            "geometry": {
                "type": "Polygon",
                "coordinates": [
                    [
                        [
                            -111.97168048,
                            33.06777095
                        ],
                        [
                            -111.97174565,
                            33.06777045
                        ],
                        [
                            -111.9717456,
                            33.06780652
                        ],
                        [
                            -111.97168043,
                            33.06780703
                        ],
                        [
                            -111.97168048,
                            33.06777095
                        ]
                    ]
                ]
            },
            "properties": {
                "pa_label": "p102-S17",
                "PSDATE": "2003-09-15",
                "PHTD": 0.776,
                "STDD": 7.9,
                "MSNODE": 21.0,
                "PFNODE": 5.0,
                "VBNUM": 0.0,
                "VBNODE": 0.0,
                "SQRNUM": 5.3,
                "FLRNUM": 0.0,
                "GBNUM": 4.7,
                "MBNUM": 5.3,
                "LWPD": 13.76,
                "SWPD": 15.62,
                "CWPD": 58.68,
                "LWAD": 1301.3,
                "SWAD": 1477.9,
                "MBWAD": 2058.4,
                "PWAD": 2771.7,
                "CWAD": 5551.0,
                "LAID_LAB": 1.703
            },
            "_id": "68c445408ac547b657421685",
            "paid": "68c445408ac547b657421685"
        },
        {
            "type": "Feature",
            "geometry": {
                "type": "Polygon",
                "coordinates": [
                    [
                        [
                            -111.97161533,
                            33.06776968
                        ],
                        [
                            -111.97161529,
                            33.06780576
                        ],
                        [
                            -111.97155009,
                            33.06780627
                        ],
                        [
                            -111.97155013,
                            33.06777019
                        ],
                        [
                            -111.97161533,
                            33.06776968
                        ]
                    ]
                ]
            },
            "properties": {
                "pa_label": "p103-S17",
                "PSDATE": "2003-09-15",
                "PHTD": 0.822,
                "STDD": 11.3,
                "MSNODE": 21.0,
                "PFNODE": 4.0,
                "VBNUM": 3.0,
                "VBNODE": 15.0,
                "SQRNUM": 3.3,
                "FLRNUM": 0.7,
                "GBNUM": 7.7,
                "MBNUM": 7.7,
                "LWPD": 16.27,
                "SWPD": 31.59,
                "CWPD": 99.81,
                "LWAD": 3669.8,
                "SWAD": 7125.4,
                "MBWAD": 7119.4,
                "PWAD": 11717.7,
                "CWAD": 22512.9,
                "LAID_LAB": 5.251
            },
            "_id": "68c445408ac547b657421697",
            "paid": "68c445408ac547b657421697"
        },
        {
            "type": "Feature",
            "geometry": {
                "type": "Polygon",
                "coordinates": [
                    [
                        [
                            -111.97148529,
                            33.06776917
                        ],
                        [
                            -111.97148519,
                            33.06780525
                        ],
                        [
                            -111.9714195,
                            33.06780576
                        ],
                        [
                            -111.97141966,
                            33.06776969
                        ],
                        [
                            -111.97148529,
                            33.06776917
                        ]
                    ]
                ]
            },
            "properties": {
                "pa_label": "p104-S17",
                "PSDATE": "2003-09-15",
                "PHTD": 0.92,
                "STDD": 13.3,
                "MSNODE": 24.0,
                "PFNODE": 5.0,
                "VBNUM": 0.0,
                "VBNODE": 0.0,
                "SQRNUM": 1.3,
                "FLRNUM": 0.0,
                "GBNUM": 6.0,
                "MBNUM": 7.7,
                "LWPD": 19.05,
                "SWPD": 31.44,
                "CWPD": 101.76,
                "LWAD": 2309.4,
                "SWAD": 3810.8,
                "MBWAD": 4724.7,
                "PWAD": 6213.6,
                "CWAD": 12333.8,
                "LAID_LAB": 3.337
            },
            "_id": "68c445408ac547b6574216a9",
            "paid": "68c445408ac547b6574216a9"
        },
        {
            "type": "Feature",
            "geometry": {
                "type": "Polygon",
                "coordinates": [
                    [
                        [
                            -111.97128944,
                            33.0677683
                        ],
                        [
                            -111.97135489,
                            33.06776779
                        ],
                        [
                            -111.97135482,
                            33.06780387
                        ],
                        [
                            -111.97128937,
                            33.06780438
                        ],
                        [
                            -111.97128944,
                            33.0677683
                        ]
                    ]
                ]
            },
            "properties": {
                "pa_label": "p105-S17",
                "PSDATE": "2003-09-15",
                "PHTD": 0.831,
                "STDD": 11.5,
                "MSNODE": 22.0,
                "PFNODE": 7.0,
                "VBNUM": 3.0,
                "VBNODE": 20.0,
                "SQRNUM": 0.3,
                "FLRNUM": 0.0,
                "GBNUM": 4.0,
                "MBNUM": 8.7,
                "LWPD": 15.96,
                "SWPD": 30.21,
                "CWPD": 95.09,
                "LWAD": 3748.9,
                "SWAD": 7096.9,
                "MBWAD": 8502.6,
                "PWAD": 11494.3,
                "CWAD": 22340.1,
                "LAID_LAB": 5.172
            },
            "_id": "68c445408ac547b6574216bb",
            "paid": "68c445408ac547b6574216bb"
        },
        {
            "type": "Feature",
            "geometry": {
                "type": "Polygon",
                "coordinates": [
                    [
                        [
                            -111.97122492,
                            33.06776681
                        ],
                        [
                            -111.97122485,
                            33.06780289
                        ],
                        [
                            -111.97115941,
                            33.0678034
                        ],
                        [
                            -111.97115949,
                            33.06776732
                        ],
                        [
                            -111.97122492,
                            33.06776681
                        ]
                    ]
                ]
            },
            "properties": {
                "pa_label": "p106-S17",
                "PSDATE": "2003-09-15",
                "PHTD": 1.305,
                "STDD": 16.4,
                "MSNODE": 31.0,
                "PFNODE": 4.0,
                "VBNUM": 2.0,
                "VBNODE": 27.0,
                "SQRNUM": 2.7,
                "FLRNUM": 0.3,
                "GBNUM": 11.0,
                "MBNUM": 9.7,
                "LWPD": 27.61,
                "SWPD": 41.86,
                "CWPD": 144.44,
                "LWAD": 3373.8,
                "SWAD": 5115.4,
                "MBWAD": 5841.7,
                "PWAD": 9163.4,
                "CWAD": 17652.6,
                "LAID_LAB": 4.622
            },
            "_id": "68c445408ac547b6574216cd",
            "paid": "68c445408ac547b6574216cd"
        },
        {
            "type": "Feature",
            "geometry": {
                "type": "Polygon",
                "coordinates": [
                    [
                        [
                            -111.97109558,
                            33.06776662
                        ],
                        [
                            -111.97109559,
                            33.0678027
                        ],
                        [
                            -111.97102967,
                            33.06780321
                        ],
                        [
                            -111.9710298,
                            33.06776713
                        ],
                        [
                            -111.97109558,
                            33.06776662
                        ]
                    ]
                ]
            },
            "properties": {
                "pa_label": "p107-S17",
                "PSDATE": "2003-09-15",
                "PHTD": 0.882,
                "STDD": 12.4,
                "MSNODE": 26.0,
                "PFNODE": 4.0,
                "VBNUM": 2.0,
                "VBNODE": 21.0,
                "SQRNUM": 4.0,
                "FLRNUM": 0.0,
                "GBNUM": 3.3,
                "MBNUM": 12.0,
                "LWPD": 21.28,
                "SWPD": 36.73,
                "CWPD": 119.85,
                "LWAD": 2441.2,
                "SWAD": 4214.7,
                "MBWAD": 5973.7,
                "PWAD": 7095.4,
                "CWAD": 13751.4,
                "LAID_LAB": 2.856
            },
            "_id": "68c445408ac547b6574216df",
            "paid": "68c445408ac547b6574216df"
        },
        {
            "type": "Feature",
            "geometry": {
                "type": "Polygon",
                "coordinates": [
                    [
                        [
                            -111.97096537,
                            33.06776524
                        ],
                        [
                            -111.97096535,
                            33.06780131
                        ],
                        [
                            -111.97090004,
                            33.06780182
                        ],
                        [
                            -111.97090025,
                            33.06776575
                        ],
                        [
                            -111.97096537,
                            33.06776524
                        ]
                    ]
                ]
            },
            "properties": {
                "pa_label": "p108-S17",
                "PSDATE": "2003-09-15",
                "PHTD": 0.889,
                "STDD": 15.0,
                "MSNODE": 20.0,
                "PFNODE": 6.0,
                "VBNUM": 4.0,
                "VBNODE": 25.0,
                "SQRNUM": 10.3,
                "FLRNUM": 1.3,
                "GBNUM": 5.0,
                "MBNUM": 10.7,
                "LWPD": 22.08,
                "SWPD": 39.49,
                "CWPD": 123.74,
                "LWAD": 2638.1,
                "SWAD": 4717.8,
                "MBWAD": 6576.0,
                "PWAD": 7428.3,
                "CWAD": 14784.1,
                "LAID_LAB": 3.784
            },
            "_id": "68c445408ac547b6574216f1",
            "paid": "68c445408ac547b6574216f1"
        },
        {
            "type": "Feature",
            "geometry": {
                "type": "Polygon",
                "coordinates": [
                    [
                        [
                            -111.97187636,
                            33.06757231
                        ],
                        [
                            -111.97187629,
                            33.06760839
                        ],
                        [
                            -111.97181097,
                            33.06760889
                        ],
                        [
                            -111.97181104,
                            33.06757282
                        ],
                        [
                            -111.97187636,
                            33.06757231
                        ]
                    ]
                ]
            },
            "properties": {
                "pa_label": "p201-S17",
                "PSDATE": "2003-09-15",
                "PHTD": 0.65,
                "STDD": 10.3,
                "MSNODE": 21.0,
                "PFNODE": 7.0,
                "VBNUM": 2.0,
                "VBNODE": 15.0,
                "SQRNUM": 3.3,
                "FLRNUM": 0.3,
                "GBNUM": 0.0,
                "MBNUM": 6.0,
                "LWPD": 11.65,
                "SWPD": 20.24,
                "CWPD": 59.48,
                "LWAD": 2564.4,
                "SWAD": 4456.5,
                "MBWAD": 5988.2,
                "PWAD": 6075.5,
                "CWAD": 13096.4,
                "LAID_LAB": 3.242
            },
            "_id": "68c445408ac547b657421703",
            "paid": "68c445408ac547b657421703"
        },
        {
            "type": "Feature",
            "geometry": {
                "type": "Polygon",
                "coordinates": [
                    [
                        [
                            -111.97174604,
                            33.06757132
                        ],
                        [
                            -111.97174589,
                            33.0676074
                        ],
                        [
                            -111.97168063,
                            33.06760791
                        ],
                        [
                            -111.97168092,
                            33.06757183
                        ],
                        [
                            -111.97174604,
                            33.06757132
                        ]
                    ]
                ]
            },
            "properties": {
                "pa_label": "p202-S17",
                "PSDATE": "2003-09-15",
                "PHTD": 1.2,
                "STDD": 17.0,
                "MSNODE": 31.0,
                "PFNODE": 3.0,
                "VBNUM": 4.0,
                "VBNODE": 42.0,
                "SQRNUM": 14.3,
                "FLRNUM": 1.7,
                "GBNUM": 9.7,
                "MBNUM": 14.7,
                "LWPD": 36.22,
                "SWPD": 49.0,
                "CWPD": 173.02,
                "LWAD": 4538.7,
                "SWAD": 6140.2,
                "MBWAD": 8961.3,
                "PWAD": 11002.2,
                "CWAD": 21681.1,
                "LAID_LAB": 7.812
            },
            "_id": "68c445408ac547b657421715",
            "paid": "68c445408ac547b657421715"
        },
        {
            "type": "Feature",
            "geometry": {
                "type": "Polygon",
                "coordinates": [
                    [
                        [
                            -111.97155004,
                            33.06757057
                        ],
                        [
                            -111.97161523,
                            33.06757007
                        ],
                        [
                            -111.97161508,
                            33.06760614
                        ],
                        [
                            -111.97155011,
                            33.06760665
                        ],
                        [
                            -111.97155004,
                            33.06757057
                        ]
                    ]
                ]
            },
            "properties": {
                "pa_label": "p203-S17",
                "PSDATE": "2003-09-15",
                "PHTD": 0.84,
                "STDD": 9.0,
                "MSNODE": 16.0,
                "PFNODE": 6.0,
                "VBNUM": 2.0,
                "VBNODE": 12.0,
                "SQRNUM": 12.3,
                "FLRNUM": 1.0,
                "GBNUM": 4.3,
                "MBNUM": 7.0,
                "LWPD": 25.66,
                "SWPD": 43.78,
                "CWPD": 125.75,
                "LWAD": 2778.5,
                "SWAD": 4739.6,
                "MBWAD": 4697.4,
                "PWAD": 6096.2,
                "CWAD": 13614.3,
                "LAID_LAB": 4.616
            },
            "_id": "68c445408ac547b657421727",
            "paid": "68c445408ac547b657421727"
        },
        {
            "type": "Feature",
            "geometry": {
                "type": "Polygon",
                "coordinates": [
                    [
                        [
                            -111.9714203,
                            33.06756971
                        ],
                        [
                            -111.97148582,
                            33.0675692
                        ],
                        [
                            -111.97148572,
                            33.06760528
                        ],
                        [
                            -111.97142021,
                            33.06760579
                        ],
                        [
                            -111.9714203,
                            33.06756971
                        ]
                    ]
                ]
            },
            "properties": {
                "pa_label": "p204-S17",
                "PSDATE": "2003-09-15",
                "PHTD": 1.36,
                "STDD": 14.0,
                "MSNODE": 28.0,
                "PFNODE": 4.0,
                "VBNUM": 2.0,
                "VBNODE": 11.0,
                "SQRNUM": 1.7,
                "FLRNUM": 0.3,
                "GBNUM": 16.3,
                "MBNUM": 3.7,
                "LWPD": 22.17,
                "SWPD": 40.1,
                "CWPD": 110.67,
                "LWAD": 5361.1,
                "SWAD": 9696.2,
                "MBWAD": 4331.9,
                "PWAD": 11700.5,
                "CWAD": 26757.8,
                "LAID_LAB": 7.7
            },
            "_id": "68c445408ac547b657421739",
            "paid": "68c445408ac547b657421739"
        },
        {
            "type": "Feature",
            "geometry": {
                "type": "Polygon",
                "coordinates": [
                    [
                        [
                            -111.97135527,
                            33.06756811
                        ],
                        [
                            -111.97135526,
                            33.06760418
                        ],
                        [
                            -111.97128981,
                            33.06760469
                        ],
                        [
                            -111.9712899,
                            33.06756862
                        ],
                        [
                            -111.97135527,
                            33.06756811
                        ]
                    ]
                ]
            },
            "properties": {
                "pa_label": "p205-S17",
                "PSDATE": "2003-09-15",
                "PHTD": 1.143,
                "STDD": 15.8,
                "MSNODE": 27.0,
                "PFNODE": 7.0,
                "VBNUM": 4.0,
                "VBNODE": 45.0,
                "SQRNUM": 5.0,
                "FLRNUM": 1.0,
                "GBNUM": 15.0,
                "MBNUM": 18.0,
                "LWPD": 43.78,
                "SWPD": 71.7,
                "CWPD": 234.97,
                "LWAD": 2154.7,
                "SWAD": 3528.7,
                "MBWAD": 3913.7,
                "PWAD": 5879.9,
                "CWAD": 11563.3,
                "LAID_LAB": 3.482
            },
            "_id": "68c445408ac547b65742174b",
            "paid": "68c445408ac547b65742174b"
        },
        {
            "type": "Feature",
            "geometry": {
                "type": "Polygon",
                "coordinates": [
                    [
                        [
                            -111.97115981,
                            33.06756766
                        ],
                        [
                            -111.9712253,
                            33.06756715
                        ],
                        [
                            -111.97122523,
                            33.06760323
                        ],
                        [
                            -111.97115975,
                            33.06760374
                        ],
                        [
                            -111.97115981,
                            33.06756766
                        ]
                    ]
                ]
            },
            "properties": {
                "pa_label": "p206-S17",
                "PSDATE": "2003-09-15",
                "PHTD": 0.945,
                "STDD": 15.9,
                "MSNODE": 26.0,
                "PFNODE": 4.0,
                "VBNUM": 3.0,
                "VBNODE": 18.0,
                "SQRNUM": 10.3,
                "FLRNUM": 1.3,
                "GBNUM": 25.0,
                "MBNUM": 19.0,
                "LWPD": 63.1,
                "SWPD": 88.55,
                "CWPD": 308.64,
                "LWAD": 3247.6,
                "SWAD": 4557.3,
                "MBWAD": 4363.0,
                "PWAD": 8080.2,
                "CWAD": 15885.1,
                "LAID_LAB": 4.539
            },
            "_id": "68c445408ac547b65742175d",
            "paid": "68c445408ac547b65742175d"
        },
        {
            "type": "Feature",
            "geometry": {
                "type": "Polygon",
                "coordinates": [
                    [
                        [
                            -111.97109537,
                            33.06756618
                        ],
                        [
                            -111.97109539,
                            33.06760225
                        ],
                        [
                            -111.9710302,
                            33.06760276
                        ],
                        [
                            -111.97103019,
                            33.06756668
                        ],
                        [
                            -111.97109537,
                            33.06756618
                        ]
                    ]
                ]
            },
            "properties": {
                "pa_label": "p207-S17",
                "PSDATE": "2003-09-15",
                "PHTD": 0.853,
                "STDD": 12.0,
                "MSNODE": 22.0,
                "PFNODE": 3.0,
                "VBNUM": 1.0,
                "VBNODE": 11.0,
                "SQRNUM": 5.0,
                "FLRNUM": 0.3,
                "GBNUM": 4.7,
                "MBNUM": 12.3,
                "LWPD": 25.77,
                "SWPD": 43.43,
                "CWPD": 143.86,
                "LWAD": 3044.1,
                "SWAD": 5129.5,
                "MBWAD": 6689.0,
                "PWAD": 8818.1,
                "CWAD": 16991.7,
                "LAID_LAB": 3.614
            },
            "_id": "68c445408ac547b65742176f",
            "paid": "68c445408ac547b65742176f"
        },
        {
            "type": "Feature",
            "geometry": {
                "type": "Polygon",
                "coordinates": [
                    [
                        [
                            -111.97096531,
                            33.0675651
                        ],
                        [
                            -111.97096521,
                            33.06760118
                        ],
                        [
                            -111.97090006,
                            33.06760169
                        ],
                        [
                            -111.97090018,
                            33.06756561
                        ],
                        [
                            -111.97096531,
                            33.0675651
                        ]
                    ]
                ]
            },
            "properties": {
                "pa_label": "p208-S17",
                "PSDATE": "2003-09-15",
                "PHTD": 0.913,
                "STDD": 18.2,
                "MSNODE": 25.0,
                "PFNODE": 4.0,
                "VBNUM": 2.0,
                "VBNODE": 11.0,
                "SQRNUM": 20.7,
                "FLRNUM": 3.3,
                "GBNUM": 7.0,
                "MBNUM": 26.3,
                "LWPD": 52.88,
                "SWPD": 76.22,
                "CWPD": 269.78,
                "LWAD": 2613.4,
                "SWAD": 3766.8,
                "MBWAD": 6524.1,
                "PWAD": 6951.7,
                "CWAD": 13331.9,
                "LAID_LAB": 3.505
            },
            "_id": "68c445408ac547b657421781",
            "paid": "68c445408ac547b657421781"
        },
        {
            "type": "Feature",
            "geometry": {
                "type": "Polygon",
                "coordinates": [
                    [
                        [
                            -111.97187688,
                            33.06730302
                        ],
                        [
                            -111.97187683,
                            33.0673391
                        ],
                        [
                            -111.97181172,
                            33.0673396
                        ],
                        [
                            -111.97181177,
                            33.06730353
                        ],
                        [
                            -111.97187688,
                            33.06730302
                        ]
                    ]
                ]
            },
            "properties": {
                "pa_label": "p301-S17",
                "PSDATE": "2003-09-15",
                "PHTD": 0.873,
                "STDD": 13.8,
                "MSNODE": 25.0,
                "PFNODE": 9.0,
                "VBNUM": 2.0,
                "VBNODE": 11.0,
                "SQRNUM": 16.0,
                "FLRNUM": 0.7,
                "GBNUM": 3.0,
                "MBNUM": 21.0,
                "LWPD": 33.07,
                "SWPD": 64.53,
                "CWPD": 192.74,
                "LWAD": 3631.3,
                "SWAD": 7086.1,
                "MBWAD": 9882.4,
                "PWAD": 10448.4,
                "CWAD": 21165.8,
                "LAID_LAB": 4.054
            },
            "_id": "68c445408ac547b657421793",
            "paid": "68c445408ac547b657421793"
        },
        {
            "type": "Feature",
            "geometry": {
                "type": "Polygon",
                "coordinates": [
                    [
                        [
                            -111.9717462,
                            33.06730236
                        ],
                        [
                            -111.97174612,
                            33.06733844
                        ],
                        [
                            -111.9716806,
                            33.06733895
                        ],
                        [
                            -111.97168072,
                            33.06730287
                        ],
                        [
                            -111.9717462,
                            33.06730236
                        ]
                    ]
                ]
            },
            "properties": {
                "pa_label": "p302-S17",
                "PSDATE": "2003-09-15",
                "PHTD": 1.229,
                "STDD": 14.9,
                "MSNODE": 35.0,
                "PFNODE": 9.0,
                "VBNUM": 2.0,
                "VBNODE": 34.0,
                "SQRNUM": 12.7,
                "FLRNUM": 1.3,
                "GBNUM": 16.0,
                "MBNUM": 11.0,
                "LWPD": 34.91,
                "SWPD": 59.78,
                "CWPD": 163.41,
                "LWAD": 4014.7,
                "SWAD": 6875.8,
                "MBWAD": 5067.0,
                "PWAD": 7903.6,
                "CWAD": 18794.1,
                "LAID_LAB": 4.448
            },
            "_id": "68c445408ac547b6574217a5",
            "paid": "68c445408ac547b6574217a5"
        },
        {
            "type": "Feature",
            "geometry": {
                "type": "Polygon",
                "coordinates": [
                    [
                        [
                            -111.97161629,
                            33.06730059
                        ],
                        [
                            -111.97161636,
                            33.06733666
                        ],
                        [
                            -111.9715507,
                            33.06733718
                        ],
                        [
                            -111.97155072,
                            33.0673011
                        ],
                        [
                            -111.97161629,
                            33.06730059
                        ]
                    ]
                ]
            },
            "properties": {
                "pa_label": "p303-S17",
                "PSDATE": "2003-09-15",
                "PHTD": 1.168,
                "STDD": 20.7,
                "MSNODE": 35.0,
                "PFNODE": 7.0,
                "VBNUM": 4.0,
                "VBNODE": 59.0,
                "SQRNUM": 17.7,
                "FLRNUM": 0.7,
                "GBNUM": 27.3,
                "MBNUM": 22.7,
                "LWPD": 55.43,
                "SWPD": 94.73,
                "CWPD": 306.5,
                "LWAD": 2932.4,
                "SWAD": 5011.4,
                "MBWAD": 5369.5,
                "PWAD": 8271.3,
                "CWAD": 16215.1,
                "LAID_LAB": 3.963
            },
            "_id": "68c445408ac547b6574217b7",
            "paid": "68c445408ac547b6574217b7"
        },
        {
            "type": "Feature",
            "geometry": {
                "type": "Polygon",
                "coordinates": [
                    [
                        [
                            -111.97142099,
                            33.06730122
                        ],
                        [
                            -111.97148642,
                            33.06730071
                        ],
                        [
                            -111.97148637,
                            33.06733679
                        ],
                        [
                            -111.97142098,
                            33.06733729
                        ],
                        [
                            -111.97142099,
                            33.06730122
                        ]
                    ]
                ]
            },
            "properties": {
                "pa_label": "p304-S17",
                "PSDATE": "2003-09-15",
                "PHTD": 1.029,
                "STDD": 19.6,
                "MSNODE": 32.0,
                "PFNODE": 7.0,
                "VBNUM": 2.0,
                "VBNODE": 28.0,
                "SQRNUM": 18.3,
                "FLRNUM": 0.7,
                "GBNUM": 8.0,
                "MBNUM": 33.3,
                "LWPD": 48.91,
                "SWPD": 93.12,
                "CWPD": 316.59,
                "LWAD": 2487.1,
                "SWAD": 4735.4,
                "MBWAD": 7734.1,
                "PWAD": 8876.9,
                "CWAD": 16099.4,
                "LAID_LAB": 2.888
            },
            "_id": "68c445408ac547b6574217c9",
            "paid": "68c445408ac547b6574217c9"
        },
        {
            "type": "Feature",
            "geometry": {
                "type": "Polygon",
                "coordinates": [
                    [
                        [
                            -111.97135578,
                            33.06729995
                        ],
                        [
                            -111.97135575,
                            33.06733603
                        ],
                        [
                            -111.97129027,
                            33.06733654
                        ],
                        [
                            -111.97129031,
                            33.06730046
                        ],
                        [
                            -111.97135578,
                            33.06729995
                        ]
                    ]
                ]
            },
            "properties": {
                "pa_label": "p305-S17",
                "PSDATE": "2003-09-15",
                "PHTD": 1.12,
                "STDD": 13.2,
                "MSNODE": 25.0,
                "PFNODE": 8.0,
                "VBNUM": 1.0,
                "VBNODE": 8.0,
                "SQRNUM": 5.3,
                "FLRNUM": 0.7,
                "GBNUM": 2.3,
                "MBNUM": 7.0,
                "LWPD": 12.91,
                "SWPD": 4.83,
                "CWPD": 57.37,
                "LWAD": 3211.1,
                "SWAD": 1200.9,
                "MBWAD": 8890.3,
                "PWAD": 9860.7,
                "CWAD": 14272.7,
                "LAID_LAB": 4.123
            },
            "_id": "68c445408ac547b6574217db",
            "paid": "68c445408ac547b6574217db"
        },
        {
            "type": "Feature",
            "geometry": {
                "type": "Polygon",
                "coordinates": [
                    [
                        [
                            -111.97116049,
                            33.0672995
                        ],
                        [
                            -111.97122594,
                            33.06729899
                        ],
                        [
                            -111.9712259,
                            33.06733507
                        ],
                        [
                            -111.97116045,
                            33.06733558
                        ],
                        [
                            -111.97116049,
                            33.0672995
                        ]
                    ]
                ]
            },
            "properties": {
                "pa_label": "p306-S17",
                "PSDATE": "2003-09-15",
                "PHTD": 1.04,
                "STDD": 15.2,
                "MSNODE": 24.0,
                "PFNODE": 5.0,
                "VBNUM": 1.0,
                "VBNODE": 16.0,
                "SQRNUM": 9.0,
                "FLRNUM": 1.0,
                "GBNUM": 2.7,
                "MBNUM": 8.3,
                "LWPD": 20.25,
                "SWPD": 32.62,
                "CWPD": 102.83,
                "LWAD": 2492.8,
                "SWAD": 4016.3,
                "MBWAD": 5161.3,
                "PWAD": 6152.0,
                "CWAD": 12661.1,
                "LAID_LAB": 3.209
            },
            "_id": "68c445408ac547b6574217ed",
            "paid": "68c445408ac547b6574217ed"
        },
        {
            "type": "Feature",
            "geometry": {
                "type": "Polygon",
                "coordinates": [
                    [
                        [
                            -111.97109568,
                            33.06729819
                        ],
                        [
                            -111.97109568,
                            33.06733426
                        ],
                        [
                            -111.97103033,
                            33.06733477
                        ],
                        [
                            -111.97103036,
                            33.0672987
                        ],
                        [
                            -111.97109568,
                            33.06729819
                        ]
                    ]
                ]
            },
            "properties": {
                "pa_label": "p307-S17",
                "PSDATE": "2003-09-15",
                "PHTD": 1.17,
                "STDD": 18.2,
                "MSNODE": 27.0,
                "PFNODE": 3.0,
                "VBNUM": 1.0,
                "VBNODE": 25.0,
                "SQRNUM": 8.0,
                "FLRNUM": 1.0,
                "GBNUM": 6.7,
                "MBNUM": 8.7,
                "LWPD": 23.84,
                "SWPD": 36.97,
                "CWPD": 111.38,
                "LWAD": 2765.4,
                "SWAD": 4289.4,
                "MBWAD": 4316.1,
                "PWAD": 5867.2,
                "CWAD": 12922.0,
                "LAID_LAB": 3.946
            },
            "_id": "68c445408ac547b6574217ff",
            "paid": "68c445408ac547b6574217ff"
        },
        {
            "type": "Feature",
            "geometry": {
                "type": "Polygon",
                "coordinates": [
                    [
                        [
                            -111.97090064,
                            33.06729787
                        ],
                        [
                            -111.97096582,
                            33.06729737
                        ],
                        [
                            -111.97096575,
                            33.06733344
                        ],
                        [
                            -111.97090057,
                            33.06733395
                        ],
                        [
                            -111.97090064,
                            33.06729787
                        ]
                    ]
                ]
            },
            "properties": {
                "pa_label": "p308-S17",
                "PSDATE": "2003-09-15",
                "PHTD": 1.01,
                "STDD": 9.7,
                "MSNODE": 25.0,
                "PFNODE": 4.0,
                "VBNUM": 2.0,
                "VBNODE": 5.0,
                "SQRNUM": 1.0,
                "FLRNUM": 0.3,
                "GBNUM": 4.7,
                "MBNUM": 7.0,
                "LWPD": 14.24,
                "SWPD": 25.52,
                "CWPD": 87.54,
                "LWAD": 3240.0,
                "SWAD": 5804.3,
                "MBWAD": 7874.3,
                "PWAD": 10867.8,
                "CWAD": 19912.1,
                "LAID_LAB": 4.623
            },
            "_id": "68c445408ac547b657421811",
            "paid": "68c445408ac547b657421811"
        },
        {
            "type": "Feature",
            "geometry": {
                "type": "Polygon",
                "coordinates": [
                    [
                        [
                            -111.97187724,
                            33.06710108
                        ],
                        [
                            -111.97187714,
                            33.06713716
                        ],
                        [
                            -111.97181187,
                            33.06713767
                        ],
                        [
                            -111.971812,
                            33.06710159
                        ],
                        [
                            -111.97187724,
                            33.06710108
                        ]
                    ]
                ]
            },
            "properties": {
                "pa_label": "p401-S17",
                "PSDATE": "2003-09-15",
                "PHTD": 1.023,
                "STDD": 17.9,
                "MSNODE": 23.0,
                "PFNODE": 8.0,
                "VBNUM": 2.0,
                "VBNODE": 32.0,
                "SQRNUM": 8.3,
                "FLRNUM": 0.3,
                "GBNUM": 18.7,
                "MBNUM": 15.7,
                "LWPD": 44.84,
                "SWPD": 60.64,
                "CWPD": 214.0,
                "LWAD": 2151.5,
                "SWAD": 2909.8,
                "MBWAD": 3002.3,
                "PWAD": 5206.9,
                "CWAD": 10268.2,
                "LAID_LAB": 3.239
            },
            "_id": "68c445408ac547b657421823",
            "paid": "68c445408ac547b657421823"
        },
        {
            "type": "Feature",
            "geometry": {
                "type": "Polygon",
                "coordinates": [
                    [
                        [
                            -111.97168138,
                            33.06710081
                        ],
                        [
                            -111.97174663,
                            33.06710031
                        ],
                        [
                            -111.97174658,
                            33.06713638
                        ],
                        [
                            -111.97168137,
                            33.06713689
                        ],
                        [
                            -111.97168138,
                            33.06710081
                        ]
                    ]
                ]
            },
            "properties": {
                "pa_label": "p402-S17",
                "PSDATE": "2003-09-15",
                "PHTD": 1.04,
                "STDD": 15.1,
                "MSNODE": 28.0,
                "PFNODE": 6.0,
                "VBNUM": 1.0,
                "VBNODE": 2.0,
                "SQRNUM": 9.0,
                "FLRNUM": 0.3,
                "GBNUM": 11.0,
                "MBNUM": 12.3,
                "LWPD": 26.13,
                "SWPD": 41.86,
                "CWPD": 141.1,
                "LWAD": 2950.9,
                "SWAD": 4727.0,
                "MBWAD": 6074.5,
                "PWAD": 8254.1,
                "CWAD": 15932.0,
                "LAID_LAB": 3.963
            },
            "_id": "68c445408ac547b657421835",
            "paid": "68c445408ac547b657421835"
        },
        {
            "type": "Feature",
            "geometry": {
                "type": "Polygon",
                "coordinates": [
                    [
                        [
                            -111.97161609,
                            33.0670997
                        ],
                        [
                            -111.97161607,
                            33.06713577
                        ],
                        [
                            -111.97155092,
                            33.06713628
                        ],
                        [
                            -111.97155096,
                            33.0671002
                        ],
                        [
                            -111.97161609,
                            33.0670997
                        ]
                    ]
                ]
            },
            "properties": {
                "pa_label": "p403-S17",
                "PSDATE": "2003-09-15",
                "PHTD": 0.618,
                "STDD": 7.7,
                "MSNODE": 14.0,
                "PFNODE": 7.0,
                "VBNUM": 1.0,
                "VBNODE": 3.0,
                "SQRNUM": 1.7,
                "FLRNUM": 0.0,
                "GBNUM": 2.7,
                "MBNUM": 2.3,
                "LWPD": 7.21,
                "SWPD": 13.18,
                "CWPD": 36.88,
                "LWAD": 1586.9,
                "SWAD": 2899.6,
                "MBWAD": 2038.7,
                "PWAD": 3627.0,
                "CWAD": 8113.5,
                "LAID_LAB": 2.095
            },
            "_id": "68c445408ac547b657421847",
            "paid": "68c445408ac547b657421847"
        },
        {
            "type": "Feature",
            "geometry": {
                "type": "Polygon",
                "coordinates": [
                    [
                        [
                            -111.97142134,
                            33.06709924
                        ],
                        [
                            -111.97148675,
                            33.06709873
                        ],
                        [
                            -111.97148667,
                            33.06713481
                        ],
                        [
                            -111.97142126,
                            33.06713532
                        ],
                        [
                            -111.97142134,
                            33.06709924
                        ]
                    ]
                ]
            },
            "properties": {
                "pa_label": "p404-S17",
                "PSDATE": "2003-09-15",
                "PHTD": 0.913,
                "STDD": 15.3,
                "MSNODE": 22.0,
                "PFNODE": 9.0,
                "VBNUM": 1.0,
                "VBNODE": 6.0,
                "SQRNUM": 3.7,
                "FLRNUM": 2.0,
                "GBNUM": 9.0,
                "MBNUM": 9.3,
                "LWPD": 21.6,
                "SWPD": 40.33,
                "CWPD": 129.37,
                "LWAD": 2327.1,
                "SWAD": 4344.0,
                "MBWAD": 4935.4,
                "PWAD": 7264.7,
                "CWAD": 13935.9,
                "LAID_LAB": 3.148
            },
            "_id": "68c445408ac547b657421859",
            "paid": "68c445408ac547b657421859"
        },
        {
            "type": "Feature",
            "geometry": {
                "type": "Polygon",
                "coordinates": [
                    [
                        [
                            -111.97135613,
                            33.06709809
                        ],
                        [
                            -111.97135613,
                            33.06713417
                        ],
                        [
                            -111.97129074,
                            33.06713468
                        ],
                        [
                            -111.97129079,
                            33.0670986
                        ],
                        [
                            -111.97135613,
                            33.06709809
                        ]
                    ]
                ]
            },
            "properties": {
                "pa_label": "p405-S17",
                "PSDATE": "2003-09-15",
                "PHTD": 0.75,
                "STDD": 11.1,
                "MSNODE": 21.0,
                "PFNODE": 4.0,
                "VBNUM": 1.0,
                "VBNODE": 3.0,
                "SQRNUM": 0.0,
                "FLRNUM": 0.0,
                "GBNUM": 0.7,
                "MBNUM": 7.7,
                "LWPD": 8.13,
                "SWPD": 17.62,
                "CWPD": 58.55,
                "LWAD": 1916.8,
                "SWAD": 4153.4,
                "MBWAD": 7433.7,
                "PWAD": 7733.1,
                "CWAD": 13803.2,
                "LAID_LAB": 2.431
            },
            "_id": "68c445408ac547b65742186b",
            "paid": "68c445408ac547b65742186b"
        },
        {
            "type": "Feature",
            "geometry": {
                "type": "Polygon",
                "coordinates": [
                    [
                        [
                            -111.97116078,
                            33.06709769
                        ],
                        [
                            -111.97122634,
                            33.06709718
                        ],
                        [
                            -111.97122625,
                            33.06713325
                        ],
                        [
                            -111.9711607,
                            33.06713376
                        ],
                        [
                            -111.97116078,
                            33.06709769
                        ]
                    ]
                ]
            },
            "properties": {
                "pa_label": "p406-S17",
                "PSDATE": "2003-09-15",
                "PHTD": 1.305,
                "STDD": 15.2,
                "MSNODE": 35.0,
                "PFNODE": 4.0,
                "VBNUM": 1.0,
                "VBNODE": 3.0,
                "SQRNUM": 0.3,
                "FLRNUM": 0.0,
                "GBNUM": 9.0,
                "MBNUM": 5.3,
                "LWPD": 15.35,
                "SWPD": 31.17,
                "CWPD": 97.34,
                "LWAD": 1760.2,
                "SWAD": 3573.2,
                "MBWAD": 3176.5,
                "PWAD": 5826.7,
                "CWAD": 11160.1,
                "LAID_LAB": 2.187
            },
            "_id": "68c445408ac547b65742187d",
            "paid": "68c445408ac547b65742187d"
        },
        {
            "type": "Feature",
            "geometry": {
                "type": "Polygon",
                "coordinates": [
                    [
                        [
                            -111.97109572,
                            33.06709658
                        ],
                        [
                            -111.97109572,
                            33.06713266
                        ],
                        [
                            -111.97103059,
                            33.06713316
                        ],
                        [
                            -111.97103061,
                            33.06709709
                        ],
                        [
                            -111.97109572,
                            33.06709658
                        ]
                    ]
                ]
            },
            "properties": {
                "pa_label": "p407-S17",
                "PSDATE": "2003-09-15",
                "PHTD": 0.836,
                "STDD": 14.7,
                "MSNODE": 24.0,
                "PFNODE": 5.0,
                "VBNUM": 2.0,
                "VBNODE": 20.0,
                "SQRNUM": 2.7,
                "FLRNUM": 0.0,
                "GBNUM": 17.0,
                "MBNUM": 12.7,
                "LWPD": 34.42,
                "SWPD": 63.04,
                "CWPD": 212.1,
                "LWAD": 1715.1,
                "SWAD": 3141.0,
                "MBWAD": 2721.3,
                "PWAD": 5712.4,
                "CWAD": 10568.5,
                "LAID_LAB": 2.476
            },
            "_id": "68c445408ac547b65742188f",
            "paid": "68c445408ac547b65742188f"
        },
        {
            "type": "Feature",
            "geometry": {
                "type": "Polygon",
                "coordinates": [
                    [
                        [
                            -111.97090096,
                            33.06709603
                        ],
                        [
                            -111.97096601,
                            33.06709552
                        ],
                        [
                            -111.97096594,
                            33.0671316
                        ],
                        [
                            -111.9709009,
                            33.0671321
                        ],
                        [
                            -111.97090096,
                            33.06709603
                        ]
                    ]
                ]
            },
            "properties": {
                "pa_label": "p408-S17",
                "PSDATE": "2003-09-15",
                "PHTD": 1.042,
                "STDD": 12.4,
                "MSNODE": 29.0,
                "PFNODE": 6.0,
                "VBNUM": 1.0,
                "VBNODE": 3.0,
                "SQRNUM": 5.0,
                "FLRNUM": 0.3,
                "GBNUM": 8.7,
                "MBNUM": 8.7,
                "LWPD": 20.02,
                "SWPD": 34.3,
                "CWPD": 113.54,
                "LWAD": 2362.3,
                "SWAD": 4048.1,
                "MBWAD": 5067.7,
                "PWAD": 6989.5,
                "CWAD": 13399.9,
                "LAID_LAB": 3.319
            },
            "_id": "68c445408ac547b6574218a1",
            "paid": "68c445408ac547b6574218a1"
        },
        {
            "type": "Feature",
            "geometry": {
                "type": "Polygon",
                "coordinates": [
                    [
                        [
                            -111.97187593,
                            33.06777126
                        ],
                        [
                            -111.97187587,
                            33.06780734
                        ],
                        [
                            -111.97181049,
                            33.06780785
                        ],
                        [
                            -111.97181058,
                            33.06777177
                        ],
                        [
                            -111.97187593,
                            33.06777126
                        ]
                    ]
                ]
            },
            "properties": {
                "pa_label": "p101-S18",
                "PSDATE": "2003-10-09",
                "PHTD": 1.232,
                "STDD": 19.1,
                "MSNODE": 33.0,
                "PFNODE": 5.0,
                "VBNUM": 1.0,
                "VBNODE": 23.0,
                "SQRNUM": 0.0,
                "FLRNUM": 0.0,
                "GBNUM": 11.0,
                "MBNUM": 23.0,
                "LWPD": 6.16,
                "SWPD": 74.57,
                "CWPD": 189.84,
                "LWAD": 319.6,
                "SWAD": 3868.4,
                "MBWAD": 4126.6,
                "PWAD": 5660.4,
                "CWAD": 9848.4,
                "LAID_LAB": 0.416
            },
            "_id": "68c445408ac547b657421674",
            "paid": "68c445408ac547b657421674"
        },
        {
            "type": "Feature",
            "geometry": {
                "type": "Polygon",
                "coordinates": [
                    [
                        [
                            -111.97168048,
                            33.06777095
                        ],
                        [
                            -111.97174565,
                            33.06777045
                        ],
                        [
                            -111.9717456,
                            33.06780652
                        ],
                        [
                            -111.97168043,
                            33.06780703
                        ],
                        [
                            -111.97168048,
                            33.06777095
                        ]
                    ]
                ]
            },
            "properties": {
                "pa_label": "p102-S18",
                "PSDATE": "2003-10-09",
                "PHTD": 0.995,
                "STDD": 17.7,
                "MSNODE": 29.0,
                "PFNODE": 5.0,
                "VBNUM": 4.0,
                "VBNODE": 59.0,
                "SQRNUM": 3.0,
                "FLRNUM": 0.3,
                "GBNUM": 6.3,
                "MBNUM": 18.7,
                "LWPD": 9.39,
                "SWPD": 38.85,
                "CWPD": 125.68,
                "LWAD": 888.3,
                "SWAD": 3675.4,
                "MBWAD": 6495.4,
                "PWAD": 7325.6,
                "CWAD": 11889.3,
                "LAID_LAB": 1.218
            },
            "_id": "68c445408ac547b657421686",
            "paid": "68c445408ac547b657421686"
        },
        {
            "type": "Feature",
            "geometry": {
                "type": "Polygon",
                "coordinates": [
                    [
                        [
                            -111.97161533,
                            33.06776968
                        ],
                        [
                            -111.97161529,
                            33.06780576
                        ],
                        [
                            -111.97155009,
                            33.06780627
                        ],
                        [
                            -111.97155013,
                            33.06777019
                        ],
                        [
                            -111.97161533,
                            33.06776968
                        ]
                    ]
                ]
            },
            "properties": {
                "pa_label": "p103-S18",
                "PSDATE": "2003-10-09",
                "PHTD": 0.951,
                "STDD": 9.5,
                "MSNODE": 27.0,
                "PFNODE": 7.0,
                "VBNUM": 0.0,
                "VBNODE": 0.0,
                "SQRNUM": 0.0,
                "FLRNUM": 0.0,
                "GBNUM": 0.7,
                "MBNUM": 9.3,
                "LWPD": 0.41,
                "SWPD": 16.96,
                "CWPD": 48.31,
                "LWAD": 92.5,
                "SWAD": 3824.7,
                "MBWAD": 6541.9,
                "PWAD": 6979.5,
                "CWAD": 10896.7,
                "LAID_LAB": 0.164
            },
            "_id": "68c445408ac547b657421698",
            "paid": "68c445408ac547b657421698"
        },
        {
            "type": "Feature",
            "geometry": {
                "type": "Polygon",
                "coordinates": [
                    [
                        [
                            -111.97148529,
                            33.06776917
                        ],
                        [
                            -111.97148519,
                            33.06780525
                        ],
                        [
                            -111.9714195,
                            33.06780576
                        ],
                        [
                            -111.97141966,
                            33.06776969
                        ],
                        [
                            -111.97148529,
                            33.06776917
                        ]
                    ]
                ]
            },
            "properties": {
                "pa_label": "p104-S18",
                "PSDATE": "2003-10-09",
                "PHTD": 0.852,
                "STDD": 10.1,
                "MSNODE": 22.0,
                "PFNODE": 12.0,
                "VBNUM": 2.0,
                "VBNODE": 17.0,
                "SQRNUM": 0.0,
                "FLRNUM": 0.0,
                "GBNUM": 2.0,
                "MBNUM": 11.0,
                "LWPD": 2.64,
                "SWPD": 24.95,
                "CWPD": 68.98,
                "LWAD": 320.4,
                "SWAD": 3024.2,
                "MBWAD": 4515.8,
                "PWAD": 5016.4,
                "CWAD": 8361.0,
                "LAID_LAB": 0.534
            },
            "_id": "68c445408ac547b6574216aa",
            "paid": "68c445408ac547b6574216aa"
        },
        {
            "type": "Feature",
            "geometry": {
                "type": "Polygon",
                "coordinates": [
                    [
                        [
                            -111.97128944,
                            33.0677683
                        ],
                        [
                            -111.97135489,
                            33.06776779
                        ],
                        [
                            -111.97135482,
                            33.06780387
                        ],
                        [
                            -111.97128937,
                            33.06780438
                        ],
                        [
                            -111.97128944,
                            33.0677683
                        ]
                    ]
                ]
            },
            "properties": {
                "pa_label": "p105-S18",
                "PSDATE": "2003-10-09",
                "PHTD": 0.743,
                "STDD": 8.5,
                "MSNODE": 19.0,
                "PFNODE": 7.0,
                "VBNUM": 1.0,
                "VBNODE": 6.0,
                "SQRNUM": 0.7,
                "FLRNUM": 0.3,
                "GBNUM": 0.3,
                "MBNUM": 4.3,
                "LWPD": 1.48,
                "SWPD": 15.78,
                "CWPD": 33.78,
                "LWAD": 348.5,
                "SWAD": 3706.6,
                "MBWAD": 3788.1,
                "PWAD": 3881.3,
                "CWAD": 7936.4,
                "LAID_LAB": 0.563
            },
            "_id": "68c445408ac547b6574216bc",
            "paid": "68c445408ac547b6574216bc"
        },
        {
            "type": "Feature",
            "geometry": {
                "type": "Polygon",
                "coordinates": [
                    [
                        [
                            -111.97122492,
                            33.06776681
                        ],
                        [
                            -111.97122485,
                            33.06780289
                        ],
                        [
                            -111.97115941,
                            33.0678034
                        ],
                        [
                            -111.97115949,
                            33.06776732
                        ],
                        [
                            -111.97122492,
                            33.06776681
                        ]
                    ]
                ]
            },
            "properties": {
                "pa_label": "p106-S18",
                "PSDATE": "2003-10-09",
                "PHTD": 0.93,
                "STDD": 13.0,
                "MSNODE": 23.0,
                "PFNODE": 3.0,
                "VBNUM": 1.0,
                "VBNODE": 14.0,
                "SQRNUM": 0.0,
                "FLRNUM": 0.0,
                "GBNUM": 1.0,
                "MBNUM": 8.3,
                "LWPD": 1.1,
                "SWPD": 24.64,
                "CWPD": 62.68,
                "LWAD": 134.8,
                "SWAD": 3010.9,
                "MBWAD": 4172.7,
                "PWAD": 4514.1,
                "CWAD": 7659.8,
                "LAID_LAB": 0.255
            },
            "_id": "68c445408ac547b6574216ce",
            "paid": "68c445408ac547b6574216ce"
        },
        {
            "type": "Feature",
            "geometry": {
                "type": "Polygon",
                "coordinates": [
                    [
                        [
                            -111.97109558,
                            33.06776662
                        ],
                        [
                            -111.97109559,
                            33.0678027
                        ],
                        [
                            -111.97102967,
                            33.06780321
                        ],
                        [
                            -111.9710298,
                            33.06776713
                        ],
                        [
                            -111.97109558,
                            33.06776662
                        ]
                    ]
                ]
            },
            "properties": {
                "pa_label": "p107-S18",
                "PSDATE": "2003-10-09",
                "PHTD": 0.806,
                "STDD": 11.8,
                "MSNODE": 27.0,
                "PFNODE": 5.0,
                "VBNUM": 2.0,
                "VBNODE": 7.0,
                "SQRNUM": 0.0,
                "FLRNUM": 0.0,
                "GBNUM": 1.7,
                "MBNUM": 9.0,
                "LWPD": 3.36,
                "SWPD": 22.29,
                "CWPD": 65.63,
                "LWAD": 385.1,
                "SWAD": 2557.5,
                "MBWAD": 4157.7,
                "PWAD": 4587.2,
                "CWAD": 7529.9,
                "LAID_LAB": 0.678
            },
            "_id": "68c445408ac547b6574216e0",
            "paid": "68c445408ac547b6574216e0"
        },
        {
            "type": "Feature",
            "geometry": {
                "type": "Polygon",
                "coordinates": [
                    [
                        [
                            -111.97096537,
                            33.06776524
                        ],
                        [
                            -111.97096535,
                            33.06780131
                        ],
                        [
                            -111.97090004,
                            33.06780182
                        ],
                        [
                            -111.97090025,
                            33.06776575
                        ],
                        [
                            -111.97096537,
                            33.06776524
                        ]
                    ]
                ]
            },
            "properties": {
                "pa_label": "p108-S18",
                "PSDATE": "2003-10-09",
                "PHTD": 0.93,
                "STDD": 8.6,
                "MSNODE": 24.0,
                "PFNODE": 11.0,
                "VBNUM": 3.0,
                "VBNODE": 15.0,
                "SQRNUM": 0.0,
                "FLRNUM": 0.0,
                "GBNUM": 1.7,
                "MBNUM": 7.7,
                "LWPD": 2.96,
                "SWPD": 23.9,
                "CWPD": 62.88,
                "LWAD": 353.7,
                "SWAD": 2855.9,
                "MBWAD": 3841.6,
                "PWAD": 4302.8,
                "CWAD": 7512.3,
                "LAID_LAB": 0.556
            },
            "_id": "68c445408ac547b6574216f2",
            "paid": "68c445408ac547b6574216f2"
        },
        {
            "type": "Feature",
            "geometry": {
                "type": "Polygon",
                "coordinates": [
                    [
                        [
                            -111.97187636,
                            33.06757231
                        ],
                        [
                            -111.97187629,
                            33.06760839
                        ],
                        [
                            -111.97181097,
                            33.06760889
                        ],
                        [
                            -111.97181104,
                            33.06757282
                        ],
                        [
                            -111.97187636,
                            33.06757231
                        ]
                    ]
                ]
            },
            "properties": {
                "pa_label": "p201-S18",
                "PSDATE": "2003-10-09",
                "PHTD": 0.946,
                "STDD": 11.1,
                "MSNODE": 24.0,
                "PFNODE": 12.0,
                "VBNUM": 3.0,
                "VBNODE": 9.0,
                "SQRNUM": 0.0,
                "FLRNUM": 0.0,
                "GBNUM": 1.0,
                "MBNUM": 7.0,
                "LWPD": 0.56,
                "SWPD": 20.37,
                "CWPD": 48.5,
                "LWAD": 122.6,
                "SWAD": 4485.1,
                "MBWAD": 5868.6,
                "PWAD": 6071.1,
                "CWAD": 10678.8,
                "LAID_LAB": 0.201
            },
            "_id": "68c445408ac547b657421704",
            "paid": "68c445408ac547b657421704"
        },
        {
            "type": "Feature",
            "geometry": {
                "type": "Polygon",
                "coordinates": [
                    [
                        [
                            -111.97174604,
                            33.06757132
                        ],
                        [
                            -111.97174589,
                            33.0676074
                        ],
                        [
                            -111.97168063,
                            33.06760791
                        ],
                        [
                            -111.97168092,
                            33.06757183
                        ],
                        [
                            -111.97174604,
                            33.06757132
                        ]
                    ]
                ]
            },
            "properties": {
                "pa_label": "p202-S18",
                "PSDATE": "2003-10-09",
                "PHTD": 1.042,
                "STDD": 15.2,
                "MSNODE": 25.0,
                "PFNODE": 6.0,
                "VBNUM": 1.0,
                "VBNODE": 23.0,
                "SQRNUM": 0.0,
                "FLRNUM": 0.0,
                "GBNUM": 10.3,
                "MBNUM": 14.0,
                "LWPD": 6.13,
                "SWPD": 42.16,
                "CWPD": 122.66,
                "LWAD": 767.7,
                "SWAD": 5283.1,
                "MBWAD": 6878.3,
                "PWAD": 9320.1,
                "CWAD": 15370.9,
                "LAID_LAB": 0.985
            },
            "_id": "68c445408ac547b657421716",
            "paid": "68c445408ac547b657421716"
        },
        {
            "type": "Feature",
            "geometry": {
                "type": "Polygon",
                "coordinates": [
                    [
                        [
                            -111.97155004,
                            33.06757057
                        ],
                        [
                            -111.97161523,
                            33.06757007
                        ],
                        [
                            -111.97161508,
                            33.06760614
                        ],
                        [
                            -111.97155011,
                            33.06760665
                        ],
                        [
                            -111.97155004,
                            33.06757057
                        ]
                    ]
                ]
            },
            "properties": {
                "pa_label": "p203-S18",
                "PSDATE": "2003-10-09",
                "PHTD": 1.133,
                "STDD": 12.8,
                "MSNODE": 32.0,
                "PFNODE": 6.0,
                "VBNUM": 1.0,
                "VBNODE": 14.0,
                "SQRNUM": 0.0,
                "FLRNUM": 0.0,
                "GBNUM": 3.0,
                "MBNUM": 14.0,
                "LWPD": 4.3,
                "SWPD": 31.69,
                "CWPD": 102.11,
                "LWAD": 465.9,
                "SWAD": 3431.0,
                "MBWAD": 6602.2,
                "PWAD": 7157.9,
                "CWAD": 11054.9,
                "LAID_LAB": 0.654
            },
            "_id": "68c445408ac547b657421728",
            "paid": "68c445408ac547b657421728"
        },
        {
            "type": "Feature",
            "geometry": {
                "type": "Polygon",
                "coordinates": [
                    [
                        [
                            -111.9714203,
                            33.06756971
                        ],
                        [
                            -111.97148582,
                            33.0675692
                        ],
                        [
                            -111.97148572,
                            33.06760528
                        ],
                        [
                            -111.97142021,
                            33.06760579
                        ],
                        [
                            -111.9714203,
                            33.06756971
                        ]
                    ]
                ]
            },
            "properties": {
                "pa_label": "p204-S18",
                "PSDATE": "2003-10-09",
                "PHTD": 1.189,
                "STDD": 14.2,
                "MSNODE": 25.0,
                "PFNODE": 9.0,
                "VBNUM": 2.0,
                "VBNODE": 23.0,
                "SQRNUM": 0.0,
                "FLRNUM": 0.0,
                "GBNUM": 0.3,
                "MBNUM": 12.3,
                "LWPD": 1.16,
                "SWPD": 26.4,
                "CWPD": 66.65,
                "LWAD": 280.5,
                "SWAD": 6383.0,
                "MBWAD": 9292.4,
                "PWAD": 9452.0,
                "CWAD": 16115.4,
                "LAID_LAB": 0.376
            },
            "_id": "68c445408ac547b65742173a",
            "paid": "68c445408ac547b65742173a"
        },
        {
            "type": "Feature",
            "geometry": {
                "type": "Polygon",
                "coordinates": [
                    [
                        [
                            -111.97135527,
                            33.06756811
                        ],
                        [
                            -111.97135526,
                            33.06760418
                        ],
                        [
                            -111.97128981,
                            33.06760469
                        ],
                        [
                            -111.9712899,
                            33.06756862
                        ],
                        [
                            -111.97135527,
                            33.06756811
                        ]
                    ]
                ]
            },
            "properties": {
                "pa_label": "p205-S18",
                "PSDATE": "2003-10-09",
                "PHTD": 1.328,
                "STDD": 24.9,
                "MSNODE": 33.0,
                "PFNODE": 4.0,
                "VBNUM": 3.0,
                "VBNODE": 49.0,
                "SQRNUM": 0.0,
                "FLRNUM": 0.0,
                "GBNUM": 8.0,
                "MBNUM": 27.3,
                "LWPD": 1.81,
                "SWPD": 85.34,
                "CWPD": 196.52,
                "LWAD": 89.1,
                "SWAD": 4200.0,
                "MBWAD": 4510.2,
                "PWAD": 5382.2,
                "CWAD": 9671.3,
                "LAID_LAB": 0.108
            },
            "_id": "68c445408ac547b65742174c",
            "paid": "68c445408ac547b65742174c"
        },
        {
            "type": "Feature",
            "geometry": {
                "type": "Polygon",
                "coordinates": [
                    [
                        [
                            -111.97115981,
                            33.06756766
                        ],
                        [
                            -111.9712253,
                            33.06756715
                        ],
                        [
                            -111.97122523,
                            33.06760323
                        ],
                        [
                            -111.97115975,
                            33.06760374
                        ],
                        [
                            -111.97115981,
                            33.06756766
                        ]
                    ]
                ]
            },
            "properties": {
                "pa_label": "p206-S18",
                "PSDATE": "2003-10-09",
                "PHTD": 1.108,
                "STDD": 14.7,
                "MSNODE": 29.0,
                "PFNODE": 7.0,
                "VBNUM": 3.0,
                "VBNODE": 29.0,
                "SQRNUM": 0.0,
                "FLRNUM": 0.0,
                "GBNUM": 6.0,
                "MBNUM": 30.7,
                "LWPD": 4.29,
                "SWPD": 66.85,
                "CWPD": 224.98,
                "LWAD": 220.6,
                "SWAD": 3440.5,
                "MBWAD": 7051.8,
                "PWAD": 7918.0,
                "CWAD": 11579.1,
                "LAID_LAB": 0.298
            },
            "_id": "68c445408ac547b65742175e",
            "paid": "68c445408ac547b65742175e"
        },
        {
            "type": "Feature",
            "geometry": {
                "type": "Polygon",
                "coordinates": [
                    [
                        [
                            -111.97109537,
                            33.06756618
                        ],
                        [
                            -111.97109539,
                            33.06760225
                        ],
                        [
                            -111.9710302,
                            33.06760276
                        ],
                        [
                            -111.97103019,
                            33.06756668
                        ],
                        [
                            -111.97109537,
                            33.06756618
                        ]
                    ]
                ]
            },
            "properties": {
                "pa_label": "p207-S18",
                "PSDATE": "2003-10-09",
                "PHTD": 0.857,
                "STDD": 10.8,
                "MSNODE": 21.0,
                "PFNODE": 6.0,
                "VBNUM": 9.0,
                "VBNODE": 21.0,
                "SQRNUM": 0.0,
                "FLRNUM": 0.0,
                "GBNUM": 3.0,
                "MBNUM": 13.3,
                "LWPD": 2.85,
                "SWPD": 39.52,
                "CWPD": 107.02,
                "LWAD": 337.0,
                "SWAD": 4667.3,
                "MBWAD": 6975.6,
                "PWAD": 7636.2,
                "CWAD": 12640.6,
                "LAID_LAB": 0.473
            },
            "_id": "68c445408ac547b657421770",
            "paid": "68c445408ac547b657421770"
        },
        {
            "type": "Feature",
            "geometry": {
                "type": "Polygon",
                "coordinates": [
                    [
                        [
                            -111.97096531,
                            33.0675651
                        ],
                        [
                            -111.97096521,
                            33.06760118
                        ],
                        [
                            -111.97090006,
                            33.06760169
                        ],
                        [
                            -111.97090018,
                            33.06756561
                        ],
                        [
                            -111.97096531,
                            33.0675651
                        ]
                    ]
                ]
            },
            "properties": {
                "pa_label": "p208-S18",
                "PSDATE": "2003-10-09",
                "PHTD": 0.91,
                "STDD": 17.1,
                "MSNODE": 30.0,
                "PFNODE": 7.0,
                "VBNUM": 3.0,
                "VBNODE": 35.0,
                "SQRNUM": 1.7,
                "FLRNUM": 0.0,
                "GBNUM": 5.7,
                "MBNUM": 28.7,
                "LWPD": 3.5,
                "SWPD": 60.25,
                "CWPD": 201.66,
                "LWAD": 172.8,
                "SWAD": 2977.2,
                "MBWAD": 6458.2,
                "PWAD": 6815.4,
                "CWAD": 9965.4,
                "LAID_LAB": 0.225
            },
            "_id": "68c445408ac547b657421782",
            "paid": "68c445408ac547b657421782"
        },
        {
            "type": "Feature",
            "geometry": {
                "type": "Polygon",
                "coordinates": [
                    [
                        [
                            -111.97187688,
                            33.06730302
                        ],
                        [
                            -111.97187683,
                            33.0673391
                        ],
                        [
                            -111.97181172,
                            33.0673396
                        ],
                        [
                            -111.97181177,
                            33.06730353
                        ],
                        [
                            -111.97187688,
                            33.06730302
                        ]
                    ]
                ]
            },
            "properties": {
                "pa_label": "p301-S18",
                "PSDATE": "2003-10-09",
                "PHTD": 0.8,
                "STDD": 13.8,
                "MSNODE": 19.0,
                "PFNODE": 4.0,
                "VBNUM": 2.0,
                "VBNODE": 16.0,
                "SQRNUM": 1.7,
                "FLRNUM": 0.3,
                "GBNUM": 3.0,
                "MBNUM": 13.0,
                "LWPD": 1.55,
                "SWPD": 36.61,
                "CWPD": 106.44,
                "LWAD": 170.2,
                "SWAD": 4020.4,
                "MBWAD": 6796.9,
                "PWAD": 7497.9,
                "CWAD": 11688.6,
                "LAID_LAB": 0.232
            },
            "_id": "68c445408ac547b657421794",
            "paid": "68c445408ac547b657421794"
        },
        {
            "type": "Feature",
            "geometry": {
                "type": "Polygon",
                "coordinates": [
                    [
                        [
                            -111.9717462,
                            33.06730236
                        ],
                        [
                            -111.97174612,
                            33.06733844
                        ],
                        [
                            -111.9716806,
                            33.06733895
                        ],
                        [
                            -111.97168072,
                            33.06730287
                        ],
                        [
                            -111.9717462,
                            33.06730236
                        ]
                    ]
                ]
            },
            "properties": {
                "pa_label": "p302-S18",
                "PSDATE": "2003-10-09",
                "PHTD": 0.874,
                "STDD": 13.6,
                "MSNODE": 21.0,
                "PFNODE": 5.0,
                "VBNUM": 3.0,
                "VBNODE": 20.0,
                "SQRNUM": 0.3,
                "FLRNUM": 0.0,
                "GBNUM": 3.3,
                "MBNUM": 9.0,
                "LWPD": 2.34,
                "SWPD": 23.49,
                "CWPD": 70.46,
                "LWAD": 268.7,
                "SWAD": 2701.2,
                "MBWAD": 4370.4,
                "PWAD": 5134.1,
                "CWAD": 8104.1,
                "LAID_LAB": 0.382
            },
            "_id": "68c445408ac547b6574217a6",
            "paid": "68c445408ac547b6574217a6"
        },
        {
            "type": "Feature",
            "geometry": {
                "type": "Polygon",
                "coordinates": [
                    [
                        [
                            -111.97161629,
                            33.06730059
                        ],
                        [
                            -111.97161636,
                            33.06733666
                        ],
                        [
                            -111.9715507,
                            33.06733718
                        ],
                        [
                            -111.97155072,
                            33.0673011
                        ],
                        [
                            -111.97161629,
                            33.06730059
                        ]
                    ]
                ]
            },
            "properties": {
                "pa_label": "p303-S18",
                "PSDATE": "2003-10-09",
                "PHTD": 0.91,
                "STDD": 14.6,
                "MSNODE": 24.0,
                "PFNODE": 3.0,
                "VBNUM": 2.0,
                "VBNODE": 25.0,
                "SQRNUM": 0.3,
                "FLRNUM": 0.0,
                "GBNUM": 4.7,
                "MBNUM": 22.7,
                "LWPD": 3.95,
                "SWPD": 53.51,
                "CWPD": 170.44,
                "LWAD": 209.0,
                "SWAD": 2830.7,
                "MBWAD": 5453.1,
                "PWAD": 5977.2,
                "CWAD": 9016.9,
                "LAID_LAB": 0.289
            },
            "_id": "68c445408ac547b6574217b8",
            "paid": "68c445408ac547b6574217b8"
        },
        {
            "type": "Feature",
            "geometry": {
                "type": "Polygon",
                "coordinates": [
                    [
                        [
                            -111.97142099,
                            33.06730122
                        ],
                        [
                            -111.97148642,
                            33.06730071
                        ],
                        [
                            -111.97148637,
                            33.06733679
                        ],
                        [
                            -111.97142098,
                            33.06733729
                        ],
                        [
                            -111.97142099,
                            33.06730122
                        ]
                    ]
                ]
            },
            "properties": {
                "pa_label": "p304-S18",
                "PSDATE": "2003-10-09",
                "PHTD": 0.99,
                "STDD": 14.0,
                "MSNODE": 24.0,
                "PFNODE": 5.0,
                "VBNUM": 2.0,
                "VBNODE": 16.0,
                "SQRNUM": 0.0,
                "FLRNUM": 0.7,
                "GBNUM": 4.0,
                "MBNUM": 29.7,
                "LWPD": 2.56,
                "SWPD": 63.7,
                "CWPD": 201.24,
                "LWAD": 130.0,
                "SWAD": 3239.2,
                "MBWAD": 6553.1,
                "PWAD": 6864.3,
                "CWAD": 10233.5,
                "LAID_LAB": 0.155
            },
            "_id": "68c445408ac547b6574217ca",
            "paid": "68c445408ac547b6574217ca"
        },
        {
            "type": "Feature",
            "geometry": {
                "type": "Polygon",
                "coordinates": [
                    [
                        [
                            -111.97135578,
                            33.06729995
                        ],
                        [
                            -111.97135575,
                            33.06733603
                        ],
                        [
                            -111.97129027,
                            33.06733654
                        ],
                        [
                            -111.97129031,
                            33.06730046
                        ],
                        [
                            -111.97135578,
                            33.06729995
                        ]
                    ]
                ]
            },
            "properties": {
                "pa_label": "p305-S18",
                "PSDATE": "2003-10-09",
                "PHTD": 1.145,
                "STDD": 10.9,
                "MSNODE": 30.0,
                "PFNODE": 5.0,
                "VBNUM": 1.0,
                "VBNODE": 2.0,
                "SQRNUM": 0.0,
                "FLRNUM": 0.0,
                "GBNUM": 2.0,
                "MBNUM": 8.7,
                "LWPD": 2.91,
                "SWPD": 23.48,
                "CWPD": 67.27,
                "LWAD": 724.0,
                "SWAD": 5841.8,
                "MBWAD": 9046.3,
                "PWAD": 10170.8,
                "CWAD": 16736.6,
                "LAID_LAB": 0.922
            },
            "_id": "68c445408ac547b6574217dc",
            "paid": "68c445408ac547b6574217dc"
        },
        {
            "type": "Feature",
            "geometry": {
                "type": "Polygon",
                "coordinates": [
                    [
                        [
                            -111.97116049,
                            33.0672995
                        ],
                        [
                            -111.97122594,
                            33.06729899
                        ],
                        [
                            -111.9712259,
                            33.06733507
                        ],
                        [
                            -111.97116045,
                            33.06733558
                        ],
                        [
                            -111.97116049,
                            33.0672995
                        ]
                    ]
                ]
            },
            "properties": {
                "pa_label": "p306-S18",
                "PSDATE": "2003-10-09",
                "PHTD": 1.135,
                "STDD": 12.3,
                "MSNODE": 31.0,
                "PFNODE": 4.0,
                "VBNUM": 1.0,
                "VBNODE": 9.0,
                "SQRNUM": 0.0,
                "FLRNUM": 0.0,
                "GBNUM": 3.7,
                "MBNUM": 11.7,
                "LWPD": 1.48,
                "SWPD": 32.16,
                "CWPD": 85.21,
                "LWAD": 181.8,
                "SWAD": 3960.0,
                "MBWAD": 5349.3,
                "PWAD": 6349.0,
                "CWAD": 10490.9,
                "LAID_LAB": 0.232
            },
            "_id": "68c445408ac547b6574217ee",
            "paid": "68c445408ac547b6574217ee"
        },
        {
            "type": "Feature",
            "geometry": {
                "type": "Polygon",
                "coordinates": [
                    [
                        [
                            -111.97109568,
                            33.06729819
                        ],
                        [
                            -111.97109568,
                            33.06733426
                        ],
                        [
                            -111.97103033,
                            33.06733477
                        ],
                        [
                            -111.97103036,
                            33.0672987
                        ],
                        [
                            -111.97109568,
                            33.06729819
                        ]
                    ]
                ]
            },
            "properties": {
                "pa_label": "p307-S18",
                "PSDATE": "2003-10-09",
                "PHTD": 1.292,
                "STDD": 12.3,
                "MSNODE": 25.0,
                "PFNODE": 4.0,
                "VBNUM": 0.0,
                "VBNODE": 0.0,
                "SQRNUM": 0.3,
                "FLRNUM": 0.0,
                "GBNUM": 4.7,
                "MBNUM": 13.7,
                "LWPD": 0.99,
                "SWPD": 39.13,
                "CWPD": 100.59,
                "LWAD": 114.5,
                "SWAD": 4540.0,
                "MBWAD": 5877.7,
                "PWAD": 7015.4,
                "CWAD": 11669.9,
                "LAID_LAB": 0.149
            },
            "_id": "68c445408ac547b657421800",
            "paid": "68c445408ac547b657421800"
        },
        {
            "type": "Feature",
            "geometry": {
                "type": "Polygon",
                "coordinates": [
                    [
                        [
                            -111.97090064,
                            33.06729787
                        ],
                        [
                            -111.97096582,
                            33.06729737
                        ],
                        [
                            -111.97096575,
                            33.06733344
                        ],
                        [
                            -111.97090057,
                            33.06733395
                        ],
                        [
                            -111.97090064,
                            33.06729787
                        ]
                    ]
                ]
            },
            "properties": {
                "pa_label": "p308-S18",
                "PSDATE": "2003-10-09",
                "PHTD": 0.802,
                "STDD": 11.1,
                "MSNODE": 27.0,
                "PFNODE": 4.0,
                "VBNUM": 1.0,
                "VBNODE": 6.0,
                "SQRNUM": 0.0,
                "FLRNUM": 0.0,
                "GBNUM": 2.0,
                "MBNUM": 9.3,
                "LWPD": 0.84,
                "SWPD": 19.73,
                "CWPD": 63.82,
                "LWAD": 191.8,
                "SWAD": 4488.0,
                "MBWAD": 8543.8,
                "PWAD": 9837.4,
                "CWAD": 14517.2,
                "LAID_LAB": 0.29
            },
            "_id": "68c445408ac547b657421812",
            "paid": "68c445408ac547b657421812"
        },
        {
            "type": "Feature",
            "geometry": {
                "type": "Polygon",
                "coordinates": [
                    [
                        [
                            -111.97187724,
                            33.06710108
                        ],
                        [
                            -111.97187714,
                            33.06713716
                        ],
                        [
                            -111.97181187,
                            33.06713767
                        ],
                        [
                            -111.971812,
                            33.06710159
                        ],
                        [
                            -111.97187724,
                            33.06710108
                        ]
                    ]
                ]
            },
            "properties": {
                "pa_label": "p401-S18",
                "PSDATE": "2003-10-09",
                "PHTD": 0.962,
                "STDD": 13.2,
                "MSNODE": 28.0,
                "PFNODE": 5.0,
                "VBNUM": 1.0,
                "VBNODE": 14.0,
                "SQRNUM": 0.0,
                "FLRNUM": 0.0,
                "GBNUM": 2.0,
                "MBNUM": 20.7,
                "LWPD": 3.15,
                "SWPD": 40.99,
                "CWPD": 117.95,
                "LWAD": 151.0,
                "SWAD": 1966.8,
                "MBWAD": 3340.4,
                "PWAD": 3541.6,
                "CWAD": 5659.4,
                "LAID_LAB": 0.202
            },
            "_id": "68c445408ac547b657421824",
            "paid": "68c445408ac547b657421824"
        },
        {
            "type": "Feature",
            "geometry": {
                "type": "Polygon",
                "coordinates": [
                    [
                        [
                            -111.97168138,
                            33.06710081
                        ],
                        [
                            -111.97174663,
                            33.06710031
                        ],
                        [
                            -111.97174658,
                            33.06713638
                        ],
                        [
                            -111.97168137,
                            33.06713689
                        ],
                        [
                            -111.97168138,
                            33.06710081
                        ]
                    ]
                ]
            },
            "properties": {
                "pa_label": "p402-S18",
                "PSDATE": "2003-10-09",
                "PHTD": 0.934,
                "STDD": 15.0,
                "MSNODE": 24.0,
                "PFNODE": 5.0,
                "VBNUM": 1.0,
                "VBNODE": 5.0,
                "SQRNUM": 0.0,
                "FLRNUM": 0.0,
                "GBNUM": 2.3,
                "MBNUM": 13.7,
                "LWPD": 1.63,
                "SWPD": 33.47,
                "CWPD": 94.92,
                "LWAD": 184.1,
                "SWAD": 3779.7,
                "MBWAD": 5879.9,
                "PWAD": 6754.2,
                "CWAD": 10717.9,
                "LAID_LAB": 0.261
            },
            "_id": "68c445408ac547b657421836",
            "paid": "68c445408ac547b657421836"
        },
        {
            "type": "Feature",
            "geometry": {
                "type": "Polygon",
                "coordinates": [
                    [
                        [
                            -111.97161609,
                            33.0670997
                        ],
                        [
                            -111.97161607,
                            33.06713577
                        ],
                        [
                            -111.97155092,
                            33.06713628
                        ],
                        [
                            -111.97155096,
                            33.0671002
                        ],
                        [
                            -111.97161609,
                            33.0670997
                        ]
                    ]
                ]
            },
            "properties": {
                "pa_label": "p403-S18",
                "PSDATE": "2003-10-09",
                "PHTD": 1.03,
                "STDD": 18.4,
                "MSNODE": 27.0,
                "PFNODE": 2.0,
                "VBNUM": 1.0,
                "VBNODE": 8.0,
                "SQRNUM": 0.0,
                "FLRNUM": 0.0,
                "GBNUM": 0.7,
                "MBNUM": 6.0,
                "LWPD": 0.49,
                "SWPD": 16.5,
                "CWPD": 43.63,
                "LWAD": 107.1,
                "SWAD": 3629.2,
                "MBWAD": 5303.4,
                "PWAD": 5863.0,
                "CWAD": 9599.3,
                "LAID_LAB": 0.117
            },
            "_id": "68c445408ac547b657421848",
            "paid": "68c445408ac547b657421848"
        },
        {
            "type": "Feature",
            "geometry": {
                "type": "Polygon",
                "coordinates": [
                    [
                        [
                            -111.97142134,
                            33.06709924
                        ],
                        [
                            -111.97148675,
                            33.06709873
                        ],
                        [
                            -111.97148667,
                            33.06713481
                        ],
                        [
                            -111.97142126,
                            33.06713532
                        ],
                        [
                            -111.97142134,
                            33.06709924
                        ]
                    ]
                ]
            },
            "properties": {
                "pa_label": "p404-S18",
                "PSDATE": "2003-10-09",
                "PHTD": 0.665,
                "STDD": 16.5,
                "MSNODE": 20.0,
                "PFNODE": 7.0,
                "VBNUM": 6.0,
                "VBNODE": 12.0,
                "SQRNUM": 0.0,
                "FLRNUM": 0.0,
                "GBNUM": 1.3,
                "MBNUM": 9.3,
                "LWPD": 1.41,
                "SWPD": 22.29,
                "CWPD": 64.41,
                "LWAD": 151.5,
                "SWAD": 2400.7,
                "MBWAD": 4225.5,
                "PWAD": 4386.0,
                "CWAD": 6938.3,
                "LAID_LAB": 0.205
            },
            "_id": "68c445408ac547b65742185a",
            "paid": "68c445408ac547b65742185a"
        },
        {
            "type": "Feature",
            "geometry": {
                "type": "Polygon",
                "coordinates": [
                    [
                        [
                            -111.97135613,
                            33.06709809
                        ],
                        [
                            -111.97135613,
                            33.06713417
                        ],
                        [
                            -111.97129074,
                            33.06713468
                        ],
                        [
                            -111.97129079,
                            33.0670986
                        ],
                        [
                            -111.97135613,
                            33.06709809
                        ]
                    ]
                ]
            },
            "properties": {
                "pa_label": "p405-S18",
                "PSDATE": "2003-10-09",
                "PHTD": 0.753,
                "STDD": 18.9,
                "MSNODE": 22.0,
                "PFNODE": 7.0,
                "VBNUM": 2.0,
                "VBNODE": 8.0,
                "SQRNUM": 0.3,
                "FLRNUM": 0.0,
                "GBNUM": 1.0,
                "MBNUM": 7.3,
                "LWPD": 0.74,
                "SWPD": 21.18,
                "CWPD": 55.89,
                "LWAD": 174.5,
                "SWAD": 4993.5,
                "MBWAD": 7604.2,
                "PWAD": 8008.1,
                "CWAD": 13176.1,
                "LAID_LAB": 0.188
            },
            "_id": "68c445408ac547b65742186c",
            "paid": "68c445408ac547b65742186c"
        },
        {
            "type": "Feature",
            "geometry": {
                "type": "Polygon",
                "coordinates": [
                    [
                        [
                            -111.97116078,
                            33.06709769
                        ],
                        [
                            -111.97122634,
                            33.06709718
                        ],
                        [
                            -111.97122625,
                            33.06713325
                        ],
                        [
                            -111.9711607,
                            33.06713376
                        ],
                        [
                            -111.97116078,
                            33.06709769
                        ]
                    ]
                ]
            },
            "properties": {
                "pa_label": "p406-S18",
                "PSDATE": "2003-10-09",
                "PHTD": 1.15,
                "STDD": 17.5,
                "MSNODE": 23.0,
                "PFNODE": 5.0,
                "VBNUM": 1.0,
                "VBNODE": 0.0,
                "SQRNUM": 0.0,
                "FLRNUM": 0.0,
                "GBNUM": 3.0,
                "MBNUM": 14.3,
                "LWPD": 1.06,
                "SWPD": 28.89,
                "CWPD": 90.5,
                "LWAD": 121.9,
                "SWAD": 3312.5,
                "MBWAD": 6696.9,
                "PWAD": 6940.7,
                "CWAD": 10375.2,
                "LAID_LAB": 0.158
            },
            "_id": "68c445408ac547b65742187e",
            "paid": "68c445408ac547b65742187e"
        },
        {
            "type": "Feature",
            "geometry": {
                "type": "Polygon",
                "coordinates": [
                    [
                        [
                            -111.97109572,
                            33.06709658
                        ],
                        [
                            -111.97109572,
                            33.06713266
                        ],
                        [
                            -111.97103059,
                            33.06713316
                        ],
                        [
                            -111.97103061,
                            33.06709709
                        ],
                        [
                            -111.97109572,
                            33.06709658
                        ]
                    ]
                ]
            },
            "properties": {
                "pa_label": "p407-S18",
                "PSDATE": "2003-10-09",
                "PHTD": 1.005,
                "STDD": 18.2,
                "MSNODE": 27.0,
                "PFNODE": 5.0,
                "VBNUM": 1.0,
                "VBNODE": 21.0,
                "SQRNUM": 0.0,
                "FLRNUM": 0.0,
                "GBNUM": 3.7,
                "MBNUM": 16.0,
                "LWPD": 2.88,
                "SWPD": 36.11,
                "CWPD": 124.12,
                "LWAD": 143.5,
                "SWAD": 1799.3,
                "MBWAD": 3921.8,
                "PWAD": 4241.7,
                "CWAD": 6184.5,
                "LAID_LAB": 0.188
            },
            "_id": "68c445408ac547b657421890",
            "paid": "68c445408ac547b657421890"
        },
        {
            "type": "Feature",
            "geometry": {
                "type": "Polygon",
                "coordinates": [
                    [
                        [
                            -111.97090096,
                            33.06709603
                        ],
                        [
                            -111.97096601,
                            33.06709552
                        ],
                        [
                            -111.97096594,
                            33.0671316
                        ],
                        [
                            -111.9709009,
                            33.0671321
                        ],
                        [
                            -111.97090096,
                            33.06709603
                        ]
                    ]
                ]
            },
            "properties": {
                "pa_label": "p408-S18",
                "PSDATE": "2003-10-09",
                "PHTD": 0.962,
                "STDD": 12.8,
                "MSNODE": 24.0,
                "PFNODE": 3.0,
                "VBNUM": 3.0,
                "VBNODE": 17.0,
                "SQRNUM": 0.0,
                "FLRNUM": 0.0,
                "GBNUM": 2.3,
                "MBNUM": 12.7,
                "LWPD": 6.48,
                "SWPD": 36.96,
                "CWPD": 97.78,
                "LWAD": 764.8,
                "SWAD": 4362.4,
                "MBWAD": 5711.7,
                "PWAD": 6413.2,
                "CWAD": 11540.3,
                "LAID_LAB": 1.164
            },
            "_id": "68c445408ac547b6574218a2",
            "paid": "68c445408ac547b6574218a2"
        }
    ]
}