{
    "type": "FeatureCollection",
    "features": [
        {
            "type": "Feature",
            "geometry": {
                "type": "Polygon",
                "coordinates": [
                    [
                        [
                            -111.9753955,
                            33.07953844
                        ],
                        [
                            -111.97552646,
                            33.0795391
                        ],
                        [
                            -111.97552456,
                            33.07980974
                        ],
                        [
                            -111.9753936,
                            33.07980909
                        ],
                        [
                            -111.9753955,
                            33.07953844
                        ]
                    ]
                ]
            },
            "properties": {
                "plt_label": "p01-1",
                "trt_label": "80-60",
                "PLT_AREA": 366.810203,
                "CUL_NAME": "Deltapine 1549 B2XF",
                "PDATE": "04/25/2016",
                "PLYR": 2016,
                "PLDAY": 116,
                "IROP": "IR004",
                "IRVAL": {
                    "201670": 13.4,
                    "201671": 26.8,
                    "201674": 20.1,
                    "201675": 20.1,
                    "201676": 23.5,
                    "201677": 26.8,
                    "201678": 20.1,
                    "201681": 20.1,
                    "201691": 16.0,
                    "201692": 24.0,
                    "201695": 32.0,
                    "201696": 32.0,
                    "201697": 32.0,
                    "2016117": 8.0,
                    "2016118": 24.0,
                    "2016119": 27.9,
                    "2016120": 15.9,
                    "2016125": 12.6,
                    "2016127": 12.6,
                    "2016130": 8.0,
                    "2016132": 8.0,
                    "2016135": 8.0,
                    "2016148": 16.0,
                    "2016154": 15.9,
                    "2016155": 15.9,
                    "2016160": 16.0,
                    "2016161": 10.7,
                    "2016162": 10.7,
                    "2016167": 16.0,
                    "2016168": 5.3,
                    "2016169": 13.3,
                    "2016174": 21.3,
                    "2016175": 21.3,
                    "2016176": 16.0,
                    "2016181": 21.3,
                    "2016182": 21.3,
                    "2016183": 16.0,
                    "2016188": 21.3,
                    "2016189": 16.0,
                    "2016190": 15.9,
                    "2016195": 21.3,
                    "2016196": 21.3,
                    "2016197": 16.0,
                    "2016202": 14.0,
                    "2016203": 16.0,
                    "2016204": 12.0,
                    "2016209": 16.0,
                    "2016210": 16.0,
                    "2016211": 12.0,
                    "2016216": 10.0,
                    "2016217": 16.0,
                    "2016218": 10.0,
                    "2016223": 8.0,
                    "2016224": 12.0,
                    "2016225": 10.0,
                    "2016230": 8.0,
                    "2016231": 16.0,
                    "2016232": 12.0,
                    "2016237": 10.0,
                    "2016238": 16.0,
                    "2016239": 12.0,
                    "2016244": 6.0,
                    "2016245": 16.0,
                    "2016246": 12.0,
                    "2016252": 16.0,
                    "2016253": 16.0
                },
                "FEAMN": {
                    "2016155": 37.3,
                    "2016168": 37.4,
                    "2016190": 37.3
                },
                "HARM": "Machine",
                "HADAT": "11/01/2016",
                "WBWAH": 5387.1,
                "BWCAH": 4.36,
                "DBWAH": 5152.2,
                "GNDAT": "01/30/2017",
                "FFRAC": 0.4151,
                "SFRAC": 0.5236,
                "TFRAC": 0.0613,
                "WFWAH": 2236.2,
                "WSWAH": 2820.6,
                "WSCWAH": 5056.8,
                "DFWAH": 2138.7,
                "DSWAH": 2697.6,
                "DSCWAH": 4836.3,
                "QLDAT": "06/15/2017",
                "FBMIC": 46.0,
                "FBLTH": 1.13,
                "FBUNI": 81.4,
                "FBSTR": 32.2,
                "FBELO": 5.1,
                "FBSFI": 9.6,
                "haids": [
                    "6425f88e8ac5475ec38ece1c",
                    "6425f88e8ac5475ec38ece1d",
                    "6425f88e8ac5475ec38ece1e"
                ],
                "tids": [
                    "6425fb6f8ac54761e63cc7ea"
                ],
                "ccids": [
                    "6426002c8ac54764b9a30d3c",
                    "6426002c8ac54764b9a30d3d",
                    "6426002c8ac54764b9a30d3e"
                ]
            },
            "_id": "6425efc78ac5475cc2c470df",
            "pid": "6425efc78ac5475cc2c470df"
        },
        {
            "type": "Feature",
            "geometry": {
                "type": "Polygon",
                "coordinates": [
                    [
                        [
                            -111.97539803,
                            33.07917761
                        ],
                        [
                            -111.97552899,
                            33.07917826
                        ],
                        [
                            -111.97552709,
                            33.07944891
                        ],
                        [
                            -111.97539613,
                            33.07944825
                        ],
                        [
                            -111.97539803,
                            33.07917761
                        ]
                    ]
                ]
            },
            "properties": {
                "plt_label": "p01-2",
                "trt_label": "100-120",
                "PLT_AREA": 366.81011,
                "CUL_NAME": "Deltapine 1549 B2XF",
                "PDATE": "04/25/2016",
                "PLYR": 2016,
                "PLDAY": 116,
                "IROP": "IR004",
                "IRVAL": {
                    "201670": 13.4,
                    "201671": 26.8,
                    "201674": 20.1,
                    "201675": 20.1,
                    "201676": 23.5,
                    "201677": 26.8,
                    "201678": 20.1,
                    "201681": 20.1,
                    "201691": 16.0,
                    "201692": 24.0,
                    "201695": 32.0,
                    "201696": 32.0,
                    "201697": 32.0,
                    "2016117": 8.0,
                    "2016118": 24.0,
                    "2016119": 27.9,
                    "2016120": 15.9,
                    "2016125": 12.6,
                    "2016127": 12.6,
                    "2016130": 8.0,
                    "2016132": 8.0,
                    "2016135": 8.0,
                    "2016148": 16.0,
                    "2016154": 15.9,
                    "2016155": 15.9,
                    "2016160": 20.0,
                    "2016161": 13.3,
                    "2016162": 13.3,
                    "2016167": 20.0,
                    "2016168": 6.7,
                    "2016169": 16.7,
                    "2016174": 26.7,
                    "2016175": 26.7,
                    "2016176": 20.0,
                    "2016181": 26.7,
                    "2016182": 26.7,
                    "2016183": 20.0,
                    "2016188": 26.7,
                    "2016189": 20.0,
                    "2016190": 15.9,
                    "2016195": 26.7,
                    "2016196": 26.7,
                    "2016197": 20.0,
                    "2016202": 28.0,
                    "2016203": 32.0,
                    "2016204": 24.0,
                    "2016209": 32.0,
                    "2016210": 32.0,
                    "2016211": 24.0,
                    "2016216": 20.0,
                    "2016217": 32.0,
                    "2016218": 20.0,
                    "2016223": 16.0,
                    "2016224": 24.0,
                    "2016225": 20.0,
                    "2016230": 16.0,
                    "2016231": 32.0,
                    "2016232": 24.0,
                    "2016237": 20.0,
                    "2016238": 32.0,
                    "2016239": 24.0,
                    "2016244": 12.0,
                    "2016245": 32.0,
                    "2016246": 24.0,
                    "2016252": 32.0,
                    "2016253": 32.0
                },
                "FEAMN": {
                    "2016155": 37.3,
                    "2016168": 37.4,
                    "2016190": 37.3
                },
                "HARM": "Machine",
                "HADAT": "11/01/2016",
                "WBWAH": 5690.7,
                "BWCAH": 4.83,
                "DBWAH": 5415.8,
                "GNDAT": "02/08/2017",
                "FFRAC": 0.4062,
                "SFRAC": 0.5123,
                "TFRAC": 0.0815,
                "WFWAH": 2311.3,
                "WSWAH": 2915.4,
                "WSCWAH": 5226.7,
                "DFWAH": 2199.6,
                "DSWAH": 2774.5,
                "DSCWAH": 4974.2,
                "QLDAT": "06/15/2017",
                "FBMIC": 42.0,
                "FBLTH": 1.18,
                "FBUNI": 81.5,
                "FBSTR": 32.3,
                "FBELO": 5.1,
                "FBSFI": 9.1,
                "haids": [
                    "6425f88e8ac5475ec38ece1f",
                    "6425f88e8ac5475ec38ece20",
                    "6425f88e8ac5475ec38ece21"
                ],
                "tids": [
                    "6425fb6f8ac54761e63cc7eb"
                ],
                "ccids": [
                    "6426002c8ac54764b9a30d3f",
                    "6426002c8ac54764b9a30d40",
                    "6426002c8ac54764b9a30d41"
                ]
            },
            "_id": "6425efc78ac5475cc2c470e0",
            "pid": "6425efc78ac5475cc2c470e0"
        },
        {
            "type": "Feature",
            "geometry": {
                "type": "Polygon",
                "coordinates": [
                    [
                        [
                            -111.97540056,
                            33.07881678
                        ],
                        [
                            -111.97553151,
                            33.07881743
                        ],
                        [
                            -111.97552962,
                            33.07908807
                        ],
                        [
                            -111.97539866,
                            33.07908742
                        ],
                        [
                            -111.97540056,
                            33.07881678
                        ]
                    ]
                ]
            },
            "properties": {
                "plt_label": "p01-3",
                "trt_label": "60-80",
                "PLT_AREA": 366.81014,
                "CUL_NAME": "Deltapine 1549 B2XF",
                "PDATE": "04/25/2016",
                "PLYR": 2016,
                "PLDAY": 116,
                "IROP": "IR004",
                "IRVAL": {
                    "201670": 13.4,
                    "201671": 26.8,
                    "201674": 20.1,
                    "201675": 20.1,
                    "201676": 23.5,
                    "201677": 26.8,
                    "201678": 20.1,
                    "201681": 20.1,
                    "201691": 16.0,
                    "201692": 24.0,
                    "201695": 32.0,
                    "201696": 32.0,
                    "201697": 32.0,
                    "2016117": 8.0,
                    "2016118": 24.0,
                    "2016119": 27.9,
                    "2016120": 15.9,
                    "2016125": 12.6,
                    "2016127": 12.6,
                    "2016130": 8.0,
                    "2016132": 8.0,
                    "2016135": 8.0,
                    "2016148": 16.0,
                    "2016154": 15.9,
                    "2016155": 15.9,
                    "2016160": 12.0,
                    "2016161": 8.0,
                    "2016162": 8.0,
                    "2016167": 12.0,
                    "2016168": 4.0,
                    "2016169": 10.0,
                    "2016174": 16.0,
                    "2016175": 16.0,
                    "2016176": 12.0,
                    "2016181": 16.0,
                    "2016182": 16.0,
                    "2016183": 12.0,
                    "2016188": 16.0,
                    "2016189": 12.0,
                    "2016190": 15.9,
                    "2016195": 16.0,
                    "2016196": 16.0,
                    "2016197": 12.0,
                    "2016202": 18.7,
                    "2016203": 21.3,
                    "2016204": 16.0,
                    "2016209": 21.3,
                    "2016210": 21.3,
                    "2016211": 16.0,
                    "2016216": 13.3,
                    "2016217": 21.3,
                    "2016218": 13.3,
                    "2016223": 10.7,
                    "2016224": 16.0,
                    "2016225": 13.3,
                    "2016230": 10.7,
                    "2016231": 21.3,
                    "2016232": 16.0,
                    "2016237": 13.3,
                    "2016238": 21.3,
                    "2016239": 16.0,
                    "2016244": 8.0,
                    "2016245": 21.3,
                    "2016246": 16.0,
                    "2016252": 21.3,
                    "2016253": 21.3
                },
                "FEAMN": {
                    "2016155": 37.3,
                    "2016168": 37.4,
                    "2016190": 37.3
                },
                "HARM": "Machine",
                "HADAT": "11/01/2016",
                "WBWAH": 5790.4,
                "BWCAH": 4.88,
                "DBWAH": 5508.0,
                "GNDAT": "02/08/2017",
                "FFRAC": 0.4175,
                "SFRAC": 0.5128,
                "TFRAC": 0.0697,
                "WFWAH": 2417.3,
                "WSWAH": 2969.5,
                "WSCWAH": 5386.8,
                "DFWAH": 2299.4,
                "DSWAH": 2824.6,
                "DSCWAH": 5124.0,
                "QLDAT": "06/15/2017",
                "FBMIC": 43.0,
                "FBLTH": 1.19,
                "FBUNI": 82.3,
                "FBSTR": 34.4,
                "FBELO": 5.5,
                "FBSFI": 8.5,
                "haids": [
                    "6425f88e8ac5475ec38ece22",
                    "6425f88e8ac5475ec38ece23",
                    "6425f88e8ac5475ec38ece24"
                ],
                "tids": [
                    "6425fb6f8ac54761e63cc7ec"
                ],
                "ccids": [
                    "6426002c8ac54764b9a30d42",
                    "6426002c8ac54764b9a30d43",
                    "6426002c8ac54764b9a30d44"
                ]
            },
            "_id": "6425efc78ac5475cc2c470e1",
            "pid": "6425efc78ac5475cc2c470e1"
        },
        {
            "type": "Feature",
            "geometry": {
                "type": "Polygon",
                "coordinates": [
                    [
                        [
                            -111.97540309,
                            33.07845594
                        ],
                        [
                            -111.97553404,
                            33.0784566
                        ],
                        [
                            -111.97553215,
                            33.07872724
                        ],
                        [
                            -111.97540119,
                            33.07872659
                        ],
                        [
                            -111.97540309,
                            33.07845594
                        ]
                    ]
                ]
            },
            "properties": {
                "plt_label": "p01-4",
                "trt_label": "80-80",
                "PLT_AREA": 366.810125,
                "CUL_NAME": "Deltapine 1549 B2XF",
                "PDATE": "04/25/2016",
                "PLYR": 2016,
                "PLDAY": 116,
                "IROP": "IR004",
                "IRVAL": {
                    "201670": 13.4,
                    "201671": 26.8,
                    "201674": 20.1,
                    "201675": 20.1,
                    "201676": 23.5,
                    "201677": 26.8,
                    "201678": 20.1,
                    "201681": 20.1,
                    "201691": 16.0,
                    "201692": 24.0,
                    "201695": 32.0,
                    "201696": 32.0,
                    "201697": 32.0,
                    "2016117": 8.0,
                    "2016118": 24.0,
                    "2016119": 27.9,
                    "2016120": 15.9,
                    "2016125": 12.6,
                    "2016127": 12.6,
                    "2016130": 8.0,
                    "2016132": 8.0,
                    "2016135": 8.0,
                    "2016148": 16.0,
                    "2016154": 15.9,
                    "2016155": 15.9,
                    "2016160": 16.0,
                    "2016161": 10.7,
                    "2016162": 10.7,
                    "2016167": 16.0,
                    "2016168": 5.3,
                    "2016169": 13.3,
                    "2016174": 21.3,
                    "2016175": 21.3,
                    "2016176": 16.0,
                    "2016181": 21.3,
                    "2016182": 21.3,
                    "2016183": 16.0,
                    "2016188": 21.3,
                    "2016189": 16.0,
                    "2016190": 15.9,
                    "2016195": 21.3,
                    "2016196": 21.3,
                    "2016197": 16.0,
                    "2016202": 18.7,
                    "2016203": 21.3,
                    "2016204": 16.0,
                    "2016209": 21.3,
                    "2016210": 21.3,
                    "2016211": 16.0,
                    "2016216": 13.3,
                    "2016217": 21.3,
                    "2016218": 13.3,
                    "2016223": 10.7,
                    "2016224": 16.0,
                    "2016225": 13.3,
                    "2016230": 10.7,
                    "2016231": 21.3,
                    "2016232": 16.0,
                    "2016237": 13.3,
                    "2016238": 21.3,
                    "2016239": 16.0,
                    "2016244": 8.0,
                    "2016245": 21.3,
                    "2016246": 16.0,
                    "2016252": 21.3,
                    "2016253": 21.3
                },
                "FEAMN": {
                    "2016155": 37.3,
                    "2016168": 37.4,
                    "2016190": 37.3
                },
                "HARM": "Machine",
                "HADAT": "11/01/2016",
                "WBWAH": 5576.1,
                "BWCAH": 4.95,
                "DBWAH": 5299.9,
                "GNDAT": "01/30/2017",
                "FFRAC": 0.4186,
                "SFRAC": 0.5103,
                "TFRAC": 0.0711,
                "WFWAH": 2334.4,
                "WSWAH": 2845.3,
                "WSCWAH": 5179.7,
                "DFWAH": 2218.7,
                "DSWAH": 2704.3,
                "DSCWAH": 4923.1,
                "QLDAT": "06/15/2017",
                "FBMIC": 48.0,
                "FBLTH": 1.13,
                "FBUNI": 82.3,
                "FBSTR": 32.3,
                "FBELO": 5.5,
                "FBSFI": 8.9,
                "haids": [
                    "6425f88e8ac5475ec38ece25",
                    "6425f88e8ac5475ec38ece26",
                    "6425f88e8ac5475ec38ece27"
                ],
                "tids": [
                    "6425fb6f8ac54761e63cc7ed"
                ],
                "ccids": [
                    "6426002c8ac54764b9a30d45",
                    "6426002c8ac54764b9a30d46",
                    "6426002c8ac54764b9a30d47"
                ]
            },
            "_id": "6425efc78ac5475cc2c470e2",
            "pid": "6425efc78ac5475cc2c470e2"
        },
        {
            "type": "Feature",
            "geometry": {
                "type": "Polygon",
                "coordinates": [
                    [
                        [
                            -111.97554788,
                            33.0795392
                        ],
                        [
                            -111.97567884,
                            33.07953986
                        ],
                        [
                            -111.97567695,
                            33.0798105
                        ],
                        [
                            -111.97554599,
                            33.07980985
                        ],
                        [
                            -111.97554788,
                            33.0795392
                        ]
                    ]
                ]
            },
            "properties": {
                "plt_label": "p02-1",
                "trt_label": "120-120",
                "PLT_AREA": 366.81011,
                "CUL_NAME": "Deltapine 1549 B2XF",
                "PDATE": "04/25/2016",
                "PLYR": 2016,
                "PLDAY": 116,
                "IROP": "IR004",
                "IRVAL": {
                    "201670": 13.4,
                    "201671": 26.8,
                    "201674": 20.1,
                    "201675": 20.1,
                    "201676": 23.5,
                    "201677": 26.8,
                    "201678": 20.1,
                    "201681": 20.1,
                    "201691": 16.0,
                    "201692": 24.0,
                    "201695": 32.0,
                    "201696": 32.0,
                    "201697": 32.0,
                    "2016117": 8.0,
                    "2016118": 24.0,
                    "2016119": 27.9,
                    "2016120": 15.9,
                    "2016125": 12.6,
                    "2016127": 12.6,
                    "2016130": 8.0,
                    "2016132": 8.0,
                    "2016135": 8.0,
                    "2016148": 16.0,
                    "2016154": 15.9,
                    "2016155": 15.9,
                    "2016160": 24.0,
                    "2016161": 16.0,
                    "2016162": 16.0,
                    "2016167": 24.0,
                    "2016168": 8.0,
                    "2016169": 20.0,
                    "2016174": 32.0,
                    "2016175": 32.0,
                    "2016176": 24.0,
                    "2016181": 32.0,
                    "2016182": 32.0,
                    "2016183": 24.0,
                    "2016188": 32.0,
                    "2016189": 24.0,
                    "2016190": 15.9,
                    "2016195": 32.0,
                    "2016196": 32.0,
                    "2016197": 24.0,
                    "2016202": 28.0,
                    "2016203": 32.0,
                    "2016204": 24.0,
                    "2016209": 32.0,
                    "2016210": 32.0,
                    "2016211": 24.0,
                    "2016216": 20.0,
                    "2016217": 32.0,
                    "2016218": 20.0,
                    "2016223": 16.0,
                    "2016224": 24.0,
                    "2016225": 20.0,
                    "2016230": 16.0,
                    "2016231": 32.0,
                    "2016232": 24.0,
                    "2016237": 20.0,
                    "2016238": 32.0,
                    "2016239": 24.0,
                    "2016244": 12.0,
                    "2016245": 32.0,
                    "2016246": 24.0,
                    "2016252": 32.0,
                    "2016253": 32.0
                },
                "FEAMN": {
                    "2016155": 37.3,
                    "2016168": 37.4,
                    "2016190": 37.3
                },
                "HARM": "Machine",
                "HADAT": "11/01/2016",
                "WBWAH": 4964.5,
                "BWCAH": 5.24,
                "DBWAH": 4704.4,
                "GNDAT": "02/16/2017",
                "FFRAC": 0.3981,
                "SFRAC": 0.5245,
                "TFRAC": 0.0774,
                "WFWAH": 1976.4,
                "WSWAH": 2603.8,
                "WSCWAH": 4580.2,
                "DFWAH": 1872.8,
                "DSWAH": 2467.4,
                "DSCWAH": 4340.2,
                "QLDAT": "06/15/2017",
                "FBMIC": 42.0,
                "FBLTH": 1.19,
                "FBUNI": 82.3,
                "FBSTR": 32.1,
                "FBELO": 5.7,
                "FBSFI": 9.0,
                "haids": [
                    "6425f88e8ac5475ec38ece28",
                    "6425f88e8ac5475ec38ece29",
                    "6425f88e8ac5475ec38ece2a"
                ],
                "tids": [
                    "6425fb6f8ac54761e63cc7ee"
                ],
                "ccids": [
                    "6426002c8ac54764b9a30d48",
                    "6426002c8ac54764b9a30d49",
                    "6426002c8ac54764b9a30d4a"
                ]
            },
            "_id": "6425efc78ac5475cc2c470e3",
            "pid": "6425efc78ac5475cc2c470e3"
        },
        {
            "type": "Feature",
            "geometry": {
                "type": "Polygon",
                "coordinates": [
                    [
                        [
                            -111.97555041,
                            33.07917837
                        ],
                        [
                            -111.97568137,
                            33.07917902
                        ],
                        [
                            -111.97567947,
                            33.07944966
                        ],
                        [
                            -111.97554852,
                            33.07944901
                        ],
                        [
                            -111.97555041,
                            33.07917837
                        ]
                    ]
                ]
            },
            "properties": {
                "plt_label": "p02-2",
                "trt_label": "60-120",
                "PLT_AREA": 366.810203,
                "CUL_NAME": "Deltapine 1549 B2XF",
                "PDATE": "04/25/2016",
                "PLYR": 2016,
                "PLDAY": 116,
                "IROP": "IR004",
                "IRVAL": {
                    "201670": 13.4,
                    "201671": 26.8,
                    "201674": 20.1,
                    "201675": 20.1,
                    "201676": 23.5,
                    "201677": 26.8,
                    "201678": 20.1,
                    "201681": 20.1,
                    "201691": 16.0,
                    "201692": 24.0,
                    "201695": 32.0,
                    "201696": 32.0,
                    "201697": 32.0,
                    "2016117": 8.0,
                    "2016118": 24.0,
                    "2016119": 27.9,
                    "2016120": 15.9,
                    "2016125": 12.6,
                    "2016127": 12.6,
                    "2016130": 8.0,
                    "2016132": 8.0,
                    "2016135": 8.0,
                    "2016148": 16.0,
                    "2016154": 15.9,
                    "2016155": 15.9,
                    "2016160": 12.0,
                    "2016161": 8.0,
                    "2016162": 8.0,
                    "2016167": 12.0,
                    "2016168": 4.0,
                    "2016169": 10.0,
                    "2016174": 16.0,
                    "2016175": 16.0,
                    "2016176": 12.0,
                    "2016181": 16.0,
                    "2016182": 16.0,
                    "2016183": 12.0,
                    "2016188": 16.0,
                    "2016189": 12.0,
                    "2016190": 15.9,
                    "2016195": 16.0,
                    "2016196": 16.0,
                    "2016197": 12.0,
                    "2016202": 28.0,
                    "2016203": 32.0,
                    "2016204": 24.0,
                    "2016209": 32.0,
                    "2016210": 32.0,
                    "2016211": 24.0,
                    "2016216": 20.0,
                    "2016217": 32.0,
                    "2016218": 20.0,
                    "2016223": 16.0,
                    "2016224": 24.0,
                    "2016225": 20.0,
                    "2016230": 16.0,
                    "2016231": 32.0,
                    "2016232": 24.0,
                    "2016237": 20.0,
                    "2016238": 32.0,
                    "2016239": 24.0,
                    "2016244": 12.0,
                    "2016245": 32.0,
                    "2016246": 24.0,
                    "2016252": 32.0,
                    "2016253": 32.0
                },
                "FEAMN": {
                    "2016155": 37.3,
                    "2016168": 37.4,
                    "2016190": 37.3
                },
                "HARM": "Machine",
                "HADAT": "11/01/2016",
                "WBWAH": 5430.3,
                "BWCAH": 4.75,
                "DBWAH": 5172.1,
                "GNDAT": "02/16/2017",
                "FFRAC": 0.4042,
                "SFRAC": 0.5217,
                "TFRAC": 0.0741,
                "WFWAH": 2194.9,
                "WSWAH": 2833.2,
                "WSCWAH": 5028.1,
                "DFWAH": 2090.5,
                "DSWAH": 2698.5,
                "DSCWAH": 4789.0,
                "QLDAT": "06/15/2017",
                "FBMIC": 44.0,
                "FBLTH": 1.15,
                "FBUNI": 81.9,
                "FBSTR": 33.0,
                "FBELO": 5.4,
                "FBSFI": 9.4,
                "haids": [
                    "6425f88e8ac5475ec38ece2b",
                    "6425f88e8ac5475ec38ece2c",
                    "6425f88e8ac5475ec38ece2d"
                ],
                "tids": [
                    "6425fb6f8ac54761e63cc7ef"
                ],
                "ccids": [
                    "6426002c8ac54764b9a30d4b",
                    "6426002c8ac54764b9a30d4c",
                    "6426002c8ac54764b9a30d4d"
                ]
            },
            "_id": "6425efc78ac5475cc2c470e4",
            "pid": "6425efc78ac5475cc2c470e4"
        },
        {
            "type": "Feature",
            "geometry": {
                "type": "Polygon",
                "coordinates": [
                    [
                        [
                            -111.97555294,
                            33.07881754
                        ],
                        [
                            -111.9756839,
                            33.07881819
                        ],
                        [
                            -111.975682,
                            33.07908883
                        ],
                        [
                            -111.97555104,
                            33.07908818
                        ],
                        [
                            -111.97555294,
                            33.07881754
                        ]
                    ]
                ]
            },
            "properties": {
                "plt_label": "p02-3",
                "trt_label": "120-60",
                "PLT_AREA": 366.810125,
                "CUL_NAME": "Deltapine 1549 B2XF",
                "PDATE": "04/25/2016",
                "PLYR": 2016,
                "PLDAY": 116,
                "IROP": "IR004",
                "IRVAL": {
                    "201670": 13.4,
                    "201671": 26.8,
                    "201674": 20.1,
                    "201675": 20.1,
                    "201676": 23.5,
                    "201677": 26.8,
                    "201678": 20.1,
                    "201681": 20.1,
                    "201691": 16.0,
                    "201692": 24.0,
                    "201695": 32.0,
                    "201696": 32.0,
                    "201697": 32.0,
                    "2016117": 8.0,
                    "2016118": 24.0,
                    "2016119": 27.9,
                    "2016120": 15.9,
                    "2016125": 12.6,
                    "2016127": 12.6,
                    "2016130": 8.0,
                    "2016132": 8.0,
                    "2016135": 8.0,
                    "2016148": 16.0,
                    "2016154": 15.9,
                    "2016155": 15.9,
                    "2016160": 24.0,
                    "2016161": 16.0,
                    "2016162": 16.0,
                    "2016167": 24.0,
                    "2016168": 8.0,
                    "2016169": 20.0,
                    "2016174": 32.0,
                    "2016175": 32.0,
                    "2016176": 24.0,
                    "2016181": 32.0,
                    "2016182": 32.0,
                    "2016183": 24.0,
                    "2016188": 32.0,
                    "2016189": 24.0,
                    "2016190": 15.9,
                    "2016195": 32.0,
                    "2016196": 32.0,
                    "2016197": 24.0,
                    "2016202": 14.0,
                    "2016203": 16.0,
                    "2016204": 12.0,
                    "2016209": 16.0,
                    "2016210": 16.0,
                    "2016211": 12.0,
                    "2016216": 10.0,
                    "2016217": 16.0,
                    "2016218": 10.0,
                    "2016223": 8.0,
                    "2016224": 12.0,
                    "2016225": 10.0,
                    "2016230": 8.0,
                    "2016231": 16.0,
                    "2016232": 12.0,
                    "2016237": 10.0,
                    "2016238": 16.0,
                    "2016239": 12.0,
                    "2016244": 6.0,
                    "2016245": 16.0,
                    "2016246": 12.0,
                    "2016252": 16.0,
                    "2016253": 16.0
                },
                "FEAMN": {
                    "2016155": 37.3,
                    "2016168": 37.4,
                    "2016190": 37.3
                },
                "HARM": "Machine",
                "HADAT": "11/01/2016",
                "WBWAH": 4663.9,
                "BWCAH": 4.91,
                "DBWAH": 4435.1,
                "GNDAT": "02/16/2017",
                "FFRAC": 0.4226,
                "SFRAC": 0.5175,
                "TFRAC": 0.0599,
                "WFWAH": 1971.1,
                "WSWAH": 2413.4,
                "WSCWAH": 4384.5,
                "DFWAH": 1874.4,
                "DSWAH": 2295.1,
                "DSCWAH": 4169.5,
                "QLDAT": "06/15/2017",
                "FBMIC": 47.0,
                "FBLTH": 1.12,
                "FBUNI": 81.2,
                "FBSTR": 31.6,
                "FBELO": 5.6,
                "FBSFI": 10.1,
                "haids": [
                    "6425f88e8ac5475ec38ece2e",
                    "6425f88e8ac5475ec38ece2f",
                    "6425f88e8ac5475ec38ece30"
                ],
                "tids": [
                    "6425fb6f8ac54761e63cc7f0"
                ],
                "ccids": [
                    "6426002c8ac54764b9a30d4e",
                    "6426002c8ac54764b9a30d4f",
                    "6426002c8ac54764b9a30d50"
                ]
            },
            "_id": "6425efc78ac5475cc2c470e5",
            "pid": "6425efc78ac5475cc2c470e5"
        },
        {
            "type": "Feature",
            "geometry": {
                "type": "Polygon",
                "coordinates": [
                    [
                        [
                            -111.97555547,
                            33.0784567
                        ],
                        [
                            -111.97568643,
                            33.07845735
                        ],
                        [
                            -111.97568453,
                            33.078728
                        ],
                        [
                            -111.97555357,
                            33.07872734
                        ],
                        [
                            -111.97555547,
                            33.0784567
                        ]
                    ]
                ]
            },
            "properties": {
                "plt_label": "p02-4",
                "trt_label": "60-60",
                "PLT_AREA": 366.810125,
                "CUL_NAME": "Deltapine 1549 B2XF",
                "PDATE": "04/25/2016",
                "PLYR": 2016,
                "PLDAY": 116,
                "IROP": "IR004",
                "IRVAL": {
                    "201670": 13.4,
                    "201671": 26.8,
                    "201674": 20.1,
                    "201675": 20.1,
                    "201676": 23.5,
                    "201677": 26.8,
                    "201678": 20.1,
                    "201681": 20.1,
                    "201691": 16.0,
                    "201692": 24.0,
                    "201695": 32.0,
                    "201696": 32.0,
                    "201697": 32.0,
                    "2016117": 8.0,
                    "2016118": 24.0,
                    "2016119": 27.9,
                    "2016120": 15.9,
                    "2016125": 12.6,
                    "2016127": 12.6,
                    "2016130": 8.0,
                    "2016132": 8.0,
                    "2016135": 8.0,
                    "2016148": 16.0,
                    "2016154": 15.9,
                    "2016155": 15.9,
                    "2016160": 12.0,
                    "2016161": 8.0,
                    "2016162": 8.0,
                    "2016167": 12.0,
                    "2016168": 4.0,
                    "2016169": 10.0,
                    "2016174": 16.0,
                    "2016175": 16.0,
                    "2016176": 12.0,
                    "2016181": 16.0,
                    "2016182": 16.0,
                    "2016183": 12.0,
                    "2016188": 16.0,
                    "2016189": 12.0,
                    "2016190": 15.9,
                    "2016195": 16.0,
                    "2016196": 16.0,
                    "2016197": 12.0,
                    "2016202": 14.0,
                    "2016203": 16.0,
                    "2016204": 12.0,
                    "2016209": 16.0,
                    "2016210": 16.0,
                    "2016211": 12.0,
                    "2016216": 10.0,
                    "2016217": 16.0,
                    "2016218": 10.0,
                    "2016223": 8.0,
                    "2016224": 12.0,
                    "2016225": 10.0,
                    "2016230": 8.0,
                    "2016231": 16.0,
                    "2016232": 12.0,
                    "2016237": 10.0,
                    "2016238": 16.0,
                    "2016239": 12.0,
                    "2016244": 6.0,
                    "2016245": 16.0,
                    "2016246": 12.0,
                    "2016252": 16.0,
                    "2016253": 16.0
                },
                "FEAMN": {
                    "2016155": 37.3,
                    "2016168": 37.4,
                    "2016190": 37.3
                },
                "HARM": "Machine",
                "HADAT": "11/01/2016",
                "WBWAH": 4466.0,
                "BWCAH": 4.73,
                "DBWAH": 4254.7,
                "GNDAT": "02/08/2017",
                "FFRAC": 0.4255,
                "SFRAC": 0.5149,
                "TFRAC": 0.0596,
                "WFWAH": 1900.3,
                "WSWAH": 2299.5,
                "WSCWAH": 4199.8,
                "DFWAH": 1810.3,
                "DSWAH": 2190.7,
                "DSCWAH": 4001.1,
                "QLDAT": "06/15/2017",
                "FBMIC": 51.0,
                "FBLTH": 1.11,
                "FBUNI": 81.9,
                "FBSTR": 33.0,
                "FBELO": 5.2,
                "FBSFI": 8.9,
                "haids": [
                    "6425f88e8ac5475ec38ece31",
                    "6425f88e8ac5475ec38ece32",
                    "6425f88e8ac5475ec38ece33"
                ],
                "tids": [
                    "6425fb6f8ac54761e63cc7f1"
                ],
                "ccids": [
                    "6426002c8ac54764b9a30d51",
                    "6426002c8ac54764b9a30d52",
                    "6426002c8ac54764b9a30d53"
                ]
            },
            "_id": "6425efc78ac5475cc2c470e6",
            "pid": "6425efc78ac5475cc2c470e6"
        },
        {
            "type": "Feature",
            "geometry": {
                "type": "Polygon",
                "coordinates": [
                    [
                        [
                            -111.97570027,
                            33.07953996
                        ],
                        [
                            -111.97583123,
                            33.07954061
                        ],
                        [
                            -111.97582933,
                            33.07981126
                        ],
                        [
                            -111.97569837,
                            33.0798106
                        ],
                        [
                            -111.97570027,
                            33.07953996
                        ]
                    ]
                ]
            },
            "properties": {
                "plt_label": "p03-1",
                "trt_label": "60-100",
                "PLT_AREA": 366.810144,
                "CUL_NAME": "Deltapine 1549 B2XF",
                "PDATE": "04/25/2016",
                "PLYR": 2016,
                "PLDAY": 116,
                "IROP": "IR004",
                "IRVAL": {
                    "201670": 13.4,
                    "201671": 26.8,
                    "201674": 20.1,
                    "201675": 20.1,
                    "201676": 23.5,
                    "201677": 26.8,
                    "201678": 20.1,
                    "201681": 20.1,
                    "201691": 16.0,
                    "201692": 24.0,
                    "201695": 32.0,
                    "201696": 32.0,
                    "201697": 32.0,
                    "2016117": 8.0,
                    "2016118": 24.0,
                    "2016119": 27.9,
                    "2016120": 15.9,
                    "2016125": 12.6,
                    "2016127": 12.6,
                    "2016130": 8.0,
                    "2016132": 8.0,
                    "2016135": 8.0,
                    "2016148": 16.0,
                    "2016154": 15.9,
                    "2016155": 15.9,
                    "2016160": 12.0,
                    "2016161": 8.0,
                    "2016162": 8.0,
                    "2016167": 12.0,
                    "2016168": 4.0,
                    "2016169": 10.0,
                    "2016174": 16.0,
                    "2016175": 16.0,
                    "2016176": 12.0,
                    "2016181": 16.0,
                    "2016182": 16.0,
                    "2016183": 12.0,
                    "2016188": 16.0,
                    "2016189": 12.0,
                    "2016190": 15.9,
                    "2016195": 16.0,
                    "2016196": 16.0,
                    "2016197": 12.0,
                    "2016202": 23.3,
                    "2016203": 26.7,
                    "2016204": 20.0,
                    "2016209": 26.7,
                    "2016210": 26.7,
                    "2016211": 20.0,
                    "2016216": 16.7,
                    "2016217": 26.7,
                    "2016218": 16.7,
                    "2016223": 13.3,
                    "2016224": 20.0,
                    "2016225": 16.7,
                    "2016230": 13.3,
                    "2016231": 26.7,
                    "2016232": 20.0,
                    "2016237": 16.7,
                    "2016238": 26.7,
                    "2016239": 20.0,
                    "2016244": 10.0,
                    "2016245": 26.7,
                    "2016246": 20.0,
                    "2016252": 26.7,
                    "2016253": 26.7
                },
                "FEAMN": {
                    "2016155": 37.3,
                    "2016168": 37.4,
                    "2016190": 37.3
                },
                "HARM": "Machine",
                "HADAT": "11/01/2016",
                "WBWAH": 5324.6,
                "BWCAH": 5.03,
                "DBWAH": 5056.8,
                "GNDAT": "02/16/2017",
                "FFRAC": 0.4019,
                "SFRAC": 0.5202,
                "TFRAC": 0.0779,
                "WFWAH": 2139.8,
                "WSWAH": 2770.1,
                "WSCWAH": 4910.0,
                "DFWAH": 2032.2,
                "DSWAH": 2630.8,
                "DSCWAH": 4663.0,
                "QLDAT": "06/15/2017",
                "FBMIC": 46.0,
                "FBLTH": 1.13,
                "FBUNI": 81.5,
                "FBSTR": 32.0,
                "FBELO": 5.7,
                "FBSFI": 9.6,
                "haids": [
                    "6425f88e8ac5475ec38ece34",
                    "6425f88e8ac5475ec38ece35",
                    "6425f88e8ac5475ec38ece36"
                ],
                "tids": [
                    "6425fb6f8ac54761e63cc7f2"
                ],
                "ccids": [
                    "6426002c8ac54764b9a30d54",
                    "6426002c8ac54764b9a30d55",
                    "6426002c8ac54764b9a30d56"
                ]
            },
            "_id": "6425efc78ac5475cc2c470e7",
            "pid": "6425efc78ac5475cc2c470e7"
        },
        {
            "type": "Feature",
            "geometry": {
                "type": "Polygon",
                "coordinates": [
                    [
                        [
                            -111.9757028,
                            33.07917913
                        ],
                        [
                            -111.97583375,
                            33.07917978
                        ],
                        [
                            -111.97583186,
                            33.07945042
                        ],
                        [
                            -111.9757009,
                            33.07944977
                        ],
                        [
                            -111.9757028,
                            33.07917913
                        ]
                    ]
                ]
            },
            "properties": {
                "plt_label": "p03-2",
                "trt_label": "100-60",
                "PLT_AREA": 366.810125,
                "CUL_NAME": "Deltapine 1549 B2XF",
                "PDATE": "04/25/2016",
                "PLYR": 2016,
                "PLDAY": 116,
                "IROP": "IR004",
                "IRVAL": {
                    "201670": 13.4,
                    "201671": 26.8,
                    "201674": 20.1,
                    "201675": 20.1,
                    "201676": 23.5,
                    "201677": 26.8,
                    "201678": 20.1,
                    "201681": 20.1,
                    "201691": 16.0,
                    "201692": 24.0,
                    "201695": 32.0,
                    "201696": 32.0,
                    "201697": 32.0,
                    "2016117": 8.0,
                    "2016118": 24.0,
                    "2016119": 27.9,
                    "2016120": 15.9,
                    "2016125": 12.6,
                    "2016127": 12.6,
                    "2016130": 8.0,
                    "2016132": 8.0,
                    "2016135": 8.0,
                    "2016148": 16.0,
                    "2016154": 15.9,
                    "2016155": 15.9,
                    "2016160": 20.0,
                    "2016161": 13.3,
                    "2016162": 13.3,
                    "2016167": 20.0,
                    "2016168": 6.7,
                    "2016169": 16.7,
                    "2016174": 26.7,
                    "2016175": 26.7,
                    "2016176": 20.0,
                    "2016181": 26.7,
                    "2016182": 26.7,
                    "2016183": 20.0,
                    "2016188": 26.7,
                    "2016189": 20.0,
                    "2016190": 15.9,
                    "2016195": 26.7,
                    "2016196": 26.7,
                    "2016197": 20.0,
                    "2016202": 14.0,
                    "2016203": 16.0,
                    "2016204": 12.0,
                    "2016209": 16.0,
                    "2016210": 16.0,
                    "2016211": 12.0,
                    "2016216": 10.0,
                    "2016217": 16.0,
                    "2016218": 10.0,
                    "2016223": 8.0,
                    "2016224": 12.0,
                    "2016225": 10.0,
                    "2016230": 8.0,
                    "2016231": 16.0,
                    "2016232": 12.0,
                    "2016237": 10.0,
                    "2016238": 16.0,
                    "2016239": 12.0,
                    "2016244": 6.0,
                    "2016245": 16.0,
                    "2016246": 12.0,
                    "2016252": 16.0,
                    "2016253": 16.0
                },
                "FEAMN": {
                    "2016155": 37.3,
                    "2016168": 37.4,
                    "2016190": 37.3
                },
                "HARM": "Machine",
                "HADAT": "11/01/2016",
                "WBWAH": 5089.5,
                "BWCAH": 4.64,
                "DBWAH": 4853.2,
                "GNDAT": "02/16/2017",
                "FFRAC": 0.414,
                "SFRAC": 0.5179,
                "TFRAC": 0.0682,
                "WFWAH": 2106.9,
                "WSWAH": 2635.6,
                "WSCWAH": 4742.5,
                "DFWAH": 2009.0,
                "DSWAH": 2513.2,
                "DSCWAH": 4522.3,
                "QLDAT": "06/15/2017",
                "FBMIC": 44.0,
                "FBLTH": 1.17,
                "FBUNI": 83.3,
                "FBSTR": 32.1,
                "FBELO": 5.0,
                "FBSFI": 8.5,
                "haids": [
                    "6425f88e8ac5475ec38ece37",
                    "6425f88e8ac5475ec38ece38",
                    "6425f88e8ac5475ec38ece39"
                ],
                "tids": [
                    "6425fb6f8ac54761e63cc7f3"
                ],
                "ccids": [
                    "6426002c8ac54764b9a30d57",
                    "6426002c8ac54764b9a30d58",
                    "6426002c8ac54764b9a30d59"
                ]
            },
            "_id": "6425efc78ac5475cc2c470e8",
            "pid": "6425efc78ac5475cc2c470e8"
        },
        {
            "type": "Feature",
            "geometry": {
                "type": "Polygon",
                "coordinates": [
                    [
                        [
                            -111.97570532,
                            33.07881829
                        ],
                        [
                            -111.97583628,
                            33.07881895
                        ],
                        [
                            -111.97583438,
                            33.07908959
                        ],
                        [
                            -111.97570343,
                            33.07908894
                        ],
                        [
                            -111.97570532,
                            33.07881829
                        ]
                    ]
                ]
            },
            "properties": {
                "plt_label": "p03-3",
                "trt_label": "100-80",
                "PLT_AREA": 366.810125,
                "CUL_NAME": "Deltapine 1549 B2XF",
                "PDATE": "04/25/2016",
                "PLYR": 2016,
                "PLDAY": 116,
                "IROP": "IR004",
                "IRVAL": {
                    "201670": 13.4,
                    "201671": 26.8,
                    "201674": 20.1,
                    "201675": 20.1,
                    "201676": 23.5,
                    "201677": 26.8,
                    "201678": 20.1,
                    "201681": 20.1,
                    "201691": 16.0,
                    "201692": 24.0,
                    "201695": 32.0,
                    "201696": 32.0,
                    "201697": 32.0,
                    "2016117": 8.0,
                    "2016118": 24.0,
                    "2016119": 27.9,
                    "2016120": 15.9,
                    "2016125": 12.6,
                    "2016127": 12.6,
                    "2016130": 8.0,
                    "2016132": 8.0,
                    "2016135": 8.0,
                    "2016148": 16.0,
                    "2016154": 15.9,
                    "2016155": 15.9,
                    "2016160": 20.0,
                    "2016161": 13.3,
                    "2016162": 13.3,
                    "2016167": 20.0,
                    "2016168": 6.7,
                    "2016169": 16.7,
                    "2016174": 26.7,
                    "2016175": 26.7,
                    "2016176": 20.0,
                    "2016181": 26.7,
                    "2016182": 26.7,
                    "2016183": 20.0,
                    "2016188": 26.7,
                    "2016189": 20.0,
                    "2016190": 15.9,
                    "2016195": 26.7,
                    "2016196": 26.7,
                    "2016197": 20.0,
                    "2016202": 18.7,
                    "2016203": 21.3,
                    "2016204": 16.0,
                    "2016209": 21.3,
                    "2016210": 21.3,
                    "2016211": 16.0,
                    "2016216": 13.3,
                    "2016217": 21.3,
                    "2016218": 13.3,
                    "2016223": 10.7,
                    "2016224": 16.0,
                    "2016225": 13.3,
                    "2016230": 10.7,
                    "2016231": 21.3,
                    "2016232": 16.0,
                    "2016237": 13.3,
                    "2016238": 21.3,
                    "2016239": 16.0,
                    "2016244": 8.0,
                    "2016245": 21.3,
                    "2016246": 16.0,
                    "2016252": 21.3,
                    "2016253": 21.3
                },
                "FEAMN": {
                    "2016155": 37.3,
                    "2016168": 37.4,
                    "2016190": 37.3
                },
                "HARM": "Machine",
                "HADAT": "11/01/2016",
                "WBWAH": 4311.2,
                "BWCAH": 5.2,
                "DBWAH": 4087.2,
                "GNDAT": "02/16/2017",
                "FFRAC": 0.4153,
                "SFRAC": 0.5233,
                "TFRAC": 0.0615,
                "WFWAH": 1790.4,
                "WSWAH": 2255.9,
                "WSCWAH": 4046.2,
                "DFWAH": 1697.3,
                "DSWAH": 2138.6,
                "DSCWAH": 3836.0,
                "QLDAT": "06/15/2017",
                "FBMIC": 47.0,
                "FBLTH": 1.14,
                "FBUNI": 83.0,
                "FBSTR": 31.4,
                "FBELO": 5.3,
                "FBSFI": 8.7,
                "haids": [
                    "6425f88e8ac5475ec38ece3a",
                    "6425f88e8ac5475ec38ece3b",
                    "6425f88e8ac5475ec38ece3c"
                ],
                "tids": [
                    "6425fb6f8ac54761e63cc7f4"
                ],
                "ccids": [
                    "6426002c8ac54764b9a30d5a",
                    "6426002c8ac54764b9a30d5b",
                    "6426002c8ac54764b9a30d5c"
                ]
            },
            "_id": "6425efc78ac5475cc2c470e9",
            "pid": "6425efc78ac5475cc2c470e9"
        },
        {
            "type": "Feature",
            "geometry": {
                "type": "Polygon",
                "coordinates": [
                    [
                        [
                            -111.97570785,
                            33.07845746
                        ],
                        [
                            -111.97583881,
                            33.07845811
                        ],
                        [
                            -111.97583691,
                            33.07872875
                        ],
                        [
                            -111.97570596,
                            33.0787281
                        ],
                        [
                            -111.97570785,
                            33.07845746
                        ]
                    ]
                ]
            },
            "properties": {
                "plt_label": "p03-4",
                "trt_label": "120-100",
                "PLT_AREA": 366.810203,
                "CUL_NAME": "Deltapine 1549 B2XF",
                "PDATE": "04/25/2016",
                "PLYR": 2016,
                "PLDAY": 116,
                "IROP": "IR004",
                "IRVAL": {
                    "201670": 13.4,
                    "201671": 26.8,
                    "201674": 20.1,
                    "201675": 20.1,
                    "201676": 23.5,
                    "201677": 26.8,
                    "201678": 20.1,
                    "201681": 20.1,
                    "201691": 16.0,
                    "201692": 24.0,
                    "201695": 32.0,
                    "201696": 32.0,
                    "201697": 32.0,
                    "2016117": 8.0,
                    "2016118": 24.0,
                    "2016119": 27.9,
                    "2016120": 15.9,
                    "2016125": 12.6,
                    "2016127": 12.6,
                    "2016130": 8.0,
                    "2016132": 8.0,
                    "2016135": 8.0,
                    "2016148": 16.0,
                    "2016154": 15.9,
                    "2016155": 15.9,
                    "2016160": 24.0,
                    "2016161": 16.0,
                    "2016162": 16.0,
                    "2016167": 24.0,
                    "2016168": 8.0,
                    "2016169": 20.0,
                    "2016174": 32.0,
                    "2016175": 32.0,
                    "2016176": 24.0,
                    "2016181": 32.0,
                    "2016182": 32.0,
                    "2016183": 24.0,
                    "2016188": 32.0,
                    "2016189": 24.0,
                    "2016190": 15.9,
                    "2016195": 32.0,
                    "2016196": 32.0,
                    "2016197": 24.0,
                    "2016202": 23.3,
                    "2016203": 26.7,
                    "2016204": 20.0,
                    "2016209": 26.7,
                    "2016210": 26.7,
                    "2016211": 20.0,
                    "2016216": 16.7,
                    "2016217": 26.7,
                    "2016218": 16.7,
                    "2016223": 13.3,
                    "2016224": 20.0,
                    "2016225": 16.7,
                    "2016230": 13.3,
                    "2016231": 26.7,
                    "2016232": 20.0,
                    "2016237": 16.7,
                    "2016238": 26.7,
                    "2016239": 20.0,
                    "2016244": 10.0,
                    "2016245": 26.7,
                    "2016246": 20.0,
                    "2016252": 26.7,
                    "2016253": 26.7
                },
                "FEAMN": {
                    "2016155": 37.3,
                    "2016168": 37.4,
                    "2016190": 37.3
                },
                "HARM": "Machine",
                "HADAT": "11/01/2016",
                "WBWAH": 4705.6,
                "BWCAH": 5.02,
                "DBWAH": 4469.5,
                "GNDAT": "02/16/2017",
                "FFRAC": 0.4225,
                "SFRAC": 0.5111,
                "TFRAC": 0.0664,
                "WFWAH": 1988.0,
                "WSWAH": 2404.9,
                "WSCWAH": 4392.9,
                "DFWAH": 1888.3,
                "DSWAH": 2284.3,
                "DSCWAH": 4172.6,
                "QLDAT": "06/15/2017",
                "FBMIC": 48.0,
                "FBLTH": 1.12,
                "FBUNI": 81.2,
                "FBSTR": 31.1,
                "FBELO": 5.3,
                "FBSFI": 9.8,
                "haids": [
                    "6425f88e8ac5475ec38ece3d",
                    "6425f88e8ac5475ec38ece3e",
                    "6425f88e8ac5475ec38ece3f"
                ],
                "tids": [
                    "6425fb6f8ac54761e63cc7f5"
                ],
                "ccids": [
                    "6426002c8ac54764b9a30d5d",
                    "6426002c8ac54764b9a30d5e",
                    "6426002c8ac54764b9a30d5f"
                ]
            },
            "_id": "6425efc78ac5475cc2c470ea",
            "pid": "6425efc78ac5475cc2c470ea"
        },
        {
            "type": "Feature",
            "geometry": {
                "type": "Polygon",
                "coordinates": [
                    [
                        [
                            -111.97585561,
                            33.07954074
                        ],
                        [
                            -111.97598657,
                            33.07954139
                        ],
                        [
                            -111.97598467,
                            33.07981203
                        ],
                        [
                            -111.97585371,
                            33.07981138
                        ],
                        [
                            -111.97585561,
                            33.07954074
                        ]
                    ]
                ]
            },
            "properties": {
                "plt_label": "p04-1",
                "trt_label": "120-80",
                "PLT_AREA": 366.81011,
                "CUL_NAME": "Deltapine 1549 B2XF",
                "PDATE": "04/25/2016",
                "PLYR": 2016,
                "PLDAY": 116,
                "IROP": "IR004",
                "IRVAL": {
                    "201670": 13.4,
                    "201671": 26.8,
                    "201674": 20.1,
                    "201675": 20.1,
                    "201676": 23.5,
                    "201677": 26.8,
                    "201678": 20.1,
                    "201681": 20.1,
                    "201691": 16.0,
                    "201692": 24.0,
                    "201695": 32.0,
                    "201696": 32.0,
                    "201697": 32.0,
                    "2016117": 8.0,
                    "2016118": 24.0,
                    "2016119": 27.9,
                    "2016120": 15.9,
                    "2016125": 12.6,
                    "2016127": 12.6,
                    "2016130": 8.0,
                    "2016132": 8.0,
                    "2016135": 8.0,
                    "2016148": 16.0,
                    "2016154": 15.9,
                    "2016155": 15.9,
                    "2016160": 24.0,
                    "2016161": 16.0,
                    "2016162": 16.0,
                    "2016167": 24.0,
                    "2016168": 8.0,
                    "2016169": 20.0,
                    "2016174": 32.0,
                    "2016175": 32.0,
                    "2016176": 24.0,
                    "2016181": 32.0,
                    "2016182": 32.0,
                    "2016183": 24.0,
                    "2016188": 32.0,
                    "2016189": 24.0,
                    "2016190": 15.9,
                    "2016195": 32.0,
                    "2016196": 32.0,
                    "2016197": 24.0,
                    "2016202": 18.7,
                    "2016203": 21.3,
                    "2016204": 16.0,
                    "2016209": 21.3,
                    "2016210": 21.3,
                    "2016211": 16.0,
                    "2016216": 13.3,
                    "2016217": 21.3,
                    "2016218": 13.3,
                    "2016223": 10.7,
                    "2016224": 16.0,
                    "2016225": 13.3,
                    "2016230": 10.7,
                    "2016231": 21.3,
                    "2016232": 16.0,
                    "2016237": 13.3,
                    "2016238": 21.3,
                    "2016239": 16.0,
                    "2016244": 8.0,
                    "2016245": 21.3,
                    "2016246": 16.0,
                    "2016252": 21.3,
                    "2016253": 21.3
                },
                "FEAMN": {
                    "2016155": 37.3,
                    "2016168": 37.4,
                    "2016190": 37.3
                },
                "HARM": "Machine",
                "HADAT": "11/01/2016",
                "WBWAH": 5097.0,
                "BWCAH": 5.62,
                "DBWAH": 4810.6,
                "GNDAT": "02/27/2017",
                "FFRAC": 0.398,
                "SFRAC": 0.5221,
                "TFRAC": 0.0799,
                "WFWAH": 2028.4,
                "WSWAH": 2661.2,
                "WSCWAH": 4689.5,
                "DFWAH": 1914.4,
                "DSWAH": 2511.7,
                "DSCWAH": 4426.1,
                "QLDAT": "06/15/2017",
                "FBMIC": 42.0,
                "FBLTH": 1.19,
                "FBUNI": 83.4,
                "FBSTR": 33.4,
                "FBELO": 5.4,
                "FBSFI": 8.2,
                "haids": [
                    "6425f88e8ac5475ec38ece40",
                    "6425f88e8ac5475ec38ece41",
                    "6425f88e8ac5475ec38ece42"
                ],
                "tids": [
                    "6425fb6f8ac54761e63cc7f6"
                ],
                "ccids": [
                    "6426002c8ac54764b9a30d60",
                    "6426002c8ac54764b9a30d61",
                    "6426002c8ac54764b9a30d62"
                ]
            },
            "_id": "6425efc78ac5475cc2c470eb",
            "pid": "6425efc78ac5475cc2c470eb"
        },
        {
            "type": "Feature",
            "geometry": {
                "type": "Polygon",
                "coordinates": [
                    [
                        [
                            -111.97585814,
                            33.0791799
                        ],
                        [
                            -111.97598909,
                            33.07918055
                        ],
                        [
                            -111.9759872,
                            33.07945119
                        ],
                        [
                            -111.97585624,
                            33.07945054
                        ],
                        [
                            -111.97585814,
                            33.0791799
                        ]
                    ]
                ]
            },
            "properties": {
                "plt_label": "p04-2",
                "trt_label": "100-100",
                "PLT_AREA": 366.81014,
                "CUL_NAME": "Deltapine 1549 B2XF",
                "PDATE": "04/25/2016",
                "PLYR": 2016,
                "PLDAY": 116,
                "IROP": "IR004",
                "IRVAL": {
                    "201670": 13.4,
                    "201671": 26.8,
                    "201674": 20.1,
                    "201675": 20.1,
                    "201676": 23.5,
                    "201677": 26.8,
                    "201678": 20.1,
                    "201681": 20.1,
                    "201691": 16.0,
                    "201692": 24.0,
                    "201695": 32.0,
                    "201696": 32.0,
                    "201697": 32.0,
                    "2016117": 8.0,
                    "2016118": 24.0,
                    "2016119": 27.9,
                    "2016120": 15.9,
                    "2016125": 12.6,
                    "2016127": 12.6,
                    "2016130": 8.0,
                    "2016132": 8.0,
                    "2016135": 8.0,
                    "2016148": 16.0,
                    "2016154": 15.9,
                    "2016155": 15.9,
                    "2016160": 20.0,
                    "2016161": 13.3,
                    "2016162": 13.3,
                    "2016167": 20.0,
                    "2016168": 6.7,
                    "2016169": 16.7,
                    "2016174": 26.7,
                    "2016175": 26.7,
                    "2016176": 20.0,
                    "2016181": 26.7,
                    "2016182": 26.7,
                    "2016183": 20.0,
                    "2016188": 26.7,
                    "2016189": 20.0,
                    "2016190": 15.9,
                    "2016195": 26.7,
                    "2016196": 26.7,
                    "2016197": 20.0,
                    "2016202": 23.3,
                    "2016203": 26.7,
                    "2016204": 20.0,
                    "2016209": 26.7,
                    "2016210": 26.7,
                    "2016211": 20.0,
                    "2016216": 16.7,
                    "2016217": 26.7,
                    "2016218": 16.7,
                    "2016223": 13.3,
                    "2016224": 20.0,
                    "2016225": 16.7,
                    "2016230": 13.3,
                    "2016231": 26.7,
                    "2016232": 20.0,
                    "2016237": 16.7,
                    "2016238": 26.7,
                    "2016239": 20.0,
                    "2016244": 10.0,
                    "2016245": 26.7,
                    "2016246": 20.0,
                    "2016252": 26.7,
                    "2016253": 26.7
                },
                "FEAMN": {
                    "2016155": 37.3,
                    "2016168": 37.4,
                    "2016190": 37.3
                },
                "HARM": "Machine",
                "HADAT": "11/01/2016",
                "WBWAH": 4711.5,
                "BWCAH": 5.55,
                "DBWAH": 4450.2,
                "GNDAT": "02/27/2017",
                "FFRAC": 0.4076,
                "SFRAC": 0.5216,
                "TFRAC": 0.0708,
                "WFWAH": 1920.4,
                "WSWAH": 2457.5,
                "WSCWAH": 4377.9,
                "DFWAH": 1813.9,
                "DSWAH": 2321.2,
                "DSCWAH": 4135.1,
                "QLDAT": "06/15/2017",
                "FBMIC": 42.0,
                "FBLTH": 1.19,
                "FBUNI": 82.2,
                "FBSTR": 34.2,
                "FBELO": 5.4,
                "FBSFI": 8.9,
                "haids": [
                    "6425f88e8ac5475ec38ece43",
                    "6425f88e8ac5475ec38ece44",
                    "6425f88e8ac5475ec38ece45"
                ],
                "tids": [
                    "6425fb6f8ac54761e63cc7f7"
                ],
                "ccids": [
                    "6426002c8ac54764b9a30d63",
                    "6426002c8ac54764b9a30d64",
                    "6426002c8ac54764b9a30d65"
                ]
            },
            "_id": "6425efc78ac5475cc2c470ec",
            "pid": "6425efc78ac5475cc2c470ec"
        },
        {
            "type": "Feature",
            "geometry": {
                "type": "Polygon",
                "coordinates": [
                    [
                        [
                            -111.97586066,
                            33.07881907
                        ],
                        [
                            -111.97599162,
                            33.07881972
                        ],
                        [
                            -111.97598973,
                            33.07909036
                        ],
                        [
                            -111.97585877,
                            33.07908971
                        ],
                        [
                            -111.97586066,
                            33.07881907
                        ]
                    ]
                ]
            },
            "properties": {
                "plt_label": "p04-3",
                "trt_label": "80-120",
                "PLT_AREA": 366.810129,
                "CUL_NAME": "Deltapine 1549 B2XF",
                "PDATE": "04/25/2016",
                "PLYR": 2016,
                "PLDAY": 116,
                "IROP": "IR004",
                "IRVAL": {
                    "201670": 13.4,
                    "201671": 26.8,
                    "201674": 20.1,
                    "201675": 20.1,
                    "201676": 23.5,
                    "201677": 26.8,
                    "201678": 20.1,
                    "201681": 20.1,
                    "201691": 16.0,
                    "201692": 24.0,
                    "201695": 32.0,
                    "201696": 32.0,
                    "201697": 32.0,
                    "2016117": 8.0,
                    "2016118": 24.0,
                    "2016119": 27.9,
                    "2016120": 15.9,
                    "2016125": 12.6,
                    "2016127": 12.6,
                    "2016130": 8.0,
                    "2016132": 8.0,
                    "2016135": 8.0,
                    "2016148": 16.0,
                    "2016154": 15.9,
                    "2016155": 15.9,
                    "2016160": 16.0,
                    "2016161": 10.7,
                    "2016162": 10.7,
                    "2016167": 16.0,
                    "2016168": 5.3,
                    "2016169": 13.3,
                    "2016174": 21.3,
                    "2016175": 21.3,
                    "2016176": 16.0,
                    "2016181": 21.3,
                    "2016182": 21.3,
                    "2016183": 16.0,
                    "2016188": 21.3,
                    "2016189": 16.0,
                    "2016190": 15.9,
                    "2016195": 21.3,
                    "2016196": 21.3,
                    "2016197": 16.0,
                    "2016202": 28.0,
                    "2016203": 32.0,
                    "2016204": 24.0,
                    "2016209": 32.0,
                    "2016210": 32.0,
                    "2016211": 24.0,
                    "2016216": 20.0,
                    "2016217": 32.0,
                    "2016218": 20.0,
                    "2016223": 16.0,
                    "2016224": 24.0,
                    "2016225": 20.0,
                    "2016230": 16.0,
                    "2016231": 32.0,
                    "2016232": 24.0,
                    "2016237": 20.0,
                    "2016238": 32.0,
                    "2016239": 24.0,
                    "2016244": 12.0,
                    "2016245": 32.0,
                    "2016246": 24.0,
                    "2016252": 32.0,
                    "2016253": 32.0
                },
                "FEAMN": {
                    "2016155": 37.3,
                    "2016168": 37.4,
                    "2016190": 37.3
                },
                "HARM": "Machine",
                "HADAT": "11/01/2016",
                "WBWAH": 5323.2,
                "BWCAH": 5.49,
                "DBWAH": 5031.0,
                "GNDAT": "02/27/2017",
                "FFRAC": 0.4161,
                "SFRAC": 0.5097,
                "TFRAC": 0.0742,
                "WFWAH": 2215.1,
                "WSWAH": 2713.1,
                "WSCWAH": 4928.2,
                "DFWAH": 2093.6,
                "DSWAH": 2564.2,
                "DSCWAH": 4657.8,
                "QLDAT": "06/15/2017",
                "FBMIC": 45.0,
                "FBLTH": 1.17,
                "FBUNI": 82.8,
                "FBSTR": 32.8,
                "FBELO": 5.4,
                "FBSFI": 8.6,
                "haids": [
                    "6425f88e8ac5475ec38ece46",
                    "6425f88e8ac5475ec38ece47",
                    "6425f88e8ac5475ec38ece48"
                ],
                "tids": [
                    "6425fb6f8ac54761e63cc7f8"
                ],
                "ccids": [
                    "6426002c8ac54764b9a30d66",
                    "6426002c8ac54764b9a30d67",
                    "6426002c8ac54764b9a30d68"
                ]
            },
            "_id": "6425efc78ac5475cc2c470ed",
            "pid": "6425efc78ac5475cc2c470ed"
        },
        {
            "type": "Feature",
            "geometry": {
                "type": "Polygon",
                "coordinates": [
                    [
                        [
                            -111.97586319,
                            33.07845823
                        ],
                        [
                            -111.97599415,
                            33.07845889
                        ],
                        [
                            -111.97599225,
                            33.07872953
                        ],
                        [
                            -111.9758613,
                            33.07872888
                        ],
                        [
                            -111.97586319,
                            33.07845823
                        ]
                    ]
                ]
            },
            "properties": {
                "plt_label": "p04-4",
                "trt_label": "80-100",
                "PLT_AREA": 366.810125,
                "CUL_NAME": "Deltapine 1549 B2XF",
                "PDATE": "04/25/2016",
                "PLYR": 2016,
                "PLDAY": 116,
                "IROP": "IR004",
                "IRVAL": {
                    "201670": 13.4,
                    "201671": 26.8,
                    "201674": 20.1,
                    "201675": 20.1,
                    "201676": 23.5,
                    "201677": 26.8,
                    "201678": 20.1,
                    "201681": 20.1,
                    "201691": 16.0,
                    "201692": 24.0,
                    "201695": 32.0,
                    "201696": 32.0,
                    "201697": 32.0,
                    "2016117": 8.0,
                    "2016118": 24.0,
                    "2016119": 27.9,
                    "2016120": 15.9,
                    "2016125": 12.6,
                    "2016127": 12.6,
                    "2016130": 8.0,
                    "2016132": 8.0,
                    "2016135": 8.0,
                    "2016148": 16.0,
                    "2016154": 15.9,
                    "2016155": 15.9,
                    "2016160": 16.0,
                    "2016161": 10.7,
                    "2016162": 10.7,
                    "2016167": 16.0,
                    "2016168": 5.3,
                    "2016169": 13.3,
                    "2016174": 21.3,
                    "2016175": 21.3,
                    "2016176": 16.0,
                    "2016181": 21.3,
                    "2016182": 21.3,
                    "2016183": 16.0,
                    "2016188": 21.3,
                    "2016189": 16.0,
                    "2016190": 15.9,
                    "2016195": 21.3,
                    "2016196": 21.3,
                    "2016197": 16.0,
                    "2016202": 23.3,
                    "2016203": 26.7,
                    "2016204": 20.0,
                    "2016209": 26.7,
                    "2016210": 26.7,
                    "2016211": 20.0,
                    "2016216": 16.7,
                    "2016217": 26.7,
                    "2016218": 16.7,
                    "2016223": 13.3,
                    "2016224": 20.0,
                    "2016225": 16.7,
                    "2016230": 13.3,
                    "2016231": 26.7,
                    "2016232": 20.0,
                    "2016237": 16.7,
                    "2016238": 26.7,
                    "2016239": 20.0,
                    "2016244": 10.0,
                    "2016245": 26.7,
                    "2016246": 20.0,
                    "2016252": 26.7,
                    "2016253": 26.7
                },
                "FEAMN": {
                    "2016155": 37.3,
                    "2016168": 37.4,
                    "2016190": 37.3
                },
                "HARM": "Machine",
                "HADAT": "11/01/2016",
                "WBWAH": 5957.1,
                "BWCAH": 5.17,
                "DBWAH": 5649.1,
                "GNDAT": "02/27/2017",
                "FFRAC": 0.4174,
                "SFRAC": 0.5093,
                "TFRAC": 0.0732,
                "WFWAH": 2486.8,
                "WSWAH": 3034.2,
                "WSCWAH": 5521.0,
                "DFWAH": 2358.2,
                "DSWAH": 2877.4,
                "DSCWAH": 5235.6,
                "QLDAT": "06/15/2017",
                "FBMIC": 47.0,
                "FBLTH": 1.15,
                "FBUNI": 81.9,
                "FBSTR": 32.5,
                "FBELO": 5.5,
                "FBSFI": 8.7,
                "haids": [
                    "6425f88e8ac5475ec38ece49",
                    "6425f88e8ac5475ec38ece4a",
                    "6425f88e8ac5475ec38ece4b"
                ],
                "tids": [
                    "6425fb6f8ac54761e63cc7f9"
                ],
                "ccids": [
                    "6426002c8ac54764b9a30d69",
                    "6426002c8ac54764b9a30d6a",
                    "6426002c8ac54764b9a30d6b"
                ]
            },
            "_id": "6425efc78ac5475cc2c470ee",
            "pid": "6425efc78ac5475cc2c470ee"
        },
        {
            "type": "Feature",
            "geometry": {
                "type": "Polygon",
                "coordinates": [
                    [
                        [
                            -111.97644595,
                            33.07954367
                        ],
                        [
                            -111.97657691,
                            33.07954432
                        ],
                        [
                            -111.97657502,
                            33.07981496
                        ],
                        [
                            -111.97644406,
                            33.07981431
                        ],
                        [
                            -111.97644595,
                            33.07954367
                        ]
                    ]
                ]
            },
            "properties": {
                "plt_label": "p05-1",
                "trt_label": "60-120",
                "PLT_AREA": 366.810203,
                "CUL_NAME": "Deltapine 1549 B2XF",
                "PDATE": "04/25/2016",
                "PLYR": 2016,
                "PLDAY": 116,
                "IROP": "IR004",
                "IRVAL": {
                    "201670": 13.4,
                    "201671": 26.8,
                    "201674": 20.1,
                    "201675": 20.1,
                    "201676": 23.5,
                    "201677": 26.8,
                    "201678": 20.1,
                    "201681": 20.1,
                    "201691": 16.0,
                    "201692": 24.0,
                    "201695": 32.0,
                    "201696": 32.0,
                    "201697": 32.0,
                    "2016117": 8.0,
                    "2016118": 24.0,
                    "2016119": 27.9,
                    "2016120": 15.9,
                    "2016125": 12.6,
                    "2016127": 12.6,
                    "2016130": 8.0,
                    "2016132": 8.0,
                    "2016135": 8.0,
                    "2016148": 16.0,
                    "2016154": 15.9,
                    "2016155": 15.9,
                    "2016160": 12.0,
                    "2016161": 8.0,
                    "2016162": 8.0,
                    "2016167": 12.0,
                    "2016168": 4.0,
                    "2016169": 10.0,
                    "2016174": 16.0,
                    "2016175": 16.0,
                    "2016176": 12.0,
                    "2016181": 16.0,
                    "2016182": 16.0,
                    "2016183": 12.0,
                    "2016188": 16.0,
                    "2016189": 12.0,
                    "2016190": 15.9,
                    "2016195": 16.0,
                    "2016196": 16.0,
                    "2016197": 12.0,
                    "2016202": 28.0,
                    "2016203": 32.0,
                    "2016204": 24.0,
                    "2016209": 32.0,
                    "2016210": 32.0,
                    "2016211": 24.0,
                    "2016216": 20.0,
                    "2016217": 32.0,
                    "2016218": 20.0,
                    "2016223": 16.0,
                    "2016224": 24.0,
                    "2016225": 20.0,
                    "2016230": 16.0,
                    "2016231": 32.0,
                    "2016232": 24.0,
                    "2016237": 20.0,
                    "2016238": 32.0,
                    "2016239": 24.0,
                    "2016244": 12.0,
                    "2016245": 32.0,
                    "2016246": 24.0,
                    "2016252": 32.0,
                    "2016253": 32.0
                },
                "FEAMN": {
                    "2016155": 37.3,
                    "2016168": 37.4,
                    "2016190": 37.3
                },
                "HARM": "Machine",
                "HADAT": "11/01/2016",
                "WBWAH": 5070.2,
                "BWCAH": 5.13,
                "DBWAH": 4810.0,
                "GNDAT": "02/16/2017",
                "FFRAC": 0.3941,
                "SFRAC": 0.5131,
                "TFRAC": 0.0927,
                "WFWAH": 1998.3,
                "WSWAH": 2601.7,
                "WSCWAH": 4600.0,
                "DFWAH": 1895.7,
                "DSWAH": 2468.2,
                "DSCWAH": 4363.9,
                "QLDAT": "06/15/2017",
                "FBMIC": 41.0,
                "FBLTH": 1.15,
                "FBUNI": 81.4,
                "FBSTR": 31.0,
                "FBELO": 5.7,
                "FBSFI": 9.9,
                "haids": [
                    "6425f88e8ac5475ec38ece4c",
                    "6425f88e8ac5475ec38ece4d",
                    "6425f88e8ac5475ec38ece4e"
                ],
                "tids": [
                    "6425fb6f8ac54761e63cc7fa"
                ],
                "ccids": [
                    "6426002c8ac54764b9a30d6c",
                    "6426002c8ac54764b9a30d6d",
                    "6426002c8ac54764b9a30d6e"
                ]
            },
            "_id": "6425efc78ac5475cc2c470ef",
            "pid": "6425efc78ac5475cc2c470ef"
        },
        {
            "type": "Feature",
            "geometry": {
                "type": "Polygon",
                "coordinates": [
                    [
                        [
                            -111.97644848,
                            33.07918284
                        ],
                        [
                            -111.97657944,
                            33.07918349
                        ],
                        [
                            -111.97657754,
                            33.07945413
                        ],
                        [
                            -111.97644659,
                            33.07945348
                        ],
                        [
                            -111.97644848,
                            33.07918284
                        ]
                    ]
                ]
            },
            "properties": {
                "plt_label": "p05-2",
                "trt_label": "120-80",
                "PLT_AREA": 366.810125,
                "CUL_NAME": "Deltapine 1549 B2XF",
                "PDATE": "04/25/2016",
                "PLYR": 2016,
                "PLDAY": 116,
                "IROP": "IR004",
                "IRVAL": {
                    "201670": 13.4,
                    "201671": 26.8,
                    "201674": 20.1,
                    "201675": 20.1,
                    "201676": 23.5,
                    "201677": 26.8,
                    "201678": 20.1,
                    "201681": 20.1,
                    "201691": 16.0,
                    "201692": 24.0,
                    "201695": 32.0,
                    "201696": 32.0,
                    "201697": 32.0,
                    "2016117": 8.0,
                    "2016118": 24.0,
                    "2016119": 27.9,
                    "2016120": 15.9,
                    "2016125": 12.6,
                    "2016127": 12.6,
                    "2016130": 8.0,
                    "2016132": 8.0,
                    "2016135": 8.0,
                    "2016148": 16.0,
                    "2016154": 15.9,
                    "2016155": 15.9,
                    "2016160": 24.0,
                    "2016161": 16.0,
                    "2016162": 16.0,
                    "2016167": 24.0,
                    "2016168": 8.0,
                    "2016169": 20.0,
                    "2016174": 32.0,
                    "2016175": 32.0,
                    "2016176": 24.0,
                    "2016181": 32.0,
                    "2016182": 32.0,
                    "2016183": 24.0,
                    "2016188": 32.0,
                    "2016189": 24.0,
                    "2016190": 15.9,
                    "2016195": 32.0,
                    "2016196": 32.0,
                    "2016197": 24.0,
                    "2016202": 18.7,
                    "2016203": 21.3,
                    "2016204": 16.0,
                    "2016209": 21.3,
                    "2016210": 21.3,
                    "2016211": 16.0,
                    "2016216": 13.3,
                    "2016217": 21.3,
                    "2016218": 13.3,
                    "2016223": 10.7,
                    "2016224": 16.0,
                    "2016225": 13.3,
                    "2016230": 10.7,
                    "2016231": 21.3,
                    "2016232": 16.0,
                    "2016237": 13.3,
                    "2016238": 21.3,
                    "2016239": 16.0,
                    "2016244": 8.0,
                    "2016245": 21.3,
                    "2016246": 16.0,
                    "2016252": 21.3,
                    "2016253": 21.3
                },
                "FEAMN": {
                    "2016155": 37.3,
                    "2016168": 37.4,
                    "2016190": 37.3
                },
                "HARM": "Machine",
                "HADAT": "11/01/2016",
                "WBWAH": 5245.8,
                "BWCAH": 4.95,
                "DBWAH": 4986.3,
                "GNDAT": "02/27/2017",
                "FFRAC": 0.4098,
                "SFRAC": 0.5041,
                "TFRAC": 0.0862,
                "WFWAH": 2149.5,
                "WSWAH": 2644.2,
                "WSCWAH": 4793.7,
                "DFWAH": 2043.2,
                "DSWAH": 2513.4,
                "DSCWAH": 4556.6,
                "QLDAT": "06/15/2017",
                "FBMIC": 44.0,
                "FBLTH": 1.16,
                "FBUNI": 82.1,
                "FBSTR": 31.7,
                "FBELO": 5.6,
                "FBSFI": 9.0,
                "haids": [
                    "6425f88e8ac5475ec38ece4f",
                    "6425f88e8ac5475ec38ece50",
                    "6425f88e8ac5475ec38ece51"
                ],
                "tids": [
                    "6425fb6f8ac54761e63cc7fb"
                ],
                "ccids": [
                    "6426002c8ac54764b9a30d6f",
                    "6426002c8ac54764b9a30d70",
                    "6426002c8ac54764b9a30d71"
                ]
            },
            "_id": "6425efc78ac5475cc2c470f0",
            "pid": "6425efc78ac5475cc2c470f0"
        },
        {
            "type": "Feature",
            "geometry": {
                "type": "Polygon",
                "coordinates": [
                    [
                        [
                            -111.976451,
                            33.078822
                        ],
                        [
                            -111.97658196,
                            33.07882265
                        ],
                        [
                            -111.97658007,
                            33.0790933
                        ],
                        [
                            -111.97644911,
                            33.07909265
                        ],
                        [
                            -111.976451,
                            33.078822
                        ]
                    ]
                ]
            },
            "properties": {
                "plt_label": "p05-3",
                "trt_label": "80-100",
                "PLT_AREA": 366.810125,
                "CUL_NAME": "Deltapine 1549 B2XF",
                "PDATE": "04/25/2016",
                "PLYR": 2016,
                "PLDAY": 116,
                "IROP": "IR004",
                "IRVAL": {
                    "201670": 13.4,
                    "201671": 26.8,
                    "201674": 20.1,
                    "201675": 20.1,
                    "201676": 23.5,
                    "201677": 26.8,
                    "201678": 20.1,
                    "201681": 20.1,
                    "201691": 16.0,
                    "201692": 24.0,
                    "201695": 32.0,
                    "201696": 32.0,
                    "201697": 32.0,
                    "2016117": 8.0,
                    "2016118": 24.0,
                    "2016119": 27.9,
                    "2016120": 15.9,
                    "2016125": 12.6,
                    "2016127": 12.6,
                    "2016130": 8.0,
                    "2016132": 8.0,
                    "2016135": 8.0,
                    "2016148": 16.0,
                    "2016154": 15.9,
                    "2016155": 15.9,
                    "2016160": 16.0,
                    "2016161": 10.7,
                    "2016162": 10.7,
                    "2016167": 16.0,
                    "2016168": 5.3,
                    "2016169": 13.3,
                    "2016174": 21.3,
                    "2016175": 21.3,
                    "2016176": 16.0,
                    "2016181": 21.3,
                    "2016182": 21.3,
                    "2016183": 16.0,
                    "2016188": 21.3,
                    "2016189": 16.0,
                    "2016190": 15.9,
                    "2016195": 21.3,
                    "2016196": 21.3,
                    "2016197": 16.0,
                    "2016202": 23.3,
                    "2016203": 26.7,
                    "2016204": 20.0,
                    "2016209": 26.7,
                    "2016210": 26.7,
                    "2016211": 20.0,
                    "2016216": 16.7,
                    "2016217": 26.7,
                    "2016218": 16.7,
                    "2016223": 13.3,
                    "2016224": 20.0,
                    "2016225": 16.7,
                    "2016230": 13.3,
                    "2016231": 26.7,
                    "2016232": 20.0,
                    "2016237": 16.7,
                    "2016238": 26.7,
                    "2016239": 20.0,
                    "2016244": 10.0,
                    "2016245": 26.7,
                    "2016246": 20.0,
                    "2016252": 26.7,
                    "2016253": 26.7
                },
                "FEAMN": {
                    "2016155": 37.3,
                    "2016168": 37.4,
                    "2016190": 37.3
                },
                "HARM": "Machine",
                "HADAT": "11/01/2016",
                "WBWAH": 5427.3,
                "BWCAH": 4.65,
                "DBWAH": 5174.9,
                "GNDAT": "02/16/2017",
                "FFRAC": 0.4101,
                "SFRAC": 0.5137,
                "TFRAC": 0.0762,
                "WFWAH": 2225.5,
                "WSWAH": 2788.1,
                "WSCWAH": 5013.7,
                "DFWAH": 2122.0,
                "DSWAH": 2658.4,
                "DSCWAH": 4780.5,
                "QLDAT": "06/15/2017",
                "FBMIC": 44.0,
                "FBLTH": 1.15,
                "FBUNI": 81.5,
                "FBSTR": 32.1,
                "FBELO": 6.1,
                "FBSFI": 9.3,
                "haids": [
                    "6425f88e8ac5475ec38ece52",
                    "6425f88e8ac5475ec38ece53",
                    "6425f88e8ac5475ec38ece54"
                ],
                "tids": [
                    "6425fb6f8ac54761e63cc7fc"
                ],
                "ccids": [
                    "6426002c8ac54764b9a30d72",
                    "6426002c8ac54764b9a30d73",
                    "6426002c8ac54764b9a30d74"
                ]
            },
            "_id": "6425efc78ac5475cc2c470f1",
            "pid": "6425efc78ac5475cc2c470f1"
        },
        {
            "type": "Feature",
            "geometry": {
                "type": "Polygon",
                "coordinates": [
                    [
                        [
                            -111.97645353,
                            33.07846117
                        ],
                        [
                            -111.97658448,
                            33.07846182
                        ],
                        [
                            -111.97658259,
                            33.07873246
                        ],
                        [
                            -111.97645164,
                            33.07873181
                        ],
                        [
                            -111.97645353,
                            33.07846117
                        ]
                    ]
                ]
            },
            "properties": {
                "plt_label": "p05-4",
                "trt_label": "80-60",
                "PLT_AREA": 366.81014,
                "CUL_NAME": "Deltapine 1549 B2XF",
                "PDATE": "04/25/2016",
                "PLYR": 2016,
                "PLDAY": 116,
                "IROP": "IR004",
                "IRVAL": {
                    "201670": 13.4,
                    "201671": 26.8,
                    "201674": 20.1,
                    "201675": 20.1,
                    "201676": 23.5,
                    "201677": 26.8,
                    "201678": 20.1,
                    "201681": 20.1,
                    "201691": 16.0,
                    "201692": 24.0,
                    "201695": 32.0,
                    "201696": 32.0,
                    "201697": 32.0,
                    "2016117": 8.0,
                    "2016118": 24.0,
                    "2016119": 27.9,
                    "2016120": 15.9,
                    "2016125": 12.6,
                    "2016127": 12.6,
                    "2016130": 8.0,
                    "2016132": 8.0,
                    "2016135": 8.0,
                    "2016148": 16.0,
                    "2016154": 15.9,
                    "2016155": 15.9,
                    "2016160": 16.0,
                    "2016161": 10.7,
                    "2016162": 10.7,
                    "2016167": 16.0,
                    "2016168": 5.3,
                    "2016169": 13.3,
                    "2016174": 21.3,
                    "2016175": 21.3,
                    "2016176": 16.0,
                    "2016181": 21.3,
                    "2016182": 21.3,
                    "2016183": 16.0,
                    "2016188": 21.3,
                    "2016189": 16.0,
                    "2016190": 15.9,
                    "2016195": 21.3,
                    "2016196": 21.3,
                    "2016197": 16.0,
                    "2016202": 14.0,
                    "2016203": 16.0,
                    "2016204": 12.0,
                    "2016209": 16.0,
                    "2016210": 16.0,
                    "2016211": 12.0,
                    "2016216": 10.0,
                    "2016217": 16.0,
                    "2016218": 10.0,
                    "2016223": 8.0,
                    "2016224": 12.0,
                    "2016225": 10.0,
                    "2016230": 8.0,
                    "2016231": 16.0,
                    "2016232": 12.0,
                    "2016237": 10.0,
                    "2016238": 16.0,
                    "2016239": 12.0,
                    "2016244": 6.0,
                    "2016245": 16.0,
                    "2016246": 12.0,
                    "2016252": 16.0,
                    "2016253": 16.0
                },
                "FEAMN": {
                    "2016155": 37.3,
                    "2016168": 37.4,
                    "2016190": 37.3
                },
                "HARM": "Machine",
                "HADAT": "11/01/2016",
                "WBWAH": 4781.5,
                "BWCAH": 4.35,
                "DBWAH": 4573.6,
                "GNDAT": "02/16/2017",
                "FFRAC": 0.4276,
                "SFRAC": 0.5084,
                "TFRAC": 0.064,
                "WFWAH": 2044.6,
                "WSWAH": 2431.0,
                "WSCWAH": 4475.6,
                "DFWAH": 1955.7,
                "DSWAH": 2325.3,
                "DSCWAH": 4281.0,
                "QLDAT": "06/15/2017",
                "FBMIC": 48.0,
                "FBLTH": 1.12,
                "FBUNI": 81.7,
                "FBSTR": 32.5,
                "FBELO": 5.3,
                "FBSFI": 9.8,
                "haids": [
                    "6425f88e8ac5475ec38ece55",
                    "6425f88e8ac5475ec38ece56",
                    "6425f88e8ac5475ec38ece57"
                ],
                "tids": [
                    "6425fb6f8ac54761e63cc7fd"
                ],
                "ccids": [
                    "6426002c8ac54764b9a30d75",
                    "6426002c8ac54764b9a30d76",
                    "6426002c8ac54764b9a30d77"
                ]
            },
            "_id": "6425efc78ac5475cc2c470f2",
            "pid": "6425efc78ac5475cc2c470f2"
        },
        {
            "type": "Feature",
            "geometry": {
                "type": "Polygon",
                "coordinates": [
                    [
                        [
                            -111.97659834,
                            33.07954443
                        ],
                        [
                            -111.9767293,
                            33.07954508
                        ],
                        [
                            -111.9767274,
                            33.07981572
                        ],
                        [
                            -111.97659645,
                            33.07981507
                        ],
                        [
                            -111.97659834,
                            33.07954443
                        ]
                    ]
                ]
            },
            "properties": {
                "plt_label": "p06-1",
                "trt_label": "120-120",
                "PLT_AREA": 366.810125,
                "CUL_NAME": "Deltapine 1549 B2XF",
                "PDATE": "04/25/2016",
                "PLYR": 2016,
                "PLDAY": 116,
                "IROP": "IR004",
                "IRVAL": {
                    "201670": 13.4,
                    "201671": 26.8,
                    "201674": 20.1,
                    "201675": 20.1,
                    "201676": 23.5,
                    "201677": 26.8,
                    "201678": 20.1,
                    "201681": 20.1,
                    "201691": 16.0,
                    "201692": 24.0,
                    "201695": 32.0,
                    "201696": 32.0,
                    "201697": 32.0,
                    "2016117": 8.0,
                    "2016118": 24.0,
                    "2016119": 27.9,
                    "2016120": 15.9,
                    "2016125": 12.6,
                    "2016127": 12.6,
                    "2016130": 8.0,
                    "2016132": 8.0,
                    "2016135": 8.0,
                    "2016148": 16.0,
                    "2016154": 15.9,
                    "2016155": 15.9,
                    "2016160": 24.0,
                    "2016161": 16.0,
                    "2016162": 16.0,
                    "2016167": 24.0,
                    "2016168": 8.0,
                    "2016169": 20.0,
                    "2016174": 32.0,
                    "2016175": 32.0,
                    "2016176": 24.0,
                    "2016181": 32.0,
                    "2016182": 32.0,
                    "2016183": 24.0,
                    "2016188": 32.0,
                    "2016189": 24.0,
                    "2016190": 15.9,
                    "2016195": 32.0,
                    "2016196": 32.0,
                    "2016197": 24.0,
                    "2016202": 28.0,
                    "2016203": 32.0,
                    "2016204": 24.0,
                    "2016209": 32.0,
                    "2016210": 32.0,
                    "2016211": 24.0,
                    "2016216": 20.0,
                    "2016217": 32.0,
                    "2016218": 20.0,
                    "2016223": 16.0,
                    "2016224": 24.0,
                    "2016225": 20.0,
                    "2016230": 16.0,
                    "2016231": 32.0,
                    "2016232": 24.0,
                    "2016237": 20.0,
                    "2016238": 32.0,
                    "2016239": 24.0,
                    "2016244": 12.0,
                    "2016245": 32.0,
                    "2016246": 24.0,
                    "2016252": 32.0,
                    "2016253": 32.0
                },
                "FEAMN": {
                    "2016155": 37.3,
                    "2016168": 37.4,
                    "2016190": 37.3
                },
                "HARM": "Machine",
                "HADAT": "11/01/2016",
                "WBWAH": 4829.1,
                "BWCAH": 4.83,
                "DBWAH": 4595.7,
                "GNDAT": "02/16/2017",
                "FFRAC": 0.3952,
                "SFRAC": 0.5079,
                "TFRAC": 0.0968,
                "WFWAH": 1908.6,
                "WSWAH": 2452.9,
                "WSCWAH": 4361.5,
                "DFWAH": 1816.4,
                "DSWAH": 2334.3,
                "DSCWAH": 4150.7,
                "QLDAT": "06/15/2017",
                "FBMIC": 36.0,
                "FBLTH": 1.16,
                "FBUNI": 80.4,
                "FBSTR": 32.2,
                "FBELO": 5.3,
                "FBSFI": 10.0,
                "haids": [
                    "6425f88e8ac5475ec38ece58",
                    "6425f88e8ac5475ec38ece59",
                    "6425f88e8ac5475ec38ece5a"
                ],
                "tids": [
                    "6425fb6f8ac54761e63cc7fe"
                ],
                "ccids": [
                    "6426002c8ac54764b9a30d78",
                    "6426002c8ac54764b9a30d79",
                    "6426002c8ac54764b9a30d7a"
                ]
            },
            "_id": "6425efc78ac5475cc2c470f3",
            "pid": "6425efc78ac5475cc2c470f3"
        },
        {
            "type": "Feature",
            "geometry": {
                "type": "Polygon",
                "coordinates": [
                    [
                        [
                            -111.97660086,
                            33.07918359
                        ],
                        [
                            -111.97673182,
                            33.07918425
                        ],
                        [
                            -111.97672993,
                            33.07945489
                        ],
                        [
                            -111.97659897,
                            33.07945424
                        ],
                        [
                            -111.97660086,
                            33.07918359
                        ]
                    ]
                ]
            },
            "properties": {
                "plt_label": "p06-2",
                "trt_label": "60-80",
                "PLT_AREA": 366.810188,
                "CUL_NAME": "Deltapine 1549 B2XF",
                "PDATE": "04/25/2016",
                "PLYR": 2016,
                "PLDAY": 116,
                "IROP": "IR004",
                "IRVAL": {
                    "201670": 13.4,
                    "201671": 26.8,
                    "201674": 20.1,
                    "201675": 20.1,
                    "201676": 23.5,
                    "201677": 26.8,
                    "201678": 20.1,
                    "201681": 20.1,
                    "201691": 16.0,
                    "201692": 24.0,
                    "201695": 32.0,
                    "201696": 32.0,
                    "201697": 32.0,
                    "2016117": 8.0,
                    "2016118": 24.0,
                    "2016119": 27.9,
                    "2016120": 15.9,
                    "2016125": 12.6,
                    "2016127": 12.6,
                    "2016130": 8.0,
                    "2016132": 8.0,
                    "2016135": 8.0,
                    "2016148": 16.0,
                    "2016154": 15.9,
                    "2016155": 15.9,
                    "2016160": 12.0,
                    "2016161": 8.0,
                    "2016162": 8.0,
                    "2016167": 12.0,
                    "2016168": 4.0,
                    "2016169": 10.0,
                    "2016174": 16.0,
                    "2016175": 16.0,
                    "2016176": 12.0,
                    "2016181": 16.0,
                    "2016182": 16.0,
                    "2016183": 12.0,
                    "2016188": 16.0,
                    "2016189": 12.0,
                    "2016190": 15.9,
                    "2016195": 16.0,
                    "2016196": 16.0,
                    "2016197": 12.0,
                    "2016202": 18.7,
                    "2016203": 21.3,
                    "2016204": 16.0,
                    "2016209": 21.3,
                    "2016210": 21.3,
                    "2016211": 16.0,
                    "2016216": 13.3,
                    "2016217": 21.3,
                    "2016218": 13.3,
                    "2016223": 10.7,
                    "2016224": 16.0,
                    "2016225": 13.3,
                    "2016230": 10.7,
                    "2016231": 21.3,
                    "2016232": 16.0,
                    "2016237": 13.3,
                    "2016238": 21.3,
                    "2016239": 16.0,
                    "2016244": 8.0,
                    "2016245": 21.3,
                    "2016246": 16.0,
                    "2016252": 21.3,
                    "2016253": 21.3
                },
                "FEAMN": {
                    "2016155": 37.3,
                    "2016168": 37.4,
                    "2016190": 37.3
                },
                "HARM": "Machine",
                "HADAT": "11/01/2016",
                "WBWAH": 5239.8,
                "BWCAH": 4.84,
                "DBWAH": 4986.4,
                "GNDAT": "02/16/2017",
                "FFRAC": 0.4006,
                "SFRAC": 0.5187,
                "TFRAC": 0.0807,
                "WFWAH": 2099.1,
                "WSWAH": 2717.8,
                "WSCWAH": 4816.9,
                "DFWAH": 1997.5,
                "DSWAH": 2586.4,
                "DSCWAH": 4583.9,
                "QLDAT": "06/15/2017",
                "FBMIC": 41.0,
                "FBLTH": 1.15,
                "FBUNI": 80.5,
                "FBSTR": 31.7,
                "FBELO": 5.7,
                "FBSFI": 9.5,
                "haids": [
                    "6425f88e8ac5475ec38ece5b",
                    "6425f88e8ac5475ec38ece5c",
                    "6425f88e8ac5475ec38ece5d"
                ],
                "tids": [
                    "6425fb6f8ac54761e63cc7ff"
                ],
                "ccids": [
                    "6426002c8ac54764b9a30d7b",
                    "6426002c8ac54764b9a30d7c",
                    "6426002c8ac54764b9a30d7d"
                ]
            },
            "_id": "6425efc78ac5475cc2c470f4",
            "pid": "6425efc78ac5475cc2c470f4"
        },
        {
            "type": "Feature",
            "geometry": {
                "type": "Polygon",
                "coordinates": [
                    [
                        [
                            -111.97660339,
                            33.07882276
                        ],
                        [
                            -111.97673434,
                            33.07882341
                        ],
                        [
                            -111.97673245,
                            33.07909405
                        ],
                        [
                            -111.97660149,
                            33.0790934
                        ],
                        [
                            -111.97660339,
                            33.07882276
                        ]
                    ]
                ]
            },
            "properties": {
                "plt_label": "p06-3",
                "trt_label": "100-120",
                "PLT_AREA": 366.81014,
                "CUL_NAME": "Deltapine 1549 B2XF",
                "PDATE": "04/25/2016",
                "PLYR": 2016,
                "PLDAY": 116,
                "IROP": "IR004",
                "IRVAL": {
                    "201670": 13.4,
                    "201671": 26.8,
                    "201674": 20.1,
                    "201675": 20.1,
                    "201676": 23.5,
                    "201677": 26.8,
                    "201678": 20.1,
                    "201681": 20.1,
                    "201691": 16.0,
                    "201692": 24.0,
                    "201695": 32.0,
                    "201696": 32.0,
                    "201697": 32.0,
                    "2016117": 8.0,
                    "2016118": 24.0,
                    "2016119": 27.9,
                    "2016120": 15.9,
                    "2016125": 12.6,
                    "2016127": 12.6,
                    "2016130": 8.0,
                    "2016132": 8.0,
                    "2016135": 8.0,
                    "2016148": 16.0,
                    "2016154": 15.9,
                    "2016155": 15.9,
                    "2016160": 20.0,
                    "2016161": 13.3,
                    "2016162": 13.3,
                    "2016167": 20.0,
                    "2016168": 6.7,
                    "2016169": 16.7,
                    "2016174": 26.7,
                    "2016175": 26.7,
                    "2016176": 20.0,
                    "2016181": 26.7,
                    "2016182": 26.7,
                    "2016183": 20.0,
                    "2016188": 26.7,
                    "2016189": 20.0,
                    "2016190": 15.9,
                    "2016195": 26.7,
                    "2016196": 26.7,
                    "2016197": 20.0,
                    "2016202": 28.0,
                    "2016203": 32.0,
                    "2016204": 24.0,
                    "2016209": 32.0,
                    "2016210": 32.0,
                    "2016211": 24.0,
                    "2016216": 20.0,
                    "2016217": 32.0,
                    "2016218": 20.0,
                    "2016223": 16.0,
                    "2016224": 24.0,
                    "2016225": 20.0,
                    "2016230": 16.0,
                    "2016231": 32.0,
                    "2016232": 24.0,
                    "2016237": 20.0,
                    "2016238": 32.0,
                    "2016239": 24.0,
                    "2016244": 12.0,
                    "2016245": 32.0,
                    "2016246": 24.0,
                    "2016252": 32.0,
                    "2016253": 32.0
                },
                "FEAMN": {
                    "2016155": 37.3,
                    "2016168": 37.4,
                    "2016190": 37.3
                },
                "HARM": "Machine",
                "HADAT": "11/01/2016",
                "WBWAH": 5238.3,
                "BWCAH": 4.85,
                "DBWAH": 4984.1,
                "GNDAT": "02/16/2017",
                "FFRAC": 0.4142,
                "SFRAC": 0.5039,
                "TFRAC": 0.0819,
                "WFWAH": 2169.8,
                "WSWAH": 2639.4,
                "WSCWAH": 4809.2,
                "DFWAH": 2064.5,
                "DSWAH": 2511.3,
                "DSCWAH": 4575.8,
                "QLDAT": "06/15/2017",
                "FBMIC": 45.0,
                "FBLTH": 1.16,
                "FBUNI": 81.6,
                "FBSTR": 32.4,
                "FBELO": 5.6,
                "FBSFI": 8.9,
                "haids": [
                    "6425f88e8ac5475ec38ece5e",
                    "6425f88e8ac5475ec38ece5f",
                    "6425f88e8ac5475ec38ece60"
                ],
                "tids": [
                    "6425fb6f8ac54761e63cc800"
                ],
                "ccids": [
                    "6426002c8ac54764b9a30d7e",
                    "6426002c8ac54764b9a30d7f",
                    "6426002c8ac54764b9a30d80"
                ]
            },
            "_id": "6425efc78ac5475cc2c470f5",
            "pid": "6425efc78ac5475cc2c470f5"
        },
        {
            "type": "Feature",
            "geometry": {
                "type": "Polygon",
                "coordinates": [
                    [
                        [
                            -111.97660591,
                            33.07846193
                        ],
                        [
                            -111.97673687,
                            33.07846258
                        ],
                        [
                            -111.97673497,
                            33.07873322
                        ],
                        [
                            -111.97660402,
                            33.07873257
                        ],
                        [
                            -111.97660591,
                            33.07846193
                        ]
                    ]
                ]
            },
            "properties": {
                "plt_label": "p06-4",
                "trt_label": "60-100",
                "PLT_AREA": 366.810125,
                "CUL_NAME": "Deltapine 1549 B2XF",
                "PDATE": "04/25/2016",
                "PLYR": 2016,
                "PLDAY": 116,
                "IROP": "IR004",
                "IRVAL": {
                    "201670": 13.4,
                    "201671": 26.8,
                    "201674": 20.1,
                    "201675": 20.1,
                    "201676": 23.5,
                    "201677": 26.8,
                    "201678": 20.1,
                    "201681": 20.1,
                    "201691": 16.0,
                    "201692": 24.0,
                    "201695": 32.0,
                    "201696": 32.0,
                    "201697": 32.0,
                    "2016117": 8.0,
                    "2016118": 24.0,
                    "2016119": 27.9,
                    "2016120": 15.9,
                    "2016125": 12.6,
                    "2016127": 12.6,
                    "2016130": 8.0,
                    "2016132": 8.0,
                    "2016135": 8.0,
                    "2016148": 16.0,
                    "2016154": 15.9,
                    "2016155": 15.9,
                    "2016160": 12.0,
                    "2016161": 8.0,
                    "2016162": 8.0,
                    "2016167": 12.0,
                    "2016168": 4.0,
                    "2016169": 10.0,
                    "2016174": 16.0,
                    "2016175": 16.0,
                    "2016176": 12.0,
                    "2016181": 16.0,
                    "2016182": 16.0,
                    "2016183": 12.0,
                    "2016188": 16.0,
                    "2016189": 12.0,
                    "2016190": 15.9,
                    "2016195": 16.0,
                    "2016196": 16.0,
                    "2016197": 12.0,
                    "2016202": 23.3,
                    "2016203": 26.7,
                    "2016204": 20.0,
                    "2016209": 26.7,
                    "2016210": 26.7,
                    "2016211": 20.0,
                    "2016216": 16.7,
                    "2016217": 26.7,
                    "2016218": 16.7,
                    "2016223": 13.3,
                    "2016224": 20.0,
                    "2016225": 16.7,
                    "2016230": 13.3,
                    "2016231": 26.7,
                    "2016232": 20.0,
                    "2016237": 16.7,
                    "2016238": 26.7,
                    "2016239": 20.0,
                    "2016244": 10.0,
                    "2016245": 26.7,
                    "2016246": 20.0,
                    "2016252": 26.7,
                    "2016253": 26.7
                },
                "FEAMN": {
                    "2016155": 37.3,
                    "2016168": 37.4,
                    "2016190": 37.3
                },
                "HARM": "Machine",
                "HADAT": "11/01/2016",
                "WBWAH": 5050.8,
                "BWCAH": 4.98,
                "DBWAH": 4799.4,
                "GNDAT": "02/16/2017",
                "FFRAC": 0.4254,
                "SFRAC": 0.5095,
                "TFRAC": 0.0651,
                "WFWAH": 2148.6,
                "WSWAH": 2573.5,
                "WSCWAH": 4722.1,
                "DFWAH": 2041.7,
                "DSWAH": 2445.4,
                "DSCWAH": 4487.1,
                "QLDAT": "06/15/2017",
                "FBMIC": 45.0,
                "FBLTH": 1.11,
                "FBUNI": 81.1,
                "FBSTR": 30.8,
                "FBELO": 5.6,
                "FBSFI": 10.1,
                "haids": [
                    "6425f88e8ac5475ec38ece61",
                    "6425f88e8ac5475ec38ece62",
                    "6425f88e8ac5475ec38ece63"
                ],
                "tids": [
                    "6425fb6f8ac54761e63cc801"
                ],
                "ccids": [
                    "6426002c8ac54764b9a30d81",
                    "6426002c8ac54764b9a30d82",
                    "6426002c8ac54764b9a30d83"
                ]
            },
            "_id": "6425efc78ac5475cc2c470f6",
            "pid": "6425efc78ac5475cc2c470f6"
        },
        {
            "type": "Feature",
            "geometry": {
                "type": "Polygon",
                "coordinates": [
                    [
                        [
                            -111.97675072,
                            33.07954519
                        ],
                        [
                            -111.97688168,
                            33.07954584
                        ],
                        [
                            -111.97687979,
                            33.07981648
                        ],
                        [
                            -111.97674883,
                            33.07981583
                        ],
                        [
                            -111.97675072,
                            33.07954519
                        ]
                    ]
                ]
            },
            "properties": {
                "plt_label": "p07-1",
                "trt_label": "120-100",
                "PLT_AREA": 366.810129,
                "CUL_NAME": "Deltapine 1549 B2XF",
                "PDATE": "04/25/2016",
                "PLYR": 2016,
                "PLDAY": 116,
                "IROP": "IR004",
                "IRVAL": {
                    "201670": 13.4,
                    "201671": 26.8,
                    "201674": 20.1,
                    "201675": 20.1,
                    "201676": 23.5,
                    "201677": 26.8,
                    "201678": 20.1,
                    "201681": 20.1,
                    "201691": 16.0,
                    "201692": 24.0,
                    "201695": 32.0,
                    "201696": 32.0,
                    "201697": 32.0,
                    "2016117": 8.0,
                    "2016118": 24.0,
                    "2016119": 27.9,
                    "2016120": 15.9,
                    "2016125": 12.6,
                    "2016127": 12.6,
                    "2016130": 8.0,
                    "2016132": 8.0,
                    "2016135": 8.0,
                    "2016148": 16.0,
                    "2016154": 15.9,
                    "2016155": 15.9,
                    "2016160": 24.0,
                    "2016161": 16.0,
                    "2016162": 16.0,
                    "2016167": 24.0,
                    "2016168": 8.0,
                    "2016169": 20.0,
                    "2016174": 32.0,
                    "2016175": 32.0,
                    "2016176": 24.0,
                    "2016181": 32.0,
                    "2016182": 32.0,
                    "2016183": 24.0,
                    "2016188": 32.0,
                    "2016189": 24.0,
                    "2016190": 15.9,
                    "2016195": 32.0,
                    "2016196": 32.0,
                    "2016197": 24.0,
                    "2016202": 23.3,
                    "2016203": 26.7,
                    "2016204": 20.0,
                    "2016209": 26.7,
                    "2016210": 26.7,
                    "2016211": 20.0,
                    "2016216": 16.7,
                    "2016217": 26.7,
                    "2016218": 16.7,
                    "2016223": 13.3,
                    "2016224": 20.0,
                    "2016225": 16.7,
                    "2016230": 13.3,
                    "2016231": 26.7,
                    "2016232": 20.0,
                    "2016237": 16.7,
                    "2016238": 26.7,
                    "2016239": 20.0,
                    "2016244": 10.0,
                    "2016245": 26.7,
                    "2016246": 20.0,
                    "2016252": 26.7,
                    "2016253": 26.7
                },
                "FEAMN": {
                    "2016155": 37.3,
                    "2016168": 37.4,
                    "2016190": 37.3
                },
                "HARM": "Machine",
                "HADAT": "11/01/2016",
                "WBWAH": 3778.4,
                "BWCAH": 4.59,
                "DBWAH": 3604.9,
                "GNDAT": "02/08/2017",
                "FFRAC": 0.382,
                "SFRAC": 0.4976,
                "TFRAC": 0.1204,
                "WFWAH": 1443.5,
                "WSWAH": 1880.1,
                "WSCWAH": 3323.6,
                "DFWAH": 1377.1,
                "DSWAH": 1793.7,
                "DSCWAH": 3170.9,
                "QLDAT": "06/15/2017",
                "FBMIC": 34.0,
                "FBLTH": 1.18,
                "FBUNI": 82.0,
                "FBSTR": 32.4,
                "FBELO": 5.5,
                "FBSFI": 8.9,
                "haids": [
                    "6425f88e8ac5475ec38ece64",
                    "6425f88e8ac5475ec38ece65",
                    "6425f88e8ac5475ec38ece66"
                ],
                "tids": [
                    "6425fb6f8ac54761e63cc802"
                ],
                "ccids": [
                    "6426002c8ac54764b9a30d84",
                    "6426002c8ac54764b9a30d85",
                    "6426002c8ac54764b9a30d86"
                ]
            },
            "_id": "6425efc78ac5475cc2c470f7",
            "pid": "6425efc78ac5475cc2c470f7"
        },
        {
            "type": "Feature",
            "geometry": {
                "type": "Polygon",
                "coordinates": [
                    [
                        [
                            -111.97675325,
                            33.07918435
                        ],
                        [
                            -111.9768842,
                            33.079185
                        ],
                        [
                            -111.97688231,
                            33.07945564
                        ],
                        [
                            -111.97675135,
                            33.07945499
                        ],
                        [
                            -111.97675325,
                            33.07918435
                        ]
                    ]
                ]
            },
            "properties": {
                "plt_label": "p07-2",
                "trt_label": "120-60",
                "PLT_AREA": 366.81014,
                "CUL_NAME": "Deltapine 1549 B2XF",
                "PDATE": "04/25/2016",
                "PLYR": 2016,
                "PLDAY": 116,
                "IROP": "IR004",
                "IRVAL": {
                    "201670": 13.4,
                    "201671": 26.8,
                    "201674": 20.1,
                    "201675": 20.1,
                    "201676": 23.5,
                    "201677": 26.8,
                    "201678": 20.1,
                    "201681": 20.1,
                    "201691": 16.0,
                    "201692": 24.0,
                    "201695": 32.0,
                    "201696": 32.0,
                    "201697": 32.0,
                    "2016117": 8.0,
                    "2016118": 24.0,
                    "2016119": 27.9,
                    "2016120": 15.9,
                    "2016125": 12.6,
                    "2016127": 12.6,
                    "2016130": 8.0,
                    "2016132": 8.0,
                    "2016135": 8.0,
                    "2016148": 16.0,
                    "2016154": 15.9,
                    "2016155": 15.9,
                    "2016160": 24.0,
                    "2016161": 16.0,
                    "2016162": 16.0,
                    "2016167": 24.0,
                    "2016168": 8.0,
                    "2016169": 20.0,
                    "2016174": 32.0,
                    "2016175": 32.0,
                    "2016176": 24.0,
                    "2016181": 32.0,
                    "2016182": 32.0,
                    "2016183": 24.0,
                    "2016188": 32.0,
                    "2016189": 24.0,
                    "2016190": 15.9,
                    "2016195": 32.0,
                    "2016196": 32.0,
                    "2016197": 24.0,
                    "2016202": 14.0,
                    "2016203": 16.0,
                    "2016204": 12.0,
                    "2016209": 16.0,
                    "2016210": 16.0,
                    "2016211": 12.0,
                    "2016216": 10.0,
                    "2016217": 16.0,
                    "2016218": 10.0,
                    "2016223": 8.0,
                    "2016224": 12.0,
                    "2016225": 10.0,
                    "2016230": 8.0,
                    "2016231": 16.0,
                    "2016232": 12.0,
                    "2016237": 10.0,
                    "2016238": 16.0,
                    "2016239": 12.0,
                    "2016244": 6.0,
                    "2016245": 16.0,
                    "2016246": 12.0,
                    "2016252": 16.0,
                    "2016253": 16.0
                },
                "FEAMN": {
                    "2016155": 37.3,
                    "2016168": 37.4,
                    "2016190": 37.3
                },
                "HARM": "Machine",
                "HADAT": "11/01/2016",
                "WBWAH": 3692.1,
                "BWCAH": 4.34,
                "DBWAH": 3531.8,
                "GNDAT": "02/08/2017",
                "FFRAC": 0.3959,
                "SFRAC": 0.5227,
                "TFRAC": 0.0814,
                "WFWAH": 1461.8,
                "WSWAH": 1929.8,
                "WSCWAH": 3391.7,
                "DFWAH": 1398.4,
                "DSWAH": 1846.1,
                "DSCWAH": 3244.4,
                "QLDAT": "06/15/2017",
                "FBMIC": 43.0,
                "FBLTH": 1.13,
                "FBUNI": 81.8,
                "FBSTR": 31.5,
                "FBELO": 5.3,
                "FBSFI": 9.4,
                "haids": [
                    "6425f88e8ac5475ec38ece67",
                    "6425f88e8ac5475ec38ece68",
                    "6425f88e8ac5475ec38ece69"
                ],
                "tids": [
                    "6425fb6f8ac54761e63cc803"
                ],
                "ccids": [
                    "6426002c8ac54764b9a30d87",
                    "6426002c8ac54764b9a30d88",
                    "6426002c8ac54764b9a30d89"
                ]
            },
            "_id": "6425efc78ac5475cc2c470f8",
            "pid": "6425efc78ac5475cc2c470f8"
        },
        {
            "type": "Feature",
            "geometry": {
                "type": "Polygon",
                "coordinates": [
                    [
                        [
                            -111.97675577,
                            33.07882352
                        ],
                        [
                            -111.97688673,
                            33.07882417
                        ],
                        [
                            -111.97688483,
                            33.07909481
                        ],
                        [
                            -111.97675388,
                            33.07909416
                        ],
                        [
                            -111.97675577,
                            33.07882352
                        ]
                    ]
                ]
            },
            "properties": {
                "plt_label": "p07-3",
                "trt_label": "80-80",
                "PLT_AREA": 366.810125,
                "CUL_NAME": "Deltapine 1549 B2XF",
                "PDATE": "04/25/2016",
                "PLYR": 2016,
                "PLDAY": 116,
                "IROP": "IR004",
                "IRVAL": {
                    "201670": 13.4,
                    "201671": 26.8,
                    "201674": 20.1,
                    "201675": 20.1,
                    "201676": 23.5,
                    "201677": 26.8,
                    "201678": 20.1,
                    "201681": 20.1,
                    "201691": 16.0,
                    "201692": 24.0,
                    "201695": 32.0,
                    "201696": 32.0,
                    "201697": 32.0,
                    "2016117": 8.0,
                    "2016118": 24.0,
                    "2016119": 27.9,
                    "2016120": 15.9,
                    "2016125": 12.6,
                    "2016127": 12.6,
                    "2016130": 8.0,
                    "2016132": 8.0,
                    "2016135": 8.0,
                    "2016148": 16.0,
                    "2016154": 15.9,
                    "2016155": 15.9,
                    "2016160": 16.0,
                    "2016161": 10.7,
                    "2016162": 10.7,
                    "2016167": 16.0,
                    "2016168": 5.3,
                    "2016169": 13.3,
                    "2016174": 21.3,
                    "2016175": 21.3,
                    "2016176": 16.0,
                    "2016181": 21.3,
                    "2016182": 21.3,
                    "2016183": 16.0,
                    "2016188": 21.3,
                    "2016189": 16.0,
                    "2016190": 15.9,
                    "2016195": 21.3,
                    "2016196": 21.3,
                    "2016197": 16.0,
                    "2016202": 18.7,
                    "2016203": 21.3,
                    "2016204": 16.0,
                    "2016209": 21.3,
                    "2016210": 21.3,
                    "2016211": 16.0,
                    "2016216": 13.3,
                    "2016217": 21.3,
                    "2016218": 13.3,
                    "2016223": 10.7,
                    "2016224": 16.0,
                    "2016225": 13.3,
                    "2016230": 10.7,
                    "2016231": 21.3,
                    "2016232": 16.0,
                    "2016237": 13.3,
                    "2016238": 21.3,
                    "2016239": 16.0,
                    "2016244": 8.0,
                    "2016245": 21.3,
                    "2016246": 16.0,
                    "2016252": 21.3,
                    "2016253": 21.3
                },
                "FEAMN": {
                    "2016155": 37.3,
                    "2016168": 37.4,
                    "2016190": 37.3
                },
                "HARM": "Machine",
                "HADAT": "11/01/2016",
                "WBWAH": 4829.1,
                "BWCAH": 4.28,
                "DBWAH": 4622.5,
                "GNDAT": "02/08/2017",
                "FFRAC": 0.4172,
                "SFRAC": 0.5149,
                "TFRAC": 0.0679,
                "WFWAH": 2014.8,
                "WSWAH": 2486.5,
                "WSCWAH": 4501.3,
                "DFWAH": 1928.6,
                "DSWAH": 2380.1,
                "DSCWAH": 4308.7,
                "QLDAT": "06/15/2017",
                "FBMIC": 46.0,
                "FBLTH": 1.13,
                "FBUNI": 80.5,
                "FBSTR": 31.8,
                "FBELO": 5.5,
                "FBSFI": 9.9,
                "haids": [
                    "6425f88e8ac5475ec38ece6a",
                    "6425f88e8ac5475ec38ece6b",
                    "6425f88e8ac5475ec38ece6c"
                ],
                "tids": [
                    "6425fb6f8ac54761e63cc804"
                ],
                "ccids": [
                    "6426002c8ac54764b9a30d8a",
                    "6426002c8ac54764b9a30d8b",
                    "6426002c8ac54764b9a30d8c"
                ]
            },
            "_id": "6425efc78ac5475cc2c470f9",
            "pid": "6425efc78ac5475cc2c470f9"
        },
        {
            "type": "Feature",
            "geometry": {
                "type": "Polygon",
                "coordinates": [
                    [
                        [
                            -111.97675829,
                            33.07846268
                        ],
                        [
                            -111.97688925,
                            33.07846333
                        ],
                        [
                            -111.97688736,
                            33.07873398
                        ],
                        [
                            -111.9767564,
                            33.07873333
                        ],
                        [
                            -111.97675829,
                            33.07846268
                        ]
                    ]
                ]
            },
            "properties": {
                "plt_label": "p07-4",
                "trt_label": "60-60",
                "PLT_AREA": 366.810188,
                "CUL_NAME": "Deltapine 1549 B2XF",
                "PDATE": "04/25/2016",
                "PLYR": 2016,
                "PLDAY": 116,
                "IROP": "IR004",
                "IRVAL": {
                    "201670": 13.4,
                    "201671": 26.8,
                    "201674": 20.1,
                    "201675": 20.1,
                    "201676": 23.5,
                    "201677": 26.8,
                    "201678": 20.1,
                    "201681": 20.1,
                    "201691": 16.0,
                    "201692": 24.0,
                    "201695": 32.0,
                    "201696": 32.0,
                    "201697": 32.0,
                    "2016117": 8.0,
                    "2016118": 24.0,
                    "2016119": 27.9,
                    "2016120": 15.9,
                    "2016125": 12.6,
                    "2016127": 12.6,
                    "2016130": 8.0,
                    "2016132": 8.0,
                    "2016135": 8.0,
                    "2016148": 16.0,
                    "2016154": 15.9,
                    "2016155": 15.9,
                    "2016160": 12.0,
                    "2016161": 8.0,
                    "2016162": 8.0,
                    "2016167": 12.0,
                    "2016168": 4.0,
                    "2016169": 10.0,
                    "2016174": 16.0,
                    "2016175": 16.0,
                    "2016176": 12.0,
                    "2016181": 16.0,
                    "2016182": 16.0,
                    "2016183": 12.0,
                    "2016188": 16.0,
                    "2016189": 12.0,
                    "2016190": 15.9,
                    "2016195": 16.0,
                    "2016196": 16.0,
                    "2016197": 12.0,
                    "2016202": 14.0,
                    "2016203": 16.0,
                    "2016204": 12.0,
                    "2016209": 16.0,
                    "2016210": 16.0,
                    "2016211": 12.0,
                    "2016216": 10.0,
                    "2016217": 16.0,
                    "2016218": 10.0,
                    "2016223": 8.0,
                    "2016224": 12.0,
                    "2016225": 10.0,
                    "2016230": 8.0,
                    "2016231": 16.0,
                    "2016232": 12.0,
                    "2016237": 10.0,
                    "2016238": 16.0,
                    "2016239": 12.0,
                    "2016244": 6.0,
                    "2016245": 16.0,
                    "2016246": 12.0,
                    "2016252": 16.0,
                    "2016253": 16.0
                },
                "FEAMN": {
                    "2016155": 37.3,
                    "2016168": 37.4,
                    "2016190": 37.3
                },
                "HARM": "Machine",
                "HADAT": "11/01/2016",
                "WBWAH": 3038.8,
                "BWCAH": 4.82,
                "DBWAH": 2892.3,
                "GNDAT": "02/08/2017",
                "FFRAC": 0.4257,
                "SFRAC": 0.5135,
                "TFRAC": 0.0608,
                "WFWAH": 1293.6,
                "WSWAH": 1560.5,
                "WSCWAH": 2854.0,
                "DFWAH": 1231.2,
                "DSWAH": 1485.2,
                "DSCWAH": 2716.4,
                "QLDAT": "06/15/2017",
                "FBMIC": 47.0,
                "FBLTH": 1.03,
                "FBUNI": 79.3,
                "FBSTR": 28.7,
                "FBELO": 5.3,
                "FBSFI": 11.7,
                "haids": [
                    "6425f88e8ac5475ec38ece6d",
                    "6425f88e8ac5475ec38ece6e",
                    "6425f88e8ac5475ec38ece6f"
                ],
                "tids": [
                    "6425fb6f8ac54761e63cc805"
                ],
                "ccids": [
                    "6426002c8ac54764b9a30d8d",
                    "6426002c8ac54764b9a30d8e",
                    "6426002c8ac54764b9a30d8f"
                ]
            },
            "_id": "6425efc78ac5475cc2c470fa",
            "pid": "6425efc78ac5475cc2c470fa"
        },
        {
            "type": "Feature",
            "geometry": {
                "type": "Polygon",
                "coordinates": [
                    [
                        [
                            -111.97690311,
                            33.07954594
                        ],
                        [
                            -111.97703406,
                            33.07954659
                        ],
                        [
                            -111.97703217,
                            33.07981724
                        ],
                        [
                            -111.97690121,
                            33.07981658
                        ],
                        [
                            -111.97690311,
                            33.07954594
                        ]
                    ]
                ]
            },
            "properties": {
                "plt_label": "p08-1",
                "trt_label": "100-80",
                "PLT_AREA": 366.81014,
                "CUL_NAME": "Deltapine 1549 B2XF",
                "PDATE": "04/25/2016",
                "PLYR": 2016,
                "PLDAY": 116,
                "IROP": "IR004",
                "IRVAL": {
                    "201670": 13.4,
                    "201671": 26.8,
                    "201674": 20.1,
                    "201675": 20.1,
                    "201676": 23.5,
                    "201677": 26.8,
                    "201678": 20.1,
                    "201681": 20.1,
                    "201691": 16.0,
                    "201692": 24.0,
                    "201695": 32.0,
                    "201696": 32.0,
                    "201697": 32.0,
                    "2016117": 8.0,
                    "2016118": 24.0,
                    "2016119": 27.9,
                    "2016120": 15.9,
                    "2016125": 12.6,
                    "2016127": 12.6,
                    "2016130": 8.0,
                    "2016132": 8.0,
                    "2016135": 8.0,
                    "2016148": 16.0,
                    "2016154": 15.9,
                    "2016155": 15.9,
                    "2016160": 20.0,
                    "2016161": 13.3,
                    "2016162": 13.3,
                    "2016167": 20.0,
                    "2016168": 6.7,
                    "2016169": 16.7,
                    "2016174": 26.7,
                    "2016175": 26.7,
                    "2016176": 20.0,
                    "2016181": 26.7,
                    "2016182": 26.7,
                    "2016183": 20.0,
                    "2016188": 26.7,
                    "2016189": 20.0,
                    "2016190": 15.9,
                    "2016195": 26.7,
                    "2016196": 26.7,
                    "2016197": 20.0,
                    "2016202": 18.7,
                    "2016203": 21.3,
                    "2016204": 16.0,
                    "2016209": 21.3,
                    "2016210": 21.3,
                    "2016211": 16.0,
                    "2016216": 13.3,
                    "2016217": 21.3,
                    "2016218": 13.3,
                    "2016223": 10.7,
                    "2016224": 16.0,
                    "2016225": 13.3,
                    "2016230": 10.7,
                    "2016231": 21.3,
                    "2016232": 16.0,
                    "2016237": 13.3,
                    "2016238": 21.3,
                    "2016239": 16.0,
                    "2016244": 8.0,
                    "2016245": 21.3,
                    "2016246": 16.0,
                    "2016252": 21.3,
                    "2016253": 21.3
                },
                "FEAMN": {
                    "2016155": 37.3,
                    "2016168": 37.4,
                    "2016190": 37.3
                },
                "HARM": "Machine",
                "HADAT": "11/01/2016",
                "WBWAH": 3784.4,
                "BWCAH": 4.75,
                "DBWAH": 3604.5,
                "GNDAT": "02/08/2017",
                "FFRAC": 0.3822,
                "SFRAC": 0.5055,
                "TFRAC": 0.1123,
                "WFWAH": 1446.5,
                "WSWAH": 1912.9,
                "WSCWAH": 3359.3,
                "DFWAH": 1377.7,
                "DSWAH": 1821.9,
                "DSCWAH": 3199.6,
                "QLDAT": "06/15/2017",
                "FBMIC": 36.0,
                "FBLTH": 1.17,
                "FBUNI": 82.1,
                "FBSTR": 33.2,
                "FBELO": 5.6,
                "FBSFI": 8.9,
                "haids": [
                    "6425f88e8ac5475ec38ece70",
                    "6425f88e8ac5475ec38ece71",
                    "6425f88e8ac5475ec38ece72"
                ],
                "tids": [
                    "6425fb6f8ac54761e63cc806"
                ],
                "ccids": [
                    "6426002c8ac54764b9a30d90",
                    "6426002c8ac54764b9a30d91",
                    "6426002c8ac54764b9a30d92"
                ]
            },
            "_id": "6425efc78ac5475cc2c470fb",
            "pid": "6425efc78ac5475cc2c470fb"
        },
        {
            "type": "Feature",
            "geometry": {
                "type": "Polygon",
                "coordinates": [
                    [
                        [
                            -111.97690563,
                            33.07918511
                        ],
                        [
                            -111.97703659,
                            33.07918576
                        ],
                        [
                            -111.97703469,
                            33.0794564
                        ],
                        [
                            -111.97690374,
                            33.07945575
                        ],
                        [
                            -111.97690563,
                            33.07918511
                        ]
                    ]
                ]
            },
            "properties": {
                "plt_label": "p08-2",
                "trt_label": "100-60",
                "PLT_AREA": 366.810125,
                "CUL_NAME": "Deltapine 1549 B2XF",
                "PDATE": "04/25/2016",
                "PLYR": 2016,
                "PLDAY": 116,
                "IROP": "IR004",
                "IRVAL": {
                    "201670": 13.4,
                    "201671": 26.8,
                    "201674": 20.1,
                    "201675": 20.1,
                    "201676": 23.5,
                    "201677": 26.8,
                    "201678": 20.1,
                    "201681": 20.1,
                    "201691": 16.0,
                    "201692": 24.0,
                    "201695": 32.0,
                    "201696": 32.0,
                    "201697": 32.0,
                    "2016117": 8.0,
                    "2016118": 24.0,
                    "2016119": 27.9,
                    "2016120": 15.9,
                    "2016125": 12.6,
                    "2016127": 12.6,
                    "2016130": 8.0,
                    "2016132": 8.0,
                    "2016135": 8.0,
                    "2016148": 16.0,
                    "2016154": 15.9,
                    "2016155": 15.9,
                    "2016160": 20.0,
                    "2016161": 13.3,
                    "2016162": 13.3,
                    "2016167": 20.0,
                    "2016168": 6.7,
                    "2016169": 16.7,
                    "2016174": 26.7,
                    "2016175": 26.7,
                    "2016176": 20.0,
                    "2016181": 26.7,
                    "2016182": 26.7,
                    "2016183": 20.0,
                    "2016188": 26.7,
                    "2016189": 20.0,
                    "2016190": 15.9,
                    "2016195": 26.7,
                    "2016196": 26.7,
                    "2016197": 20.0,
                    "2016202": 14.0,
                    "2016203": 16.0,
                    "2016204": 12.0,
                    "2016209": 16.0,
                    "2016210": 16.0,
                    "2016211": 12.0,
                    "2016216": 10.0,
                    "2016217": 16.0,
                    "2016218": 10.0,
                    "2016223": 8.0,
                    "2016224": 12.0,
                    "2016225": 10.0,
                    "2016230": 8.0,
                    "2016231": 16.0,
                    "2016232": 12.0,
                    "2016237": 10.0,
                    "2016238": 16.0,
                    "2016239": 12.0,
                    "2016244": 6.0,
                    "2016245": 16.0,
                    "2016246": 12.0,
                    "2016252": 16.0,
                    "2016253": 16.0
                },
                "FEAMN": {
                    "2016155": 37.3,
                    "2016168": 37.4,
                    "2016190": 37.3
                },
                "HARM": "Machine",
                "HADAT": "11/01/2016",
                "WBWAH": 3943.6,
                "BWCAH": 4.67,
                "DBWAH": 3759.3,
                "GNDAT": "02/08/2017",
                "FFRAC": 0.4081,
                "SFRAC": 0.5201,
                "TFRAC": 0.0718,
                "WFWAH": 1609.2,
                "WSWAH": 2051.2,
                "WSCWAH": 3660.5,
                "DFWAH": 1534.0,
                "DSWAH": 1955.4,
                "DSCWAH": 3489.4,
                "QLDAT": "06/15/2017",
                "FBMIC": 43.0,
                "FBLTH": 1.12,
                "FBUNI": 82.0,
                "FBSTR": 32.0,
                "FBELO": 5.4,
                "FBSFI": 9.4,
                "haids": [
                    "6425f88e8ac5475ec38ece73",
                    "6425f88e8ac5475ec38ece74",
                    "6425f88e8ac5475ec38ece75"
                ],
                "tids": [
                    "6425fb6f8ac54761e63cc807"
                ],
                "ccids": [
                    "6426002c8ac54764b9a30d93",
                    "6426002c8ac54764b9a30d94",
                    "6426002c8ac54764b9a30d95"
                ]
            },
            "_id": "6425efc78ac5475cc2c470fc",
            "pid": "6425efc78ac5475cc2c470fc"
        },
        {
            "type": "Feature",
            "geometry": {
                "type": "Polygon",
                "coordinates": [
                    [
                        [
                            -111.97690815,
                            33.07882428
                        ],
                        [
                            -111.97703911,
                            33.07882493
                        ],
                        [
                            -111.97703722,
                            33.07909557
                        ],
                        [
                            -111.97690626,
                            33.07909492
                        ],
                        [
                            -111.97690815,
                            33.07882428
                        ]
                    ]
                ]
            },
            "properties": {
                "plt_label": "p08-3",
                "trt_label": "100-100",
                "PLT_AREA": 366.810125,
                "CUL_NAME": "Deltapine 1549 B2XF",
                "PDATE": "04/25/2016",
                "PLYR": 2016,
                "PLDAY": 116,
                "IROP": "IR004",
                "IRVAL": {
                    "201670": 13.4,
                    "201671": 26.8,
                    "201674": 20.1,
                    "201675": 20.1,
                    "201676": 23.5,
                    "201677": 26.8,
                    "201678": 20.1,
                    "201681": 20.1,
                    "201691": 16.0,
                    "201692": 24.0,
                    "201695": 32.0,
                    "201696": 32.0,
                    "201697": 32.0,
                    "2016117": 8.0,
                    "2016118": 24.0,
                    "2016119": 27.9,
                    "2016120": 15.9,
                    "2016125": 12.6,
                    "2016127": 12.6,
                    "2016130": 8.0,
                    "2016132": 8.0,
                    "2016135": 8.0,
                    "2016148": 16.0,
                    "2016154": 15.9,
                    "2016155": 15.9,
                    "2016160": 20.0,
                    "2016161": 13.3,
                    "2016162": 13.3,
                    "2016167": 20.0,
                    "2016168": 6.7,
                    "2016169": 16.7,
                    "2016174": 26.7,
                    "2016175": 26.7,
                    "2016176": 20.0,
                    "2016181": 26.7,
                    "2016182": 26.7,
                    "2016183": 20.0,
                    "2016188": 26.7,
                    "2016189": 20.0,
                    "2016190": 15.9,
                    "2016195": 26.7,
                    "2016196": 26.7,
                    "2016197": 20.0,
                    "2016202": 23.3,
                    "2016203": 26.7,
                    "2016204": 20.0,
                    "2016209": 26.7,
                    "2016210": 26.7,
                    "2016211": 20.0,
                    "2016216": 16.7,
                    "2016217": 26.7,
                    "2016218": 16.7,
                    "2016223": 13.3,
                    "2016224": 20.0,
                    "2016225": 16.7,
                    "2016230": 13.3,
                    "2016231": 26.7,
                    "2016232": 20.0,
                    "2016237": 16.7,
                    "2016238": 26.7,
                    "2016239": 20.0,
                    "2016244": 10.0,
                    "2016245": 26.7,
                    "2016246": 20.0,
                    "2016252": 26.7,
                    "2016253": 26.7
                },
                "FEAMN": {
                    "2016155": 37.3,
                    "2016168": 37.4,
                    "2016190": 37.3
                },
                "HARM": "Machine",
                "HADAT": "11/01/2016",
                "WBWAH": 5077.6,
                "BWCAH": 5.01,
                "DBWAH": 4823.0,
                "GNDAT": "02/08/2017",
                "FFRAC": 0.4037,
                "SFRAC": 0.5171,
                "TFRAC": 0.0792,
                "WFWAH": 2050.0,
                "WSWAH": 2625.5,
                "WSCWAH": 4675.5,
                "DFWAH": 1947.2,
                "DSWAH": 2493.9,
                "DSCWAH": 4441.0,
                "QLDAT": "06/15/2017",
                "FBMIC": 43.0,
                "FBLTH": 1.16,
                "FBUNI": 82.1,
                "FBSTR": 31.2,
                "FBELO": 5.9,
                "FBSFI": 8.8,
                "haids": [
                    "6425f88e8ac5475ec38ece76",
                    "6425f88e8ac5475ec38ece77",
                    "6425f88e8ac5475ec38ece78"
                ],
                "tids": [
                    "6425fb6f8ac54761e63cc808"
                ],
                "ccids": [
                    "6426002c8ac54764b9a30d96",
                    "6426002c8ac54764b9a30d97",
                    "6426002c8ac54764b9a30d98"
                ]
            },
            "_id": "6425efc78ac5475cc2c470fd",
            "pid": "6425efc78ac5475cc2c470fd"
        },
        {
            "type": "Feature",
            "geometry": {
                "type": "Polygon",
                "coordinates": [
                    [
                        [
                            -111.97691068,
                            33.07846344
                        ],
                        [
                            -111.97704163,
                            33.07846409
                        ],
                        [
                            -111.97703974,
                            33.07873473
                        ],
                        [
                            -111.97690878,
                            33.07873408
                        ],
                        [
                            -111.97691068,
                            33.07846344
                        ]
                    ]
                ]
            },
            "properties": {
                "plt_label": "p08-4",
                "trt_label": "80-120",
                "PLT_AREA": 366.81014,
                "CUL_NAME": "Deltapine 1549 B2XF",
                "PDATE": "04/25/2016",
                "PLYR": 2016,
                "PLDAY": 116,
                "IROP": "IR004",
                "IRVAL": {
                    "201670": 13.4,
                    "201671": 26.8,
                    "201674": 20.1,
                    "201675": 20.1,
                    "201676": 23.5,
                    "201677": 26.8,
                    "201678": 20.1,
                    "201681": 20.1,
                    "201691": 16.0,
                    "201692": 24.0,
                    "201695": 32.0,
                    "201696": 32.0,
                    "201697": 32.0,
                    "2016117": 8.0,
                    "2016118": 24.0,
                    "2016119": 27.9,
                    "2016120": 15.9,
                    "2016125": 12.6,
                    "2016127": 12.6,
                    "2016130": 8.0,
                    "2016132": 8.0,
                    "2016135": 8.0,
                    "2016148": 16.0,
                    "2016154": 15.9,
                    "2016155": 15.9,
                    "2016160": 16.0,
                    "2016161": 10.7,
                    "2016162": 10.7,
                    "2016167": 16.0,
                    "2016168": 5.3,
                    "2016169": 13.3,
                    "2016174": 21.3,
                    "2016175": 21.3,
                    "2016176": 16.0,
                    "2016181": 21.3,
                    "2016182": 21.3,
                    "2016183": 16.0,
                    "2016188": 21.3,
                    "2016189": 16.0,
                    "2016190": 15.9,
                    "2016195": 21.3,
                    "2016196": 21.3,
                    "2016197": 16.0,
                    "2016202": 28.0,
                    "2016203": 32.0,
                    "2016204": 24.0,
                    "2016209": 32.0,
                    "2016210": 32.0,
                    "2016211": 24.0,
                    "2016216": 20.0,
                    "2016217": 32.0,
                    "2016218": 20.0,
                    "2016223": 16.0,
                    "2016224": 24.0,
                    "2016225": 20.0,
                    "2016230": 16.0,
                    "2016231": 32.0,
                    "2016232": 24.0,
                    "2016237": 20.0,
                    "2016238": 32.0,
                    "2016239": 24.0,
                    "2016244": 12.0,
                    "2016245": 32.0,
                    "2016246": 24.0,
                    "2016252": 32.0,
                    "2016253": 32.0
                },
                "FEAMN": {
                    "2016155": 37.3,
                    "2016168": 37.4,
                    "2016190": 37.3
                },
                "HARM": "Machine",
                "HADAT": "11/01/2016",
                "WBWAH": 5528.5,
                "BWCAH": 4.22,
                "DBWAH": 5295.4,
                "GNDAT": "02/08/2017",
                "FFRAC": 0.4261,
                "SFRAC": 0.5047,
                "TFRAC": 0.0692,
                "WFWAH": 2355.7,
                "WSWAH": 2790.3,
                "WSCWAH": 5146.0,
                "DFWAH": 2256.4,
                "DSWAH": 2672.7,
                "DSCWAH": 4929.0,
                "QLDAT": "06/15/2017",
                "FBMIC": 44.0,
                "FBLTH": 1.12,
                "FBUNI": 80.9,
                "FBSTR": 32.0,
                "FBELO": 5.4,
                "FBSFI": 9.4,
                "haids": [
                    "6425f88e8ac5475ec38ece79",
                    "6425f88e8ac5475ec38ece7a",
                    "6425f88e8ac5475ec38ece7b"
                ],
                "tids": [
                    "6425fb6f8ac54761e63cc809"
                ],
                "ccids": [
                    "6426002c8ac54764b9a30d99",
                    "6426002c8ac54764b9a30d9a",
                    "6426002c8ac54764b9a30d9b"
                ]
            },
            "_id": "6425efc78ac5475cc2c470fe",
            "pid": "6425efc78ac5475cc2c470fe"
        },
        {
            "type": "Feature",
            "geometry": {
                "type": "Polygon",
                "coordinates": [
                    [
                        [
                            -111.97705465,
                            33.0795467
                        ],
                        [
                            -111.97718561,
                            33.07954735
                        ],
                        [
                            -111.97718372,
                            33.07981799
                        ],
                        [
                            -111.97705276,
                            33.07981734
                        ],
                        [
                            -111.97705465,
                            33.0795467
                        ]
                    ]
                ]
            },
            "properties": {
                "plt_label": "p09-1",
                "trt_label": "100-80",
                "PLT_AREA": 366.810144,
                "CUL_NAME": "Deltapine 1549 B2XF",
                "PDATE": "04/25/2016",
                "PLYR": 2016,
                "PLDAY": 116,
                "IROP": "IR004",
                "IRVAL": {
                    "201670": 13.4,
                    "201671": 26.8,
                    "201674": 20.1,
                    "201675": 20.1,
                    "201676": 23.5,
                    "201677": 26.8,
                    "201678": 20.1,
                    "201681": 20.1,
                    "201691": 16.0,
                    "201692": 24.0,
                    "201695": 32.0,
                    "201696": 32.0,
                    "201697": 32.0,
                    "2016117": 8.0,
                    "2016118": 24.0,
                    "2016119": 27.9,
                    "2016120": 15.9,
                    "2016125": 12.6,
                    "2016127": 12.6,
                    "2016130": 8.0,
                    "2016132": 8.0,
                    "2016135": 8.0,
                    "2016148": 16.0,
                    "2016154": 15.9,
                    "2016155": 15.9,
                    "2016160": 20.0,
                    "2016161": 13.3,
                    "2016162": 13.3,
                    "2016167": 20.0,
                    "2016168": 6.7,
                    "2016169": 16.7,
                    "2016174": 26.7,
                    "2016175": 26.7,
                    "2016176": 20.0,
                    "2016181": 26.7,
                    "2016182": 26.7,
                    "2016183": 20.0,
                    "2016188": 26.7,
                    "2016189": 20.0,
                    "2016190": 15.9,
                    "2016195": 26.7,
                    "2016196": 26.7,
                    "2016197": 20.0,
                    "2016202": 18.7,
                    "2016203": 21.3,
                    "2016204": 16.0,
                    "2016209": 21.3,
                    "2016210": 21.3,
                    "2016211": 16.0,
                    "2016216": 13.3,
                    "2016217": 21.3,
                    "2016218": 13.3,
                    "2016223": 10.7,
                    "2016224": 16.0,
                    "2016225": 13.3,
                    "2016230": 10.7,
                    "2016231": 21.3,
                    "2016232": 16.0,
                    "2016237": 13.3,
                    "2016238": 21.3,
                    "2016239": 16.0,
                    "2016244": 8.0,
                    "2016245": 21.3,
                    "2016246": 16.0,
                    "2016252": 21.3,
                    "2016253": 21.3
                },
                "FEAMN": {
                    "2016155": 37.3,
                    "2016168": 37.4,
                    "2016190": 37.3
                },
                "HARM": "Machine",
                "HADAT": "11/01/2016",
                "WBWAH": 4534.4,
                "BWCAH": 4.44,
                "DBWAH": 4333.1,
                "GNDAT": "02/08/2017",
                "FFRAC": 0.3958,
                "SFRAC": 0.5112,
                "TFRAC": 0.0929,
                "WFWAH": 1794.9,
                "WSWAH": 2318.1,
                "WSCWAH": 4113.0,
                "DFWAH": 1715.2,
                "DSWAH": 2215.1,
                "DSCWAH": 3930.3,
                "QLDAT": "06/15/2017",
                "FBMIC": 40.0,
                "FBLTH": 1.15,
                "FBUNI": 81.2,
                "FBSTR": 32.0,
                "FBELO": 5.8,
                "FBSFI": 9.9,
                "haids": [
                    "6425f88e8ac5475ec38ece7c",
                    "6425f88e8ac5475ec38ece7d",
                    "6425f88e8ac5475ec38ece7e"
                ],
                "tids": [
                    "6425fb6f8ac54761e63cc80a"
                ],
                "ccids": [
                    "6426002c8ac54764b9a30d9c",
                    "6426002c8ac54764b9a30d9d",
                    "6426002c8ac54764b9a30d9e"
                ]
            },
            "_id": "6425efc78ac5475cc2c470ff",
            "pid": "6425efc78ac5475cc2c470ff"
        },
        {
            "type": "Feature",
            "geometry": {
                "type": "Polygon",
                "coordinates": [
                    [
                        [
                            -111.97705717,
                            33.07918586
                        ],
                        [
                            -111.97718813,
                            33.07918651
                        ],
                        [
                            -111.97718624,
                            33.07945715
                        ],
                        [
                            -111.97705528,
                            33.0794565
                        ],
                        [
                            -111.97705717,
                            33.07918586
                        ]
                    ]
                ]
            },
            "properties": {
                "plt_label": "p09-2",
                "trt_label": "120-60",
                "PLT_AREA": 366.810125,
                "CUL_NAME": "Deltapine 1549 B2XF",
                "PDATE": "04/25/2016",
                "PLYR": 2016,
                "PLDAY": 116,
                "IROP": "IR004",
                "IRVAL": {
                    "201670": 13.4,
                    "201671": 26.8,
                    "201674": 20.1,
                    "201675": 20.1,
                    "201676": 23.5,
                    "201677": 26.8,
                    "201678": 20.1,
                    "201681": 20.1,
                    "201691": 16.0,
                    "201692": 24.0,
                    "201695": 32.0,
                    "201696": 32.0,
                    "201697": 32.0,
                    "2016117": 8.0,
                    "2016118": 24.0,
                    "2016119": 27.9,
                    "2016120": 15.9,
                    "2016125": 12.6,
                    "2016127": 12.6,
                    "2016130": 8.0,
                    "2016132": 8.0,
                    "2016135": 8.0,
                    "2016148": 16.0,
                    "2016154": 15.9,
                    "2016155": 15.9,
                    "2016160": 24.0,
                    "2016161": 16.0,
                    "2016162": 16.0,
                    "2016167": 24.0,
                    "2016168": 8.0,
                    "2016169": 20.0,
                    "2016174": 32.0,
                    "2016175": 32.0,
                    "2016176": 24.0,
                    "2016181": 32.0,
                    "2016182": 32.0,
                    "2016183": 24.0,
                    "2016188": 32.0,
                    "2016189": 24.0,
                    "2016190": 15.9,
                    "2016195": 32.0,
                    "2016196": 32.0,
                    "2016197": 24.0,
                    "2016202": 14.0,
                    "2016203": 16.0,
                    "2016204": 12.0,
                    "2016209": 16.0,
                    "2016210": 16.0,
                    "2016211": 12.0,
                    "2016216": 10.0,
                    "2016217": 16.0,
                    "2016218": 10.0,
                    "2016223": 8.0,
                    "2016224": 12.0,
                    "2016225": 10.0,
                    "2016230": 8.0,
                    "2016231": 16.0,
                    "2016232": 12.0,
                    "2016237": 10.0,
                    "2016238": 16.0,
                    "2016239": 12.0,
                    "2016244": 6.0,
                    "2016245": 16.0,
                    "2016246": 12.0,
                    "2016252": 16.0,
                    "2016253": 16.0
                },
                "FEAMN": {
                    "2016155": 37.3,
                    "2016168": 37.4,
                    "2016190": 37.3
                },
                "HARM": "Machine",
                "HADAT": "11/01/2016",
                "WBWAH": 4381.2,
                "BWCAH": 4.41,
                "DBWAH": 4188.0,
                "GNDAT": "02/08/2017",
                "FFRAC": 0.3987,
                "SFRAC": 0.5107,
                "TFRAC": 0.0906,
                "WFWAH": 1746.7,
                "WSWAH": 2237.5,
                "WSCWAH": 3984.2,
                "DFWAH": 1669.7,
                "DSWAH": 2138.8,
                "DSCWAH": 3808.5,
                "QLDAT": "06/15/2017",
                "FBMIC": 45.0,
                "FBLTH": 1.15,
                "FBUNI": 83.1,
                "FBSTR": 32.8,
                "FBELO": 5.3,
                "FBSFI": 8.7,
                "haids": [
                    "6425f88e8ac5475ec38ece7f",
                    "6425f88e8ac5475ec38ece80",
                    "6425f88e8ac5475ec38ece81"
                ],
                "tids": [
                    "6425fb6f8ac54761e63cc80b"
                ],
                "ccids": [
                    "6426002c8ac54764b9a30d9f",
                    "6426002c8ac54764b9a30da0",
                    "6426002c8ac54764b9a30da1"
                ]
            },
            "_id": "6425efc78ac5475cc2c47100",
            "pid": "6425efc78ac5475cc2c47100"
        },
        {
            "type": "Feature",
            "geometry": {
                "type": "Polygon",
                "coordinates": [
                    [
                        [
                            -111.9770597,
                            33.07882503
                        ],
                        [
                            -111.97719065,
                            33.07882568
                        ],
                        [
                            -111.97718876,
                            33.07909632
                        ],
                        [
                            -111.9770578,
                            33.07909567
                        ],
                        [
                            -111.9770597,
                            33.07882503
                        ]
                    ]
                ]
            },
            "properties": {
                "plt_label": "p09-3",
                "trt_label": "60-60",
                "PLT_AREA": 366.810125,
                "CUL_NAME": "Deltapine 1549 B2XF",
                "PDATE": "04/25/2016",
                "PLYR": 2016,
                "PLDAY": 116,
                "IROP": "IR004",
                "IRVAL": {
                    "201670": 13.4,
                    "201671": 26.8,
                    "201674": 20.1,
                    "201675": 20.1,
                    "201676": 23.5,
                    "201677": 26.8,
                    "201678": 20.1,
                    "201681": 20.1,
                    "201691": 16.0,
                    "201692": 24.0,
                    "201695": 32.0,
                    "201696": 32.0,
                    "201697": 32.0,
                    "2016117": 8.0,
                    "2016118": 24.0,
                    "2016119": 27.9,
                    "2016120": 15.9,
                    "2016125": 12.6,
                    "2016127": 12.6,
                    "2016130": 8.0,
                    "2016132": 8.0,
                    "2016135": 8.0,
                    "2016148": 16.0,
                    "2016154": 15.9,
                    "2016155": 15.9,
                    "2016160": 12.0,
                    "2016161": 8.0,
                    "2016162": 8.0,
                    "2016167": 12.0,
                    "2016168": 4.0,
                    "2016169": 10.0,
                    "2016174": 16.0,
                    "2016175": 16.0,
                    "2016176": 12.0,
                    "2016181": 16.0,
                    "2016182": 16.0,
                    "2016183": 12.0,
                    "2016188": 16.0,
                    "2016189": 12.0,
                    "2016190": 15.9,
                    "2016195": 16.0,
                    "2016196": 16.0,
                    "2016197": 12.0,
                    "2016202": 14.0,
                    "2016203": 16.0,
                    "2016204": 12.0,
                    "2016209": 16.0,
                    "2016210": 16.0,
                    "2016211": 12.0,
                    "2016216": 10.0,
                    "2016217": 16.0,
                    "2016218": 10.0,
                    "2016223": 8.0,
                    "2016224": 12.0,
                    "2016225": 10.0,
                    "2016230": 8.0,
                    "2016231": 16.0,
                    "2016232": 12.0,
                    "2016237": 10.0,
                    "2016238": 16.0,
                    "2016239": 12.0,
                    "2016244": 6.0,
                    "2016245": 16.0,
                    "2016246": 12.0,
                    "2016252": 16.0,
                    "2016253": 16.0
                },
                "FEAMN": {
                    "2016155": 37.3,
                    "2016168": 37.4,
                    "2016190": 37.3
                },
                "HARM": "Machine",
                "HADAT": "11/01/2016",
                "WBWAH": 4305.3,
                "BWCAH": 4.05,
                "DBWAH": 4131.0,
                "GNDAT": "02/08/2017",
                "FFRAC": 0.4183,
                "SFRAC": 0.5132,
                "TFRAC": 0.0685,
                "WFWAH": 1800.8,
                "WSWAH": 2209.4,
                "WSCWAH": 4010.2,
                "DFWAH": 1727.9,
                "DSWAH": 2120.0,
                "DSCWAH": 3847.9,
                "QLDAT": "06/15/2017",
                "FBMIC": 49.0,
                "FBLTH": 1.12,
                "FBUNI": 81.7,
                "FBSTR": 31.4,
                "FBELO": 5.4,
                "FBSFI": 9.7,
                "haids": [
                    "6425f88e8ac5475ec38ece82",
                    "6425f88e8ac5475ec38ece83",
                    "6425f88e8ac5475ec38ece84"
                ],
                "tids": [
                    "6425fb6f8ac54761e63cc80c"
                ],
                "ccids": [
                    "6426002c8ac54764b9a30da2",
                    "6426002c8ac54764b9a30da3",
                    "6426002c8ac54764b9a30da4"
                ]
            },
            "_id": "6425efc78ac5475cc2c47101",
            "pid": "6425efc78ac5475cc2c47101"
        },
        {
            "type": "Feature",
            "geometry": {
                "type": "Polygon",
                "coordinates": [
                    [
                        [
                            -111.97706222,
                            33.07846419
                        ],
                        [
                            -111.97719318,
                            33.07846484
                        ],
                        [
                            -111.97719128,
                            33.07873549
                        ],
                        [
                            -111.97706033,
                            33.07873484
                        ],
                        [
                            -111.97706222,
                            33.07846419
                        ]
                    ]
                ]
            },
            "properties": {
                "plt_label": "p09-4",
                "trt_label": "120-80",
                "PLT_AREA": 366.810144,
                "CUL_NAME": "Deltapine 1549 B2XF",
                "PDATE": "04/25/2016",
                "PLYR": 2016,
                "PLDAY": 116,
                "IROP": "IR004",
                "IRVAL": {
                    "201670": 13.4,
                    "201671": 26.8,
                    "201674": 20.1,
                    "201675": 20.1,
                    "201676": 23.5,
                    "201677": 26.8,
                    "201678": 20.1,
                    "201681": 20.1,
                    "201691": 16.0,
                    "201692": 24.0,
                    "201695": 32.0,
                    "201696": 32.0,
                    "201697": 32.0,
                    "2016117": 8.0,
                    "2016118": 24.0,
                    "2016119": 27.9,
                    "2016120": 15.9,
                    "2016125": 12.6,
                    "2016127": 12.6,
                    "2016130": 8.0,
                    "2016132": 8.0,
                    "2016135": 8.0,
                    "2016148": 16.0,
                    "2016154": 15.9,
                    "2016155": 15.9,
                    "2016160": 24.0,
                    "2016161": 16.0,
                    "2016162": 16.0,
                    "2016167": 24.0,
                    "2016168": 8.0,
                    "2016169": 20.0,
                    "2016174": 32.0,
                    "2016175": 32.0,
                    "2016176": 24.0,
                    "2016181": 32.0,
                    "2016182": 32.0,
                    "2016183": 24.0,
                    "2016188": 32.0,
                    "2016189": 24.0,
                    "2016190": 15.9,
                    "2016195": 32.0,
                    "2016196": 32.0,
                    "2016197": 24.0,
                    "2016202": 18.7,
                    "2016203": 21.3,
                    "2016204": 16.0,
                    "2016209": 21.3,
                    "2016210": 21.3,
                    "2016211": 16.0,
                    "2016216": 13.3,
                    "2016217": 21.3,
                    "2016218": 13.3,
                    "2016223": 10.7,
                    "2016224": 16.0,
                    "2016225": 13.3,
                    "2016230": 10.7,
                    "2016231": 21.3,
                    "2016232": 16.0,
                    "2016237": 13.3,
                    "2016238": 21.3,
                    "2016239": 16.0,
                    "2016244": 8.0,
                    "2016245": 21.3,
                    "2016246": 16.0,
                    "2016252": 21.3,
                    "2016253": 21.3
                },
                "FEAMN": {
                    "2016155": 37.3,
                    "2016168": 37.4,
                    "2016190": 37.3
                },
                "HARM": "Machine",
                "HADAT": "11/01/2016",
                "WBWAH": 5171.4,
                "BWCAH": 4.12,
                "DBWAH": 4958.3,
                "GNDAT": "02/08/2017",
                "FFRAC": 0.4215,
                "SFRAC": 0.4942,
                "TFRAC": 0.0843,
                "WFWAH": 2179.7,
                "WSWAH": 2555.8,
                "WSCWAH": 4735.4,
                "DFWAH": 2089.9,
                "DSWAH": 2450.5,
                "DSCWAH": 4540.3,
                "QLDAT": "06/15/2017",
                "FBMIC": 46.0,
                "FBLTH": 1.15,
                "FBUNI": 82.4,
                "FBSTR": 30.3,
                "FBELO": 5.6,
                "FBSFI": 9.1,
                "haids": [
                    "6425f88e8ac5475ec38ece85",
                    "6425f88e8ac5475ec38ece86",
                    "6425f88e8ac5475ec38ece87"
                ],
                "tids": [
                    "6425fb6f8ac54761e63cc80d"
                ],
                "ccids": [
                    "6426002c8ac54764b9a30da5",
                    "6426002c8ac54764b9a30da6",
                    "6426002c8ac54764b9a30da7"
                ]
            },
            "_id": "6425efc78ac5475cc2c47102",
            "pid": "6425efc78ac5475cc2c47102"
        },
        {
            "type": "Feature",
            "geometry": {
                "type": "Polygon",
                "coordinates": [
                    [
                        [
                            -111.97720704,
                            33.07954745
                        ],
                        [
                            -111.97733799,
                            33.0795481
                        ],
                        [
                            -111.9773361,
                            33.07981874
                        ],
                        [
                            -111.97720514,
                            33.07981809
                        ],
                        [
                            -111.97720704,
                            33.07954745
                        ]
                    ]
                ]
            },
            "properties": {
                "plt_label": "p10-1",
                "trt_label": "120-120",
                "PLT_AREA": 366.810125,
                "CUL_NAME": "Deltapine 1549 B2XF",
                "PDATE": "04/25/2016",
                "PLYR": 2016,
                "PLDAY": 116,
                "IROP": "IR004",
                "IRVAL": {
                    "201670": 13.4,
                    "201671": 26.8,
                    "201674": 20.1,
                    "201675": 20.1,
                    "201676": 23.5,
                    "201677": 26.8,
                    "201678": 20.1,
                    "201681": 20.1,
                    "201691": 16.0,
                    "201692": 24.0,
                    "201695": 32.0,
                    "201696": 32.0,
                    "201697": 32.0,
                    "2016117": 8.0,
                    "2016118": 24.0,
                    "2016119": 27.9,
                    "2016120": 15.9,
                    "2016125": 12.6,
                    "2016127": 12.6,
                    "2016130": 8.0,
                    "2016132": 8.0,
                    "2016135": 8.0,
                    "2016148": 16.0,
                    "2016154": 15.9,
                    "2016155": 15.9,
                    "2016160": 24.0,
                    "2016161": 16.0,
                    "2016162": 16.0,
                    "2016167": 24.0,
                    "2016168": 8.0,
                    "2016169": 20.0,
                    "2016174": 32.0,
                    "2016175": 32.0,
                    "2016176": 24.0,
                    "2016181": 32.0,
                    "2016182": 32.0,
                    "2016183": 24.0,
                    "2016188": 32.0,
                    "2016189": 24.0,
                    "2016190": 15.9,
                    "2016195": 32.0,
                    "2016196": 32.0,
                    "2016197": 24.0,
                    "2016202": 28.0,
                    "2016203": 32.0,
                    "2016204": 24.0,
                    "2016209": 32.0,
                    "2016210": 32.0,
                    "2016211": 24.0,
                    "2016216": 20.0,
                    "2016217": 32.0,
                    "2016218": 20.0,
                    "2016223": 16.0,
                    "2016224": 24.0,
                    "2016225": 20.0,
                    "2016230": 16.0,
                    "2016231": 32.0,
                    "2016232": 24.0,
                    "2016237": 20.0,
                    "2016238": 32.0,
                    "2016239": 24.0,
                    "2016244": 12.0,
                    "2016245": 32.0,
                    "2016246": 24.0,
                    "2016252": 32.0,
                    "2016253": 32.0
                },
                "FEAMN": {
                    "2016155": 37.3,
                    "2016168": 37.4,
                    "2016190": 37.3
                },
                "HARM": "Machine",
                "HADAT": "11/01/2016",
                "WBWAH": 3983.8,
                "BWCAH": 5.39,
                "DBWAH": 3769.0,
                "GNDAT": "01/30/2017",
                "FFRAC": 0.3844,
                "SFRAC": 0.4984,
                "TFRAC": 0.1173,
                "WFWAH": 1531.2,
                "WSWAH": 1985.4,
                "WSCWAH": 3516.7,
                "DFWAH": 1448.7,
                "DSWAH": 1878.3,
                "DSCWAH": 3327.0,
                "QLDAT": "06/15/2017",
                "FBMIC": 31.0,
                "FBLTH": 1.19,
                "FBUNI": 81.1,
                "FBSTR": 32.9,
                "FBELO": 5.8,
                "FBSFI": 9.5,
                "haids": [
                    "6425f88e8ac5475ec38ece88",
                    "6425f88e8ac5475ec38ece89",
                    "6425f88e8ac5475ec38ece8a"
                ],
                "tids": [
                    "6425fb6f8ac54761e63cc80e"
                ],
                "ccids": [
                    "6426002c8ac54764b9a30da8",
                    "6426002c8ac54764b9a30da9",
                    "6426002c8ac54764b9a30daa"
                ]
            },
            "_id": "6425efc78ac5475cc2c47103",
            "pid": "6425efc78ac5475cc2c47103"
        },
        {
            "type": "Feature",
            "geometry": {
                "type": "Polygon",
                "coordinates": [
                    [
                        [
                            -111.97720956,
                            33.07918662
                        ],
                        [
                            -111.97734051,
                            33.07918727
                        ],
                        [
                            -111.97733862,
                            33.07945791
                        ],
                        [
                            -111.97720767,
                            33.07945726
                        ],
                        [
                            -111.97720956,
                            33.07918662
                        ]
                    ]
                ]
            },
            "properties": {
                "plt_label": "p10-2",
                "trt_label": "60-80",
                "PLT_AREA": 366.810125,
                "CUL_NAME": "Deltapine 1549 B2XF",
                "PDATE": "04/25/2016",
                "PLYR": 2016,
                "PLDAY": 116,
                "IROP": "IR004",
                "IRVAL": {
                    "201670": 13.4,
                    "201671": 26.8,
                    "201674": 20.1,
                    "201675": 20.1,
                    "201676": 23.5,
                    "201677": 26.8,
                    "201678": 20.1,
                    "201681": 20.1,
                    "201691": 16.0,
                    "201692": 24.0,
                    "201695": 32.0,
                    "201696": 32.0,
                    "201697": 32.0,
                    "2016117": 8.0,
                    "2016118": 24.0,
                    "2016119": 27.9,
                    "2016120": 15.9,
                    "2016125": 12.6,
                    "2016127": 12.6,
                    "2016130": 8.0,
                    "2016132": 8.0,
                    "2016135": 8.0,
                    "2016148": 16.0,
                    "2016154": 15.9,
                    "2016155": 15.9,
                    "2016160": 12.0,
                    "2016161": 8.0,
                    "2016162": 8.0,
                    "2016167": 12.0,
                    "2016168": 4.0,
                    "2016169": 10.0,
                    "2016174": 16.0,
                    "2016175": 16.0,
                    "2016176": 12.0,
                    "2016181": 16.0,
                    "2016182": 16.0,
                    "2016183": 12.0,
                    "2016188": 16.0,
                    "2016189": 12.0,
                    "2016190": 15.9,
                    "2016195": 16.0,
                    "2016196": 16.0,
                    "2016197": 12.0,
                    "2016202": 18.7,
                    "2016203": 21.3,
                    "2016204": 16.0,
                    "2016209": 21.3,
                    "2016210": 21.3,
                    "2016211": 16.0,
                    "2016216": 13.3,
                    "2016217": 21.3,
                    "2016218": 13.3,
                    "2016223": 10.7,
                    "2016224": 16.0,
                    "2016225": 13.3,
                    "2016230": 10.7,
                    "2016231": 21.3,
                    "2016232": 16.0,
                    "2016237": 13.3,
                    "2016238": 21.3,
                    "2016239": 16.0,
                    "2016244": 8.0,
                    "2016245": 21.3,
                    "2016246": 16.0,
                    "2016252": 21.3,
                    "2016253": 21.3
                },
                "FEAMN": {
                    "2016155": 37.3,
                    "2016168": 37.4,
                    "2016190": 37.3
                },
                "HARM": "Machine",
                "HADAT": "11/01/2016",
                "WBWAH": 4439.2,
                "BWCAH": 4.94,
                "DBWAH": 4219.9,
                "GNDAT": "01/23/2017",
                "FFRAC": 0.3953,
                "SFRAC": 0.5181,
                "TFRAC": 0.0866,
                "WFWAH": 1754.7,
                "WSWAH": 2300.0,
                "WSCWAH": 4054.7,
                "DFWAH": 1668.0,
                "DSWAH": 2186.4,
                "DSCWAH": 3854.4,
                "QLDAT": "06/15/2017",
                "FBMIC": 42.0,
                "FBLTH": 1.2,
                "FBUNI": 83.1,
                "FBSTR": 32.9,
                "FBELO": 5.3,
                "FBSFI": 8.7,
                "haids": [
                    "6425f88e8ac5475ec38ece8b",
                    "6425f88e8ac5475ec38ece8c",
                    "6425f88e8ac5475ec38ece8d"
                ],
                "tids": [
                    "6425fb6f8ac54761e63cc80f"
                ],
                "ccids": [
                    "6426002c8ac54764b9a30dab",
                    "6426002c8ac54764b9a30dac",
                    "6426002c8ac54764b9a30dad"
                ]
            },
            "_id": "6425efc78ac5475cc2c47104",
            "pid": "6425efc78ac5475cc2c47104"
        },
        {
            "type": "Feature",
            "geometry": {
                "type": "Polygon",
                "coordinates": [
                    [
                        [
                            -111.97721208,
                            33.07882578
                        ],
                        [
                            -111.97734304,
                            33.07882643
                        ],
                        [
                            -111.97734115,
                            33.07909708
                        ],
                        [
                            -111.97721019,
                            33.07909643
                        ],
                        [
                            -111.97721208,
                            33.07882578
                        ]
                    ]
                ]
            },
            "properties": {
                "plt_label": "p10-3",
                "trt_label": "80-120",
                "PLT_AREA": 366.810203,
                "CUL_NAME": "Deltapine 1549 B2XF",
                "PDATE": "04/25/2016",
                "PLYR": 2016,
                "PLDAY": 116,
                "IROP": "IR004",
                "IRVAL": {
                    "201670": 13.4,
                    "201671": 26.8,
                    "201674": 20.1,
                    "201675": 20.1,
                    "201676": 23.5,
                    "201677": 26.8,
                    "201678": 20.1,
                    "201681": 20.1,
                    "201691": 16.0,
                    "201692": 24.0,
                    "201695": 32.0,
                    "201696": 32.0,
                    "201697": 32.0,
                    "2016117": 8.0,
                    "2016118": 24.0,
                    "2016119": 27.9,
                    "2016120": 15.9,
                    "2016125": 12.6,
                    "2016127": 12.6,
                    "2016130": 8.0,
                    "2016132": 8.0,
                    "2016135": 8.0,
                    "2016148": 16.0,
                    "2016154": 15.9,
                    "2016155": 15.9,
                    "2016160": 16.0,
                    "2016161": 10.7,
                    "2016162": 10.7,
                    "2016167": 16.0,
                    "2016168": 5.3,
                    "2016169": 13.3,
                    "2016174": 21.3,
                    "2016175": 21.3,
                    "2016176": 16.0,
                    "2016181": 21.3,
                    "2016182": 21.3,
                    "2016183": 16.0,
                    "2016188": 21.3,
                    "2016189": 16.0,
                    "2016190": 15.9,
                    "2016195": 21.3,
                    "2016196": 21.3,
                    "2016197": 16.0,
                    "2016202": 28.0,
                    "2016203": 32.0,
                    "2016204": 24.0,
                    "2016209": 32.0,
                    "2016210": 32.0,
                    "2016211": 24.0,
                    "2016216": 20.0,
                    "2016217": 32.0,
                    "2016218": 20.0,
                    "2016223": 16.0,
                    "2016224": 24.0,
                    "2016225": 20.0,
                    "2016230": 16.0,
                    "2016231": 32.0,
                    "2016232": 24.0,
                    "2016237": 20.0,
                    "2016238": 32.0,
                    "2016239": 24.0,
                    "2016244": 12.0,
                    "2016245": 32.0,
                    "2016246": 24.0,
                    "2016252": 32.0,
                    "2016253": 32.0
                },
                "FEAMN": {
                    "2016155": 37.3,
                    "2016168": 37.4,
                    "2016190": 37.3
                },
                "HARM": "Machine",
                "HADAT": "11/01/2016",
                "WBWAH": 5771.1,
                "BWCAH": 4.94,
                "DBWAH": 5485.9,
                "GNDAT": "01/30/2017",
                "FFRAC": 0.4052,
                "SFRAC": 0.5076,
                "TFRAC": 0.0872,
                "WFWAH": 2338.4,
                "WSWAH": 2929.7,
                "WSCWAH": 5268.1,
                "DFWAH": 2222.9,
                "DSWAH": 2784.9,
                "DSCWAH": 5007.8,
                "QLDAT": "06/15/2017",
                "FBMIC": 46.0,
                "FBLTH": 1.18,
                "FBUNI": 83.4,
                "FBSTR": 33.5,
                "FBELO": 5.9,
                "FBSFI": 8.3,
                "haids": [
                    "6425f88e8ac5475ec38ece8e",
                    "6425f88e8ac5475ec38ece8f",
                    "6425f88e8ac5475ec38ece90"
                ],
                "tids": [
                    "6425fb6f8ac54761e63cc810"
                ],
                "ccids": [
                    "6426002c8ac54764b9a30dae",
                    "6426002c8ac54764b9a30daf",
                    "6426002c8ac54764b9a30db0"
                ]
            },
            "_id": "6425efc78ac5475cc2c47105",
            "pid": "6425efc78ac5475cc2c47105"
        },
        {
            "type": "Feature",
            "geometry": {
                "type": "Polygon",
                "coordinates": [
                    [
                        [
                            -111.9772146,
                            33.07846495
                        ],
                        [
                            -111.97734556,
                            33.0784656
                        ],
                        [
                            -111.97734367,
                            33.07873624
                        ],
                        [
                            -111.97721271,
                            33.07873559
                        ],
                        [
                            -111.9772146,
                            33.07846495
                        ]
                    ]
                ]
            },
            "properties": {
                "plt_label": "p10-4",
                "trt_label": "100-100",
                "PLT_AREA": 366.81011,
                "CUL_NAME": "Deltapine 1549 B2XF",
                "PDATE": "04/25/2016",
                "PLYR": 2016,
                "PLDAY": 116,
                "IROP": "IR004",
                "IRVAL": {
                    "201670": 13.4,
                    "201671": 26.8,
                    "201674": 20.1,
                    "201675": 20.1,
                    "201676": 23.5,
                    "201677": 26.8,
                    "201678": 20.1,
                    "201681": 20.1,
                    "201691": 16.0,
                    "201692": 24.0,
                    "201695": 32.0,
                    "201696": 32.0,
                    "201697": 32.0,
                    "2016117": 8.0,
                    "2016118": 24.0,
                    "2016119": 27.9,
                    "2016120": 15.9,
                    "2016125": 12.6,
                    "2016127": 12.6,
                    "2016130": 8.0,
                    "2016132": 8.0,
                    "2016135": 8.0,
                    "2016148": 16.0,
                    "2016154": 15.9,
                    "2016155": 15.9,
                    "2016160": 20.0,
                    "2016161": 13.3,
                    "2016162": 13.3,
                    "2016167": 20.0,
                    "2016168": 6.7,
                    "2016169": 16.7,
                    "2016174": 26.7,
                    "2016175": 26.7,
                    "2016176": 20.0,
                    "2016181": 26.7,
                    "2016182": 26.7,
                    "2016183": 20.0,
                    "2016188": 26.7,
                    "2016189": 20.0,
                    "2016190": 15.9,
                    "2016195": 26.7,
                    "2016196": 26.7,
                    "2016197": 20.0,
                    "2016202": 23.3,
                    "2016203": 26.7,
                    "2016204": 20.0,
                    "2016209": 26.7,
                    "2016210": 26.7,
                    "2016211": 20.0,
                    "2016216": 16.7,
                    "2016217": 26.7,
                    "2016218": 16.7,
                    "2016223": 13.3,
                    "2016224": 20.0,
                    "2016225": 16.7,
                    "2016230": 13.3,
                    "2016231": 26.7,
                    "2016232": 20.0,
                    "2016237": 16.7,
                    "2016238": 26.7,
                    "2016239": 20.0,
                    "2016244": 10.0,
                    "2016245": 26.7,
                    "2016246": 20.0,
                    "2016252": 26.7,
                    "2016253": 26.7
                },
                "FEAMN": {
                    "2016155": 37.3,
                    "2016168": 37.4,
                    "2016190": 37.3
                },
                "HARM": "Machine",
                "HADAT": "11/01/2016",
                "WBWAH": 5126.7,
                "BWCAH": 5.27,
                "DBWAH": 4856.5,
                "GNDAT": "01/30/2017",
                "FFRAC": 0.3993,
                "SFRAC": 0.5074,
                "TFRAC": 0.0933,
                "WFWAH": 2047.3,
                "WSWAH": 2601.1,
                "WSCWAH": 4648.5,
                "DFWAH": 1939.4,
                "DSWAH": 2464.0,
                "DSCWAH": 4403.4,
                "QLDAT": "06/15/2017",
                "FBMIC": 43.0,
                "FBLTH": 1.15,
                "FBUNI": 81.5,
                "FBSTR": 33.1,
                "FBELO": 5.6,
                "FBSFI": 9.9,
                "haids": [
                    "6425f88e8ac5475ec38ece91",
                    "6425f88e8ac5475ec38ece92",
                    "6425f88e8ac5475ec38ece93"
                ],
                "tids": [
                    "6425fb6f8ac54761e63cc811"
                ],
                "ccids": [
                    "6426002c8ac54764b9a30db1",
                    "6426002c8ac54764b9a30db2",
                    "6426002c8ac54764b9a30db3"
                ]
            },
            "_id": "6425efc78ac5475cc2c47106",
            "pid": "6425efc78ac5475cc2c47106"
        },
        {
            "type": "Feature",
            "geometry": {
                "type": "Polygon",
                "coordinates": [
                    [
                        [
                            -111.97735942,
                            33.07954821
                        ],
                        [
                            -111.97749038,
                            33.07954886
                        ],
                        [
                            -111.97748849,
                            33.0798195
                        ],
                        [
                            -111.97735753,
                            33.07981885
                        ],
                        [
                            -111.97735942,
                            33.07954821
                        ]
                    ]
                ]
            },
            "properties": {
                "plt_label": "p11-1",
                "trt_label": "100-60",
                "PLT_AREA": 366.810125,
                "CUL_NAME": "Deltapine 1549 B2XF",
                "PDATE": "04/25/2016",
                "PLYR": 2016,
                "PLDAY": 116,
                "IROP": "IR004",
                "IRVAL": {
                    "201670": 13.4,
                    "201671": 26.8,
                    "201674": 20.1,
                    "201675": 20.1,
                    "201676": 23.5,
                    "201677": 26.8,
                    "201678": 20.1,
                    "201681": 20.1,
                    "201691": 16.0,
                    "201692": 24.0,
                    "201695": 32.0,
                    "201696": 32.0,
                    "201697": 32.0,
                    "2016117": 8.0,
                    "2016118": 24.0,
                    "2016119": 27.9,
                    "2016120": 15.9,
                    "2016125": 12.6,
                    "2016127": 12.6,
                    "2016130": 8.0,
                    "2016132": 8.0,
                    "2016135": 8.0,
                    "2016148": 16.0,
                    "2016154": 15.9,
                    "2016155": 15.9,
                    "2016160": 20.0,
                    "2016161": 13.3,
                    "2016162": 13.3,
                    "2016167": 20.0,
                    "2016168": 6.7,
                    "2016169": 16.7,
                    "2016174": 26.7,
                    "2016175": 26.7,
                    "2016176": 20.0,
                    "2016181": 26.7,
                    "2016182": 26.7,
                    "2016183": 20.0,
                    "2016188": 26.7,
                    "2016189": 20.0,
                    "2016190": 15.9,
                    "2016195": 26.7,
                    "2016196": 26.7,
                    "2016197": 20.0,
                    "2016202": 14.0,
                    "2016203": 16.0,
                    "2016204": 12.0,
                    "2016209": 16.0,
                    "2016210": 16.0,
                    "2016211": 12.0,
                    "2016216": 10.0,
                    "2016217": 16.0,
                    "2016218": 10.0,
                    "2016223": 8.0,
                    "2016224": 12.0,
                    "2016225": 10.0,
                    "2016230": 8.0,
                    "2016231": 16.0,
                    "2016232": 12.0,
                    "2016237": 10.0,
                    "2016238": 16.0,
                    "2016239": 12.0,
                    "2016244": 6.0,
                    "2016245": 16.0,
                    "2016246": 12.0,
                    "2016252": 16.0,
                    "2016253": 16.0
                },
                "FEAMN": {
                    "2016155": 37.3,
                    "2016168": 37.4,
                    "2016190": 37.3
                },
                "HARM": "Machine",
                "HADAT": "11/01/2016",
                "WBWAH": 3986.8,
                "BWCAH": 5.63,
                "DBWAH": 3762.2,
                "GNDAT": "01/30/2017",
                "FFRAC": 0.3821,
                "SFRAC": 0.5045,
                "TFRAC": 0.1134,
                "WFWAH": 1523.3,
                "WSWAH": 2011.2,
                "WSCWAH": 3534.6,
                "DFWAH": 1437.5,
                "DSWAH": 1897.9,
                "DSCWAH": 3335.4,
                "QLDAT": "06/15/2017",
                "FBMIC": 39.0,
                "FBLTH": 1.14,
                "FBUNI": 80.5,
                "FBSTR": 32.0,
                "FBELO": 5.1,
                "FBSFI": 10.2,
                "haids": [
                    "6425f88e8ac5475ec38ece94",
                    "6425f88e8ac5475ec38ece95",
                    "6425f88e8ac5475ec38ece96"
                ],
                "tids": [
                    "6425fb6f8ac54761e63cc812"
                ],
                "ccids": [
                    "6426002c8ac54764b9a30db4",
                    "6426002c8ac54764b9a30db5",
                    "6426002c8ac54764b9a30db6"
                ]
            },
            "_id": "6425efc78ac5475cc2c47107",
            "pid": "6425efc78ac5475cc2c47107"
        },
        {
            "type": "Feature",
            "geometry": {
                "type": "Polygon",
                "coordinates": [
                    [
                        [
                            -111.97736194,
                            33.07918737
                        ],
                        [
                            -111.9774929,
                            33.07918802
                        ],
                        [
                            -111.97749101,
                            33.07945867
                        ],
                        [
                            -111.97736005,
                            33.07945802
                        ],
                        [
                            -111.97736194,
                            33.07918737
                        ]
                    ]
                ]
            },
            "properties": {
                "plt_label": "p11-2",
                "trt_label": "80-60",
                "PLT_AREA": 366.81014,
                "CUL_NAME": "Deltapine 1549 B2XF",
                "PDATE": "04/25/2016",
                "PLYR": 2016,
                "PLDAY": 116,
                "IROP": "IR004",
                "IRVAL": {
                    "201670": 13.4,
                    "201671": 26.8,
                    "201674": 20.1,
                    "201675": 20.1,
                    "201676": 23.5,
                    "201677": 26.8,
                    "201678": 20.1,
                    "201681": 20.1,
                    "201691": 16.0,
                    "201692": 24.0,
                    "201695": 32.0,
                    "201696": 32.0,
                    "201697": 32.0,
                    "2016117": 8.0,
                    "2016118": 24.0,
                    "2016119": 27.9,
                    "2016120": 15.9,
                    "2016125": 12.6,
                    "2016127": 12.6,
                    "2016130": 8.0,
                    "2016132": 8.0,
                    "2016135": 8.0,
                    "2016148": 16.0,
                    "2016154": 15.9,
                    "2016155": 15.9,
                    "2016160": 16.0,
                    "2016161": 10.7,
                    "2016162": 10.7,
                    "2016167": 16.0,
                    "2016168": 5.3,
                    "2016169": 13.3,
                    "2016174": 21.3,
                    "2016175": 21.3,
                    "2016176": 16.0,
                    "2016181": 21.3,
                    "2016182": 21.3,
                    "2016183": 16.0,
                    "2016188": 21.3,
                    "2016189": 16.0,
                    "2016190": 15.9,
                    "2016195": 21.3,
                    "2016196": 21.3,
                    "2016197": 16.0,
                    "2016202": 14.0,
                    "2016203": 16.0,
                    "2016204": 12.0,
                    "2016209": 16.0,
                    "2016210": 16.0,
                    "2016211": 12.0,
                    "2016216": 10.0,
                    "2016217": 16.0,
                    "2016218": 10.0,
                    "2016223": 8.0,
                    "2016224": 12.0,
                    "2016225": 10.0,
                    "2016230": 8.0,
                    "2016231": 16.0,
                    "2016232": 12.0,
                    "2016237": 10.0,
                    "2016238": 16.0,
                    "2016239": 12.0,
                    "2016244": 6.0,
                    "2016245": 16.0,
                    "2016246": 12.0,
                    "2016252": 16.0,
                    "2016253": 16.0
                },
                "FEAMN": {
                    "2016155": 37.3,
                    "2016168": 37.4,
                    "2016190": 37.3
                },
                "HARM": "Machine",
                "HADAT": "11/01/2016",
                "WBWAH": 4218.9,
                "BWCAH": 5.29,
                "DBWAH": 3995.9,
                "GNDAT": "01/30/2017",
                "FFRAC": 0.4012,
                "SFRAC": 0.5173,
                "TFRAC": 0.0814,
                "WFWAH": 1692.7,
                "WSWAH": 2182.6,
                "WSCWAH": 3875.3,
                "DFWAH": 1603.2,
                "DSWAH": 2067.3,
                "DSCWAH": 3670.5,
                "QLDAT": "06/15/2017",
                "FBMIC": 48.0,
                "FBLTH": 1.13,
                "FBUNI": 82.2,
                "FBSTR": 31.3,
                "FBELO": 4.9,
                "FBSFI": 9.2,
                "haids": [
                    "6425f88e8ac5475ec38ece97",
                    "6425f88e8ac5475ec38ece98",
                    "6425f88e8ac5475ec38ece99"
                ],
                "tids": [
                    "6425fb6f8ac54761e63cc813"
                ],
                "ccids": [
                    "6426002c8ac54764b9a30db7",
                    "6426002c8ac54764b9a30db8",
                    "6426002c8ac54764b9a30db9"
                ]
            },
            "_id": "6425efc78ac5475cc2c47108",
            "pid": "6425efc78ac5475cc2c47108"
        },
        {
            "type": "Feature",
            "geometry": {
                "type": "Polygon",
                "coordinates": [
                    [
                        [
                            -111.97736446,
                            33.07882654
                        ],
                        [
                            -111.97749542,
                            33.07882719
                        ],
                        [
                            -111.97749353,
                            33.07909783
                        ],
                        [
                            -111.97736257,
                            33.07909718
                        ],
                        [
                            -111.97736446,
                            33.07882654
                        ]
                    ]
                ]
            },
            "properties": {
                "plt_label": "p11-3",
                "trt_label": "120-100",
                "PLT_AREA": 366.81011,
                "CUL_NAME": "Deltapine 1549 B2XF",
                "PDATE": "04/25/2016",
                "PLYR": 2016,
                "PLDAY": 116,
                "IROP": "IR004",
                "IRVAL": {
                    "201670": 13.4,
                    "201671": 26.8,
                    "201674": 20.1,
                    "201675": 20.1,
                    "201676": 23.5,
                    "201677": 26.8,
                    "201678": 20.1,
                    "201681": 20.1,
                    "201691": 16.0,
                    "201692": 24.0,
                    "201695": 32.0,
                    "201696": 32.0,
                    "201697": 32.0,
                    "2016117": 8.0,
                    "2016118": 24.0,
                    "2016119": 27.9,
                    "2016120": 15.9,
                    "2016125": 12.6,
                    "2016127": 12.6,
                    "2016130": 8.0,
                    "2016132": 8.0,
                    "2016135": 8.0,
                    "2016148": 16.0,
                    "2016154": 15.9,
                    "2016155": 15.9,
                    "2016160": 24.0,
                    "2016161": 16.0,
                    "2016162": 16.0,
                    "2016167": 24.0,
                    "2016168": 8.0,
                    "2016169": 20.0,
                    "2016174": 32.0,
                    "2016175": 32.0,
                    "2016176": 24.0,
                    "2016181": 32.0,
                    "2016182": 32.0,
                    "2016183": 24.0,
                    "2016188": 32.0,
                    "2016189": 24.0,
                    "2016190": 15.9,
                    "2016195": 32.0,
                    "2016196": 32.0,
                    "2016197": 24.0,
                    "2016202": 23.3,
                    "2016203": 26.7,
                    "2016204": 20.0,
                    "2016209": 26.7,
                    "2016210": 26.7,
                    "2016211": 20.0,
                    "2016216": 16.7,
                    "2016217": 26.7,
                    "2016218": 16.7,
                    "2016223": 13.3,
                    "2016224": 20.0,
                    "2016225": 16.7,
                    "2016230": 13.3,
                    "2016231": 26.7,
                    "2016232": 20.0,
                    "2016237": 16.7,
                    "2016238": 26.7,
                    "2016239": 20.0,
                    "2016244": 10.0,
                    "2016245": 26.7,
                    "2016246": 20.0,
                    "2016252": 26.7,
                    "2016253": 26.7
                },
                "FEAMN": {
                    "2016155": 37.3,
                    "2016168": 37.4,
                    "2016190": 37.3
                },
                "HARM": "Machine",
                "HADAT": "11/01/2016",
                "WBWAH": 4915.4,
                "BWCAH": 5.05,
                "DBWAH": 4667.0,
                "GNDAT": "01/25/2017",
                "FFRAC": 0.4,
                "SFRAC": 0.4935,
                "TFRAC": 0.1065,
                "WFWAH": 1966.2,
                "WSWAH": 2426.0,
                "WSCWAH": 4392.1,
                "DFWAH": 1866.8,
                "DSWAH": 2303.4,
                "DSCWAH": 4170.2,
                "QLDAT": "06/15/2017",
                "FBMIC": 44.0,
                "FBLTH": 1.18,
                "FBUNI": 82.5,
                "FBSTR": 34.5,
                "FBELO": 5.3,
                "FBSFI": 8.7,
                "haids": [
                    "6425f88e8ac5475ec38ece9a",
                    "6425f88e8ac5475ec38ece9b",
                    "6425f88e8ac5475ec38ece9c"
                ],
                "tids": [
                    "6425fb6f8ac54761e63cc814"
                ],
                "ccids": [
                    "6426002c8ac54764b9a30dba",
                    "6426002c8ac54764b9a30dbb",
                    "6426002c8ac54764b9a30dbc"
                ]
            },
            "_id": "6425efc78ac5475cc2c47109",
            "pid": "6425efc78ac5475cc2c47109"
        },
        {
            "type": "Feature",
            "geometry": {
                "type": "Polygon",
                "coordinates": [
                    [
                        [
                            -111.97736698,
                            33.07846571
                        ],
                        [
                            -111.97749794,
                            33.07846636
                        ],
                        [
                            -111.97749605,
                            33.078737
                        ],
                        [
                            -111.97736509,
                            33.07873635
                        ],
                        [
                            -111.97736698,
                            33.07846571
                        ]
                    ]
                ]
            },
            "properties": {
                "plt_label": "p11-4",
                "trt_label": "60-100",
                "PLT_AREA": 366.810203,
                "CUL_NAME": "Deltapine 1549 B2XF",
                "PDATE": "04/25/2016",
                "PLYR": 2016,
                "PLDAY": 116,
                "IROP": "IR004",
                "IRVAL": {
                    "201670": 13.4,
                    "201671": 26.8,
                    "201674": 20.1,
                    "201675": 20.1,
                    "201676": 23.5,
                    "201677": 26.8,
                    "201678": 20.1,
                    "201681": 20.1,
                    "201691": 16.0,
                    "201692": 24.0,
                    "201695": 32.0,
                    "201696": 32.0,
                    "201697": 32.0,
                    "2016117": 8.0,
                    "2016118": 24.0,
                    "2016119": 27.9,
                    "2016120": 15.9,
                    "2016125": 12.6,
                    "2016127": 12.6,
                    "2016130": 8.0,
                    "2016132": 8.0,
                    "2016135": 8.0,
                    "2016148": 16.0,
                    "2016154": 15.9,
                    "2016155": 15.9,
                    "2016160": 12.0,
                    "2016161": 8.0,
                    "2016162": 8.0,
                    "2016167": 12.0,
                    "2016168": 4.0,
                    "2016169": 10.0,
                    "2016174": 16.0,
                    "2016175": 16.0,
                    "2016176": 12.0,
                    "2016181": 16.0,
                    "2016182": 16.0,
                    "2016183": 12.0,
                    "2016188": 16.0,
                    "2016189": 12.0,
                    "2016190": 15.9,
                    "2016195": 16.0,
                    "2016196": 16.0,
                    "2016197": 12.0,
                    "2016202": 23.3,
                    "2016203": 26.7,
                    "2016204": 20.0,
                    "2016209": 26.7,
                    "2016210": 26.7,
                    "2016211": 20.0,
                    "2016216": 16.7,
                    "2016217": 26.7,
                    "2016218": 16.7,
                    "2016223": 13.3,
                    "2016224": 20.0,
                    "2016225": 16.7,
                    "2016230": 13.3,
                    "2016231": 26.7,
                    "2016232": 20.0,
                    "2016237": 16.7,
                    "2016238": 26.7,
                    "2016239": 20.0,
                    "2016244": 10.0,
                    "2016245": 26.7,
                    "2016246": 20.0,
                    "2016252": 26.7,
                    "2016253": 26.7
                },
                "FEAMN": {
                    "2016155": 37.3,
                    "2016168": 37.4,
                    "2016190": 37.3
                },
                "HARM": "Machine",
                "HADAT": "11/01/2016",
                "WBWAH": 5780.0,
                "BWCAH": 4.96,
                "DBWAH": 5493.6,
                "GNDAT": "01/30/2017",
                "FFRAC": 0.3926,
                "SFRAC": 0.5077,
                "TFRAC": 0.0997,
                "WFWAH": 2269.5,
                "WSWAH": 2934.3,
                "WSCWAH": 5203.8,
                "DFWAH": 2157.0,
                "DSWAH": 2788.9,
                "DSCWAH": 4945.9,
                "QLDAT": "06/15/2017",
                "FBMIC": 45.0,
                "FBLTH": 1.12,
                "FBUNI": 79.9,
                "FBSTR": 32.2,
                "FBELO": 5.2,
                "FBSFI": 10.1,
                "haids": [
                    "6425f88e8ac5475ec38ece9d",
                    "6425f88e8ac5475ec38ece9e",
                    "6425f88e8ac5475ec38ece9f"
                ],
                "tids": [
                    "6425fb6f8ac54761e63cc815"
                ],
                "ccids": [
                    "6426002c8ac54764b9a30dbd",
                    "6426002c8ac54764b9a30dbe",
                    "6426002c8ac54764b9a30dbf"
                ]
            },
            "_id": "6425efc78ac5475cc2c4710a",
            "pid": "6425efc78ac5475cc2c4710a"
        },
        {
            "type": "Feature",
            "geometry": {
                "type": "Polygon",
                "coordinates": [
                    [
                        [
                            -111.9775118,
                            33.07954896
                        ],
                        [
                            -111.97764276,
                            33.07954961
                        ],
                        [
                            -111.97764087,
                            33.07982026
                        ],
                        [
                            -111.97750991,
                            33.07981961
                        ],
                        [
                            -111.9775118,
                            33.07954896
                        ]
                    ]
                ]
            },
            "properties": {
                "plt_label": "p12-1",
                "trt_label": "80-80",
                "PLT_AREA": 366.81014,
                "CUL_NAME": "Deltapine 1549 B2XF",
                "PDATE": "04/25/2016",
                "PLYR": 2016,
                "PLDAY": 116,
                "IROP": "IR004",
                "IRVAL": {
                    "201670": 13.4,
                    "201671": 26.8,
                    "201674": 20.1,
                    "201675": 20.1,
                    "201676": 23.5,
                    "201677": 26.8,
                    "201678": 20.1,
                    "201681": 20.1,
                    "201691": 16.0,
                    "201692": 24.0,
                    "201695": 32.0,
                    "201696": 32.0,
                    "201697": 32.0,
                    "2016117": 8.0,
                    "2016118": 24.0,
                    "2016119": 27.9,
                    "2016120": 15.9,
                    "2016125": 12.6,
                    "2016127": 12.6,
                    "2016130": 8.0,
                    "2016132": 8.0,
                    "2016135": 8.0,
                    "2016148": 16.0,
                    "2016154": 15.9,
                    "2016155": 15.9,
                    "2016160": 16.0,
                    "2016161": 10.7,
                    "2016162": 10.7,
                    "2016167": 16.0,
                    "2016168": 5.3,
                    "2016169": 13.3,
                    "2016174": 21.3,
                    "2016175": 21.3,
                    "2016176": 16.0,
                    "2016181": 21.3,
                    "2016182": 21.3,
                    "2016183": 16.0,
                    "2016188": 21.3,
                    "2016189": 16.0,
                    "2016190": 15.9,
                    "2016195": 21.3,
                    "2016196": 21.3,
                    "2016197": 16.0,
                    "2016202": 18.7,
                    "2016203": 21.3,
                    "2016204": 16.0,
                    "2016209": 21.3,
                    "2016210": 21.3,
                    "2016211": 16.0,
                    "2016216": 13.3,
                    "2016217": 21.3,
                    "2016218": 13.3,
                    "2016223": 10.7,
                    "2016224": 16.0,
                    "2016225": 13.3,
                    "2016230": 10.7,
                    "2016231": 21.3,
                    "2016232": 16.0,
                    "2016237": 13.3,
                    "2016238": 21.3,
                    "2016239": 16.0,
                    "2016244": 8.0,
                    "2016245": 21.3,
                    "2016246": 16.0,
                    "2016252": 21.3,
                    "2016253": 21.3
                },
                "FEAMN": {
                    "2016155": 37.3,
                    "2016168": 37.4,
                    "2016190": 37.3
                },
                "HARM": "Machine",
                "HADAT": "11/01/2016",
                "WBWAH": 4814.2,
                "BWCAH": 5.22,
                "DBWAH": 4562.8,
                "GNDAT": "01/25/2017",
                "FFRAC": 0.399,
                "SFRAC": 0.5152,
                "TFRAC": 0.0859,
                "WFWAH": 1920.8,
                "WSWAH": 2480.0,
                "WSCWAH": 4400.9,
                "DFWAH": 1820.5,
                "DSWAH": 2350.5,
                "DSCWAH": 4171.1,
                "QLDAT": "06/15/2017",
                "FBMIC": 47.0,
                "FBLTH": 1.12,
                "FBUNI": 82.2,
                "FBSTR": 31.3,
                "FBELO": 5.2,
                "FBSFI": 9.4,
                "haids": [
                    "6425f88e8ac5475ec38ecea0",
                    "6425f88e8ac5475ec38ecea1",
                    "6425f88e8ac5475ec38ecea2"
                ],
                "tids": [
                    "6425fb6f8ac54761e63cc816"
                ],
                "ccids": [
                    "6426002c8ac54764b9a30dc0",
                    "6426002c8ac54764b9a30dc1",
                    "6426002c8ac54764b9a30dc2"
                ]
            },
            "_id": "6425efc78ac5475cc2c4710b",
            "pid": "6425efc78ac5475cc2c4710b"
        },
        {
            "type": "Feature",
            "geometry": {
                "type": "Polygon",
                "coordinates": [
                    [
                        [
                            -111.97751432,
                            33.07918813
                        ],
                        [
                            -111.97764528,
                            33.07918878
                        ],
                        [
                            -111.97764339,
                            33.07945942
                        ],
                        [
                            -111.97751243,
                            33.07945877
                        ],
                        [
                            -111.97751432,
                            33.07918813
                        ]
                    ]
                ]
            },
            "properties": {
                "plt_label": "p12-2",
                "trt_label": "60-120",
                "PLT_AREA": 366.81011,
                "CUL_NAME": "Deltapine 1549 B2XF",
                "PDATE": "04/25/2016",
                "PLYR": 2016,
                "PLDAY": 116,
                "IROP": "IR004",
                "IRVAL": {
                    "201670": 13.4,
                    "201671": 26.8,
                    "201674": 20.1,
                    "201675": 20.1,
                    "201676": 23.5,
                    "201677": 26.8,
                    "201678": 20.1,
                    "201681": 20.1,
                    "201691": 16.0,
                    "201692": 24.0,
                    "201695": 32.0,
                    "201696": 32.0,
                    "201697": 32.0,
                    "2016117": 8.0,
                    "2016118": 24.0,
                    "2016119": 27.9,
                    "2016120": 15.9,
                    "2016125": 12.6,
                    "2016127": 12.6,
                    "2016130": 8.0,
                    "2016132": 8.0,
                    "2016135": 8.0,
                    "2016148": 16.0,
                    "2016154": 15.9,
                    "2016155": 15.9,
                    "2016160": 12.0,
                    "2016161": 8.0,
                    "2016162": 8.0,
                    "2016167": 12.0,
                    "2016168": 4.0,
                    "2016169": 10.0,
                    "2016174": 16.0,
                    "2016175": 16.0,
                    "2016176": 12.0,
                    "2016181": 16.0,
                    "2016182": 16.0,
                    "2016183": 12.0,
                    "2016188": 16.0,
                    "2016189": 12.0,
                    "2016190": 15.9,
                    "2016195": 16.0,
                    "2016196": 16.0,
                    "2016197": 12.0,
                    "2016202": 28.0,
                    "2016203": 32.0,
                    "2016204": 24.0,
                    "2016209": 32.0,
                    "2016210": 32.0,
                    "2016211": 24.0,
                    "2016216": 20.0,
                    "2016217": 32.0,
                    "2016218": 20.0,
                    "2016223": 16.0,
                    "2016224": 24.0,
                    "2016225": 20.0,
                    "2016230": 16.0,
                    "2016231": 32.0,
                    "2016232": 24.0,
                    "2016237": 20.0,
                    "2016238": 32.0,
                    "2016239": 24.0,
                    "2016244": 12.0,
                    "2016245": 32.0,
                    "2016246": 24.0,
                    "2016252": 32.0,
                    "2016253": 32.0
                },
                "FEAMN": {
                    "2016155": 37.3,
                    "2016168": 37.4,
                    "2016190": 37.3
                },
                "HARM": "Machine",
                "HADAT": "11/01/2016",
                "WBWAH": 5333.6,
                "BWCAH": 5.26,
                "DBWAH": 5053.3,
                "GNDAT": "01/30/2017",
                "FFRAC": 0.3948,
                "SFRAC": 0.5171,
                "TFRAC": 0.0881,
                "WFWAH": 2105.6,
                "WSWAH": 2758.1,
                "WSCWAH": 4863.7,
                "DFWAH": 1994.9,
                "DSWAH": 2613.2,
                "DSCWAH": 4608.1,
                "QLDAT": "06/15/2017",
                "FBMIC": 42.0,
                "FBLTH": 1.18,
                "FBUNI": 81.8,
                "FBSTR": 33.7,
                "FBELO": 5.7,
                "FBSFI": 8.9,
                "haids": [
                    "6425f88e8ac5475ec38ecea3",
                    "6425f88e8ac5475ec38ecea4",
                    "6425f88e8ac5475ec38ecea5"
                ],
                "tids": [
                    "6425fb6f8ac54761e63cc817"
                ],
                "ccids": [
                    "6426002c8ac54764b9a30dc3",
                    "6426002c8ac54764b9a30dc4",
                    "6426002c8ac54764b9a30dc5"
                ]
            },
            "_id": "6425efc78ac5475cc2c4710c",
            "pid": "6425efc78ac5475cc2c4710c"
        },
        {
            "type": "Feature",
            "geometry": {
                "type": "Polygon",
                "coordinates": [
                    [
                        [
                            -111.97751685,
                            33.0788273
                        ],
                        [
                            -111.9776478,
                            33.07882795
                        ],
                        [
                            -111.97764591,
                            33.07909859
                        ],
                        [
                            -111.97751495,
                            33.07909794
                        ],
                        [
                            -111.97751685,
                            33.0788273
                        ]
                    ]
                ]
            },
            "properties": {
                "plt_label": "p12-3",
                "trt_label": "100-120",
                "PLT_AREA": 366.810144,
                "CUL_NAME": "Deltapine 1549 B2XF",
                "PDATE": "04/25/2016",
                "PLYR": 2016,
                "PLDAY": 116,
                "IROP": "IR004",
                "IRVAL": {
                    "201670": 13.4,
                    "201671": 26.8,
                    "201674": 20.1,
                    "201675": 20.1,
                    "201676": 23.5,
                    "201677": 26.8,
                    "201678": 20.1,
                    "201681": 20.1,
                    "201691": 16.0,
                    "201692": 24.0,
                    "201695": 32.0,
                    "201696": 32.0,
                    "201697": 32.0,
                    "2016117": 8.0,
                    "2016118": 24.0,
                    "2016119": 27.9,
                    "2016120": 15.9,
                    "2016125": 12.6,
                    "2016127": 12.6,
                    "2016130": 8.0,
                    "2016132": 8.0,
                    "2016135": 8.0,
                    "2016148": 16.0,
                    "2016154": 15.9,
                    "2016155": 15.9,
                    "2016160": 20.0,
                    "2016161": 13.3,
                    "2016162": 13.3,
                    "2016167": 20.0,
                    "2016168": 6.7,
                    "2016169": 16.7,
                    "2016174": 26.7,
                    "2016175": 26.7,
                    "2016176": 20.0,
                    "2016181": 26.7,
                    "2016182": 26.7,
                    "2016183": 20.0,
                    "2016188": 26.7,
                    "2016189": 20.0,
                    "2016190": 15.9,
                    "2016195": 26.7,
                    "2016196": 26.7,
                    "2016197": 20.0,
                    "2016202": 28.0,
                    "2016203": 32.0,
                    "2016204": 24.0,
                    "2016209": 32.0,
                    "2016210": 32.0,
                    "2016211": 24.0,
                    "2016216": 20.0,
                    "2016217": 32.0,
                    "2016218": 20.0,
                    "2016223": 16.0,
                    "2016224": 24.0,
                    "2016225": 20.0,
                    "2016230": 16.0,
                    "2016231": 32.0,
                    "2016232": 24.0,
                    "2016237": 20.0,
                    "2016238": 32.0,
                    "2016239": 24.0,
                    "2016244": 12.0,
                    "2016245": 32.0,
                    "2016246": 24.0,
                    "2016252": 32.0,
                    "2016253": 32.0
                },
                "FEAMN": {
                    "2016155": 37.3,
                    "2016168": 37.4,
                    "2016190": 37.3
                },
                "HARM": "Machine",
                "HADAT": "11/01/2016",
                "WBWAH": 5152.8,
                "BWCAH": 5.63,
                "DBWAH": 4862.9,
                "GNDAT": "01/30/2017",
                "FFRAC": 0.3974,
                "SFRAC": 0.4983,
                "TFRAC": 0.1043,
                "WFWAH": 2047.5,
                "WSWAH": 2567.9,
                "WSCWAH": 4615.3,
                "DFWAH": 1932.3,
                "DSWAH": 2423.4,
                "DSCWAH": 4355.7,
                "QLDAT": "06/15/2017",
                "FBMIC": 41.0,
                "FBLTH": 1.19,
                "FBUNI": 82.0,
                "FBSTR": 32.3,
                "FBELO": 5.6,
                "FBSFI": 8.8,
                "haids": [
                    "6425f88e8ac5475ec38ecea6",
                    "6425f88e8ac5475ec38ecea7",
                    "6425f88e8ac5475ec38ecea8"
                ],
                "tids": [
                    "6425fb6f8ac54761e63cc818"
                ],
                "ccids": [
                    "6426002c8ac54764b9a30dc6",
                    "6426002c8ac54764b9a30dc7",
                    "6426002c8ac54764b9a30dc8"
                ]
            },
            "_id": "6425efc78ac5475cc2c4710d",
            "pid": "6425efc78ac5475cc2c4710d"
        },
        {
            "type": "Feature",
            "geometry": {
                "type": "Polygon",
                "coordinates": [
                    [
                        [
                            -111.97751937,
                            33.07846646
                        ],
                        [
                            -111.97765032,
                            33.07846711
                        ],
                        [
                            -111.97764843,
                            33.07873776
                        ],
                        [
                            -111.97751748,
                            33.07873711
                        ],
                        [
                            -111.97751937,
                            33.07846646
                        ]
                    ]
                ]
            },
            "properties": {
                "plt_label": "p12-4",
                "trt_label": "80-100",
                "PLT_AREA": 366.810125,
                "CUL_NAME": "Deltapine 1549 B2XF",
                "PDATE": "04/25/2016",
                "PLYR": 2016,
                "PLDAY": 116,
                "IROP": "IR004",
                "IRVAL": {
                    "201670": 13.4,
                    "201671": 26.8,
                    "201674": 20.1,
                    "201675": 20.1,
                    "201676": 23.5,
                    "201677": 26.8,
                    "201678": 20.1,
                    "201681": 20.1,
                    "201691": 16.0,
                    "201692": 24.0,
                    "201695": 32.0,
                    "201696": 32.0,
                    "201697": 32.0,
                    "2016117": 8.0,
                    "2016118": 24.0,
                    "2016119": 27.9,
                    "2016120": 15.9,
                    "2016125": 12.6,
                    "2016127": 12.6,
                    "2016130": 8.0,
                    "2016132": 8.0,
                    "2016135": 8.0,
                    "2016148": 16.0,
                    "2016154": 15.9,
                    "2016155": 15.9,
                    "2016160": 16.0,
                    "2016161": 10.7,
                    "2016162": 10.7,
                    "2016167": 16.0,
                    "2016168": 5.3,
                    "2016169": 13.3,
                    "2016174": 21.3,
                    "2016175": 21.3,
                    "2016176": 16.0,
                    "2016181": 21.3,
                    "2016182": 21.3,
                    "2016183": 16.0,
                    "2016188": 21.3,
                    "2016189": 16.0,
                    "2016190": 15.9,
                    "2016195": 21.3,
                    "2016196": 21.3,
                    "2016197": 16.0,
                    "2016202": 23.3,
                    "2016203": 26.7,
                    "2016204": 20.0,
                    "2016209": 26.7,
                    "2016210": 26.7,
                    "2016211": 20.0,
                    "2016216": 16.7,
                    "2016217": 26.7,
                    "2016218": 16.7,
                    "2016223": 13.3,
                    "2016224": 20.0,
                    "2016225": 16.7,
                    "2016230": 13.3,
                    "2016231": 26.7,
                    "2016232": 20.0,
                    "2016237": 16.7,
                    "2016238": 26.7,
                    "2016239": 20.0,
                    "2016244": 10.0,
                    "2016245": 26.7,
                    "2016246": 20.0,
                    "2016252": 26.7,
                    "2016253": 26.7
                },
                "FEAMN": {
                    "2016155": 37.3,
                    "2016168": 37.4,
                    "2016190": 37.3
                },
                "HARM": "Machine",
                "HADAT": "11/01/2016",
                "WBWAH": 5558.3,
                "BWCAH": 5.13,
                "DBWAH": 5273.2,
                "GNDAT": "01/25/2017",
                "FFRAC": 0.4118,
                "SFRAC": 0.504,
                "TFRAC": 0.0843,
                "WFWAH": 2288.7,
                "WSWAH": 2801.2,
                "WSCWAH": 5089.9,
                "DFWAH": 2171.3,
                "DSWAH": 2657.6,
                "DSCWAH": 4828.9,
                "QLDAT": "06/15/2017",
                "FBMIC": 47.0,
                "FBLTH": 1.11,
                "FBUNI": 81.9,
                "FBSTR": 31.5,
                "FBELO": 5.6,
                "FBSFI": 9.2,
                "haids": [
                    "6425f88e8ac5475ec38ecea9",
                    "6425f88e8ac5475ec38eceaa",
                    "6425f88e8ac5475ec38eceab"
                ],
                "tids": [
                    "6425fb6f8ac54761e63cc819"
                ],
                "ccids": [
                    "6426002c8ac54764b9a30dc9",
                    "6426002c8ac54764b9a30dca",
                    "6426002c8ac54764b9a30dcb"
                ]
            },
            "_id": "6425efc78ac5475cc2c4710e",
            "pid": "6425efc78ac5475cc2c4710e"
        },
        {
            "type": "Feature",
            "geometry": {
                "type": "Polygon",
                "coordinates": [
                    [
                        [
                            -111.97766327,
                            33.07954972
                        ],
                        [
                            -111.97779422,
                            33.07955037
                        ],
                        [
                            -111.97779233,
                            33.07982101
                        ],
                        [
                            -111.97766139,
                            33.07982036
                        ],
                        [
                            -111.97766327,
                            33.07954972
                        ]
                    ]
                ]
            },
            "properties": {
                "plt_label": "p13-1",
                "trt_label": "60-100",
                "PLT_AREA": 366.762405,
                "CUL_NAME": "Deltapine 1549 B2XF",
                "PDATE": "04/25/2016",
                "PLYR": 2016,
                "PLDAY": 116,
                "IROP": "IR004",
                "IRVAL": {
                    "201670": 13.4,
                    "201671": 26.8,
                    "201674": 20.1,
                    "201675": 20.1,
                    "201676": 23.5,
                    "201677": 26.8,
                    "201678": 20.1,
                    "201681": 20.1,
                    "201691": 16.0,
                    "201692": 24.0,
                    "201695": 32.0,
                    "201696": 32.0,
                    "201697": 32.0,
                    "2016117": 8.0,
                    "2016118": 24.0,
                    "2016119": 27.9,
                    "2016120": 15.9,
                    "2016125": 12.6,
                    "2016127": 12.6,
                    "2016130": 8.0,
                    "2016132": 8.0,
                    "2016135": 8.0,
                    "2016148": 16.0,
                    "2016154": 15.9,
                    "2016155": 15.9,
                    "2016160": 12.0,
                    "2016161": 8.0,
                    "2016162": 8.0,
                    "2016167": 12.0,
                    "2016168": 4.0,
                    "2016169": 10.0,
                    "2016174": 16.0,
                    "2016175": 16.0,
                    "2016176": 12.0,
                    "2016181": 16.0,
                    "2016182": 16.0,
                    "2016183": 12.0,
                    "2016188": 16.0,
                    "2016189": 12.0,
                    "2016190": 15.9,
                    "2016195": 16.0,
                    "2016196": 16.0,
                    "2016197": 12.0,
                    "2016202": 23.3,
                    "2016203": 26.7,
                    "2016204": 20.0,
                    "2016209": 26.7,
                    "2016210": 26.7,
                    "2016211": 20.0,
                    "2016216": 16.7,
                    "2016217": 26.7,
                    "2016218": 16.7,
                    "2016223": 13.3,
                    "2016224": 20.0,
                    "2016225": 16.7,
                    "2016230": 13.3,
                    "2016231": 26.7,
                    "2016232": 20.0,
                    "2016237": 16.7,
                    "2016238": 26.7,
                    "2016239": 20.0,
                    "2016244": 10.0,
                    "2016245": 26.7,
                    "2016246": 20.0,
                    "2016252": 26.7,
                    "2016253": 26.7
                },
                "FEAMN": {
                    "2016155": 37.3,
                    "2016168": 37.4,
                    "2016190": 37.3
                },
                "HARM": "Machine",
                "HADAT": "11/01/2016",
                "WBWAH": 5601.4,
                "BWCAH": 5.19,
                "DBWAH": 5310.8,
                "GNDAT": "01/23/2017",
                "FFRAC": 0.3905,
                "SFRAC": 0.5104,
                "TFRAC": 0.0991,
                "WFWAH": 2187.5,
                "WSWAH": 2858.7,
                "WSCWAH": 5046.3,
                "DFWAH": 2074.0,
                "DSWAH": 2710.4,
                "DSCWAH": 4784.4,
                "QLDAT": "06/15/2017",
                "FBMIC": 39.0,
                "FBLTH": 1.16,
                "FBUNI": 81.6,
                "FBSTR": 33.2,
                "FBELO": 5.3,
                "FBSFI": 9.3,
                "haids": [
                    "6425f88e8ac5475ec38eceac",
                    "6425f88e8ac5475ec38ecead",
                    "6425f88e8ac5475ec38eceae"
                ],
                "tids": [
                    "6425fb6f8ac54761e63cc81a"
                ],
                "ccids": [
                    "6426002c8ac54764b9a30dcc",
                    "6426002c8ac54764b9a30dcd",
                    "6426002c8ac54764b9a30dce"
                ]
            },
            "_id": "6425efc78ac5475cc2c4710f",
            "pid": "6425efc78ac5475cc2c4710f"
        },
        {
            "type": "Feature",
            "geometry": {
                "type": "Polygon",
                "coordinates": [
                    [
                        [
                            -111.97766579,
                            33.07918888
                        ],
                        [
                            -111.97779674,
                            33.07918953
                        ],
                        [
                            -111.97779485,
                            33.07946017
                        ],
                        [
                            -111.9776639,
                            33.07945952
                        ],
                        [
                            -111.97766579,
                            33.07918888
                        ]
                    ]
                ]
            },
            "properties": {
                "plt_label": "p13-2",
                "trt_label": "100-60",
                "PLT_AREA": 366.770405,
                "CUL_NAME": "Deltapine 1549 B2XF",
                "PDATE": "04/25/2016",
                "PLYR": 2016,
                "PLDAY": 116,
                "IROP": "IR004",
                "IRVAL": {
                    "201670": 13.4,
                    "201671": 26.8,
                    "201674": 20.1,
                    "201675": 20.1,
                    "201676": 23.5,
                    "201677": 26.8,
                    "201678": 20.1,
                    "201681": 20.1,
                    "201691": 16.0,
                    "201692": 24.0,
                    "201695": 32.0,
                    "201696": 32.0,
                    "201697": 32.0,
                    "2016117": 8.0,
                    "2016118": 24.0,
                    "2016119": 27.9,
                    "2016120": 15.9,
                    "2016125": 12.6,
                    "2016127": 12.6,
                    "2016130": 8.0,
                    "2016132": 8.0,
                    "2016135": 8.0,
                    "2016148": 16.0,
                    "2016154": 15.9,
                    "2016155": 15.9,
                    "2016160": 20.0,
                    "2016161": 13.3,
                    "2016162": 13.3,
                    "2016167": 20.0,
                    "2016168": 6.7,
                    "2016169": 16.7,
                    "2016174": 26.7,
                    "2016175": 26.7,
                    "2016176": 20.0,
                    "2016181": 26.7,
                    "2016182": 26.7,
                    "2016183": 20.0,
                    "2016188": 26.7,
                    "2016189": 20.0,
                    "2016190": 15.9,
                    "2016195": 26.7,
                    "2016196": 26.7,
                    "2016197": 20.0,
                    "2016202": 14.0,
                    "2016203": 16.0,
                    "2016204": 12.0,
                    "2016209": 16.0,
                    "2016210": 16.0,
                    "2016211": 12.0,
                    "2016216": 10.0,
                    "2016217": 16.0,
                    "2016218": 10.0,
                    "2016223": 8.0,
                    "2016224": 12.0,
                    "2016225": 10.0,
                    "2016230": 8.0,
                    "2016231": 16.0,
                    "2016232": 12.0,
                    "2016237": 10.0,
                    "2016238": 16.0,
                    "2016239": 12.0,
                    "2016244": 6.0,
                    "2016245": 16.0,
                    "2016246": 12.0,
                    "2016252": 16.0,
                    "2016253": 16.0
                },
                "FEAMN": {
                    "2016155": 37.3,
                    "2016168": 37.4,
                    "2016190": 37.3
                },
                "HARM": "Machine",
                "HADAT": "11/01/2016",
                "WBWAH": 4925.8,
                "BWCAH": 4.62,
                "DBWAH": 4698.2,
                "GNDAT": "01/30/2017",
                "FFRAC": 0.3922,
                "SFRAC": 0.4984,
                "TFRAC": 0.1094,
                "WFWAH": 1931.8,
                "WSWAH": 2455.2,
                "WSCWAH": 4387.1,
                "DFWAH": 1842.6,
                "DSWAH": 2341.8,
                "DSCWAH": 4184.4,
                "QLDAT": "06/15/2017",
                "FBMIC": 44.0,
                "FBLTH": 1.14,
                "FBUNI": 82.1,
                "FBSTR": 31.8,
                "FBELO": 5.5,
                "FBSFI": 9.0,
                "haids": [
                    "6425f88e8ac5475ec38eceaf",
                    "6425f88e8ac5475ec38eceb0",
                    "6425f88e8ac5475ec38eceb1"
                ],
                "tids": [
                    "6425fb6f8ac54761e63cc81b"
                ],
                "ccids": [
                    "6426002c8ac54764b9a30dcf",
                    "6426002c8ac54764b9a30dd0",
                    "6426002c8ac54764b9a30dd1"
                ]
            },
            "_id": "6425efc78ac5475cc2c47110",
            "pid": "6425efc78ac5475cc2c47110"
        },
        {
            "type": "Feature",
            "geometry": {
                "type": "Polygon",
                "coordinates": [
                    [
                        [
                            -111.97766831,
                            33.07882805
                        ],
                        [
                            -111.97779926,
                            33.0788287
                        ],
                        [
                            -111.97779737,
                            33.07909934
                        ],
                        [
                            -111.97766642,
                            33.07909869
                        ],
                        [
                            -111.97766831,
                            33.07882805
                        ]
                    ]
                ]
            },
            "properties": {
                "plt_label": "p13-3",
                "trt_label": "120-120",
                "PLT_AREA": 366.778431,
                "CUL_NAME": "Deltapine 1549 B2XF",
                "PDATE": "04/25/2016",
                "PLYR": 2016,
                "PLDAY": 116,
                "IROP": "IR004",
                "IRVAL": {
                    "201670": 13.4,
                    "201671": 26.8,
                    "201674": 20.1,
                    "201675": 20.1,
                    "201676": 23.5,
                    "201677": 26.8,
                    "201678": 20.1,
                    "201681": 20.1,
                    "201691": 16.0,
                    "201692": 24.0,
                    "201695": 32.0,
                    "201696": 32.0,
                    "201697": 32.0,
                    "2016117": 8.0,
                    "2016118": 24.0,
                    "2016119": 27.9,
                    "2016120": 15.9,
                    "2016125": 12.6,
                    "2016127": 12.6,
                    "2016130": 8.0,
                    "2016132": 8.0,
                    "2016135": 8.0,
                    "2016148": 16.0,
                    "2016154": 15.9,
                    "2016155": 15.9,
                    "2016160": 24.0,
                    "2016161": 16.0,
                    "2016162": 16.0,
                    "2016167": 24.0,
                    "2016168": 8.0,
                    "2016169": 20.0,
                    "2016174": 32.0,
                    "2016175": 32.0,
                    "2016176": 24.0,
                    "2016181": 32.0,
                    "2016182": 32.0,
                    "2016183": 24.0,
                    "2016188": 32.0,
                    "2016189": 24.0,
                    "2016190": 15.9,
                    "2016195": 32.0,
                    "2016196": 32.0,
                    "2016197": 24.0,
                    "2016202": 28.0,
                    "2016203": 32.0,
                    "2016204": 24.0,
                    "2016209": 32.0,
                    "2016210": 32.0,
                    "2016211": 24.0,
                    "2016216": 20.0,
                    "2016217": 32.0,
                    "2016218": 20.0,
                    "2016223": 16.0,
                    "2016224": 24.0,
                    "2016225": 20.0,
                    "2016230": 16.0,
                    "2016231": 32.0,
                    "2016232": 24.0,
                    "2016237": 20.0,
                    "2016238": 32.0,
                    "2016239": 24.0,
                    "2016244": 12.0,
                    "2016245": 32.0,
                    "2016246": 24.0,
                    "2016252": 32.0,
                    "2016253": 32.0
                },
                "FEAMN": {
                    "2016155": 37.3,
                    "2016168": 37.4,
                    "2016190": 37.3
                },
                "HARM": "Machine",
                "HADAT": "11/01/2016",
                "WBWAH": 5094.0,
                "BWCAH": 5.26,
                "DBWAH": 4826.3,
                "GNDAT": "01/25/2017",
                "FFRAC": 0.3913,
                "SFRAC": 0.4843,
                "TFRAC": 0.1244,
                "WFWAH": 1993.3,
                "WSWAH": 2466.8,
                "WSCWAH": 4460.1,
                "DFWAH": 1888.5,
                "DSWAH": 2337.2,
                "DSCWAH": 4225.7,
                "QLDAT": "06/15/2017",
                "FBMIC": 40.0,
                "FBLTH": 1.19,
                "FBUNI": 82.6,
                "FBSTR": 31.7,
                "FBELO": 5.8,
                "FBSFI": 8.4,
                "haids": [
                    "6425f88e8ac5475ec38eceb2",
                    "6425f88e8ac5475ec38eceb3",
                    "6425f88e8ac5475ec38eceb4"
                ],
                "tids": [
                    "6425fb6f8ac54761e63cc81c"
                ],
                "ccids": [
                    "6426002c8ac54764b9a30dd2",
                    "6426002c8ac54764b9a30dd3",
                    "6426002c8ac54764b9a30dd4"
                ]
            },
            "_id": "6425efc78ac5475cc2c47111",
            "pid": "6425efc78ac5475cc2c47111"
        },
        {
            "type": "Feature",
            "geometry": {
                "type": "Polygon",
                "coordinates": [
                    [
                        [
                            -111.97767083,
                            33.07846722
                        ],
                        [
                            -111.97780177,
                            33.07846786
                        ],
                        [
                            -111.97779988,
                            33.07873851
                        ],
                        [
                            -111.97766894,
                            33.07873786
                        ],
                        [
                            -111.97767083,
                            33.07846722
                        ]
                    ]
                ]
            },
            "properties": {
                "plt_label": "p13-4",
                "trt_label": "120-100",
                "PLT_AREA": 366.786506,
                "CUL_NAME": "Deltapine 1549 B2XF",
                "PDATE": "04/25/2016",
                "PLYR": 2016,
                "PLDAY": 116,
                "IROP": "IR004",
                "IRVAL": {
                    "201670": 13.4,
                    "201671": 26.8,
                    "201674": 20.1,
                    "201675": 20.1,
                    "201676": 23.5,
                    "201677": 26.8,
                    "201678": 20.1,
                    "201681": 20.1,
                    "201691": 16.0,
                    "201692": 24.0,
                    "201695": 32.0,
                    "201696": 32.0,
                    "201697": 32.0,
                    "2016117": 8.0,
                    "2016118": 24.0,
                    "2016119": 27.9,
                    "2016120": 15.9,
                    "2016125": 12.6,
                    "2016127": 12.6,
                    "2016130": 8.0,
                    "2016132": 8.0,
                    "2016135": 8.0,
                    "2016148": 16.0,
                    "2016154": 15.9,
                    "2016155": 15.9,
                    "2016160": 24.0,
                    "2016161": 16.0,
                    "2016162": 16.0,
                    "2016167": 24.0,
                    "2016168": 8.0,
                    "2016169": 20.0,
                    "2016174": 32.0,
                    "2016175": 32.0,
                    "2016176": 24.0,
                    "2016181": 32.0,
                    "2016182": 32.0,
                    "2016183": 24.0,
                    "2016188": 32.0,
                    "2016189": 24.0,
                    "2016190": 15.9,
                    "2016195": 32.0,
                    "2016196": 32.0,
                    "2016197": 24.0,
                    "2016202": 23.3,
                    "2016203": 26.7,
                    "2016204": 20.0,
                    "2016209": 26.7,
                    "2016210": 26.7,
                    "2016211": 20.0,
                    "2016216": 16.7,
                    "2016217": 26.7,
                    "2016218": 16.7,
                    "2016223": 13.3,
                    "2016224": 20.0,
                    "2016225": 16.7,
                    "2016230": 13.3,
                    "2016231": 26.7,
                    "2016232": 20.0,
                    "2016237": 16.7,
                    "2016238": 26.7,
                    "2016239": 20.0,
                    "2016244": 10.0,
                    "2016245": 26.7,
                    "2016246": 20.0,
                    "2016252": 26.7,
                    "2016253": 26.7
                },
                "FEAMN": {
                    "2016155": 37.3,
                    "2016168": 37.4,
                    "2016190": 37.3
                },
                "HARM": "Machine",
                "HADAT": "11/01/2016",
                "WBWAH": 5329.1,
                "BWCAH": 4.87,
                "DBWAH": 5069.3,
                "GNDAT": "01/23/2017",
                "FFRAC": 0.4012,
                "SFRAC": 0.5007,
                "TFRAC": 0.0981,
                "WFWAH": 2137.9,
                "WSWAH": 2668.5,
                "WSCWAH": 4806.3,
                "DFWAH": 2033.7,
                "DSWAH": 2538.4,
                "DSCWAH": 4572.1,
                "QLDAT": "06/15/2017",
                "FBMIC": 43.0,
                "FBLTH": 1.14,
                "FBUNI": 82.0,
                "FBSTR": 31.3,
                "FBELO": 5.5,
                "FBSFI": 8.8,
                "haids": [
                    "6425f88e8ac5475ec38eceb5",
                    "6425f88e8ac5475ec38eceb6",
                    "6425f88e8ac5475ec38eceb7"
                ],
                "tids": [
                    "6425fb6f8ac54761e63cc81d"
                ],
                "ccids": [
                    "6426002c8ac54764b9a30dd5",
                    "6426002c8ac54764b9a30dd6",
                    "6426002c8ac54764b9a30dd7"
                ]
            },
            "_id": "6425efc78ac5475cc2c47112",
            "pid": "6425efc78ac5475cc2c47112"
        },
        {
            "type": "Feature",
            "geometry": {
                "type": "Polygon",
                "coordinates": [
                    [
                        [
                            -111.97781564,
                            33.07955047
                        ],
                        [
                            -111.9779466,
                            33.07955112
                        ],
                        [
                            -111.97794471,
                            33.07982176
                        ],
                        [
                            -111.97781375,
                            33.07982111
                        ],
                        [
                            -111.97781564,
                            33.07955047
                        ]
                    ]
                ]
            },
            "properties": {
                "plt_label": "p14-1",
                "trt_label": "60-120",
                "PLT_AREA": 366.81011,
                "CUL_NAME": "Deltapine 1549 B2XF",
                "PDATE": "04/25/2016",
                "PLYR": 2016,
                "PLDAY": 116,
                "IROP": "IR004",
                "IRVAL": {
                    "201670": 13.4,
                    "201671": 26.8,
                    "201674": 20.1,
                    "201675": 20.1,
                    "201676": 23.5,
                    "201677": 26.8,
                    "201678": 20.1,
                    "201681": 20.1,
                    "201691": 16.0,
                    "201692": 24.0,
                    "201695": 32.0,
                    "201696": 32.0,
                    "201697": 32.0,
                    "2016117": 8.0,
                    "2016118": 24.0,
                    "2016119": 27.9,
                    "2016120": 15.9,
                    "2016125": 12.6,
                    "2016127": 12.6,
                    "2016130": 8.0,
                    "2016132": 8.0,
                    "2016135": 8.0,
                    "2016148": 16.0,
                    "2016154": 15.9,
                    "2016155": 15.9,
                    "2016160": 12.0,
                    "2016161": 8.0,
                    "2016162": 8.0,
                    "2016167": 12.0,
                    "2016168": 4.0,
                    "2016169": 10.0,
                    "2016174": 16.0,
                    "2016175": 16.0,
                    "2016176": 12.0,
                    "2016181": 16.0,
                    "2016182": 16.0,
                    "2016183": 12.0,
                    "2016188": 16.0,
                    "2016189": 12.0,
                    "2016190": 15.9,
                    "2016195": 16.0,
                    "2016196": 16.0,
                    "2016197": 12.0,
                    "2016202": 28.0,
                    "2016203": 32.0,
                    "2016204": 24.0,
                    "2016209": 32.0,
                    "2016210": 32.0,
                    "2016211": 24.0,
                    "2016216": 20.0,
                    "2016217": 32.0,
                    "2016218": 20.0,
                    "2016223": 16.0,
                    "2016224": 24.0,
                    "2016225": 20.0,
                    "2016230": 16.0,
                    "2016231": 32.0,
                    "2016232": 24.0,
                    "2016237": 20.0,
                    "2016238": 32.0,
                    "2016239": 24.0,
                    "2016244": 12.0,
                    "2016245": 32.0,
                    "2016246": 24.0,
                    "2016252": 32.0,
                    "2016253": 32.0
                },
                "FEAMN": {
                    "2016155": 37.3,
                    "2016168": 37.4,
                    "2016190": 37.3
                },
                "HARM": "Machine",
                "HADAT": "11/01/2016",
                "WBWAH": 5214.5,
                "BWCAH": 5.11,
                "DBWAH": 4948.1,
                "GNDAT": "01/06/2017",
                "FFRAC": 0.3831,
                "SFRAC": 0.5215,
                "TFRAC": 0.0954,
                "WFWAH": 1997.6,
                "WSWAH": 2719.6,
                "WSCWAH": 4717.1,
                "DFWAH": 1895.5,
                "DSWAH": 2580.6,
                "DSCWAH": 4476.1,
                "QLDAT": "06/15/2017",
                "FBMIC": 37.0,
                "FBLTH": 1.15,
                "FBUNI": 81.5,
                "FBSTR": 30.6,
                "FBELO": 5.5,
                "FBSFI": 9.6,
                "haids": [
                    "6425f88e8ac5475ec38eceb8",
                    "6425f88e8ac5475ec38eceb9",
                    "6425f88e8ac5475ec38eceba"
                ],
                "tids": [
                    "6425fb6f8ac54761e63cc81e"
                ],
                "ccids": [
                    "6426002c8ac54764b9a30dd8",
                    "6426002c8ac54764b9a30dd9",
                    "6426002c8ac54764b9a30dda"
                ]
            },
            "_id": "6425efc78ac5475cc2c47113",
            "pid": "6425efc78ac5475cc2c47113"
        },
        {
            "type": "Feature",
            "geometry": {
                "type": "Polygon",
                "coordinates": [
                    [
                        [
                            -111.97781816,
                            33.07918964
                        ],
                        [
                            -111.97794912,
                            33.07919029
                        ],
                        [
                            -111.97794723,
                            33.07946093
                        ],
                        [
                            -111.97781627,
                            33.07946028
                        ],
                        [
                            -111.97781816,
                            33.07918964
                        ]
                    ]
                ]
            },
            "properties": {
                "plt_label": "p14-2",
                "trt_label": "100-80",
                "PLT_AREA": 366.81014,
                "CUL_NAME": "Deltapine 1549 B2XF",
                "PDATE": "04/25/2016",
                "PLYR": 2016,
                "PLDAY": 116,
                "IROP": "IR004",
                "IRVAL": {
                    "201670": 13.4,
                    "201671": 26.8,
                    "201674": 20.1,
                    "201675": 20.1,
                    "201676": 23.5,
                    "201677": 26.8,
                    "201678": 20.1,
                    "201681": 20.1,
                    "201691": 16.0,
                    "201692": 24.0,
                    "201695": 32.0,
                    "201696": 32.0,
                    "201697": 32.0,
                    "2016117": 8.0,
                    "2016118": 24.0,
                    "2016119": 27.9,
                    "2016120": 15.9,
                    "2016125": 12.6,
                    "2016127": 12.6,
                    "2016130": 8.0,
                    "2016132": 8.0,
                    "2016135": 8.0,
                    "2016148": 16.0,
                    "2016154": 15.9,
                    "2016155": 15.9,
                    "2016160": 20.0,
                    "2016161": 13.3,
                    "2016162": 13.3,
                    "2016167": 20.0,
                    "2016168": 6.7,
                    "2016169": 16.7,
                    "2016174": 26.7,
                    "2016175": 26.7,
                    "2016176": 20.0,
                    "2016181": 26.7,
                    "2016182": 26.7,
                    "2016183": 20.0,
                    "2016188": 26.7,
                    "2016189": 20.0,
                    "2016190": 15.9,
                    "2016195": 26.7,
                    "2016196": 26.7,
                    "2016197": 20.0,
                    "2016202": 18.7,
                    "2016203": 21.3,
                    "2016204": 16.0,
                    "2016209": 21.3,
                    "2016210": 21.3,
                    "2016211": 16.0,
                    "2016216": 13.3,
                    "2016217": 21.3,
                    "2016218": 13.3,
                    "2016223": 10.7,
                    "2016224": 16.0,
                    "2016225": 13.3,
                    "2016230": 10.7,
                    "2016231": 21.3,
                    "2016232": 16.0,
                    "2016237": 13.3,
                    "2016238": 21.3,
                    "2016239": 16.0,
                    "2016244": 8.0,
                    "2016245": 21.3,
                    "2016246": 16.0,
                    "2016252": 21.3,
                    "2016253": 21.3
                },
                "FEAMN": {
                    "2016155": 37.3,
                    "2016168": 37.4,
                    "2016190": 37.3
                },
                "HARM": "Machine",
                "HADAT": "11/01/2016",
                "WBWAH": 4940.7,
                "BWCAH": 5.42,
                "DBWAH": 4673.0,
                "GNDAT": "01/23/2017",
                "FFRAC": 0.4056,
                "SFRAC": 0.5139,
                "TFRAC": 0.0805,
                "WFWAH": 2003.8,
                "WSWAH": 2539.2,
                "WSCWAH": 4543.0,
                "DFWAH": 1895.3,
                "DSWAH": 2401.6,
                "DSCWAH": 4296.9,
                "QLDAT": "06/15/2017",
                "FBMIC": 42.0,
                "FBLTH": 1.18,
                "FBUNI": 82.5,
                "FBSTR": 31.8,
                "FBELO": 5.6,
                "FBSFI": 8.8,
                "haids": [
                    "6425f88e8ac5475ec38ecebb",
                    "6425f88e8ac5475ec38ecebc",
                    "6425f88e8ac5475ec38ecebd"
                ],
                "tids": [
                    "6425fb6f8ac54761e63cc81f"
                ],
                "ccids": [
                    "6426002c8ac54764b9a30ddb",
                    "6426002c8ac54764b9a30ddc",
                    "6426002c8ac54764b9a30ddd"
                ]
            },
            "_id": "6425efc78ac5475cc2c47114",
            "pid": "6425efc78ac5475cc2c47114"
        },
        {
            "type": "Feature",
            "geometry": {
                "type": "Polygon",
                "coordinates": [
                    [
                        [
                            -111.97782068,
                            33.0788288
                        ],
                        [
                            -111.97795164,
                            33.07882945
                        ],
                        [
                            -111.97794975,
                            33.0791001
                        ],
                        [
                            -111.97781879,
                            33.07909945
                        ],
                        [
                            -111.97782068,
                            33.0788288
                        ]
                    ]
                ]
            },
            "properties": {
                "plt_label": "p14-3",
                "trt_label": "80-100",
                "PLT_AREA": 366.810144,
                "CUL_NAME": "Deltapine 1549 B2XF",
                "PDATE": "04/25/2016",
                "PLYR": 2016,
                "PLDAY": 116,
                "IROP": "IR004",
                "IRVAL": {
                    "201670": 13.4,
                    "201671": 26.8,
                    "201674": 20.1,
                    "201675": 20.1,
                    "201676": 23.5,
                    "201677": 26.8,
                    "201678": 20.1,
                    "201681": 20.1,
                    "201691": 16.0,
                    "201692": 24.0,
                    "201695": 32.0,
                    "201696": 32.0,
                    "201697": 32.0,
                    "2016117": 8.0,
                    "2016118": 24.0,
                    "2016119": 27.9,
                    "2016120": 15.9,
                    "2016125": 12.6,
                    "2016127": 12.6,
                    "2016130": 8.0,
                    "2016132": 8.0,
                    "2016135": 8.0,
                    "2016148": 16.0,
                    "2016154": 15.9,
                    "2016155": 15.9,
                    "2016160": 16.0,
                    "2016161": 10.7,
                    "2016162": 10.7,
                    "2016167": 16.0,
                    "2016168": 5.3,
                    "2016169": 13.3,
                    "2016174": 21.3,
                    "2016175": 21.3,
                    "2016176": 16.0,
                    "2016181": 21.3,
                    "2016182": 21.3,
                    "2016183": 16.0,
                    "2016188": 21.3,
                    "2016189": 16.0,
                    "2016190": 15.9,
                    "2016195": 21.3,
                    "2016196": 21.3,
                    "2016197": 16.0,
                    "2016202": 23.3,
                    "2016203": 26.7,
                    "2016204": 20.0,
                    "2016209": 26.7,
                    "2016210": 26.7,
                    "2016211": 20.0,
                    "2016216": 16.7,
                    "2016217": 26.7,
                    "2016218": 16.7,
                    "2016223": 13.3,
                    "2016224": 20.0,
                    "2016225": 16.7,
                    "2016230": 13.3,
                    "2016231": 26.7,
                    "2016232": 20.0,
                    "2016237": 16.7,
                    "2016238": 26.7,
                    "2016239": 20.0,
                    "2016244": 10.0,
                    "2016245": 26.7,
                    "2016246": 20.0,
                    "2016252": 26.7,
                    "2016253": 26.7
                },
                "FEAMN": {
                    "2016155": 37.3,
                    "2016168": 37.4,
                    "2016190": 37.3
                },
                "HARM": "Machine",
                "HADAT": "11/01/2016",
                "WBWAH": 5625.3,
                "BWCAH": 5.12,
                "DBWAH": 5337.4,
                "GNDAT": "01/23/2017",
                "FFRAC": 0.3929,
                "SFRAC": 0.4992,
                "TFRAC": 0.1079,
                "WFWAH": 2210.2,
                "WSWAH": 2808.3,
                "WSCWAH": 5018.5,
                "DFWAH": 2097.1,
                "DSWAH": 2664.6,
                "DSCWAH": 4761.7,
                "QLDAT": "06/15/2017",
                "FBMIC": 44.0,
                "FBLTH": 1.19,
                "FBUNI": 83.0,
                "FBSTR": 31.7,
                "FBELO": 5.7,
                "FBSFI": 8.5,
                "haids": [
                    "6425f88e8ac5475ec38ecebe",
                    "6425f88e8ac5475ec38ecebf",
                    "6425f88e8ac5475ec38ecec0"
                ],
                "tids": [
                    "6425fb6f8ac54761e63cc820"
                ],
                "ccids": [
                    "6426002c8ac54764b9a30dde",
                    "6426002c8ac54764b9a30ddf",
                    "6426002c8ac54764b9a30de0"
                ]
            },
            "_id": "6425efc78ac5475cc2c47115",
            "pid": "6425efc78ac5475cc2c47115"
        },
        {
            "type": "Feature",
            "geometry": {
                "type": "Polygon",
                "coordinates": [
                    [
                        [
                            -111.9778232,
                            33.07846797
                        ],
                        [
                            -111.97795416,
                            33.07846862
                        ],
                        [
                            -111.97795227,
                            33.07873926
                        ],
                        [
                            -111.97782131,
                            33.07873861
                        ],
                        [
                            -111.9778232,
                            33.07846797
                        ]
                    ]
                ]
            },
            "properties": {
                "plt_label": "p14-4",
                "trt_label": "80-80",
                "PLT_AREA": 366.81011,
                "CUL_NAME": "Deltapine 1549 B2XF",
                "PDATE": "04/25/2016",
                "PLYR": 2016,
                "PLDAY": 116,
                "IROP": "IR004",
                "IRVAL": {
                    "201670": 13.4,
                    "201671": 26.8,
                    "201674": 20.1,
                    "201675": 20.1,
                    "201676": 23.5,
                    "201677": 26.8,
                    "201678": 20.1,
                    "201681": 20.1,
                    "201691": 16.0,
                    "201692": 24.0,
                    "201695": 32.0,
                    "201696": 32.0,
                    "201697": 32.0,
                    "2016117": 8.0,
                    "2016118": 24.0,
                    "2016119": 27.9,
                    "2016120": 15.9,
                    "2016125": 12.6,
                    "2016127": 12.6,
                    "2016130": 8.0,
                    "2016132": 8.0,
                    "2016135": 8.0,
                    "2016148": 16.0,
                    "2016154": 15.9,
                    "2016155": 15.9,
                    "2016160": 16.0,
                    "2016161": 10.7,
                    "2016162": 10.7,
                    "2016167": 16.0,
                    "2016168": 5.3,
                    "2016169": 13.3,
                    "2016174": 21.3,
                    "2016175": 21.3,
                    "2016176": 16.0,
                    "2016181": 21.3,
                    "2016182": 21.3,
                    "2016183": 16.0,
                    "2016188": 21.3,
                    "2016189": 16.0,
                    "2016190": 15.9,
                    "2016195": 21.3,
                    "2016196": 21.3,
                    "2016197": 16.0,
                    "2016202": 18.7,
                    "2016203": 21.3,
                    "2016204": 16.0,
                    "2016209": 21.3,
                    "2016210": 21.3,
                    "2016211": 16.0,
                    "2016216": 13.3,
                    "2016217": 21.3,
                    "2016218": 13.3,
                    "2016223": 10.7,
                    "2016224": 16.0,
                    "2016225": 13.3,
                    "2016230": 10.7,
                    "2016231": 21.3,
                    "2016232": 16.0,
                    "2016237": 13.3,
                    "2016238": 21.3,
                    "2016239": 16.0,
                    "2016244": 8.0,
                    "2016245": 21.3,
                    "2016246": 16.0,
                    "2016252": 21.3,
                    "2016253": 21.3
                },
                "FEAMN": {
                    "2016155": 37.3,
                    "2016168": 37.4,
                    "2016190": 37.3
                },
                "HARM": "Machine",
                "HADAT": "11/01/2016",
                "WBWAH": 5309.8,
                "BWCAH": 4.93,
                "DBWAH": 5047.8,
                "GNDAT": "01/23/2017",
                "FFRAC": 0.4057,
                "SFRAC": 0.5063,
                "TFRAC": 0.0881,
                "WFWAH": 2154.0,
                "WSWAH": 2688.3,
                "WSCWAH": 4842.2,
                "DFWAH": 2047.7,
                "DSWAH": 2555.7,
                "DSCWAH": 4603.4,
                "QLDAT": "06/15/2017",
                "FBMIC": 47.0,
                "FBLTH": 1.15,
                "FBUNI": 81.7,
                "FBSTR": 31.9,
                "FBELO": 5.0,
                "FBSFI": 9.5,
                "haids": [
                    "6425f88e8ac5475ec38ecec1",
                    "6425f88e8ac5475ec38ecec2",
                    "6425f88e8ac5475ec38ecec3"
                ],
                "tids": [
                    "6425fb6f8ac54761e63cc821"
                ],
                "ccids": [
                    "6426002c8ac54764b9a30de1",
                    "6426002c8ac54764b9a30de2",
                    "6426002c8ac54764b9a30de3"
                ]
            },
            "_id": "6425efc78ac5475cc2c47116",
            "pid": "6425efc78ac5475cc2c47116"
        },
        {
            "type": "Feature",
            "geometry": {
                "type": "Polygon",
                "coordinates": [
                    [
                        [
                            -111.97796803,
                            33.07955123
                        ],
                        [
                            -111.97809898,
                            33.07955188
                        ],
                        [
                            -111.9780971,
                            33.07982252
                        ],
                        [
                            -111.97796614,
                            33.07982187
                        ],
                        [
                            -111.97796803,
                            33.07955123
                        ]
                    ]
                ]
            },
            "properties": {
                "plt_label": "p15-1",
                "trt_label": "120-60",
                "PLT_AREA": 366.81014,
                "CUL_NAME": "Deltapine 1549 B2XF",
                "PDATE": "04/25/2016",
                "PLYR": 2016,
                "PLDAY": 116,
                "IROP": "IR004",
                "IRVAL": {
                    "201670": 13.4,
                    "201671": 26.8,
                    "201674": 20.1,
                    "201675": 20.1,
                    "201676": 23.5,
                    "201677": 26.8,
                    "201678": 20.1,
                    "201681": 20.1,
                    "201691": 16.0,
                    "201692": 24.0,
                    "201695": 32.0,
                    "201696": 32.0,
                    "201697": 32.0,
                    "2016117": 8.0,
                    "2016118": 24.0,
                    "2016119": 27.9,
                    "2016120": 15.9,
                    "2016125": 12.6,
                    "2016127": 12.6,
                    "2016130": 8.0,
                    "2016132": 8.0,
                    "2016135": 8.0,
                    "2016148": 16.0,
                    "2016154": 15.9,
                    "2016155": 15.9,
                    "2016160": 24.0,
                    "2016161": 16.0,
                    "2016162": 16.0,
                    "2016167": 24.0,
                    "2016168": 8.0,
                    "2016169": 20.0,
                    "2016174": 32.0,
                    "2016175": 32.0,
                    "2016176": 24.0,
                    "2016181": 32.0,
                    "2016182": 32.0,
                    "2016183": 24.0,
                    "2016188": 32.0,
                    "2016189": 24.0,
                    "2016190": 15.9,
                    "2016195": 32.0,
                    "2016196": 32.0,
                    "2016197": 24.0,
                    "2016202": 14.0,
                    "2016203": 16.0,
                    "2016204": 12.0,
                    "2016209": 16.0,
                    "2016210": 16.0,
                    "2016211": 12.0,
                    "2016216": 10.0,
                    "2016217": 16.0,
                    "2016218": 10.0,
                    "2016223": 8.0,
                    "2016224": 12.0,
                    "2016225": 10.0,
                    "2016230": 8.0,
                    "2016231": 16.0,
                    "2016232": 12.0,
                    "2016237": 10.0,
                    "2016238": 16.0,
                    "2016239": 12.0,
                    "2016244": 6.0,
                    "2016245": 16.0,
                    "2016246": 12.0,
                    "2016252": 16.0,
                    "2016253": 16.0
                },
                "FEAMN": {
                    "2016155": 37.3,
                    "2016168": 37.4,
                    "2016190": 37.3
                },
                "HARM": "Machine",
                "HADAT": "11/01/2016",
                "WBWAH": 3876.7,
                "BWCAH": 6.2,
                "DBWAH": 3636.5,
                "GNDAT": "01/22/2017",
                "FFRAC": 0.381,
                "SFRAC": 0.5023,
                "TFRAC": 0.1167,
                "WFWAH": 1476.8,
                "WSWAH": 1947.3,
                "WSCWAH": 3424.1,
                "DFWAH": 1385.3,
                "DSWAH": 1826.6,
                "DSCWAH": 3211.9,
                "QLDAT": "06/15/2017",
                "FBMIC": 36.0,
                "FBLTH": 1.15,
                "FBUNI": 82.7,
                "FBSTR": 31.5,
                "FBELO": 5.6,
                "FBSFI": 9.0,
                "haids": [
                    "6425f88e8ac5475ec38ecec4",
                    "6425f88e8ac5475ec38ecec5",
                    "6425f88e8ac5475ec38ecec6"
                ],
                "tids": [
                    "6425fb6f8ac54761e63cc822"
                ],
                "ccids": [
                    "6426002c8ac54764b9a30de4",
                    "6426002c8ac54764b9a30de5",
                    "6426002c8ac54764b9a30de6"
                ]
            },
            "_id": "6425efc78ac5475cc2c47117",
            "pid": "6425efc78ac5475cc2c47117"
        },
        {
            "type": "Feature",
            "geometry": {
                "type": "Polygon",
                "coordinates": [
                    [
                        [
                            -111.97797055,
                            33.07919039
                        ],
                        [
                            -111.9781015,
                            33.07919104
                        ],
                        [
                            -111.97809961,
                            33.07946169
                        ],
                        [
                            -111.97796866,
                            33.07946104
                        ],
                        [
                            -111.97797055,
                            33.07919039
                        ]
                    ]
                ]
            },
            "properties": {
                "plt_label": "p15-2",
                "trt_label": "60-60",
                "PLT_AREA": 366.810188,
                "CUL_NAME": "Deltapine 1549 B2XF",
                "PDATE": "04/25/2016",
                "PLYR": 2016,
                "PLDAY": 116,
                "IROP": "IR004",
                "IRVAL": {
                    "201670": 13.4,
                    "201671": 26.8,
                    "201674": 20.1,
                    "201675": 20.1,
                    "201676": 23.5,
                    "201677": 26.8,
                    "201678": 20.1,
                    "201681": 20.1,
                    "201691": 16.0,
                    "201692": 24.0,
                    "201695": 32.0,
                    "201696": 32.0,
                    "201697": 32.0,
                    "2016117": 8.0,
                    "2016118": 24.0,
                    "2016119": 27.9,
                    "2016120": 15.9,
                    "2016125": 12.6,
                    "2016127": 12.6,
                    "2016130": 8.0,
                    "2016132": 8.0,
                    "2016135": 8.0,
                    "2016148": 16.0,
                    "2016154": 15.9,
                    "2016155": 15.9,
                    "2016160": 12.0,
                    "2016161": 8.0,
                    "2016162": 8.0,
                    "2016167": 12.0,
                    "2016168": 4.0,
                    "2016169": 10.0,
                    "2016174": 16.0,
                    "2016175": 16.0,
                    "2016176": 12.0,
                    "2016181": 16.0,
                    "2016182": 16.0,
                    "2016183": 12.0,
                    "2016188": 16.0,
                    "2016189": 12.0,
                    "2016190": 15.9,
                    "2016195": 16.0,
                    "2016196": 16.0,
                    "2016197": 12.0,
                    "2016202": 14.0,
                    "2016203": 16.0,
                    "2016204": 12.0,
                    "2016209": 16.0,
                    "2016210": 16.0,
                    "2016211": 12.0,
                    "2016216": 10.0,
                    "2016217": 16.0,
                    "2016218": 10.0,
                    "2016223": 8.0,
                    "2016224": 12.0,
                    "2016225": 10.0,
                    "2016230": 8.0,
                    "2016231": 16.0,
                    "2016232": 12.0,
                    "2016237": 10.0,
                    "2016238": 16.0,
                    "2016239": 12.0,
                    "2016244": 6.0,
                    "2016245": 16.0,
                    "2016246": 12.0,
                    "2016252": 16.0,
                    "2016253": 16.0
                },
                "FEAMN": {
                    "2016155": 37.3,
                    "2016168": 37.4,
                    "2016190": 37.3
                },
                "HARM": "Machine",
                "HADAT": "11/01/2016",
                "WBWAH": 4576.1,
                "BWCAH": 4.75,
                "DBWAH": 4358.8,
                "GNDAT": "01/23/2017",
                "FFRAC": 0.3956,
                "SFRAC": 0.5156,
                "TFRAC": 0.0888,
                "WFWAH": 1810.5,
                "WSWAH": 2359.3,
                "WSCWAH": 4169.8,
                "DFWAH": 1724.5,
                "DSWAH": 2247.3,
                "DSCWAH": 3971.8,
                "QLDAT": "06/15/2017",
                "FBMIC": 44.0,
                "FBLTH": 1.09,
                "FBUNI": 81.2,
                "FBSTR": 30.2,
                "FBELO": 5.3,
                "FBSFI": 10.1,
                "haids": [
                    "6425f88e8ac5475ec38ecec7",
                    "6425f88e8ac5475ec38ecec8",
                    "6425f88e8ac5475ec38ecec9"
                ],
                "tids": [
                    "6425fb6f8ac54761e63cc823"
                ],
                "ccids": [
                    "6426002c8ac54764b9a30de7",
                    "6426002c8ac54764b9a30de8",
                    "6426002c8ac54764b9a30de9"
                ]
            },
            "_id": "6425efc78ac5475cc2c47118",
            "pid": "6425efc78ac5475cc2c47118"
        },
        {
            "type": "Feature",
            "geometry": {
                "type": "Polygon",
                "coordinates": [
                    [
                        [
                            -111.97797306,
                            33.07882956
                        ],
                        [
                            -111.97810402,
                            33.07883021
                        ],
                        [
                            -111.97810213,
                            33.07910085
                        ],
                        [
                            -111.97797118,
                            33.0791002
                        ],
                        [
                            -111.97797306,
                            33.07882956
                        ]
                    ]
                ]
            },
            "properties": {
                "plt_label": "p15-3",
                "trt_label": "100-100",
                "PLT_AREA": 366.810125,
                "CUL_NAME": "Deltapine 1549 B2XF",
                "PDATE": "04/25/2016",
                "PLYR": 2016,
                "PLDAY": 116,
                "IROP": "IR004",
                "IRVAL": {
                    "201670": 13.4,
                    "201671": 26.8,
                    "201674": 20.1,
                    "201675": 20.1,
                    "201676": 23.5,
                    "201677": 26.8,
                    "201678": 20.1,
                    "201681": 20.1,
                    "201691": 16.0,
                    "201692": 24.0,
                    "201695": 32.0,
                    "201696": 32.0,
                    "201697": 32.0,
                    "2016117": 8.0,
                    "2016118": 24.0,
                    "2016119": 27.9,
                    "2016120": 15.9,
                    "2016125": 12.6,
                    "2016127": 12.6,
                    "2016130": 8.0,
                    "2016132": 8.0,
                    "2016135": 8.0,
                    "2016148": 16.0,
                    "2016154": 15.9,
                    "2016155": 15.9,
                    "2016160": 20.0,
                    "2016161": 13.3,
                    "2016162": 13.3,
                    "2016167": 20.0,
                    "2016168": 6.7,
                    "2016169": 16.7,
                    "2016174": 26.7,
                    "2016175": 26.7,
                    "2016176": 20.0,
                    "2016181": 26.7,
                    "2016182": 26.7,
                    "2016183": 20.0,
                    "2016188": 26.7,
                    "2016189": 20.0,
                    "2016190": 15.9,
                    "2016195": 26.7,
                    "2016196": 26.7,
                    "2016197": 20.0,
                    "2016202": 23.3,
                    "2016203": 26.7,
                    "2016204": 20.0,
                    "2016209": 26.7,
                    "2016210": 26.7,
                    "2016211": 20.0,
                    "2016216": 16.7,
                    "2016217": 26.7,
                    "2016218": 16.7,
                    "2016223": 13.3,
                    "2016224": 20.0,
                    "2016225": 16.7,
                    "2016230": 13.3,
                    "2016231": 26.7,
                    "2016232": 20.0,
                    "2016237": 16.7,
                    "2016238": 26.7,
                    "2016239": 20.0,
                    "2016244": 10.0,
                    "2016245": 26.7,
                    "2016246": 20.0,
                    "2016252": 26.7,
                    "2016253": 26.7
                },
                "FEAMN": {
                    "2016155": 37.3,
                    "2016168": 37.4,
                    "2016190": 37.3
                },
                "HARM": "Machine",
                "HADAT": "11/01/2016",
                "WBWAH": 5034.5,
                "BWCAH": 4.55,
                "DBWAH": 4805.3,
                "GNDAT": "01/23/2017",
                "FFRAC": 0.399,
                "SFRAC": 0.4913,
                "TFRAC": 0.1097,
                "WFWAH": 2009.0,
                "WSWAH": 2473.2,
                "WSCWAH": 4482.2,
                "DFWAH": 1917.5,
                "DSWAH": 2360.6,
                "DSCWAH": 4278.1,
                "QLDAT": "06/15/2017",
                "FBMIC": 47.0,
                "FBLTH": 1.17,
                "FBUNI": 81.9,
                "FBSTR": 32.4,
                "FBELO": 5.2,
                "FBSFI": 9.0,
                "haids": [
                    "6425f88e8ac5475ec38ececa",
                    "6425f88e8ac5475ec38ececb",
                    "6425f88e8ac5475ec38ececc"
                ],
                "tids": [
                    "6425fb6f8ac54761e63cc824"
                ],
                "ccids": [
                    "6426002c8ac54764b9a30dea",
                    "6426002c8ac54764b9a30deb",
                    "6426002c8ac54764b9a30dec"
                ]
            },
            "_id": "6425efc78ac5475cc2c47119",
            "pid": "6425efc78ac5475cc2c47119"
        },
        {
            "type": "Feature",
            "geometry": {
                "type": "Polygon",
                "coordinates": [
                    [
                        [
                            -111.97797558,
                            33.07846873
                        ],
                        [
                            -111.97810654,
                            33.07846938
                        ],
                        [
                            -111.97810465,
                            33.07874002
                        ],
                        [
                            -111.97797369,
                            33.07873937
                        ],
                        [
                            -111.97797558,
                            33.07846873
                        ]
                    ]
                ]
            },
            "properties": {
                "plt_label": "p15-4",
                "trt_label": "120-80",
                "PLT_AREA": 366.81014,
                "CUL_NAME": "Deltapine 1549 B2XF",
                "PDATE": "04/25/2016",
                "PLYR": 2016,
                "PLDAY": 116,
                "IROP": "IR004",
                "IRVAL": {
                    "201670": 13.4,
                    "201671": 26.8,
                    "201674": 20.1,
                    "201675": 20.1,
                    "201676": 23.5,
                    "201677": 26.8,
                    "201678": 20.1,
                    "201681": 20.1,
                    "201691": 16.0,
                    "201692": 24.0,
                    "201695": 32.0,
                    "201696": 32.0,
                    "201697": 32.0,
                    "2016117": 8.0,
                    "2016118": 24.0,
                    "2016119": 27.9,
                    "2016120": 15.9,
                    "2016125": 12.6,
                    "2016127": 12.6,
                    "2016130": 8.0,
                    "2016132": 8.0,
                    "2016135": 8.0,
                    "2016148": 16.0,
                    "2016154": 15.9,
                    "2016155": 15.9,
                    "2016160": 24.0,
                    "2016161": 16.0,
                    "2016162": 16.0,
                    "2016167": 24.0,
                    "2016168": 8.0,
                    "2016169": 20.0,
                    "2016174": 32.0,
                    "2016175": 32.0,
                    "2016176": 24.0,
                    "2016181": 32.0,
                    "2016182": 32.0,
                    "2016183": 24.0,
                    "2016188": 32.0,
                    "2016189": 24.0,
                    "2016190": 15.9,
                    "2016195": 32.0,
                    "2016196": 32.0,
                    "2016197": 24.0,
                    "2016202": 18.7,
                    "2016203": 21.3,
                    "2016204": 16.0,
                    "2016209": 21.3,
                    "2016210": 21.3,
                    "2016211": 16.0,
                    "2016216": 13.3,
                    "2016217": 21.3,
                    "2016218": 13.3,
                    "2016223": 10.7,
                    "2016224": 16.0,
                    "2016225": 13.3,
                    "2016230": 10.7,
                    "2016231": 21.3,
                    "2016232": 16.0,
                    "2016237": 13.3,
                    "2016238": 21.3,
                    "2016239": 16.0,
                    "2016244": 8.0,
                    "2016245": 21.3,
                    "2016246": 16.0,
                    "2016252": 21.3,
                    "2016253": 21.3
                },
                "FEAMN": {
                    "2016155": 37.3,
                    "2016168": 37.4,
                    "2016190": 37.3
                },
                "HARM": "Machine",
                "HADAT": "11/01/2016",
                "WBWAH": 5226.4,
                "BWCAH": 4.19,
                "DBWAH": 5007.6,
                "GNDAT": "01/23/2017",
                "FFRAC": 0.3957,
                "SFRAC": 0.4929,
                "TFRAC": 0.1114,
                "WFWAH": 2068.3,
                "WSWAH": 2576.1,
                "WSCWAH": 4644.3,
                "DFWAH": 1981.7,
                "DSWAH": 2468.2,
                "DSCWAH": 4449.9,
                "QLDAT": "06/15/2017",
                "FBMIC": 46.0,
                "FBLTH": 1.11,
                "FBUNI": 80.7,
                "FBSTR": 30.6,
                "FBELO": 5.3,
                "FBSFI": 9.9,
                "haids": [
                    "6425f88e8ac5475ec38ececd",
                    "6425f88e8ac5475ec38ecece",
                    "6425f88e8ac5475ec38ececf"
                ],
                "tids": [
                    "6425fb6f8ac54761e63cc825"
                ],
                "ccids": [
                    "6426002c8ac54764b9a30ded",
                    "6426002c8ac54764b9a30dee",
                    "6426002c8ac54764b9a30def"
                ]
            },
            "_id": "6425efc78ac5475cc2c4711a",
            "pid": "6425efc78ac5475cc2c4711a"
        },
        {
            "type": "Feature",
            "geometry": {
                "type": "Polygon",
                "coordinates": [
                    [
                        [
                            -111.97812041,
                            33.07955198
                        ],
                        [
                            -111.97825137,
                            33.07955263
                        ],
                        [
                            -111.97824948,
                            33.07982327
                        ],
                        [
                            -111.97811852,
                            33.07982263
                        ],
                        [
                            -111.97812041,
                            33.07955198
                        ]
                    ]
                ]
            },
            "properties": {
                "plt_label": "p16-1",
                "trt_label": "100-120",
                "PLT_AREA": 366.810125,
                "CUL_NAME": "Deltapine 1549 B2XF",
                "PDATE": "04/25/2016",
                "PLYR": 2016,
                "PLDAY": 116,
                "IROP": "IR004",
                "IRVAL": {
                    "201670": 13.4,
                    "201671": 26.8,
                    "201674": 20.1,
                    "201675": 20.1,
                    "201676": 23.5,
                    "201677": 26.8,
                    "201678": 20.1,
                    "201681": 20.1,
                    "201691": 16.0,
                    "201692": 24.0,
                    "201695": 32.0,
                    "201696": 32.0,
                    "201697": 32.0,
                    "2016117": 8.0,
                    "2016118": 24.0,
                    "2016119": 27.9,
                    "2016120": 15.9,
                    "2016125": 12.6,
                    "2016127": 12.6,
                    "2016130": 8.0,
                    "2016132": 8.0,
                    "2016135": 8.0,
                    "2016148": 16.0,
                    "2016154": 15.9,
                    "2016155": 15.9,
                    "2016160": 20.0,
                    "2016161": 13.3,
                    "2016162": 13.3,
                    "2016167": 20.0,
                    "2016168": 6.7,
                    "2016169": 16.7,
                    "2016174": 26.7,
                    "2016175": 26.7,
                    "2016176": 20.0,
                    "2016181": 26.7,
                    "2016182": 26.7,
                    "2016183": 20.0,
                    "2016188": 26.7,
                    "2016189": 20.0,
                    "2016190": 15.9,
                    "2016195": 26.7,
                    "2016196": 26.7,
                    "2016197": 20.0,
                    "2016202": 28.0,
                    "2016203": 32.0,
                    "2016204": 24.0,
                    "2016209": 32.0,
                    "2016210": 32.0,
                    "2016211": 24.0,
                    "2016216": 20.0,
                    "2016217": 32.0,
                    "2016218": 20.0,
                    "2016223": 16.0,
                    "2016224": 24.0,
                    "2016225": 20.0,
                    "2016230": 16.0,
                    "2016231": 32.0,
                    "2016232": 24.0,
                    "2016237": 20.0,
                    "2016238": 32.0,
                    "2016239": 24.0,
                    "2016244": 12.0,
                    "2016245": 32.0,
                    "2016246": 24.0,
                    "2016252": 32.0,
                    "2016253": 32.0
                },
                "FEAMN": {
                    "2016155": 37.3,
                    "2016168": 37.4,
                    "2016190": 37.3
                },
                "HARM": "Machine",
                "HADAT": "11/01/2016",
                "WBWAH": 4861.8,
                "BWCAH": 3.63,
                "DBWAH": 4685.3,
                "GNDAT": "02/16/2017",
                "FFRAC": 0.3973,
                "SFRAC": 0.5068,
                "TFRAC": 0.0959,
                "WFWAH": 1931.4,
                "WSWAH": 2464.2,
                "WSCWAH": 4395.6,
                "DFWAH": 1861.3,
                "DSWAH": 2374.8,
                "DSCWAH": 4236.0,
                "QLDAT": "06/15/2017",
                "FBMIC": 37.0,
                "FBLTH": 1.17,
                "FBUNI": 81.5,
                "FBSTR": 32.2,
                "FBELO": 5.8,
                "FBSFI": 8.7,
                "haids": [
                    "6425f88e8ac5475ec38eced0",
                    "6425f88e8ac5475ec38eced1",
                    "6425f88e8ac5475ec38eced2"
                ],
                "tids": [
                    "6425fb6f8ac54761e63cc826"
                ],
                "ccids": [
                    "6426002c8ac54764b9a30df0",
                    "6426002c8ac54764b9a30df1",
                    "6426002c8ac54764b9a30df2"
                ]
            },
            "_id": "6425efc78ac5475cc2c4711b",
            "pid": "6425efc78ac5475cc2c4711b"
        },
        {
            "type": "Feature",
            "geometry": {
                "type": "Polygon",
                "coordinates": [
                    [
                        [
                            -111.97812293,
                            33.07919115
                        ],
                        [
                            -111.97825389,
                            33.0791918
                        ],
                        [
                            -111.978252,
                            33.07946244
                        ],
                        [
                            -111.97812104,
                            33.07946179
                        ],
                        [
                            -111.97812293,
                            33.07919115
                        ]
                    ]
                ]
            },
            "properties": {
                "plt_label": "p16-2",
                "trt_label": "80-60",
                "PLT_AREA": 366.810125,
                "CUL_NAME": "Deltapine 1549 B2XF",
                "PDATE": "04/25/2016",
                "PLYR": 2016,
                "PLDAY": 116,
                "IROP": "IR004",
                "IRVAL": {
                    "201670": 13.4,
                    "201671": 26.8,
                    "201674": 20.1,
                    "201675": 20.1,
                    "201676": 23.5,
                    "201677": 26.8,
                    "201678": 20.1,
                    "201681": 20.1,
                    "201691": 16.0,
                    "201692": 24.0,
                    "201695": 32.0,
                    "201696": 32.0,
                    "201697": 32.0,
                    "2016117": 8.0,
                    "2016118": 24.0,
                    "2016119": 27.9,
                    "2016120": 15.9,
                    "2016125": 12.6,
                    "2016127": 12.6,
                    "2016130": 8.0,
                    "2016132": 8.0,
                    "2016135": 8.0,
                    "2016148": 16.0,
                    "2016154": 15.9,
                    "2016155": 15.9,
                    "2016160": 16.0,
                    "2016161": 10.7,
                    "2016162": 10.7,
                    "2016167": 16.0,
                    "2016168": 5.3,
                    "2016169": 13.3,
                    "2016174": 21.3,
                    "2016175": 21.3,
                    "2016176": 16.0,
                    "2016181": 21.3,
                    "2016182": 21.3,
                    "2016183": 16.0,
                    "2016188": 21.3,
                    "2016189": 16.0,
                    "2016190": 15.9,
                    "2016195": 21.3,
                    "2016196": 21.3,
                    "2016197": 16.0,
                    "2016202": 14.0,
                    "2016203": 16.0,
                    "2016204": 12.0,
                    "2016209": 16.0,
                    "2016210": 16.0,
                    "2016211": 12.0,
                    "2016216": 10.0,
                    "2016217": 16.0,
                    "2016218": 10.0,
                    "2016223": 8.0,
                    "2016224": 12.0,
                    "2016225": 10.0,
                    "2016230": 8.0,
                    "2016231": 16.0,
                    "2016232": 12.0,
                    "2016237": 10.0,
                    "2016238": 16.0,
                    "2016239": 12.0,
                    "2016244": 6.0,
                    "2016245": 16.0,
                    "2016246": 12.0,
                    "2016252": 16.0,
                    "2016253": 16.0
                },
                "FEAMN": {
                    "2016155": 37.3,
                    "2016168": 37.4,
                    "2016190": 37.3
                },
                "HARM": "Machine",
                "HADAT": "11/01/2016",
                "WBWAH": 3483.8,
                "BWCAH": 3.64,
                "DBWAH": 3356.9,
                "GNDAT": "02/08/2017",
                "FFRAC": 0.4124,
                "SFRAC": 0.5137,
                "TFRAC": 0.0739,
                "WFWAH": 1436.6,
                "WSWAH": 1789.8,
                "WSCWAH": 3226.4,
                "DFWAH": 1384.3,
                "DSWAH": 1724.6,
                "DSCWAH": 3108.9,
                "QLDAT": "06/15/2017",
                "FBMIC": 50.0,
                "FBLTH": 1.09,
                "FBUNI": 80.4,
                "FBSTR": 31.8,
                "FBELO": 5.3,
                "FBSFI": 10.0,
                "haids": [
                    "6425f88e8ac5475ec38eced3",
                    "6425f88e8ac5475ec38eced4",
                    "6425f88e8ac5475ec38eced5"
                ],
                "tids": [
                    "6425fb6f8ac54761e63cc827"
                ],
                "ccids": [
                    "6426002c8ac54764b9a30df3",
                    "6426002c8ac54764b9a30df4",
                    "6426002c8ac54764b9a30df5"
                ]
            },
            "_id": "6425efc78ac5475cc2c4711c",
            "pid": "6425efc78ac5475cc2c4711c"
        },
        {
            "type": "Feature",
            "geometry": {
                "type": "Polygon",
                "coordinates": [
                    [
                        [
                            -111.97812545,
                            33.07883032
                        ],
                        [
                            -111.9782564,
                            33.07883097
                        ],
                        [
                            -111.97825452,
                            33.07910161
                        ],
                        [
                            -111.97812356,
                            33.07910096
                        ],
                        [
                            -111.97812545,
                            33.07883032
                        ]
                    ]
                ]
            },
            "properties": {
                "plt_label": "p16-3",
                "trt_label": "60-80",
                "PLT_AREA": 366.810203,
                "CUL_NAME": "Deltapine 1549 B2XF",
                "PDATE": "04/25/2016",
                "PLYR": 2016,
                "PLDAY": 116,
                "IROP": "IR004",
                "IRVAL": {
                    "201670": 13.4,
                    "201671": 26.8,
                    "201674": 20.1,
                    "201675": 20.1,
                    "201676": 23.5,
                    "201677": 26.8,
                    "201678": 20.1,
                    "201681": 20.1,
                    "201691": 16.0,
                    "201692": 24.0,
                    "201695": 32.0,
                    "201696": 32.0,
                    "201697": 32.0,
                    "2016117": 8.0,
                    "2016118": 24.0,
                    "2016119": 27.9,
                    "2016120": 15.9,
                    "2016125": 12.6,
                    "2016127": 12.6,
                    "2016130": 8.0,
                    "2016132": 8.0,
                    "2016135": 8.0,
                    "2016148": 16.0,
                    "2016154": 15.9,
                    "2016155": 15.9,
                    "2016160": 12.0,
                    "2016161": 8.0,
                    "2016162": 8.0,
                    "2016167": 12.0,
                    "2016168": 4.0,
                    "2016169": 10.0,
                    "2016174": 16.0,
                    "2016175": 16.0,
                    "2016176": 12.0,
                    "2016181": 16.0,
                    "2016182": 16.0,
                    "2016183": 12.0,
                    "2016188": 16.0,
                    "2016189": 12.0,
                    "2016190": 15.9,
                    "2016195": 16.0,
                    "2016196": 16.0,
                    "2016197": 12.0,
                    "2016202": 18.7,
                    "2016203": 21.3,
                    "2016204": 16.0,
                    "2016209": 21.3,
                    "2016210": 21.3,
                    "2016211": 16.0,
                    "2016216": 13.3,
                    "2016217": 21.3,
                    "2016218": 13.3,
                    "2016223": 10.7,
                    "2016224": 16.0,
                    "2016225": 13.3,
                    "2016230": 10.7,
                    "2016231": 21.3,
                    "2016232": 16.0,
                    "2016237": 13.3,
                    "2016238": 21.3,
                    "2016239": 16.0,
                    "2016244": 8.0,
                    "2016245": 21.3,
                    "2016246": 16.0,
                    "2016252": 21.3,
                    "2016253": 21.3
                },
                "FEAMN": {
                    "2016155": 37.3,
                    "2016168": 37.4,
                    "2016190": 37.3
                },
                "HARM": "Machine",
                "HADAT": "11/01/2016",
                "WBWAH": 5317.2,
                "BWCAH": 3.41,
                "DBWAH": 5135.8,
                "GNDAT": "01/30/2017",
                "FFRAC": 0.4109,
                "SFRAC": 0.5169,
                "TFRAC": 0.0722,
                "WFWAH": 2184.9,
                "WSWAH": 2748.2,
                "WSCWAH": 4933.1,
                "DFWAH": 2110.4,
                "DSWAH": 2654.5,
                "DSCWAH": 4764.9,
                "QLDAT": "06/15/2017",
                "FBMIC": 43.0,
                "FBLTH": 1.15,
                "FBUNI": 81.1,
                "FBSTR": 32.2,
                "FBELO": 5.4,
                "FBSFI": 9.5,
                "haids": [
                    "6425f88e8ac5475ec38eced6",
                    "6425f88e8ac5475ec38eced7",
                    "6425f88e8ac5475ec38eced8"
                ],
                "tids": [
                    "6425fb6f8ac54761e63cc828"
                ],
                "ccids": [
                    "6426002c8ac54764b9a30df6",
                    "6426002c8ac54764b9a30df7",
                    "6426002c8ac54764b9a30df8"
                ]
            },
            "_id": "6425efc78ac5475cc2c4711d",
            "pid": "6425efc78ac5475cc2c4711d"
        },
        {
            "type": "Feature",
            "geometry": {
                "type": "Polygon",
                "coordinates": [
                    [
                        [
                            -111.97812796,
                            33.07846948
                        ],
                        [
                            -111.97825892,
                            33.07847013
                        ],
                        [
                            -111.97825703,
                            33.07874077
                        ],
                        [
                            -111.97812608,
                            33.07874012
                        ],
                        [
                            -111.97812796,
                            33.07846948
                        ]
                    ]
                ]
            },
            "properties": {
                "plt_label": "p16-4",
                "trt_label": "80-120",
                "PLT_AREA": 366.810125,
                "CUL_NAME": "Deltapine 1549 B2XF",
                "PDATE": "04/25/2016",
                "PLYR": 2016,
                "PLDAY": 116,
                "IROP": "IR004",
                "IRVAL": {
                    "201670": 13.4,
                    "201671": 26.8,
                    "201674": 20.1,
                    "201675": 20.1,
                    "201676": 23.5,
                    "201677": 26.8,
                    "201678": 20.1,
                    "201681": 20.1,
                    "201691": 16.0,
                    "201692": 24.0,
                    "201695": 32.0,
                    "201696": 32.0,
                    "201697": 32.0,
                    "2016117": 8.0,
                    "2016118": 24.0,
                    "2016119": 27.9,
                    "2016120": 15.9,
                    "2016125": 12.6,
                    "2016127": 12.6,
                    "2016130": 8.0,
                    "2016132": 8.0,
                    "2016135": 8.0,
                    "2016148": 16.0,
                    "2016154": 15.9,
                    "2016155": 15.9,
                    "2016160": 16.0,
                    "2016161": 10.7,
                    "2016162": 10.7,
                    "2016167": 16.0,
                    "2016168": 5.3,
                    "2016169": 13.3,
                    "2016174": 21.3,
                    "2016175": 21.3,
                    "2016176": 16.0,
                    "2016181": 21.3,
                    "2016182": 21.3,
                    "2016183": 16.0,
                    "2016188": 21.3,
                    "2016189": 16.0,
                    "2016190": 15.9,
                    "2016195": 21.3,
                    "2016196": 21.3,
                    "2016197": 16.0,
                    "2016202": 28.0,
                    "2016203": 32.0,
                    "2016204": 24.0,
                    "2016209": 32.0,
                    "2016210": 32.0,
                    "2016211": 24.0,
                    "2016216": 20.0,
                    "2016217": 32.0,
                    "2016218": 20.0,
                    "2016223": 16.0,
                    "2016224": 24.0,
                    "2016225": 20.0,
                    "2016230": 16.0,
                    "2016231": 32.0,
                    "2016232": 24.0,
                    "2016237": 20.0,
                    "2016238": 32.0,
                    "2016239": 24.0,
                    "2016244": 12.0,
                    "2016245": 32.0,
                    "2016246": 24.0,
                    "2016252": 32.0,
                    "2016253": 32.0
                },
                "FEAMN": {
                    "2016155": 37.3,
                    "2016168": 37.4,
                    "2016190": 37.3
                },
                "HARM": "Machine",
                "HADAT": "11/01/2016",
                "WBWAH": 5826.2,
                "BWCAH": 3.54,
                "DBWAH": 5619.7,
                "GNDAT": "02/08/2017",
                "FFRAC": 0.4042,
                "SFRAC": 0.5,
                "TFRAC": 0.0958,
                "WFWAH": 2354.7,
                "WSWAH": 2913.1,
                "WSCWAH": 5267.7,
                "DFWAH": 2271.2,
                "DSWAH": 2809.8,
                "DSCWAH": 5081.1,
                "QLDAT": "06/15/2017",
                "FBMIC": 43.0,
                "FBLTH": 1.13,
                "FBUNI": 80.8,
                "FBSTR": 31.4,
                "FBELO": 5.4,
                "FBSFI": 10.3,
                "haids": [
                    "6425f88e8ac5475ec38eced9",
                    "6425f88e8ac5475ec38eceda",
                    "6425f88e8ac5475ec38ecedb"
                ],
                "tids": [
                    "6425fb6f8ac54761e63cc829"
                ],
                "ccids": [
                    "6426002c8ac54764b9a30df9",
                    "6426002c8ac54764b9a30dfa",
                    "6426002c8ac54764b9a30dfb"
                ]
            },
            "_id": "6425efc78ac5475cc2c4711e",
            "pid": "6425efc78ac5475cc2c4711e"
        }
    ]
}