{
    "type": "Feature",
    "geometry": {
        "type": "Polygon",
        "coordinates": [
            [
                [
                    -111.97820604,
                    33.07978424
                ],
                [
                    -111.97822781,
                    33.07978435
                ],
                [
                    -111.97822718,
                    33.07987454
                ],
                [
                    -111.97820541,
                    33.07987443
                ],
                [
                    -111.97820604,
                    33.07978424
                ]
            ]
        ]
    },
    "properties": {
        "ha_label": "p01-01-W",
        "HA_AREA": 20.32
    },
    "_id": "641df3d58ac5479be3717bf0",
    "haid": "641df3d58ac5479be3717bf0"
}{
    "type": "Feature",
    "geometry": {
        "type": "Polygon",
        "coordinates": [
            [
                [
                    -111.97820667,
                    33.07969405
                ],
                [
                    -111.97822844,
                    33.07969416
                ],
                [
                    -111.97822781,
                    33.07978435
                ],
                [
                    -111.97820604,
                    33.07978424
                ],
                [
                    -111.97820667,
                    33.07969405
                ]
            ]
        ]
    },
    "properties": {
        "ha_label": "p01-02-W",
        "HA_AREA": 20.32
    },
    "_id": "641df3d58ac5479be3717bf1",
    "haid": "641df3d58ac5479be3717bf1"
}{
    "type": "Feature",
    "geometry": {
        "type": "Polygon",
        "coordinates": [
            [
                [
                    -111.9782073,
                    33.07960386
                ],
                [
                    -111.97822907,
                    33.07960397
                ],
                [
                    -111.97822844,
                    33.07969416
                ],
                [
                    -111.97820667,
                    33.07969405
                ],
                [
                    -111.9782073,
                    33.07960386
                ]
            ]
        ]
    },
    "properties": {
        "ha_label": "p01-03-W",
        "HA_AREA": 20.319999
    },
    "_id": "641df3d58ac5479be3717bf2",
    "haid": "641df3d58ac5479be3717bf2"
}{
    "type": "Feature",
    "geometry": {
        "type": "Polygon",
        "coordinates": [
            [
                [
                    -111.97820793,
                    33.07951367
                ],
                [
                    -111.9782297,
                    33.07951377
                ],
                [
                    -111.97822907,
                    33.07960397
                ],
                [
                    -111.9782073,
                    33.07960386
                ],
                [
                    -111.97820793,
                    33.07951367
                ]
            ]
        ]
    },
    "properties": {
        "ha_label": "p01-04-W",
        "HA_AREA": 20.320001
    },
    "_id": "641df3d58ac5479be3717bf3",
    "haid": "641df3d58ac5479be3717bf3"
}{
    "type": "Feature",
    "geometry": {
        "type": "Polygon",
        "coordinates": [
            [
                [
                    -111.97820856,
                    33.07942348
                ],
                [
                    -111.97823033,
                    33.07942358
                ],
                [
                    -111.9782297,
                    33.07951377
                ],
                [
                    -111.97820793,
                    33.07951367
                ],
                [
                    -111.97820856,
                    33.07942348
                ]
            ]
        ]
    },
    "properties": {
        "ha_label": "p01-05-W",
        "HA_AREA": 20.320001
    },
    "_id": "641df3d58ac5479be3717bf4",
    "haid": "641df3d58ac5479be3717bf4"
}{
    "type": "Feature",
    "geometry": {
        "type": "Polygon",
        "coordinates": [
            [
                [
                    -111.97820919,
                    33.07933328
                ],
                [
                    -111.97823096,
                    33.07933339
                ],
                [
                    -111.97823033,
                    33.07942358
                ],
                [
                    -111.97820856,
                    33.07942348
                ],
                [
                    -111.97820919,
                    33.07933328
                ]
            ]
        ]
    },
    "properties": {
        "ha_label": "p01-06-W",
        "HA_AREA": 20.320001
    },
    "_id": "641df3d58ac5479be3717bf5",
    "haid": "641df3d58ac5479be3717bf5"
}{
    "type": "Feature",
    "geometry": {
        "type": "Polygon",
        "coordinates": [
            [
                [
                    -111.97820982,
                    33.07924309
                ],
                [
                    -111.97823159,
                    33.0792432
                ],
                [
                    -111.97823096,
                    33.07933339
                ],
                [
                    -111.97820919,
                    33.07933328
                ],
                [
                    -111.97820982,
                    33.07924309
                ]
            ]
        ]
    },
    "properties": {
        "ha_label": "p01-07-W",
        "HA_AREA": 20.319996
    },
    "_id": "641df3d58ac5479be3717bf6",
    "haid": "641df3d58ac5479be3717bf6"
}{
    "type": "Feature",
    "geometry": {
        "type": "Polygon",
        "coordinates": [
            [
                [
                    -111.97821045,
                    33.0791529
                ],
                [
                    -111.97823222,
                    33.07915301
                ],
                [
                    -111.97823159,
                    33.0792432
                ],
                [
                    -111.97820982,
                    33.07924309
                ],
                [
                    -111.97821045,
                    33.0791529
                ]
            ]
        ]
    },
    "properties": {
        "ha_label": "p01-08-W",
        "HA_AREA": 20.319994
    },
    "_id": "641df3d58ac5479be3717bf7",
    "haid": "641df3d58ac5479be3717bf7"
}{
    "type": "Feature",
    "geometry": {
        "type": "Polygon",
        "coordinates": [
            [
                [
                    -111.97821108,
                    33.07906271
                ],
                [
                    -111.97823284,
                    33.07906282
                ],
                [
                    -111.97823222,
                    33.07915301
                ],
                [
                    -111.97821045,
                    33.0791529
                ],
                [
                    -111.97821108,
                    33.07906271
                ]
            ]
        ]
    },
    "properties": {
        "ha_label": "p01-09-W",
        "HA_AREA": 20.32
    },
    "_id": "641df3d58ac5479be3717bf8",
    "haid": "641df3d58ac5479be3717bf8"
}{
    "type": "Feature",
    "geometry": {
        "type": "Polygon",
        "coordinates": [
            [
                [
                    -111.9782117,
                    33.07897252
                ],
                [
                    -111.97823347,
                    33.07897262
                ],
                [
                    -111.97823284,
                    33.07906282
                ],
                [
                    -111.97821108,
                    33.07906271
                ],
                [
                    -111.9782117,
                    33.07897252
                ]
            ]
        ]
    },
    "properties": {
        "ha_label": "p01-10-W",
        "HA_AREA": 20.32
    },
    "_id": "641df3d58ac5479be3717bf9",
    "haid": "641df3d58ac5479be3717bf9"
}{
    "type": "Feature",
    "geometry": {
        "type": "Polygon",
        "coordinates": [
            [
                [
                    -111.97821233,
                    33.07888232
                ],
                [
                    -111.9782341,
                    33.07888243
                ],
                [
                    -111.97823347,
                    33.07897262
                ],
                [
                    -111.9782117,
                    33.07897252
                ],
                [
                    -111.97821233,
                    33.07888232
                ]
            ]
        ]
    },
    "properties": {
        "ha_label": "p01-11-W",
        "HA_AREA": 20.32
    },
    "_id": "641df3d58ac5479be3717bfa",
    "haid": "641df3d58ac5479be3717bfa"
}{
    "type": "Feature",
    "geometry": {
        "type": "Polygon",
        "coordinates": [
            [
                [
                    -111.97821296,
                    33.07879213
                ],
                [
                    -111.97823473,
                    33.07879224
                ],
                [
                    -111.9782341,
                    33.07888243
                ],
                [
                    -111.97821233,
                    33.07888232
                ],
                [
                    -111.97821296,
                    33.07879213
                ]
            ]
        ]
    },
    "properties": {
        "ha_label": "p01-12-W",
        "HA_AREA": 20.32
    },
    "_id": "641df3d58ac5479be3717bfb",
    "haid": "641df3d58ac5479be3717bfb"
}{
    "type": "Feature",
    "geometry": {
        "type": "Polygon",
        "coordinates": [
            [
                [
                    -111.97821359,
                    33.07870194
                ],
                [
                    -111.97823536,
                    33.07870205
                ],
                [
                    -111.97823473,
                    33.07879224
                ],
                [
                    -111.97821296,
                    33.07879213
                ],
                [
                    -111.97821359,
                    33.07870194
                ]
            ]
        ]
    },
    "properties": {
        "ha_label": "p01-13-W",
        "HA_AREA": 20.319999
    },
    "_id": "641df3d58ac5479be3717bfc",
    "haid": "641df3d58ac5479be3717bfc"
}{
    "type": "Feature",
    "geometry": {
        "type": "Polygon",
        "coordinates": [
            [
                [
                    -111.97821422,
                    33.07861175
                ],
                [
                    -111.97823599,
                    33.07861186
                ],
                [
                    -111.97823536,
                    33.07870205
                ],
                [
                    -111.97821359,
                    33.07870194
                ],
                [
                    -111.97821422,
                    33.07861175
                ]
            ]
        ]
    },
    "properties": {
        "ha_label": "p01-14-W",
        "HA_AREA": 20.320001
    },
    "_id": "641df3d58ac5479be3717bfd",
    "haid": "641df3d58ac5479be3717bfd"
}{
    "type": "Feature",
    "geometry": {
        "type": "Polygon",
        "coordinates": [
            [
                [
                    -111.97821485,
                    33.07852156
                ],
                [
                    -111.97823662,
                    33.07852166
                ],
                [
                    -111.97823599,
                    33.07861186
                ],
                [
                    -111.97821422,
                    33.07861175
                ],
                [
                    -111.97821485,
                    33.07852156
                ]
            ]
        ]
    },
    "properties": {
        "ha_label": "p01-15-W",
        "HA_AREA": 20.320001
    },
    "_id": "641df3d58ac5479be3717bfe",
    "haid": "641df3d58ac5479be3717bfe"
}{
    "type": "Feature",
    "geometry": {
        "type": "Polygon",
        "coordinates": [
            [
                [
                    -111.97814073,
                    33.07978392
                ],
                [
                    -111.9781625,
                    33.07978403
                ],
                [
                    -111.97816187,
                    33.07987422
                ],
                [
                    -111.9781401,
                    33.07987411
                ],
                [
                    -111.97814073,
                    33.07978392
                ]
            ]
        ]
    },
    "properties": {
        "ha_label": "p01-01-E",
        "HA_AREA": 20.320002
    },
    "_id": "641df3d58ac5479be3717bff",
    "haid": "641df3d58ac5479be3717bff"
}{
    "type": "Feature",
    "geometry": {
        "type": "Polygon",
        "coordinates": [
            [
                [
                    -111.97814136,
                    33.07969373
                ],
                [
                    -111.97816313,
                    33.07969384
                ],
                [
                    -111.9781625,
                    33.07978403
                ],
                [
                    -111.97814073,
                    33.07978392
                ],
                [
                    -111.97814136,
                    33.07969373
                ]
            ]
        ]
    },
    "properties": {
        "ha_label": "p01-02-E",
        "HA_AREA": 20.320001
    },
    "_id": "641df3d58ac5479be3717c00",
    "haid": "641df3d58ac5479be3717c00"
}{
    "type": "Feature",
    "geometry": {
        "type": "Polygon",
        "coordinates": [
            [
                [
                    -111.97814199,
                    33.07960354
                ],
                [
                    -111.97816376,
                    33.07960364
                ],
                [
                    -111.97816313,
                    33.07969384
                ],
                [
                    -111.97814136,
                    33.07969373
                ],
                [
                    -111.97814199,
                    33.07960354
                ]
            ]
        ]
    },
    "properties": {
        "ha_label": "p01-03-E",
        "HA_AREA": 20.319997
    },
    "_id": "641df3d58ac5479be3717c01",
    "haid": "641df3d58ac5479be3717c01"
}{
    "type": "Feature",
    "geometry": {
        "type": "Polygon",
        "coordinates": [
            [
                [
                    -111.97814262,
                    33.07951334
                ],
                [
                    -111.97816439,
                    33.07951345
                ],
                [
                    -111.97816376,
                    33.07960364
                ],
                [
                    -111.97814199,
                    33.07960354
                ],
                [
                    -111.97814262,
                    33.07951334
                ]
            ]
        ]
    },
    "properties": {
        "ha_label": "p01-04-E",
        "HA_AREA": 20.319997
    },
    "_id": "641df3d58ac5479be3717c02",
    "haid": "641df3d58ac5479be3717c02"
}{
    "type": "Feature",
    "geometry": {
        "type": "Polygon",
        "coordinates": [
            [
                [
                    -111.97814325,
                    33.07942315
                ],
                [
                    -111.97816502,
                    33.07942326
                ],
                [
                    -111.97816439,
                    33.07951345
                ],
                [
                    -111.97814262,
                    33.07951334
                ],
                [
                    -111.97814325,
                    33.07942315
                ]
            ]
        ]
    },
    "properties": {
        "ha_label": "p01-05-E",
        "HA_AREA": 20.320002
    },
    "_id": "641df3d58ac5479be3717c03",
    "haid": "641df3d58ac5479be3717c03"
}{
    "type": "Feature",
    "geometry": {
        "type": "Polygon",
        "coordinates": [
            [
                [
                    -111.97814388,
                    33.07933296
                ],
                [
                    -111.97816565,
                    33.07933307
                ],
                [
                    -111.97816502,
                    33.07942326
                ],
                [
                    -111.97814325,
                    33.07942315
                ],
                [
                    -111.97814388,
                    33.07933296
                ]
            ]
        ]
    },
    "properties": {
        "ha_label": "p01-06-E",
        "HA_AREA": 20.320002
    },
    "_id": "641df3d58ac5479be3717c04",
    "haid": "641df3d58ac5479be3717c04"
}{
    "type": "Feature",
    "geometry": {
        "type": "Polygon",
        "coordinates": [
            [
                [
                    -111.97814451,
                    33.07924277
                ],
                [
                    -111.97816628,
                    33.07924288
                ],
                [
                    -111.97816565,
                    33.07933307
                ],
                [
                    -111.97814388,
                    33.07933296
                ],
                [
                    -111.97814451,
                    33.07924277
                ]
            ]
        ]
    },
    "properties": {
        "ha_label": "p01-07-E",
        "HA_AREA": 20.320002
    },
    "_id": "641df3d58ac5479be3717c05",
    "haid": "641df3d58ac5479be3717c05"
}{
    "type": "Feature",
    "geometry": {
        "type": "Polygon",
        "coordinates": [
            [
                [
                    -111.97814514,
                    33.07915258
                ],
                [
                    -111.97816691,
                    33.07915268
                ],
                [
                    -111.97816628,
                    33.07924288
                ],
                [
                    -111.97814451,
                    33.07924277
                ],
                [
                    -111.97814514,
                    33.07915258
                ]
            ]
        ]
    },
    "properties": {
        "ha_label": "p01-08-E",
        "HA_AREA": 20.320002
    },
    "_id": "641df3d58ac5479be3717c06",
    "haid": "641df3d58ac5479be3717c06"
}{
    "type": "Feature",
    "geometry": {
        "type": "Polygon",
        "coordinates": [
            [
                [
                    -111.97814577,
                    33.07906238
                ],
                [
                    -111.97816754,
                    33.07906249
                ],
                [
                    -111.97816691,
                    33.07915268
                ],
                [
                    -111.97814514,
                    33.07915258
                ],
                [
                    -111.97814577,
                    33.07906238
                ]
            ]
        ]
    },
    "properties": {
        "ha_label": "p01-09-E",
        "HA_AREA": 20.320002
    },
    "_id": "641df3d58ac5479be3717c07",
    "haid": "641df3d58ac5479be3717c07"
}{
    "type": "Feature",
    "geometry": {
        "type": "Polygon",
        "coordinates": [
            [
                [
                    -111.9781464,
                    33.07897219
                ],
                [
                    -111.97816817,
                    33.0789723
                ],
                [
                    -111.97816754,
                    33.07906249
                ],
                [
                    -111.97814577,
                    33.07906238
                ],
                [
                    -111.9781464,
                    33.07897219
                ]
            ]
        ]
    },
    "properties": {
        "ha_label": "p01-10-E",
        "HA_AREA": 20.319996
    },
    "_id": "641df3d58ac5479be3717c08",
    "haid": "641df3d58ac5479be3717c08"
}{
    "type": "Feature",
    "geometry": {
        "type": "Polygon",
        "coordinates": [
            [
                [
                    -111.97814703,
                    33.078882
                ],
                [
                    -111.9781688,
                    33.07888211
                ],
                [
                    -111.97816817,
                    33.0789723
                ],
                [
                    -111.9781464,
                    33.07897219
                ],
                [
                    -111.97814703,
                    33.078882
                ]
            ]
        ]
    },
    "properties": {
        "ha_label": "p01-11-E",
        "HA_AREA": 20.319997
    },
    "_id": "641df3d58ac5479be3717c09",
    "haid": "641df3d58ac5479be3717c09"
}{
    "type": "Feature",
    "geometry": {
        "type": "Polygon",
        "coordinates": [
            [
                [
                    -111.97814766,
                    33.07879181
                ],
                [
                    -111.97816943,
                    33.07879192
                ],
                [
                    -111.9781688,
                    33.07888211
                ],
                [
                    -111.97814703,
                    33.078882
                ],
                [
                    -111.97814766,
                    33.07879181
                ]
            ]
        ]
    },
    "properties": {
        "ha_label": "p01-12-E",
        "HA_AREA": 20.320001
    },
    "_id": "641df3d58ac5479be3717c0a",
    "haid": "641df3d58ac5479be3717c0a"
}{
    "type": "Feature",
    "geometry": {
        "type": "Polygon",
        "coordinates": [
            [
                [
                    -111.97814829,
                    33.07870162
                ],
                [
                    -111.97817005,
                    33.07870173
                ],
                [
                    -111.97816943,
                    33.07879192
                ],
                [
                    -111.97814766,
                    33.07879181
                ],
                [
                    -111.97814829,
                    33.07870162
                ]
            ]
        ]
    },
    "properties": {
        "ha_label": "p01-13-E",
        "HA_AREA": 20.320002
    },
    "_id": "641df3d58ac5479be3717c0b",
    "haid": "641df3d58ac5479be3717c0b"
}{
    "type": "Feature",
    "geometry": {
        "type": "Polygon",
        "coordinates": [
            [
                [
                    -111.97814892,
                    33.07861143
                ],
                [
                    -111.97817068,
                    33.07861153
                ],
                [
                    -111.97817005,
                    33.07870173
                ],
                [
                    -111.97814829,
                    33.07870162
                ],
                [
                    -111.97814892,
                    33.07861143
                ]
            ]
        ]
    },
    "properties": {
        "ha_label": "p01-14-E",
        "HA_AREA": 20.320002
    },
    "_id": "641df3d58ac5479be3717c0c",
    "haid": "641df3d58ac5479be3717c0c"
}{
    "type": "Feature",
    "geometry": {
        "type": "Polygon",
        "coordinates": [
            [
                [
                    -111.97814954,
                    33.07852123
                ],
                [
                    -111.97817131,
                    33.07852134
                ],
                [
                    -111.97817068,
                    33.07861153
                ],
                [
                    -111.97814892,
                    33.07861143
                ],
                [
                    -111.97814954,
                    33.07852123
                ]
            ]
        ]
    },
    "properties": {
        "ha_label": "p01-15-E",
        "HA_AREA": 20.319997
    },
    "_id": "641df3d58ac5479be3717c0d",
    "haid": "641df3d58ac5479be3717c0d"
}{
    "type": "Feature",
    "geometry": {
        "type": "Polygon",
        "coordinates": [
            [
                [
                    -111.97805366,
                    33.07978349
                ],
                [
                    -111.97807543,
                    33.0797836
                ],
                [
                    -111.9780748,
                    33.07987379
                ],
                [
                    -111.97805303,
                    33.07987368
                ],
                [
                    -111.97805366,
                    33.07978349
                ]
            ]
        ]
    },
    "properties": {
        "ha_label": "p02-01-W",
        "HA_AREA": 20.32
    },
    "_id": "641df3d58ac5479be3717c0e",
    "haid": "641df3d58ac5479be3717c0e"
}{
    "type": "Feature",
    "geometry": {
        "type": "Polygon",
        "coordinates": [
            [
                [
                    -111.97805429,
                    33.0796933
                ],
                [
                    -111.97807606,
                    33.0796934
                ],
                [
                    -111.97807543,
                    33.0797836
                ],
                [
                    -111.97805366,
                    33.07978349
                ],
                [
                    -111.97805429,
                    33.0796933
                ]
            ]
        ]
    },
    "properties": {
        "ha_label": "p02-02-W",
        "HA_AREA": 20.32
    },
    "_id": "641df3d58ac5479be3717c0f",
    "haid": "641df3d58ac5479be3717c0f"
}{
    "type": "Feature",
    "geometry": {
        "type": "Polygon",
        "coordinates": [
            [
                [
                    -111.97805492,
                    33.0796031
                ],
                [
                    -111.97807669,
                    33.07960321
                ],
                [
                    -111.97807606,
                    33.0796934
                ],
                [
                    -111.97805429,
                    33.0796933
                ],
                [
                    -111.97805492,
                    33.0796031
                ]
            ]
        ]
    },
    "properties": {
        "ha_label": "p02-03-W",
        "HA_AREA": 20.32
    },
    "_id": "641df3d58ac5479be3717c10",
    "haid": "641df3d58ac5479be3717c10"
}{
    "type": "Feature",
    "geometry": {
        "type": "Polygon",
        "coordinates": [
            [
                [
                    -111.97805555,
                    33.07951291
                ],
                [
                    -111.97807731,
                    33.07951302
                ],
                [
                    -111.97807669,
                    33.07960321
                ],
                [
                    -111.97805492,
                    33.0796031
                ],
                [
                    -111.97805555,
                    33.07951291
                ]
            ]
        ]
    },
    "properties": {
        "ha_label": "p02-04-W",
        "HA_AREA": 20.319999
    },
    "_id": "641df3d58ac5479be3717c11",
    "haid": "641df3d58ac5479be3717c11"
}{
    "type": "Feature",
    "geometry": {
        "type": "Polygon",
        "coordinates": [
            [
                [
                    -111.97805617,
                    33.07942272
                ],
                [
                    -111.97807794,
                    33.07942283
                ],
                [
                    -111.97807731,
                    33.07951302
                ],
                [
                    -111.97805555,
                    33.07951291
                ],
                [
                    -111.97805617,
                    33.07942272
                ]
            ]
        ]
    },
    "properties": {
        "ha_label": "p02-05-W",
        "HA_AREA": 20.320005
    },
    "_id": "641df3d58ac5479be3717c12",
    "haid": "641df3d58ac5479be3717c12"
}{
    "type": "Feature",
    "geometry": {
        "type": "Polygon",
        "coordinates": [
            [
                [
                    -111.9780568,
                    33.07933253
                ],
                [
                    -111.97807857,
                    33.07933264
                ],
                [
                    -111.97807794,
                    33.07942283
                ],
                [
                    -111.97805617,
                    33.07942272
                ],
                [
                    -111.9780568,
                    33.07933253
                ]
            ]
        ]
    },
    "properties": {
        "ha_label": "p02-06-W",
        "HA_AREA": 20.320004
    },
    "_id": "641df3d58ac5479be3717c13",
    "haid": "641df3d58ac5479be3717c13"
}{
    "type": "Feature",
    "geometry": {
        "type": "Polygon",
        "coordinates": [
            [
                [
                    -111.97805743,
                    33.07924234
                ],
                [
                    -111.9780792,
                    33.07924245
                ],
                [
                    -111.97807857,
                    33.07933264
                ],
                [
                    -111.9780568,
                    33.07933253
                ],
                [
                    -111.97805743,
                    33.07924234
                ]
            ]
        ]
    },
    "properties": {
        "ha_label": "p02-07-W",
        "HA_AREA": 20.32
    },
    "_id": "641df3d58ac5479be3717c14",
    "haid": "641df3d58ac5479be3717c14"
}{
    "type": "Feature",
    "geometry": {
        "type": "Polygon",
        "coordinates": [
            [
                [
                    -111.97805806,
                    33.07915215
                ],
                [
                    -111.97807983,
                    33.07915225
                ],
                [
                    -111.9780792,
                    33.07924245
                ],
                [
                    -111.97805743,
                    33.07924234
                ],
                [
                    -111.97805806,
                    33.07915215
                ]
            ]
        ]
    },
    "properties": {
        "ha_label": "p02-08-W",
        "HA_AREA": 20.32
    },
    "_id": "641df3d58ac5479be3717c15",
    "haid": "641df3d58ac5479be3717c15"
}{
    "type": "Feature",
    "geometry": {
        "type": "Polygon",
        "coordinates": [
            [
                [
                    -111.97805869,
                    33.07906195
                ],
                [
                    -111.97808046,
                    33.07906206
                ],
                [
                    -111.97807983,
                    33.07915225
                ],
                [
                    -111.97805806,
                    33.07915215
                ],
                [
                    -111.97805869,
                    33.07906195
                ]
            ]
        ]
    },
    "properties": {
        "ha_label": "p02-09-W",
        "HA_AREA": 20.32
    },
    "_id": "641df3d58ac5479be3717c16",
    "haid": "641df3d58ac5479be3717c16"
}{
    "type": "Feature",
    "geometry": {
        "type": "Polygon",
        "coordinates": [
            [
                [
                    -111.97805932,
                    33.07897176
                ],
                [
                    -111.97808109,
                    33.07897187
                ],
                [
                    -111.97808046,
                    33.07906206
                ],
                [
                    -111.97805869,
                    33.07906195
                ],
                [
                    -111.97805932,
                    33.07897176
                ]
            ]
        ]
    },
    "properties": {
        "ha_label": "p02-10-W",
        "HA_AREA": 20.32
    },
    "_id": "641df3d58ac5479be3717c17",
    "haid": "641df3d58ac5479be3717c17"
}{
    "type": "Feature",
    "geometry": {
        "type": "Polygon",
        "coordinates": [
            [
                [
                    -111.97805995,
                    33.07888157
                ],
                [
                    -111.97808172,
                    33.07888168
                ],
                [
                    -111.97808109,
                    33.07897187
                ],
                [
                    -111.97805932,
                    33.07897176
                ],
                [
                    -111.97805995,
                    33.07888157
                ]
            ]
        ]
    },
    "properties": {
        "ha_label": "p02-11-W",
        "HA_AREA": 20.32
    },
    "_id": "641df3d58ac5479be3717c18",
    "haid": "641df3d58ac5479be3717c18"
}{
    "type": "Feature",
    "geometry": {
        "type": "Polygon",
        "coordinates": [
            [
                [
                    -111.97806058,
                    33.07879138
                ],
                [
                    -111.97808235,
                    33.07879149
                ],
                [
                    -111.97808172,
                    33.07888168
                ],
                [
                    -111.97805995,
                    33.07888157
                ],
                [
                    -111.97806058,
                    33.07879138
                ]
            ]
        ]
    },
    "properties": {
        "ha_label": "p02-12-W",
        "HA_AREA": 20.32
    },
    "_id": "641df3d58ac5479be3717c19",
    "haid": "641df3d58ac5479be3717c19"
}{
    "type": "Feature",
    "geometry": {
        "type": "Polygon",
        "coordinates": [
            [
                [
                    -111.97806121,
                    33.07870119
                ],
                [
                    -111.97808298,
                    33.07870129
                ],
                [
                    -111.97808235,
                    33.07879149
                ],
                [
                    -111.97806058,
                    33.07879138
                ],
                [
                    -111.97806121,
                    33.07870119
                ]
            ]
        ]
    },
    "properties": {
        "ha_label": "p02-13-W",
        "HA_AREA": 20.32
    },
    "_id": "641df3d58ac5479be3717c1a",
    "haid": "641df3d58ac5479be3717c1a"
}{
    "type": "Feature",
    "geometry": {
        "type": "Polygon",
        "coordinates": [
            [
                [
                    -111.97806184,
                    33.07861099
                ],
                [
                    -111.97808361,
                    33.0786111
                ],
                [
                    -111.97808298,
                    33.07870129
                ],
                [
                    -111.97806121,
                    33.07870119
                ],
                [
                    -111.97806184,
                    33.07861099
                ]
            ]
        ]
    },
    "properties": {
        "ha_label": "p02-14-W",
        "HA_AREA": 20.319999
    },
    "_id": "641df3d58ac5479be3717c1b",
    "haid": "641df3d58ac5479be3717c1b"
}{
    "type": "Feature",
    "geometry": {
        "type": "Polygon",
        "coordinates": [
            [
                [
                    -111.97806247,
                    33.0785208
                ],
                [
                    -111.97808424,
                    33.07852091
                ],
                [
                    -111.97808361,
                    33.0786111
                ],
                [
                    -111.97806184,
                    33.07861099
                ],
                [
                    -111.97806247,
                    33.0785208
                ]
            ]
        ]
    },
    "properties": {
        "ha_label": "p02-15-W",
        "HA_AREA": 20.319999
    },
    "_id": "641df3d58ac5479be3717c1c",
    "haid": "641df3d58ac5479be3717c1c"
}{
    "type": "Feature",
    "geometry": {
        "type": "Polygon",
        "coordinates": [
            [
                [
                    -111.97798835,
                    33.07978317
                ],
                [
                    -111.97801012,
                    33.07978327
                ],
                [
                    -111.97800949,
                    33.07987346
                ],
                [
                    -111.97798772,
                    33.07987336
                ],
                [
                    -111.97798835,
                    33.07978317
                ]
            ]
        ]
    },
    "properties": {
        "ha_label": "p02-01-E",
        "HA_AREA": 20.319997
    },
    "_id": "641df3d58ac5479be3717c1d",
    "haid": "641df3d58ac5479be3717c1d"
}{
    "type": "Feature",
    "geometry": {
        "type": "Polygon",
        "coordinates": [
            [
                [
                    -111.97798898,
                    33.07969297
                ],
                [
                    -111.97801075,
                    33.07969308
                ],
                [
                    -111.97801012,
                    33.07978327
                ],
                [
                    -111.97798835,
                    33.07978317
                ],
                [
                    -111.97798898,
                    33.07969297
                ]
            ]
        ]
    },
    "properties": {
        "ha_label": "p02-02-E",
        "HA_AREA": 20.319997
    },
    "_id": "641df3d58ac5479be3717c1e",
    "haid": "641df3d58ac5479be3717c1e"
}{
    "type": "Feature",
    "geometry": {
        "type": "Polygon",
        "coordinates": [
            [
                [
                    -111.97798961,
                    33.07960278
                ],
                [
                    -111.97801138,
                    33.07960289
                ],
                [
                    -111.97801075,
                    33.07969308
                ],
                [
                    -111.97798898,
                    33.07969297
                ],
                [
                    -111.97798961,
                    33.07960278
                ]
            ]
        ]
    },
    "properties": {
        "ha_label": "p02-03-E",
        "HA_AREA": 20.320003
    },
    "_id": "641df3d58ac5479be3717c1f",
    "haid": "641df3d58ac5479be3717c1f"
}{
    "type": "Feature",
    "geometry": {
        "type": "Polygon",
        "coordinates": [
            [
                [
                    -111.97799024,
                    33.07951259
                ],
                [
                    -111.97801201,
                    33.0795127
                ],
                [
                    -111.97801138,
                    33.07960289
                ],
                [
                    -111.97798961,
                    33.07960278
                ],
                [
                    -111.97799024,
                    33.07951259
                ]
            ]
        ]
    },
    "properties": {
        "ha_label": "p02-04-E",
        "HA_AREA": 20.320002
    },
    "_id": "641df3d58ac5479be3717c20",
    "haid": "641df3d58ac5479be3717c20"
}{
    "type": "Feature",
    "geometry": {
        "type": "Polygon",
        "coordinates": [
            [
                [
                    -111.97799087,
                    33.0794224
                ],
                [
                    -111.97801264,
                    33.07942251
                ],
                [
                    -111.97801201,
                    33.0795127
                ],
                [
                    -111.97799024,
                    33.07951259
                ],
                [
                    -111.97799087,
                    33.0794224
                ]
            ]
        ]
    },
    "properties": {
        "ha_label": "p02-05-E",
        "HA_AREA": 20.320001
    },
    "_id": "641df3d58ac5479be3717c21",
    "haid": "641df3d58ac5479be3717c21"
}{
    "type": "Feature",
    "geometry": {
        "type": "Polygon",
        "coordinates": [
            [
                [
                    -111.9779915,
                    33.07933221
                ],
                [
                    -111.97801327,
                    33.07933231
                ],
                [
                    -111.97801264,
                    33.07942251
                ],
                [
                    -111.97799087,
                    33.0794224
                ],
                [
                    -111.9779915,
                    33.07933221
                ]
            ]
        ]
    },
    "properties": {
        "ha_label": "p02-06-E",
        "HA_AREA": 20.320001
    },
    "_id": "641df3d58ac5479be3717c22",
    "haid": "641df3d58ac5479be3717c22"
}{
    "type": "Feature",
    "geometry": {
        "type": "Polygon",
        "coordinates": [
            [
                [
                    -111.97799213,
                    33.07924201
                ],
                [
                    -111.9780139,
                    33.07924212
                ],
                [
                    -111.97801327,
                    33.07933231
                ],
                [
                    -111.9779915,
                    33.07933221
                ],
                [
                    -111.97799213,
                    33.07924201
                ]
            ]
        ]
    },
    "properties": {
        "ha_label": "p02-07-E",
        "HA_AREA": 20.320003
    },
    "_id": "641df3d58ac5479be3717c23",
    "haid": "641df3d58ac5479be3717c23"
}{
    "type": "Feature",
    "geometry": {
        "type": "Polygon",
        "coordinates": [
            [
                [
                    -111.97799276,
                    33.07915182
                ],
                [
                    -111.97801452,
                    33.07915193
                ],
                [
                    -111.9780139,
                    33.07924212
                ],
                [
                    -111.97799213,
                    33.07924201
                ],
                [
                    -111.97799276,
                    33.07915182
                ]
            ]
        ]
    },
    "properties": {
        "ha_label": "p02-08-E",
        "HA_AREA": 20.319997
    },
    "_id": "641df3d58ac5479be3717c24",
    "haid": "641df3d58ac5479be3717c24"
}{
    "type": "Feature",
    "geometry": {
        "type": "Polygon",
        "coordinates": [
            [
                [
                    -111.97799339,
                    33.07906163
                ],
                [
                    -111.97801515,
                    33.07906174
                ],
                [
                    -111.97801452,
                    33.07915193
                ],
                [
                    -111.97799276,
                    33.07915182
                ],
                [
                    -111.97799339,
                    33.07906163
                ]
            ]
        ]
    },
    "properties": {
        "ha_label": "p02-09-E",
        "HA_AREA": 20.319997
    },
    "_id": "641df3d58ac5479be3717c25",
    "haid": "641df3d58ac5479be3717c25"
}{
    "type": "Feature",
    "geometry": {
        "type": "Polygon",
        "coordinates": [
            [
                [
                    -111.97799401,
                    33.07897144
                ],
                [
                    -111.97801578,
                    33.07897155
                ],
                [
                    -111.97801515,
                    33.07906174
                ],
                [
                    -111.97799339,
                    33.07906163
                ],
                [
                    -111.97799401,
                    33.07897144
                ]
            ]
        ]
    },
    "properties": {
        "ha_label": "p02-10-E",
        "HA_AREA": 20.320003
    },
    "_id": "641df3d58ac5479be3717c26",
    "haid": "641df3d58ac5479be3717c26"
}{
    "type": "Feature",
    "geometry": {
        "type": "Polygon",
        "coordinates": [
            [
                [
                    -111.97799464,
                    33.07888125
                ],
                [
                    -111.97801641,
                    33.07888135
                ],
                [
                    -111.97801578,
                    33.07897155
                ],
                [
                    -111.97799401,
                    33.07897144
                ],
                [
                    -111.97799464,
                    33.07888125
                ]
            ]
        ]
    },
    "properties": {
        "ha_label": "p02-11-E",
        "HA_AREA": 20.320002
    },
    "_id": "641df3d58ac5479be3717c27",
    "haid": "641df3d58ac5479be3717c27"
}{
    "type": "Feature",
    "geometry": {
        "type": "Polygon",
        "coordinates": [
            [
                [
                    -111.97799527,
                    33.07879106
                ],
                [
                    -111.97801704,
                    33.07879116
                ],
                [
                    -111.97801641,
                    33.07888135
                ],
                [
                    -111.97799464,
                    33.07888125
                ],
                [
                    -111.97799527,
                    33.07879106
                ]
            ]
        ]
    },
    "properties": {
        "ha_label": "p02-12-E",
        "HA_AREA": 20.320003
    },
    "_id": "641df3d58ac5479be3717c28",
    "haid": "641df3d58ac5479be3717c28"
}{
    "type": "Feature",
    "geometry": {
        "type": "Polygon",
        "coordinates": [
            [
                [
                    -111.9779959,
                    33.07870086
                ],
                [
                    -111.97801767,
                    33.07870097
                ],
                [
                    -111.97801704,
                    33.07879116
                ],
                [
                    -111.97799527,
                    33.07879106
                ],
                [
                    -111.9779959,
                    33.07870086
                ]
            ]
        ]
    },
    "properties": {
        "ha_label": "p02-13-E",
        "HA_AREA": 20.319997
    },
    "_id": "641df3d58ac5479be3717c29",
    "haid": "641df3d58ac5479be3717c29"
}{
    "type": "Feature",
    "geometry": {
        "type": "Polygon",
        "coordinates": [
            [
                [
                    -111.97799653,
                    33.07861067
                ],
                [
                    -111.9780183,
                    33.07861078
                ],
                [
                    -111.97801767,
                    33.07870097
                ],
                [
                    -111.9779959,
                    33.07870086
                ],
                [
                    -111.97799653,
                    33.07861067
                ]
            ]
        ]
    },
    "properties": {
        "ha_label": "p02-14-E",
        "HA_AREA": 20.319996
    },
    "_id": "641df3d58ac5479be3717c2a",
    "haid": "641df3d58ac5479be3717c2a"
}{
    "type": "Feature",
    "geometry": {
        "type": "Polygon",
        "coordinates": [
            [
                [
                    -111.97799716,
                    33.07852048
                ],
                [
                    -111.97801893,
                    33.07852059
                ],
                [
                    -111.9780183,
                    33.07861078
                ],
                [
                    -111.97799653,
                    33.07861067
                ],
                [
                    -111.97799716,
                    33.07852048
                ]
            ]
        ]
    },
    "properties": {
        "ha_label": "p02-15-E",
        "HA_AREA": 20.319996
    },
    "_id": "641df3d58ac5479be3717c2b",
    "haid": "641df3d58ac5479be3717c2b"
}{
    "type": "Feature",
    "geometry": {
        "type": "Polygon",
        "coordinates": [
            [
                [
                    -111.97790127,
                    33.07978273
                ],
                [
                    -111.97792304,
                    33.07978284
                ],
                [
                    -111.97792241,
                    33.07987303
                ],
                [
                    -111.97790064,
                    33.07987293
                ],
                [
                    -111.97790127,
                    33.07978273
                ]
            ]
        ]
    },
    "properties": {
        "ha_label": "p03-01-W",
        "HA_AREA": 20.32
    },
    "_id": "641df3d58ac5479be3717c2c",
    "haid": "641df3d58ac5479be3717c2c"
}{
    "type": "Feature",
    "geometry": {
        "type": "Polygon",
        "coordinates": [
            [
                [
                    -111.9779019,
                    33.07969254
                ],
                [
                    -111.97792367,
                    33.07969265
                ],
                [
                    -111.97792304,
                    33.07978284
                ],
                [
                    -111.97790127,
                    33.07978273
                ],
                [
                    -111.9779019,
                    33.07969254
                ]
            ]
        ]
    },
    "properties": {
        "ha_label": "p03-02-W",
        "HA_AREA": 20.32
    },
    "_id": "641df3d58ac5479be3717c2d",
    "haid": "641df3d58ac5479be3717c2d"
}{
    "type": "Feature",
    "geometry": {
        "type": "Polygon",
        "coordinates": [
            [
                [
                    -111.97790253,
                    33.07960235
                ],
                [
                    -111.9779243,
                    33.07960246
                ],
                [
                    -111.97792367,
                    33.07969265
                ],
                [
                    -111.9779019,
                    33.07969254
                ],
                [
                    -111.97790253,
                    33.07960235
                ]
            ]
        ]
    },
    "properties": {
        "ha_label": "p03-03-W",
        "HA_AREA": 20.320005
    },
    "_id": "641df3d58ac5479be3717c2e",
    "haid": "641df3d58ac5479be3717c2e"
}{
    "type": "Feature",
    "geometry": {
        "type": "Polygon",
        "coordinates": [
            [
                [
                    -111.97790316,
                    33.07951216
                ],
                [
                    -111.97792493,
                    33.07951227
                ],
                [
                    -111.9779243,
                    33.07960246
                ],
                [
                    -111.97790253,
                    33.07960235
                ],
                [
                    -111.97790316,
                    33.07951216
                ]
            ]
        ]
    },
    "properties": {
        "ha_label": "p03-04-W",
        "HA_AREA": 20.320005
    },
    "_id": "641df3d58ac5479be3717c2f",
    "haid": "641df3d58ac5479be3717c2f"
}{
    "type": "Feature",
    "geometry": {
        "type": "Polygon",
        "coordinates": [
            [
                [
                    -111.97790379,
                    33.07942197
                ],
                [
                    -111.97792556,
                    33.07942207
                ],
                [
                    -111.97792493,
                    33.07951227
                ],
                [
                    -111.97790316,
                    33.07951216
                ],
                [
                    -111.97790379,
                    33.07942197
                ]
            ]
        ]
    },
    "properties": {
        "ha_label": "p03-05-W",
        "HA_AREA": 20.32
    },
    "_id": "641df3d58ac5479be3717c30",
    "haid": "641df3d58ac5479be3717c30"
}{
    "type": "Feature",
    "geometry": {
        "type": "Polygon",
        "coordinates": [
            [
                [
                    -111.97790442,
                    33.07933178
                ],
                [
                    -111.97792619,
                    33.07933188
                ],
                [
                    -111.97792556,
                    33.07942207
                ],
                [
                    -111.97790379,
                    33.07942197
                ],
                [
                    -111.97790442,
                    33.07933178
                ]
            ]
        ]
    },
    "properties": {
        "ha_label": "p03-06-W",
        "HA_AREA": 20.32
    },
    "_id": "641df3d58ac5479be3717c31",
    "haid": "641df3d58ac5479be3717c31"
}{
    "type": "Feature",
    "geometry": {
        "type": "Polygon",
        "coordinates": [
            [
                [
                    -111.97790505,
                    33.07924158
                ],
                [
                    -111.97792682,
                    33.07924169
                ],
                [
                    -111.97792619,
                    33.07933188
                ],
                [
                    -111.97790442,
                    33.07933178
                ],
                [
                    -111.97790505,
                    33.07924158
                ]
            ]
        ]
    },
    "properties": {
        "ha_label": "p03-07-W",
        "HA_AREA": 20.32
    },
    "_id": "641df3d58ac5479be3717c32",
    "haid": "641df3d58ac5479be3717c32"
}{
    "type": "Feature",
    "geometry": {
        "type": "Polygon",
        "coordinates": [
            [
                [
                    -111.97790568,
                    33.07915139
                ],
                [
                    -111.97792745,
                    33.0791515
                ],
                [
                    -111.97792682,
                    33.07924169
                ],
                [
                    -111.97790505,
                    33.07924158
                ],
                [
                    -111.97790568,
                    33.07915139
                ]
            ]
        ]
    },
    "properties": {
        "ha_label": "p03-08-W",
        "HA_AREA": 20.32
    },
    "_id": "641df3d58ac5479be3717c33",
    "haid": "641df3d58ac5479be3717c33"
}{
    "type": "Feature",
    "geometry": {
        "type": "Polygon",
        "coordinates": [
            [
                [
                    -111.97790631,
                    33.0790612
                ],
                [
                    -111.97792808,
                    33.07906131
                ],
                [
                    -111.97792745,
                    33.0791515
                ],
                [
                    -111.97790568,
                    33.07915139
                ],
                [
                    -111.97790631,
                    33.0790612
                ]
            ]
        ]
    },
    "properties": {
        "ha_label": "p03-09-W",
        "HA_AREA": 20.319999
    },
    "_id": "641df3d58ac5479be3717c34",
    "haid": "641df3d58ac5479be3717c34"
}{
    "type": "Feature",
    "geometry": {
        "type": "Polygon",
        "coordinates": [
            [
                [
                    -111.97790694,
                    33.07897101
                ],
                [
                    -111.97792871,
                    33.07897112
                ],
                [
                    -111.97792808,
                    33.07906131
                ],
                [
                    -111.97790631,
                    33.0790612
                ],
                [
                    -111.97790694,
                    33.07897101
                ]
            ]
        ]
    },
    "properties": {
        "ha_label": "p03-10-W",
        "HA_AREA": 20.319999
    },
    "_id": "641df3d58ac5479be3717c35",
    "haid": "641df3d58ac5479be3717c35"
}{
    "type": "Feature",
    "geometry": {
        "type": "Polygon",
        "coordinates": [
            [
                [
                    -111.97790757,
                    33.07888082
                ],
                [
                    -111.97792934,
                    33.07888092
                ],
                [
                    -111.97792871,
                    33.07897112
                ],
                [
                    -111.97790694,
                    33.07897101
                ],
                [
                    -111.97790757,
                    33.07888082
                ]
            ]
        ]
    },
    "properties": {
        "ha_label": "p03-11-W",
        "HA_AREA": 20.32
    },
    "_id": "641df3d58ac5479be3717c36",
    "haid": "641df3d58ac5479be3717c36"
}{
    "type": "Feature",
    "geometry": {
        "type": "Polygon",
        "coordinates": [
            [
                [
                    -111.9779082,
                    33.07879062
                ],
                [
                    -111.97792997,
                    33.07879073
                ],
                [
                    -111.97792934,
                    33.07888092
                ],
                [
                    -111.97790757,
                    33.07888082
                ],
                [
                    -111.9779082,
                    33.07879062
                ]
            ]
        ]
    },
    "properties": {
        "ha_label": "p03-12-W",
        "HA_AREA": 20.32
    },
    "_id": "641df3d58ac5479be3717c37",
    "haid": "641df3d58ac5479be3717c37"
}{
    "type": "Feature",
    "geometry": {
        "type": "Polygon",
        "coordinates": [
            [
                [
                    -111.97790883,
                    33.07870043
                ],
                [
                    -111.9779306,
                    33.07870054
                ],
                [
                    -111.97792997,
                    33.07879073
                ],
                [
                    -111.9779082,
                    33.07879062
                ],
                [
                    -111.97790883,
                    33.07870043
                ]
            ]
        ]
    },
    "properties": {
        "ha_label": "p03-13-W",
        "HA_AREA": 20.32
    },
    "_id": "641df3d58ac5479be3717c38",
    "haid": "641df3d58ac5479be3717c38"
}{
    "type": "Feature",
    "geometry": {
        "type": "Polygon",
        "coordinates": [
            [
                [
                    -111.97790946,
                    33.07861024
                ],
                [
                    -111.97793123,
                    33.07861035
                ],
                [
                    -111.9779306,
                    33.07870054
                ],
                [
                    -111.97790883,
                    33.07870043
                ],
                [
                    -111.97790946,
                    33.07861024
                ]
            ]
        ]
    },
    "properties": {
        "ha_label": "p03-14-W",
        "HA_AREA": 20.32
    },
    "_id": "641df3d58ac5479be3717c39",
    "haid": "641df3d58ac5479be3717c39"
}{
    "type": "Feature",
    "geometry": {
        "type": "Polygon",
        "coordinates": [
            [
                [
                    -111.97791009,
                    33.07852005
                ],
                [
                    -111.97793186,
                    33.07852016
                ],
                [
                    -111.97793123,
                    33.07861035
                ],
                [
                    -111.97790946,
                    33.07861024
                ],
                [
                    -111.97791009,
                    33.07852005
                ]
            ]
        ]
    },
    "properties": {
        "ha_label": "p03-15-W",
        "HA_AREA": 20.320005
    },
    "_id": "641df3d58ac5479be3717c3a",
    "haid": "641df3d58ac5479be3717c3a"
}{
    "type": "Feature",
    "geometry": {
        "type": "Polygon",
        "coordinates": [
            [
                [
                    -111.97783596,
                    33.07978241
                ],
                [
                    -111.97785773,
                    33.07978252
                ],
                [
                    -111.9778571,
                    33.07987271
                ],
                [
                    -111.97783534,
                    33.0798726
                ],
                [
                    -111.97783596,
                    33.07978241
                ]
            ]
        ]
    },
    "properties": {
        "ha_label": "p03-01-E",
        "HA_AREA": 20.320003
    },
    "_id": "641df3d58ac5479be3717c3b",
    "haid": "641df3d58ac5479be3717c3b"
}{
    "type": "Feature",
    "geometry": {
        "type": "Polygon",
        "coordinates": [
            [
                [
                    -111.97783659,
                    33.07969222
                ],
                [
                    -111.97785836,
                    33.07969233
                ],
                [
                    -111.97785773,
                    33.07978252
                ],
                [
                    -111.97783596,
                    33.07978241
                ],
                [
                    -111.97783659,
                    33.07969222
                ]
            ]
        ]
    },
    "properties": {
        "ha_label": "p03-02-E",
        "HA_AREA": 20.320002
    },
    "_id": "641df3d58ac5479be3717c3c",
    "haid": "641df3d58ac5479be3717c3c"
}{
    "type": "Feature",
    "geometry": {
        "type": "Polygon",
        "coordinates": [
            [
                [
                    -111.97783722,
                    33.07960203
                ],
                [
                    -111.97785899,
                    33.07960214
                ],
                [
                    -111.97785836,
                    33.07969233
                ],
                [
                    -111.97783659,
                    33.07969222
                ],
                [
                    -111.97783722,
                    33.07960203
                ]
            ]
        ]
    },
    "properties": {
        "ha_label": "p03-03-E",
        "HA_AREA": 20.320003
    },
    "_id": "641df3d58ac5479be3717c3d",
    "haid": "641df3d58ac5479be3717c3d"
}{
    "type": "Feature",
    "geometry": {
        "type": "Polygon",
        "coordinates": [
            [
                [
                    -111.97783785,
                    33.07951184
                ],
                [
                    -111.97785962,
                    33.07951194
                ],
                [
                    -111.97785899,
                    33.07960214
                ],
                [
                    -111.97783722,
                    33.07960203
                ],
                [
                    -111.97783785,
                    33.07951184
                ]
            ]
        ]
    },
    "properties": {
        "ha_label": "p03-04-E",
        "HA_AREA": 20.319998
    },
    "_id": "641df3d58ac5479be3717c3e",
    "haid": "641df3d58ac5479be3717c3e"
}{
    "type": "Feature",
    "geometry": {
        "type": "Polygon",
        "coordinates": [
            [
                [
                    -111.97783848,
                    33.07942164
                ],
                [
                    -111.97786025,
                    33.07942175
                ],
                [
                    -111.97785962,
                    33.07951194
                ],
                [
                    -111.97783785,
                    33.07951184
                ],
                [
                    -111.97783848,
                    33.07942164
                ]
            ]
        ]
    },
    "properties": {
        "ha_label": "p03-05-E",
        "HA_AREA": 20.319998
    },
    "_id": "641df3d58ac5479be3717c3f",
    "haid": "641df3d58ac5479be3717c3f"
}{
    "type": "Feature",
    "geometry": {
        "type": "Polygon",
        "coordinates": [
            [
                [
                    -111.97783911,
                    33.07933145
                ],
                [
                    -111.97786088,
                    33.07933156
                ],
                [
                    -111.97786025,
                    33.07942175
                ],
                [
                    -111.97783848,
                    33.07942164
                ],
                [
                    -111.97783911,
                    33.07933145
                ]
            ]
        ]
    },
    "properties": {
        "ha_label": "p03-06-E",
        "HA_AREA": 20.319998
    },
    "_id": "641df3d58ac5479be3717c40",
    "haid": "641df3d58ac5479be3717c40"
}{
    "type": "Feature",
    "geometry": {
        "type": "Polygon",
        "coordinates": [
            [
                [
                    -111.97783974,
                    33.07924126
                ],
                [
                    -111.97786151,
                    33.07924137
                ],
                [
                    -111.97786088,
                    33.07933156
                ],
                [
                    -111.97783911,
                    33.07933145
                ],
                [
                    -111.97783974,
                    33.07924126
                ]
            ]
        ]
    },
    "properties": {
        "ha_label": "p03-07-E",
        "HA_AREA": 20.319998
    },
    "_id": "641df3d58ac5479be3717c41",
    "haid": "641df3d58ac5479be3717c41"
}{
    "type": "Feature",
    "geometry": {
        "type": "Polygon",
        "coordinates": [
            [
                [
                    -111.97784037,
                    33.07915107
                ],
                [
                    -111.97786214,
                    33.07915118
                ],
                [
                    -111.97786151,
                    33.07924137
                ],
                [
                    -111.97783974,
                    33.07924126
                ],
                [
                    -111.97784037,
                    33.07915107
                ]
            ]
        ]
    },
    "properties": {
        "ha_label": "p03-08-E",
        "HA_AREA": 20.320002
    },
    "_id": "641df3d58ac5479be3717c42",
    "haid": "641df3d58ac5479be3717c42"
}{
    "type": "Feature",
    "geometry": {
        "type": "Polygon",
        "coordinates": [
            [
                [
                    -111.977841,
                    33.07906088
                ],
                [
                    -111.97786277,
                    33.07906098
                ],
                [
                    -111.97786214,
                    33.07915118
                ],
                [
                    -111.97784037,
                    33.07915107
                ],
                [
                    -111.977841,
                    33.07906088
                ]
            ]
        ]
    },
    "properties": {
        "ha_label": "p03-09-E",
        "HA_AREA": 20.320003
    },
    "_id": "641df3d58ac5479be3717c43",
    "haid": "641df3d58ac5479be3717c43"
}{
    "type": "Feature",
    "geometry": {
        "type": "Polygon",
        "coordinates": [
            [
                [
                    -111.97784163,
                    33.07897068
                ],
                [
                    -111.9778634,
                    33.07897079
                ],
                [
                    -111.97786277,
                    33.07906098
                ],
                [
                    -111.977841,
                    33.07906088
                ],
                [
                    -111.97784163,
                    33.07897068
                ]
            ]
        ]
    },
    "properties": {
        "ha_label": "p03-10-E",
        "HA_AREA": 20.320003
    },
    "_id": "641df3d58ac5479be3717c44",
    "haid": "641df3d58ac5479be3717c44"
}{
    "type": "Feature",
    "geometry": {
        "type": "Polygon",
        "coordinates": [
            [
                [
                    -111.97784226,
                    33.07888049
                ],
                [
                    -111.97786403,
                    33.0788806
                ],
                [
                    -111.9778634,
                    33.07897079
                ],
                [
                    -111.97784163,
                    33.07897068
                ],
                [
                    -111.97784226,
                    33.07888049
                ]
            ]
        ]
    },
    "properties": {
        "ha_label": "p03-11-E",
        "HA_AREA": 20.319997
    },
    "_id": "641df3d58ac5479be3717c45",
    "haid": "641df3d58ac5479be3717c45"
}{
    "type": "Feature",
    "geometry": {
        "type": "Polygon",
        "coordinates": [
            [
                [
                    -111.97784289,
                    33.0787903
                ],
                [
                    -111.97786466,
                    33.07879041
                ],
                [
                    -111.97786403,
                    33.0788806
                ],
                [
                    -111.97784226,
                    33.07888049
                ],
                [
                    -111.97784289,
                    33.0787903
                ]
            ]
        ]
    },
    "properties": {
        "ha_label": "p03-12-E",
        "HA_AREA": 20.319998
    },
    "_id": "641df3d58ac5479be3717c46",
    "haid": "641df3d58ac5479be3717c46"
}{
    "type": "Feature",
    "geometry": {
        "type": "Polygon",
        "coordinates": [
            [
                [
                    -111.97784352,
                    33.07870011
                ],
                [
                    -111.97786529,
                    33.07870022
                ],
                [
                    -111.97786466,
                    33.07879041
                ],
                [
                    -111.97784289,
                    33.0787903
                ],
                [
                    -111.97784352,
                    33.07870011
                ]
            ]
        ]
    },
    "properties": {
        "ha_label": "p03-13-E",
        "HA_AREA": 20.319998
    },
    "_id": "641df3d58ac5479be3717c47",
    "haid": "641df3d58ac5479be3717c47"
}{
    "type": "Feature",
    "geometry": {
        "type": "Polygon",
        "coordinates": [
            [
                [
                    -111.97784415,
                    33.07860992
                ],
                [
                    -111.97786592,
                    33.07861003
                ],
                [
                    -111.97786529,
                    33.07870022
                ],
                [
                    -111.97784352,
                    33.07870011
                ],
                [
                    -111.97784415,
                    33.07860992
                ]
            ]
        ]
    },
    "properties": {
        "ha_label": "p03-14-E",
        "HA_AREA": 20.319998
    },
    "_id": "641df3d58ac5479be3717c48",
    "haid": "641df3d58ac5479be3717c48"
}{
    "type": "Feature",
    "geometry": {
        "type": "Polygon",
        "coordinates": [
            [
                [
                    -111.97784478,
                    33.07851973
                ],
                [
                    -111.97786655,
                    33.07851983
                ],
                [
                    -111.97786592,
                    33.07861003
                ],
                [
                    -111.97784415,
                    33.07860992
                ],
                [
                    -111.97784478,
                    33.07851973
                ]
            ]
        ]
    },
    "properties": {
        "ha_label": "p03-15-E",
        "HA_AREA": 20.320003
    },
    "_id": "641df3d58ac5479be3717c49",
    "haid": "641df3d58ac5479be3717c49"
}{
    "type": "Feature",
    "geometry": {
        "type": "Polygon",
        "coordinates": [
            [
                [
                    -111.97774889,
                    33.07978198
                ],
                [
                    -111.97777066,
                    33.07978209
                ],
                [
                    -111.97777003,
                    33.07987228
                ],
                [
                    -111.97774826,
                    33.07987217
                ],
                [
                    -111.97774889,
                    33.07978198
                ]
            ]
        ]
    },
    "properties": {
        "ha_label": "p04-01-W",
        "HA_AREA": 20.320004
    },
    "_id": "641df3d58ac5479be3717c4a",
    "haid": "641df3d58ac5479be3717c4a"
}{
    "type": "Feature",
    "geometry": {
        "type": "Polygon",
        "coordinates": [
            [
                [
                    -111.97774952,
                    33.07969179
                ],
                [
                    -111.97777129,
                    33.0796919
                ],
                [
                    -111.97777066,
                    33.07978209
                ],
                [
                    -111.97774889,
                    33.07978198
                ],
                [
                    -111.97774952,
                    33.07969179
                ]
            ]
        ]
    },
    "properties": {
        "ha_label": "p04-02-W",
        "HA_AREA": 20.320003
    },
    "_id": "641df3d58ac5479be3717c4b",
    "haid": "641df3d58ac5479be3717c4b"
}{
    "type": "Feature",
    "geometry": {
        "type": "Polygon",
        "coordinates": [
            [
                [
                    -111.97775015,
                    33.0796016
                ],
                [
                    -111.97777192,
                    33.0796017
                ],
                [
                    -111.97777129,
                    33.0796919
                ],
                [
                    -111.97774952,
                    33.07969179
                ],
                [
                    -111.97775015,
                    33.0796016
                ]
            ]
        ]
    },
    "properties": {
        "ha_label": "p04-03-W",
        "HA_AREA": 20.319999
    },
    "_id": "641df3d58ac5479be3717c4c",
    "haid": "641df3d58ac5479be3717c4c"
}{
    "type": "Feature",
    "geometry": {
        "type": "Polygon",
        "coordinates": [
            [
                [
                    -111.97775078,
                    33.0795114
                ],
                [
                    -111.97777255,
                    33.07951151
                ],
                [
                    -111.97777192,
                    33.0796017
                ],
                [
                    -111.97775015,
                    33.0796016
                ],
                [
                    -111.97775078,
                    33.0795114
                ]
            ]
        ]
    },
    "properties": {
        "ha_label": "p04-04-W",
        "HA_AREA": 20.319999
    },
    "_id": "641df3d58ac5479be3717c4d",
    "haid": "641df3d58ac5479be3717c4d"
}{
    "type": "Feature",
    "geometry": {
        "type": "Polygon",
        "coordinates": [
            [
                [
                    -111.97775141,
                    33.07942121
                ],
                [
                    -111.97777318,
                    33.07942132
                ],
                [
                    -111.97777255,
                    33.07951151
                ],
                [
                    -111.97775078,
                    33.0795114
                ],
                [
                    -111.97775141,
                    33.07942121
                ]
            ]
        ]
    },
    "properties": {
        "ha_label": "p04-05-W",
        "HA_AREA": 20.319999
    },
    "_id": "641df3d58ac5479be3717c4e",
    "haid": "641df3d58ac5479be3717c4e"
}{
    "type": "Feature",
    "geometry": {
        "type": "Polygon",
        "coordinates": [
            [
                [
                    -111.97775204,
                    33.07933102
                ],
                [
                    -111.97777381,
                    33.07933113
                ],
                [
                    -111.97777318,
                    33.07942132
                ],
                [
                    -111.97775141,
                    33.07942121
                ],
                [
                    -111.97775204,
                    33.07933102
                ]
            ]
        ]
    },
    "properties": {
        "ha_label": "p04-06-W",
        "HA_AREA": 20.319998
    },
    "_id": "641df3d58ac5479be3717c4f",
    "haid": "641df3d58ac5479be3717c4f"
}{
    "type": "Feature",
    "geometry": {
        "type": "Polygon",
        "coordinates": [
            [
                [
                    -111.97775267,
                    33.07924083
                ],
                [
                    -111.97777444,
                    33.07924094
                ],
                [
                    -111.97777381,
                    33.07933113
                ],
                [
                    -111.97775204,
                    33.07933102
                ],
                [
                    -111.97775267,
                    33.07924083
                ]
            ]
        ]
    },
    "properties": {
        "ha_label": "p04-07-W",
        "HA_AREA": 20.319999
    },
    "_id": "641df3d58ac5479be3717c50",
    "haid": "641df3d58ac5479be3717c50"
}{
    "type": "Feature",
    "geometry": {
        "type": "Polygon",
        "coordinates": [
            [
                [
                    -111.9777533,
                    33.07915064
                ],
                [
                    -111.97777507,
                    33.07915075
                ],
                [
                    -111.97777444,
                    33.07924094
                ],
                [
                    -111.97775267,
                    33.07924083
                ],
                [
                    -111.9777533,
                    33.07915064
                ]
            ]
        ]
    },
    "properties": {
        "ha_label": "p04-08-W",
        "HA_AREA": 20.319999
    },
    "_id": "641df3d58ac5479be3717c51",
    "haid": "641df3d58ac5479be3717c51"
}{
    "type": "Feature",
    "geometry": {
        "type": "Polygon",
        "coordinates": [
            [
                [
                    -111.97775393,
                    33.07906045
                ],
                [
                    -111.9777757,
                    33.07906055
                ],
                [
                    -111.97777507,
                    33.07915075
                ],
                [
                    -111.9777533,
                    33.07915064
                ],
                [
                    -111.97775393,
                    33.07906045
                ]
            ]
        ]
    },
    "properties": {
        "ha_label": "p04-09-W",
        "HA_AREA": 20.319999
    },
    "_id": "641df3d58ac5479be3717c52",
    "haid": "641df3d58ac5479be3717c52"
}{
    "type": "Feature",
    "geometry": {
        "type": "Polygon",
        "coordinates": [
            [
                [
                    -111.97775456,
                    33.07897025
                ],
                [
                    -111.97777632,
                    33.07897036
                ],
                [
                    -111.9777757,
                    33.07906055
                ],
                [
                    -111.97775393,
                    33.07906045
                ],
                [
                    -111.97775456,
                    33.07897025
                ]
            ]
        ]
    },
    "properties": {
        "ha_label": "p04-10-W",
        "HA_AREA": 20.319999
    },
    "_id": "641df3d58ac5479be3717c53",
    "haid": "641df3d58ac5479be3717c53"
}{
    "type": "Feature",
    "geometry": {
        "type": "Polygon",
        "coordinates": [
            [
                [
                    -111.97775519,
                    33.07888006
                ],
                [
                    -111.97777695,
                    33.07888017
                ],
                [
                    -111.97777632,
                    33.07897036
                ],
                [
                    -111.97775456,
                    33.07897025
                ],
                [
                    -111.97775519,
                    33.07888006
                ]
            ]
        ]
    },
    "properties": {
        "ha_label": "p04-11-W",
        "HA_AREA": 20.319999
    },
    "_id": "641df3d58ac5479be3717c54",
    "haid": "641df3d58ac5479be3717c54"
}{
    "type": "Feature",
    "geometry": {
        "type": "Polygon",
        "coordinates": [
            [
                [
                    -111.97775582,
                    33.07878987
                ],
                [
                    -111.97777758,
                    33.07878998
                ],
                [
                    -111.97777695,
                    33.07888017
                ],
                [
                    -111.97775519,
                    33.07888006
                ],
                [
                    -111.97775582,
                    33.07878987
                ]
            ]
        ]
    },
    "properties": {
        "ha_label": "p04-12-W",
        "HA_AREA": 20.319998
    },
    "_id": "641df3d58ac5479be3717c55",
    "haid": "641df3d58ac5479be3717c55"
}{
    "type": "Feature",
    "geometry": {
        "type": "Polygon",
        "coordinates": [
            [
                [
                    -111.97775645,
                    33.07869968
                ],
                [
                    -111.97777821,
                    33.07869979
                ],
                [
                    -111.97777758,
                    33.07878998
                ],
                [
                    -111.97775582,
                    33.07878987
                ],
                [
                    -111.97775645,
                    33.07869968
                ]
            ]
        ]
    },
    "properties": {
        "ha_label": "p04-13-W",
        "HA_AREA": 20.320004
    },
    "_id": "641df3d58ac5479be3717c56",
    "haid": "641df3d58ac5479be3717c56"
}{
    "type": "Feature",
    "geometry": {
        "type": "Polygon",
        "coordinates": [
            [
                [
                    -111.97775707,
                    33.07860949
                ],
                [
                    -111.97777884,
                    33.07860959
                ],
                [
                    -111.97777821,
                    33.07869979
                ],
                [
                    -111.97775645,
                    33.07869968
                ],
                [
                    -111.97775707,
                    33.07860949
                ]
            ]
        ]
    },
    "properties": {
        "ha_label": "p04-14-W",
        "HA_AREA": 20.320004
    },
    "_id": "641df3d58ac5479be3717c57",
    "haid": "641df3d58ac5479be3717c57"
}{
    "type": "Feature",
    "geometry": {
        "type": "Polygon",
        "coordinates": [
            [
                [
                    -111.9777577,
                    33.07851929
                ],
                [
                    -111.97777947,
                    33.0785194
                ],
                [
                    -111.97777884,
                    33.07860959
                ],
                [
                    -111.97775707,
                    33.07860949
                ],
                [
                    -111.9777577,
                    33.07851929
                ]
            ]
        ]
    },
    "properties": {
        "ha_label": "p04-15-W",
        "HA_AREA": 20.319998
    },
    "_id": "641df3d58ac5479be3717c58",
    "haid": "641df3d58ac5479be3717c58"
}{
    "type": "Feature",
    "geometry": {
        "type": "Polygon",
        "coordinates": [
            [
                [
                    -111.97768358,
                    33.07978166
                ],
                [
                    -111.97770535,
                    33.07978176
                ],
                [
                    -111.97770472,
                    33.07987196
                ],
                [
                    -111.97768295,
                    33.07987185
                ],
                [
                    -111.97768358,
                    33.07978166
                ]
            ]
        ]
    },
    "properties": {
        "ha_label": "p04-01-E",
        "HA_AREA": 20.319999
    },
    "_id": "641df3d58ac5479be3717c59",
    "haid": "641df3d58ac5479be3717c59"
}{
    "type": "Feature",
    "geometry": {
        "type": "Polygon",
        "coordinates": [
            [
                [
                    -111.97768421,
                    33.07969146
                ],
                [
                    -111.97770598,
                    33.07969157
                ],
                [
                    -111.97770535,
                    33.07978176
                ],
                [
                    -111.97768358,
                    33.07978166
                ],
                [
                    -111.97768421,
                    33.07969146
                ]
            ]
        ]
    },
    "properties": {
        "ha_label": "p04-02-E",
        "HA_AREA": 20.319999
    },
    "_id": "641df3d58ac5479be3717c5a",
    "haid": "641df3d58ac5479be3717c5a"
}{
    "type": "Feature",
    "geometry": {
        "type": "Polygon",
        "coordinates": [
            [
                [
                    -111.97768484,
                    33.07960127
                ],
                [
                    -111.97770661,
                    33.07960138
                ],
                [
                    -111.97770598,
                    33.07969157
                ],
                [
                    -111.97768421,
                    33.07969146
                ],
                [
                    -111.97768484,
                    33.07960127
                ]
            ]
        ]
    },
    "properties": {
        "ha_label": "p04-03-E",
        "HA_AREA": 20.320004
    },
    "_id": "641df3d58ac5479be3717c5b",
    "haid": "641df3d58ac5479be3717c5b"
}{
    "type": "Feature",
    "geometry": {
        "type": "Polygon",
        "coordinates": [
            [
                [
                    -111.97768547,
                    33.07951108
                ],
                [
                    -111.97770724,
                    33.07951119
                ],
                [
                    -111.97770661,
                    33.07960138
                ],
                [
                    -111.97768484,
                    33.07960127
                ],
                [
                    -111.97768547,
                    33.07951108
                ]
            ]
        ]
    },
    "properties": {
        "ha_label": "p04-04-E",
        "HA_AREA": 20.320004
    },
    "_id": "641df3d58ac5479be3717c5c",
    "haid": "641df3d58ac5479be3717c5c"
}{
    "type": "Feature",
    "geometry": {
        "type": "Polygon",
        "coordinates": [
            [
                [
                    -111.9776861,
                    33.07942089
                ],
                [
                    -111.97770787,
                    33.079421
                ],
                [
                    -111.97770724,
                    33.07951119
                ],
                [
                    -111.97768547,
                    33.07951108
                ],
                [
                    -111.9776861,
                    33.07942089
                ]
            ]
        ]
    },
    "properties": {
        "ha_label": "p04-05-E",
        "HA_AREA": 20.319999
    },
    "_id": "641df3d58ac5479be3717c5d",
    "haid": "641df3d58ac5479be3717c5d"
}{
    "type": "Feature",
    "geometry": {
        "type": "Polygon",
        "coordinates": [
            [
                [
                    -111.97768673,
                    33.0793307
                ],
                [
                    -111.9777085,
                    33.07933081
                ],
                [
                    -111.97770787,
                    33.079421
                ],
                [
                    -111.9776861,
                    33.07942089
                ],
                [
                    -111.97768673,
                    33.0793307
                ]
            ]
        ]
    },
    "properties": {
        "ha_label": "p04-06-E",
        "HA_AREA": 20.319998
    },
    "_id": "641df3d58ac5479be3717c5e",
    "haid": "641df3d58ac5479be3717c5e"
}{
    "type": "Feature",
    "geometry": {
        "type": "Polygon",
        "coordinates": [
            [
                [
                    -111.97768736,
                    33.07924051
                ],
                [
                    -111.97770913,
                    33.07924061
                ],
                [
                    -111.9777085,
                    33.07933081
                ],
                [
                    -111.97768673,
                    33.0793307
                ],
                [
                    -111.97768736,
                    33.07924051
                ]
            ]
        ]
    },
    "properties": {
        "ha_label": "p04-07-E",
        "HA_AREA": 20.319999
    },
    "_id": "641df3d58ac5479be3717c5f",
    "haid": "641df3d58ac5479be3717c5f"
}{
    "type": "Feature",
    "geometry": {
        "type": "Polygon",
        "coordinates": [
            [
                [
                    -111.97768799,
                    33.07915031
                ],
                [
                    -111.97770976,
                    33.07915042
                ],
                [
                    -111.97770913,
                    33.07924061
                ],
                [
                    -111.97768736,
                    33.07924051
                ],
                [
                    -111.97768799,
                    33.07915031
                ]
            ]
        ]
    },
    "properties": {
        "ha_label": "p04-08-E",
        "HA_AREA": 20.319998
    },
    "_id": "641df3d58ac5479be3717c60",
    "haid": "641df3d58ac5479be3717c60"
}{
    "type": "Feature",
    "geometry": {
        "type": "Polygon",
        "coordinates": [
            [
                [
                    -111.97768862,
                    33.07906012
                ],
                [
                    -111.97771039,
                    33.07906023
                ],
                [
                    -111.97770976,
                    33.07915042
                ],
                [
                    -111.97768799,
                    33.07915031
                ],
                [
                    -111.97768862,
                    33.07906012
                ]
            ]
        ]
    },
    "properties": {
        "ha_label": "p04-09-E",
        "HA_AREA": 20.319999
    },
    "_id": "641df3d58ac5479be3717c61",
    "haid": "641df3d58ac5479be3717c61"
}{
    "type": "Feature",
    "geometry": {
        "type": "Polygon",
        "coordinates": [
            [
                [
                    -111.97768925,
                    33.07896993
                ],
                [
                    -111.97771102,
                    33.07897004
                ],
                [
                    -111.97771039,
                    33.07906023
                ],
                [
                    -111.97768862,
                    33.07906012
                ],
                [
                    -111.97768925,
                    33.07896993
                ]
            ]
        ]
    },
    "properties": {
        "ha_label": "p04-10-E",
        "HA_AREA": 20.320004
    },
    "_id": "641df3d58ac5479be3717c62",
    "haid": "641df3d58ac5479be3717c62"
}{
    "type": "Feature",
    "geometry": {
        "type": "Polygon",
        "coordinates": [
            [
                [
                    -111.97768988,
                    33.07887974
                ],
                [
                    -111.97771165,
                    33.07887985
                ],
                [
                    -111.97771102,
                    33.07897004
                ],
                [
                    -111.97768925,
                    33.07896993
                ],
                [
                    -111.97768988,
                    33.07887974
                ]
            ]
        ]
    },
    "properties": {
        "ha_label": "p04-11-E",
        "HA_AREA": 20.320004
    },
    "_id": "641df3d58ac5479be3717c63",
    "haid": "641df3d58ac5479be3717c63"
}{
    "type": "Feature",
    "geometry": {
        "type": "Polygon",
        "coordinates": [
            [
                [
                    -111.97769051,
                    33.07878955
                ],
                [
                    -111.97771228,
                    33.07878965
                ],
                [
                    -111.97771165,
                    33.07887985
                ],
                [
                    -111.97768988,
                    33.07887974
                ],
                [
                    -111.97769051,
                    33.07878955
                ]
            ]
        ]
    },
    "properties": {
        "ha_label": "p04-12-E",
        "HA_AREA": 20.319999
    },
    "_id": "641df3d58ac5479be3717c64",
    "haid": "641df3d58ac5479be3717c64"
}{
    "type": "Feature",
    "geometry": {
        "type": "Polygon",
        "coordinates": [
            [
                [
                    -111.97769114,
                    33.07869935
                ],
                [
                    -111.97771291,
                    33.07869946
                ],
                [
                    -111.97771228,
                    33.07878965
                ],
                [
                    -111.97769051,
                    33.07878955
                ],
                [
                    -111.97769114,
                    33.07869935
                ]
            ]
        ]
    },
    "properties": {
        "ha_label": "p04-13-E",
        "HA_AREA": 20.319999
    },
    "_id": "641df3d58ac5479be3717c65",
    "haid": "641df3d58ac5479be3717c65"
}{
    "type": "Feature",
    "geometry": {
        "type": "Polygon",
        "coordinates": [
            [
                [
                    -111.97769177,
                    33.07860916
                ],
                [
                    -111.97771354,
                    33.07860927
                ],
                [
                    -111.97771291,
                    33.07869946
                ],
                [
                    -111.97769114,
                    33.07869935
                ],
                [
                    -111.97769177,
                    33.07860916
                ]
            ]
        ]
    },
    "properties": {
        "ha_label": "p04-14-E",
        "HA_AREA": 20.319999
    },
    "_id": "641df3d58ac5479be3717c66",
    "haid": "641df3d58ac5479be3717c66"
}{
    "type": "Feature",
    "geometry": {
        "type": "Polygon",
        "coordinates": [
            [
                [
                    -111.9776924,
                    33.07851897
                ],
                [
                    -111.97771417,
                    33.07851908
                ],
                [
                    -111.97771354,
                    33.07860927
                ],
                [
                    -111.97769177,
                    33.07860916
                ],
                [
                    -111.9776924,
                    33.07851897
                ]
            ]
        ]
    },
    "properties": {
        "ha_label": "p04-15-E",
        "HA_AREA": 20.320003
    },
    "_id": "641df3d58ac5479be3717c67",
    "haid": "641df3d58ac5479be3717c67"
}{
    "type": "Feature",
    "geometry": {
        "type": "Polygon",
        "coordinates": [
            [
                [
                    -111.97759743,
                    33.07978122
                ],
                [
                    -111.9776192,
                    33.07978133
                ],
                [
                    -111.97761857,
                    33.07987152
                ],
                [
                    -111.9775968,
                    33.07987142
                ],
                [
                    -111.97759743,
                    33.07978122
                ]
            ]
        ]
    },
    "properties": {
        "ha_label": "p05-01-W",
        "HA_AREA": 20.319999
    },
    "_id": "641df3d58ac5479be3717c68",
    "haid": "641df3d58ac5479be3717c68"
}{
    "type": "Feature",
    "geometry": {
        "type": "Polygon",
        "coordinates": [
            [
                [
                    -111.97759806,
                    33.07969103
                ],
                [
                    -111.97761983,
                    33.07969114
                ],
                [
                    -111.9776192,
                    33.07978133
                ],
                [
                    -111.97759743,
                    33.07978122
                ],
                [
                    -111.97759806,
                    33.07969103
                ]
            ]
        ]
    },
    "properties": {
        "ha_label": "p05-02-W",
        "HA_AREA": 20.319999
    },
    "_id": "641df3d58ac5479be3717c69",
    "haid": "641df3d58ac5479be3717c69"
}{
    "type": "Feature",
    "geometry": {
        "type": "Polygon",
        "coordinates": [
            [
                [
                    -111.97759869,
                    33.07960084
                ],
                [
                    -111.97762046,
                    33.07960095
                ],
                [
                    -111.97761983,
                    33.07969114
                ],
                [
                    -111.97759806,
                    33.07969103
                ],
                [
                    -111.97759869,
                    33.07960084
                ]
            ]
        ]
    },
    "properties": {
        "ha_label": "p05-03-W",
        "HA_AREA": 20.319998
    },
    "_id": "641df3d58ac5479be3717c6a",
    "haid": "641df3d58ac5479be3717c6a"
}{
    "type": "Feature",
    "geometry": {
        "type": "Polygon",
        "coordinates": [
            [
                [
                    -111.97759932,
                    33.07951065
                ],
                [
                    -111.97762109,
                    33.07951076
                ],
                [
                    -111.97762046,
                    33.07960095
                ],
                [
                    -111.97759869,
                    33.07960084
                ],
                [
                    -111.97759932,
                    33.07951065
                ]
            ]
        ]
    },
    "properties": {
        "ha_label": "p05-04-W",
        "HA_AREA": 20.319999
    },
    "_id": "641df3d58ac5479be3717c6b",
    "haid": "641df3d58ac5479be3717c6b"
}{
    "type": "Feature",
    "geometry": {
        "type": "Polygon",
        "coordinates": [
            [
                [
                    -111.97759995,
                    33.07942046
                ],
                [
                    -111.97762172,
                    33.07942056
                ],
                [
                    -111.97762109,
                    33.07951076
                ],
                [
                    -111.97759932,
                    33.07951065
                ],
                [
                    -111.97759995,
                    33.07942046
                ]
            ]
        ]
    },
    "properties": {
        "ha_label": "p05-05-W",
        "HA_AREA": 20.320004
    },
    "_id": "641df3d58ac5479be3717c6c",
    "haid": "641df3d58ac5479be3717c6c"
}{
    "type": "Feature",
    "geometry": {
        "type": "Polygon",
        "coordinates": [
            [
                [
                    -111.97760058,
                    33.07933027
                ],
                [
                    -111.97762235,
                    33.07933037
                ],
                [
                    -111.97762172,
                    33.07942056
                ],
                [
                    -111.97759995,
                    33.07942046
                ],
                [
                    -111.97760058,
                    33.07933027
                ]
            ]
        ]
    },
    "properties": {
        "ha_label": "p05-06-W",
        "HA_AREA": 20.319999
    },
    "_id": "641df3d58ac5479be3717c6d",
    "haid": "641df3d58ac5479be3717c6d"
}{
    "type": "Feature",
    "geometry": {
        "type": "Polygon",
        "coordinates": [
            [
                [
                    -111.97760121,
                    33.07924007
                ],
                [
                    -111.97762298,
                    33.07924018
                ],
                [
                    -111.97762235,
                    33.07933037
                ],
                [
                    -111.97760058,
                    33.07933027
                ],
                [
                    -111.97760121,
                    33.07924007
                ]
            ]
        ]
    },
    "properties": {
        "ha_label": "p05-07-W",
        "HA_AREA": 20.319999
    },
    "_id": "641df3d58ac5479be3717c6e",
    "haid": "641df3d58ac5479be3717c6e"
}{
    "type": "Feature",
    "geometry": {
        "type": "Polygon",
        "coordinates": [
            [
                [
                    -111.97760184,
                    33.07914988
                ],
                [
                    -111.97762361,
                    33.07914999
                ],
                [
                    -111.97762298,
                    33.07924018
                ],
                [
                    -111.97760121,
                    33.07924007
                ],
                [
                    -111.97760184,
                    33.07914988
                ]
            ]
        ]
    },
    "properties": {
        "ha_label": "p05-08-W",
        "HA_AREA": 20.319999
    },
    "_id": "641df3d58ac5479be3717c6f",
    "haid": "641df3d58ac5479be3717c6f"
}{
    "type": "Feature",
    "geometry": {
        "type": "Polygon",
        "coordinates": [
            [
                [
                    -111.97760247,
                    33.07905969
                ],
                [
                    -111.97762424,
                    33.0790598
                ],
                [
                    -111.97762361,
                    33.07914999
                ],
                [
                    -111.97760184,
                    33.07914988
                ],
                [
                    -111.97760247,
                    33.07905969
                ]
            ]
        ]
    },
    "properties": {
        "ha_label": "p05-09-W",
        "HA_AREA": 20.319999
    },
    "_id": "641df3d58ac5479be3717c70",
    "haid": "641df3d58ac5479be3717c70"
}{
    "type": "Feature",
    "geometry": {
        "type": "Polygon",
        "coordinates": [
            [
                [
                    -111.9776031,
                    33.0789695
                ],
                [
                    -111.97762487,
                    33.07896961
                ],
                [
                    -111.97762424,
                    33.0790598
                ],
                [
                    -111.97760247,
                    33.07905969
                ],
                [
                    -111.9776031,
                    33.0789695
                ]
            ]
        ]
    },
    "properties": {
        "ha_label": "p05-10-W",
        "HA_AREA": 20.319998
    },
    "_id": "641df3d58ac5479be3717c71",
    "haid": "641df3d58ac5479be3717c71"
}{
    "type": "Feature",
    "geometry": {
        "type": "Polygon",
        "coordinates": [
            [
                [
                    -111.97760373,
                    33.07887931
                ],
                [
                    -111.9776255,
                    33.07887941
                ],
                [
                    -111.97762487,
                    33.07896961
                ],
                [
                    -111.9776031,
                    33.0789695
                ],
                [
                    -111.97760373,
                    33.07887931
                ]
            ]
        ]
    },
    "properties": {
        "ha_label": "p05-11-W",
        "HA_AREA": 20.319999
    },
    "_id": "641df3d58ac5479be3717c72",
    "haid": "641df3d58ac5479be3717c72"
}{
    "type": "Feature",
    "geometry": {
        "type": "Polygon",
        "coordinates": [
            [
                [
                    -111.97760436,
                    33.07878911
                ],
                [
                    -111.97762613,
                    33.07878922
                ],
                [
                    -111.9776255,
                    33.07887941
                ],
                [
                    -111.97760373,
                    33.07887931
                ],
                [
                    -111.97760436,
                    33.07878911
                ]
            ]
        ]
    },
    "properties": {
        "ha_label": "p05-12-W",
        "HA_AREA": 20.320004
    },
    "_id": "641df3d58ac5479be3717c73",
    "haid": "641df3d58ac5479be3717c73"
}{
    "type": "Feature",
    "geometry": {
        "type": "Polygon",
        "coordinates": [
            [
                [
                    -111.97760499,
                    33.07869892
                ],
                [
                    -111.97762676,
                    33.07869903
                ],
                [
                    -111.97762613,
                    33.07878922
                ],
                [
                    -111.97760436,
                    33.07878911
                ],
                [
                    -111.97760499,
                    33.07869892
                ]
            ]
        ]
    },
    "properties": {
        "ha_label": "p05-13-W",
        "HA_AREA": 20.319998
    },
    "_id": "641df3d58ac5479be3717c74",
    "haid": "641df3d58ac5479be3717c74"
}{
    "type": "Feature",
    "geometry": {
        "type": "Polygon",
        "coordinates": [
            [
                [
                    -111.97760562,
                    33.07860873
                ],
                [
                    -111.97762739,
                    33.07860884
                ],
                [
                    -111.97762676,
                    33.07869903
                ],
                [
                    -111.97760499,
                    33.07869892
                ],
                [
                    -111.97760562,
                    33.07860873
                ]
            ]
        ]
    },
    "properties": {
        "ha_label": "p05-14-W",
        "HA_AREA": 20.319999
    },
    "_id": "641df3d58ac5479be3717c75",
    "haid": "641df3d58ac5479be3717c75"
}{
    "type": "Feature",
    "geometry": {
        "type": "Polygon",
        "coordinates": [
            [
                [
                    -111.97760625,
                    33.07851854
                ],
                [
                    -111.97762802,
                    33.07851865
                ],
                [
                    -111.97762739,
                    33.07860884
                ],
                [
                    -111.97760562,
                    33.07860873
                ],
                [
                    -111.97760625,
                    33.07851854
                ]
            ]
        ]
    },
    "properties": {
        "ha_label": "p05-15-W",
        "HA_AREA": 20.319999
    },
    "_id": "641df3d58ac5479be3717c76",
    "haid": "641df3d58ac5479be3717c76"
}{
    "type": "Feature",
    "geometry": {
        "type": "Polygon",
        "coordinates": [
            [
                [
                    -111.97753213,
                    33.0797809
                ],
                [
                    -111.97755389,
                    33.07978101
                ],
                [
                    -111.97755326,
                    33.0798712
                ],
                [
                    -111.9775315,
                    33.07987109
                ],
                [
                    -111.97753213,
                    33.0797809
                ]
            ]
        ]
    },
    "properties": {
        "ha_label": "p05-01-E",
        "HA_AREA": 20.319999
    },
    "_id": "641df3d58ac5479be3717c77",
    "haid": "641df3d58ac5479be3717c77"
}{
    "type": "Feature",
    "geometry": {
        "type": "Polygon",
        "coordinates": [
            [
                [
                    -111.97753276,
                    33.07969071
                ],
                [
                    -111.97755452,
                    33.07969082
                ],
                [
                    -111.97755389,
                    33.07978101
                ],
                [
                    -111.97753213,
                    33.0797809
                ],
                [
                    -111.97753276,
                    33.07969071
                ]
            ]
        ]
    },
    "properties": {
        "ha_label": "p05-02-E",
        "HA_AREA": 20.320003
    },
    "_id": "641df3d58ac5479be3717c78",
    "haid": "641df3d58ac5479be3717c78"
}{
    "type": "Feature",
    "geometry": {
        "type": "Polygon",
        "coordinates": [
            [
                [
                    -111.97753339,
                    33.07960052
                ],
                [
                    -111.97755515,
                    33.07960062
                ],
                [
                    -111.97755452,
                    33.07969082
                ],
                [
                    -111.97753276,
                    33.07969071
                ],
                [
                    -111.97753339,
                    33.07960052
                ]
            ]
        ]
    },
    "properties": {
        "ha_label": "p05-03-E",
        "HA_AREA": 20.320004
    },
    "_id": "641df3d58ac5479be3717c79",
    "haid": "641df3d58ac5479be3717c79"
}{
    "type": "Feature",
    "geometry": {
        "type": "Polygon",
        "coordinates": [
            [
                [
                    -111.97753402,
                    33.07951033
                ],
                [
                    -111.97755578,
                    33.07951043
                ],
                [
                    -111.97755515,
                    33.07960062
                ],
                [
                    -111.97753339,
                    33.07960052
                ],
                [
                    -111.97753402,
                    33.07951033
                ]
            ]
        ]
    },
    "properties": {
        "ha_label": "p05-04-E",
        "HA_AREA": 20.319999
    },
    "_id": "641df3d58ac5479be3717c7a",
    "haid": "641df3d58ac5479be3717c7a"
}{
    "type": "Feature",
    "geometry": {
        "type": "Polygon",
        "coordinates": [
            [
                [
                    -111.97753465,
                    33.07942013
                ],
                [
                    -111.97755641,
                    33.07942024
                ],
                [
                    -111.97755578,
                    33.07951043
                ],
                [
                    -111.97753402,
                    33.07951033
                ],
                [
                    -111.97753465,
                    33.07942013
                ]
            ]
        ]
    },
    "properties": {
        "ha_label": "p05-05-E",
        "HA_AREA": 20.319999
    },
    "_id": "641df3d58ac5479be3717c7b",
    "haid": "641df3d58ac5479be3717c7b"
}{
    "type": "Feature",
    "geometry": {
        "type": "Polygon",
        "coordinates": [
            [
                [
                    -111.97753528,
                    33.07932994
                ],
                [
                    -111.97755704,
                    33.07933005
                ],
                [
                    -111.97755641,
                    33.07942024
                ],
                [
                    -111.97753465,
                    33.07942013
                ],
                [
                    -111.97753528,
                    33.07932994
                ]
            ]
        ]
    },
    "properties": {
        "ha_label": "p05-06-E",
        "HA_AREA": 20.319999
    },
    "_id": "641df3d58ac5479be3717c7c",
    "haid": "641df3d58ac5479be3717c7c"
}{
    "type": "Feature",
    "geometry": {
        "type": "Polygon",
        "coordinates": [
            [
                [
                    -111.97753591,
                    33.07923975
                ],
                [
                    -111.97755767,
                    33.07923986
                ],
                [
                    -111.97755704,
                    33.07933005
                ],
                [
                    -111.97753528,
                    33.07932994
                ],
                [
                    -111.97753591,
                    33.07923975
                ]
            ]
        ]
    },
    "properties": {
        "ha_label": "p05-07-E",
        "HA_AREA": 20.320003
    },
    "_id": "641df3d58ac5479be3717c7d",
    "haid": "641df3d58ac5479be3717c7d"
}{
    "type": "Feature",
    "geometry": {
        "type": "Polygon",
        "coordinates": [
            [
                [
                    -111.97753654,
                    33.07914956
                ],
                [
                    -111.9775583,
                    33.07914967
                ],
                [
                    -111.97755767,
                    33.07923986
                ],
                [
                    -111.97753591,
                    33.07923975
                ],
                [
                    -111.97753654,
                    33.07914956
                ]
            ]
        ]
    },
    "properties": {
        "ha_label": "p05-08-E",
        "HA_AREA": 20.320004
    },
    "_id": "641df3d58ac5479be3717c7e",
    "haid": "641df3d58ac5479be3717c7e"
}{
    "type": "Feature",
    "geometry": {
        "type": "Polygon",
        "coordinates": [
            [
                [
                    -111.97753717,
                    33.07905937
                ],
                [
                    -111.97755893,
                    33.07905947
                ],
                [
                    -111.9775583,
                    33.07914967
                ],
                [
                    -111.97753654,
                    33.07914956
                ],
                [
                    -111.97753717,
                    33.07905937
                ]
            ]
        ]
    },
    "properties": {
        "ha_label": "p05-09-E",
        "HA_AREA": 20.319999
    },
    "_id": "641df3d58ac5479be3717c7f",
    "haid": "641df3d58ac5479be3717c7f"
}{
    "type": "Feature",
    "geometry": {
        "type": "Polygon",
        "coordinates": [
            [
                [
                    -111.9775378,
                    33.07896917
                ],
                [
                    -111.97755956,
                    33.07896928
                ],
                [
                    -111.97755893,
                    33.07905947
                ],
                [
                    -111.97753717,
                    33.07905937
                ],
                [
                    -111.9775378,
                    33.07896917
                ]
            ]
        ]
    },
    "properties": {
        "ha_label": "p05-10-E",
        "HA_AREA": 20.319999
    },
    "_id": "641df3d58ac5479be3717c80",
    "haid": "641df3d58ac5479be3717c80"
}{
    "type": "Feature",
    "geometry": {
        "type": "Polygon",
        "coordinates": [
            [
                [
                    -111.97753843,
                    33.07887898
                ],
                [
                    -111.97756019,
                    33.07887909
                ],
                [
                    -111.97755956,
                    33.07896928
                ],
                [
                    -111.9775378,
                    33.07896917
                ],
                [
                    -111.97753843,
                    33.07887898
                ]
            ]
        ]
    },
    "properties": {
        "ha_label": "p05-11-E",
        "HA_AREA": 20.319999
    },
    "_id": "641df3d58ac5479be3717c81",
    "haid": "641df3d58ac5479be3717c81"
}{
    "type": "Feature",
    "geometry": {
        "type": "Polygon",
        "coordinates": [
            [
                [
                    -111.97753906,
                    33.07878879
                ],
                [
                    -111.97756082,
                    33.0787889
                ],
                [
                    -111.97756019,
                    33.07887909
                ],
                [
                    -111.97753843,
                    33.07887898
                ],
                [
                    -111.97753906,
                    33.07878879
                ]
            ]
        ]
    },
    "properties": {
        "ha_label": "p05-12-E",
        "HA_AREA": 20.319998
    },
    "_id": "641df3d58ac5479be3717c82",
    "haid": "641df3d58ac5479be3717c82"
}{
    "type": "Feature",
    "geometry": {
        "type": "Polygon",
        "coordinates": [
            [
                [
                    -111.97753969,
                    33.0786986
                ],
                [
                    -111.97756145,
                    33.07869871
                ],
                [
                    -111.97756082,
                    33.0787889
                ],
                [
                    -111.97753906,
                    33.07878879
                ],
                [
                    -111.97753969,
                    33.0786986
                ]
            ]
        ]
    },
    "properties": {
        "ha_label": "p05-13-E",
        "HA_AREA": 20.319999
    },
    "_id": "641df3d58ac5479be3717c83",
    "haid": "641df3d58ac5479be3717c83"
}{
    "type": "Feature",
    "geometry": {
        "type": "Polygon",
        "coordinates": [
            [
                [
                    -111.97754032,
                    33.07860841
                ],
                [
                    -111.97756208,
                    33.07860851
                ],
                [
                    -111.97756145,
                    33.07869871
                ],
                [
                    -111.97753969,
                    33.0786986
                ],
                [
                    -111.97754032,
                    33.07860841
                ]
            ]
        ]
    },
    "properties": {
        "ha_label": "p05-14-E",
        "HA_AREA": 20.320004
    },
    "_id": "641df3d58ac5479be3717c84",
    "haid": "641df3d58ac5479be3717c84"
}{
    "type": "Feature",
    "geometry": {
        "type": "Polygon",
        "coordinates": [
            [
                [
                    -111.97754095,
                    33.07851822
                ],
                [
                    -111.97756271,
                    33.07851832
                ],
                [
                    -111.97756208,
                    33.07860851
                ],
                [
                    -111.97754032,
                    33.07860841
                ],
                [
                    -111.97754095,
                    33.07851822
                ]
            ]
        ]
    },
    "properties": {
        "ha_label": "p05-15-E",
        "HA_AREA": 20.320004
    },
    "_id": "641df3d58ac5479be3717c85",
    "haid": "641df3d58ac5479be3717c85"
}{
    "type": "Feature",
    "geometry": {
        "type": "Polygon",
        "coordinates": [
            [
                [
                    -111.97744505,
                    33.07978047
                ],
                [
                    -111.97746682,
                    33.07978058
                ],
                [
                    -111.97746619,
                    33.07987077
                ],
                [
                    -111.97744442,
                    33.07987066
                ],
                [
                    -111.97744505,
                    33.07978047
                ]
            ]
        ]
    },
    "properties": {
        "ha_label": "p06-01-W",
        "HA_AREA": 20.319998
    },
    "_id": "641df3d58ac5479be3717c86",
    "haid": "641df3d58ac5479be3717c86"
}{
    "type": "Feature",
    "geometry": {
        "type": "Polygon",
        "coordinates": [
            [
                [
                    -111.97744568,
                    33.07969028
                ],
                [
                    -111.97746745,
                    33.07969039
                ],
                [
                    -111.97746682,
                    33.07978058
                ],
                [
                    -111.97744505,
                    33.07978047
                ],
                [
                    -111.97744568,
                    33.07969028
                ]
            ]
        ]
    },
    "properties": {
        "ha_label": "p06-02-W",
        "HA_AREA": 20.319998
    },
    "_id": "641df3d58ac5479be3717c87",
    "haid": "641df3d58ac5479be3717c87"
}{
    "type": "Feature",
    "geometry": {
        "type": "Polygon",
        "coordinates": [
            [
                [
                    -111.97744631,
                    33.07960009
                ],
                [
                    -111.97746808,
                    33.07960019
                ],
                [
                    -111.97746745,
                    33.07969039
                ],
                [
                    -111.97744568,
                    33.07969028
                ],
                [
                    -111.97744631,
                    33.07960009
                ]
            ]
        ]
    },
    "properties": {
        "ha_label": "p06-03-W",
        "HA_AREA": 20.320003
    },
    "_id": "641df3d58ac5479be3717c88",
    "haid": "641df3d58ac5479be3717c88"
}{
    "type": "Feature",
    "geometry": {
        "type": "Polygon",
        "coordinates": [
            [
                [
                    -111.97744694,
                    33.07950989
                ],
                [
                    -111.97746871,
                    33.07951
                ],
                [
                    -111.97746808,
                    33.07960019
                ],
                [
                    -111.97744631,
                    33.07960009
                ],
                [
                    -111.97744694,
                    33.07950989
                ]
            ]
        ]
    },
    "properties": {
        "ha_label": "p06-04-W",
        "HA_AREA": 20.320003
    },
    "_id": "641df3d58ac5479be3717c89",
    "haid": "641df3d58ac5479be3717c89"
}{
    "type": "Feature",
    "geometry": {
        "type": "Polygon",
        "coordinates": [
            [
                [
                    -111.97744757,
                    33.0794197
                ],
                [
                    -111.97746934,
                    33.07941981
                ],
                [
                    -111.97746871,
                    33.07951
                ],
                [
                    -111.97744694,
                    33.07950989
                ],
                [
                    -111.97744757,
                    33.0794197
                ]
            ]
        ]
    },
    "properties": {
        "ha_label": "p06-05-W",
        "HA_AREA": 20.319997
    },
    "_id": "641df3d58ac5479be3717c8a",
    "haid": "641df3d58ac5479be3717c8a"
}{
    "type": "Feature",
    "geometry": {
        "type": "Polygon",
        "coordinates": [
            [
                [
                    -111.9774482,
                    33.07932951
                ],
                [
                    -111.97746997,
                    33.07932962
                ],
                [
                    -111.97746934,
                    33.07941981
                ],
                [
                    -111.97744757,
                    33.0794197
                ],
                [
                    -111.9774482,
                    33.07932951
                ]
            ]
        ]
    },
    "properties": {
        "ha_label": "p06-06-W",
        "HA_AREA": 20.319997
    },
    "_id": "641df3d58ac5479be3717c8b",
    "haid": "641df3d58ac5479be3717c8b"
}{
    "type": "Feature",
    "geometry": {
        "type": "Polygon",
        "coordinates": [
            [
                [
                    -111.97744883,
                    33.07923932
                ],
                [
                    -111.9774706,
                    33.07923943
                ],
                [
                    -111.97746997,
                    33.07932962
                ],
                [
                    -111.9774482,
                    33.07932951
                ],
                [
                    -111.97744883,
                    33.07923932
                ]
            ]
        ]
    },
    "properties": {
        "ha_label": "p06-07-W",
        "HA_AREA": 20.319998
    },
    "_id": "641df3d58ac5479be3717c8c",
    "haid": "641df3d58ac5479be3717c8c"
}{
    "type": "Feature",
    "geometry": {
        "type": "Polygon",
        "coordinates": [
            [
                [
                    -111.97744946,
                    33.07914913
                ],
                [
                    -111.97747123,
                    33.07914923
                ],
                [
                    -111.9774706,
                    33.07923943
                ],
                [
                    -111.97744883,
                    33.07923932
                ],
                [
                    -111.97744946,
                    33.07914913
                ]
            ]
        ]
    },
    "properties": {
        "ha_label": "p06-08-W",
        "HA_AREA": 20.320003
    },
    "_id": "641df3d58ac5479be3717c8d",
    "haid": "641df3d58ac5479be3717c8d"
}{
    "type": "Feature",
    "geometry": {
        "type": "Polygon",
        "coordinates": [
            [
                [
                    -111.97745009,
                    33.07905893
                ],
                [
                    -111.97747186,
                    33.07905904
                ],
                [
                    -111.97747123,
                    33.07914923
                ],
                [
                    -111.97744946,
                    33.07914913
                ],
                [
                    -111.97745009,
                    33.07905893
                ]
            ]
        ]
    },
    "properties": {
        "ha_label": "p06-09-W",
        "HA_AREA": 20.320003
    },
    "_id": "641df3d58ac5479be3717c8e",
    "haid": "641df3d58ac5479be3717c8e"
}{
    "type": "Feature",
    "geometry": {
        "type": "Polygon",
        "coordinates": [
            [
                [
                    -111.97745072,
                    33.07896874
                ],
                [
                    -111.97747249,
                    33.07896885
                ],
                [
                    -111.97747186,
                    33.07905904
                ],
                [
                    -111.97745009,
                    33.07905893
                ],
                [
                    -111.97745072,
                    33.07896874
                ]
            ]
        ]
    },
    "properties": {
        "ha_label": "p06-10-W",
        "HA_AREA": 20.319998
    },
    "_id": "641df3d58ac5479be3717c8f",
    "haid": "641df3d58ac5479be3717c8f"
}{
    "type": "Feature",
    "geometry": {
        "type": "Polygon",
        "coordinates": [
            [
                [
                    -111.97745135,
                    33.07887855
                ],
                [
                    -111.97747312,
                    33.07887866
                ],
                [
                    -111.97747249,
                    33.07896885
                ],
                [
                    -111.97745072,
                    33.07896874
                ],
                [
                    -111.97745135,
                    33.07887855
                ]
            ]
        ]
    },
    "properties": {
        "ha_label": "p06-11-W",
        "HA_AREA": 20.319998
    },
    "_id": "641df3d58ac5479be3717c90",
    "haid": "641df3d58ac5479be3717c90"
}{
    "type": "Feature",
    "geometry": {
        "type": "Polygon",
        "coordinates": [
            [
                [
                    -111.97745198,
                    33.07878836
                ],
                [
                    -111.97747375,
                    33.07878847
                ],
                [
                    -111.97747312,
                    33.07887866
                ],
                [
                    -111.97745135,
                    33.07887855
                ],
                [
                    -111.97745198,
                    33.07878836
                ]
            ]
        ]
    },
    "properties": {
        "ha_label": "p06-12-W",
        "HA_AREA": 20.319998
    },
    "_id": "641df3d58ac5479be3717c91",
    "haid": "641df3d58ac5479be3717c91"
}{
    "type": "Feature",
    "geometry": {
        "type": "Polygon",
        "coordinates": [
            [
                [
                    -111.97745261,
                    33.07869817
                ],
                [
                    -111.97747438,
                    33.07869828
                ],
                [
                    -111.97747375,
                    33.07878847
                ],
                [
                    -111.97745198,
                    33.07878836
                ],
                [
                    -111.97745261,
                    33.07869817
                ]
            ]
        ]
    },
    "properties": {
        "ha_label": "p06-13-W",
        "HA_AREA": 20.319998
    },
    "_id": "641df3d58ac5479be3717c92",
    "haid": "641df3d58ac5479be3717c92"
}{
    "type": "Feature",
    "geometry": {
        "type": "Polygon",
        "coordinates": [
            [
                [
                    -111.97745324,
                    33.07860798
                ],
                [
                    -111.97747501,
                    33.07860808
                ],
                [
                    -111.97747438,
                    33.07869828
                ],
                [
                    -111.97745261,
                    33.07869817
                ],
                [
                    -111.97745324,
                    33.07860798
                ]
            ]
        ]
    },
    "properties": {
        "ha_label": "p06-14-W",
        "HA_AREA": 20.319998
    },
    "_id": "641df3d58ac5479be3717c93",
    "haid": "641df3d58ac5479be3717c93"
}{
    "type": "Feature",
    "geometry": {
        "type": "Polygon",
        "coordinates": [
            [
                [
                    -111.97745387,
                    33.07851778
                ],
                [
                    -111.97747564,
                    33.07851789
                ],
                [
                    -111.97747501,
                    33.07860808
                ],
                [
                    -111.97745324,
                    33.07860798
                ],
                [
                    -111.97745387,
                    33.07851778
                ]
            ]
        ]
    },
    "properties": {
        "ha_label": "p06-15-W",
        "HA_AREA": 20.320001
    },
    "_id": "641df3d58ac5479be3717c94",
    "haid": "641df3d58ac5479be3717c94"
}{
    "type": "Feature",
    "geometry": {
        "type": "Polygon",
        "coordinates": [
            [
                [
                    -111.97737974,
                    33.07978015
                ],
                [
                    -111.97740151,
                    33.07978025
                ],
                [
                    -111.97740088,
                    33.07987045
                ],
                [
                    -111.97737911,
                    33.07987034
                ],
                [
                    -111.97737974,
                    33.07978015
                ]
            ]
        ]
    },
    "properties": {
        "ha_label": "p06-01-E",
        "HA_AREA": 20.320003
    },
    "_id": "641df3d58ac5479be3717c95",
    "haid": "641df3d58ac5479be3717c95"
}{
    "type": "Feature",
    "geometry": {
        "type": "Polygon",
        "coordinates": [
            [
                [
                    -111.97738037,
                    33.07968995
                ],
                [
                    -111.97740214,
                    33.07969006
                ],
                [
                    -111.97740151,
                    33.07978025
                ],
                [
                    -111.97737974,
                    33.07978015
                ],
                [
                    -111.97738037,
                    33.07968995
                ]
            ]
        ]
    },
    "properties": {
        "ha_label": "p06-02-E",
        "HA_AREA": 20.319998
    },
    "_id": "641df3d58ac5479be3717c96",
    "haid": "641df3d58ac5479be3717c96"
}{
    "type": "Feature",
    "geometry": {
        "type": "Polygon",
        "coordinates": [
            [
                [
                    -111.977381,
                    33.07959976
                ],
                [
                    -111.97740277,
                    33.07959987
                ],
                [
                    -111.97740214,
                    33.07969006
                ],
                [
                    -111.97738037,
                    33.07968995
                ],
                [
                    -111.977381,
                    33.07959976
                ]
            ]
        ]
    },
    "properties": {
        "ha_label": "p06-03-E",
        "HA_AREA": 20.319998
    },
    "_id": "641df3d58ac5479be3717c97",
    "haid": "641df3d58ac5479be3717c97"
}{
    "type": "Feature",
    "geometry": {
        "type": "Polygon",
        "coordinates": [
            [
                [
                    -111.97738163,
                    33.07950957
                ],
                [
                    -111.9774034,
                    33.07950968
                ],
                [
                    -111.97740277,
                    33.07959987
                ],
                [
                    -111.977381,
                    33.07959976
                ],
                [
                    -111.97738163,
                    33.07950957
                ]
            ]
        ]
    },
    "properties": {
        "ha_label": "p06-04-E",
        "HA_AREA": 20.319998
    },
    "_id": "641df3d58ac5479be3717c98",
    "haid": "641df3d58ac5479be3717c98"
}{
    "type": "Feature",
    "geometry": {
        "type": "Polygon",
        "coordinates": [
            [
                [
                    -111.97738226,
                    33.07941938
                ],
                [
                    -111.97740403,
                    33.07941949
                ],
                [
                    -111.9774034,
                    33.07950968
                ],
                [
                    -111.97738163,
                    33.07950957
                ],
                [
                    -111.97738226,
                    33.07941938
                ]
            ]
        ]
    },
    "properties": {
        "ha_label": "p06-05-E",
        "HA_AREA": 20.320003
    },
    "_id": "641df3d58ac5479be3717c99",
    "haid": "641df3d58ac5479be3717c99"
}{
    "type": "Feature",
    "geometry": {
        "type": "Polygon",
        "coordinates": [
            [
                [
                    -111.97738289,
                    33.07932919
                ],
                [
                    -111.97740466,
                    33.07932929
                ],
                [
                    -111.97740403,
                    33.07941949
                ],
                [
                    -111.97738226,
                    33.07941938
                ],
                [
                    -111.97738289,
                    33.07932919
                ]
            ]
        ]
    },
    "properties": {
        "ha_label": "p06-06-E",
        "HA_AREA": 20.320003
    },
    "_id": "641df3d58ac5479be3717c9a",
    "haid": "641df3d58ac5479be3717c9a"
}{
    "type": "Feature",
    "geometry": {
        "type": "Polygon",
        "coordinates": [
            [
                [
                    -111.97738352,
                    33.07923899
                ],
                [
                    -111.97740529,
                    33.0792391
                ],
                [
                    -111.97740466,
                    33.07932929
                ],
                [
                    -111.97738289,
                    33.07932919
                ],
                [
                    -111.97738352,
                    33.07923899
                ]
            ]
        ]
    },
    "properties": {
        "ha_label": "p06-07-E",
        "HA_AREA": 20.319998
    },
    "_id": "641df3d58ac5479be3717c9b",
    "haid": "641df3d58ac5479be3717c9b"
}{
    "type": "Feature",
    "geometry": {
        "type": "Polygon",
        "coordinates": [
            [
                [
                    -111.97738415,
                    33.0791488
                ],
                [
                    -111.97740592,
                    33.07914891
                ],
                [
                    -111.97740529,
                    33.0792391
                ],
                [
                    -111.97738352,
                    33.07923899
                ],
                [
                    -111.97738415,
                    33.0791488
                ]
            ]
        ]
    },
    "properties": {
        "ha_label": "p06-08-E",
        "HA_AREA": 20.319997
    },
    "_id": "641df3d58ac5479be3717c9c",
    "haid": "641df3d58ac5479be3717c9c"
}{
    "type": "Feature",
    "geometry": {
        "type": "Polygon",
        "coordinates": [
            [
                [
                    -111.97738478,
                    33.07905861
                ],
                [
                    -111.97740655,
                    33.07905872
                ],
                [
                    -111.97740592,
                    33.07914891
                ],
                [
                    -111.97738415,
                    33.0791488
                ],
                [
                    -111.97738478,
                    33.07905861
                ]
            ]
        ]
    },
    "properties": {
        "ha_label": "p06-09-E",
        "HA_AREA": 20.319998
    },
    "_id": "641df3d58ac5479be3717c9d",
    "haid": "641df3d58ac5479be3717c9d"
}{
    "type": "Feature",
    "geometry": {
        "type": "Polygon",
        "coordinates": [
            [
                [
                    -111.97738541,
                    33.07896842
                ],
                [
                    -111.97740718,
                    33.07896853
                ],
                [
                    -111.97740655,
                    33.07905872
                ],
                [
                    -111.97738478,
                    33.07905861
                ],
                [
                    -111.97738541,
                    33.07896842
                ]
            ]
        ]
    },
    "properties": {
        "ha_label": "p06-10-E",
        "HA_AREA": 20.319997
    },
    "_id": "641df3d58ac5479be3717c9e",
    "haid": "641df3d58ac5479be3717c9e"
}{
    "type": "Feature",
    "geometry": {
        "type": "Polygon",
        "coordinates": [
            [
                [
                    -111.97738604,
                    33.07887823
                ],
                [
                    -111.97740781,
                    33.07887834
                ],
                [
                    -111.97740718,
                    33.07896853
                ],
                [
                    -111.97738541,
                    33.07896842
                ],
                [
                    -111.97738604,
                    33.07887823
                ]
            ]
        ]
    },
    "properties": {
        "ha_label": "p06-11-E",
        "HA_AREA": 20.319998
    },
    "_id": "641df3d58ac5479be3717c9f",
    "haid": "641df3d58ac5479be3717c9f"
}{
    "type": "Feature",
    "geometry": {
        "type": "Polygon",
        "coordinates": [
            [
                [
                    -111.97738667,
                    33.07878804
                ],
                [
                    -111.97740844,
                    33.07878814
                ],
                [
                    -111.97740781,
                    33.07887834
                ],
                [
                    -111.97738604,
                    33.07887823
                ],
                [
                    -111.97738667,
                    33.07878804
                ]
            ]
        ]
    },
    "properties": {
        "ha_label": "p06-12-E",
        "HA_AREA": 20.320003
    },
    "_id": "641df3d58ac5479be3717ca0",
    "haid": "641df3d58ac5479be3717ca0"
}{
    "type": "Feature",
    "geometry": {
        "type": "Polygon",
        "coordinates": [
            [
                [
                    -111.9773873,
                    33.07869784
                ],
                [
                    -111.97740907,
                    33.07869795
                ],
                [
                    -111.97740844,
                    33.07878814
                ],
                [
                    -111.97738667,
                    33.07878804
                ],
                [
                    -111.9773873,
                    33.07869784
                ]
            ]
        ]
    },
    "properties": {
        "ha_label": "p06-13-E",
        "HA_AREA": 20.320003
    },
    "_id": "641df3d58ac5479be3717ca1",
    "haid": "641df3d58ac5479be3717ca1"
}{
    "type": "Feature",
    "geometry": {
        "type": "Polygon",
        "coordinates": [
            [
                [
                    -111.97738793,
                    33.07860765
                ],
                [
                    -111.9774097,
                    33.07860776
                ],
                [
                    -111.97740907,
                    33.07869795
                ],
                [
                    -111.9773873,
                    33.07869784
                ],
                [
                    -111.97738793,
                    33.07860765
                ]
            ]
        ]
    },
    "properties": {
        "ha_label": "p06-14-E",
        "HA_AREA": 20.319998
    },
    "_id": "641df3d58ac5479be3717ca2",
    "haid": "641df3d58ac5479be3717ca2"
}{
    "type": "Feature",
    "geometry": {
        "type": "Polygon",
        "coordinates": [
            [
                [
                    -111.97738856,
                    33.07851746
                ],
                [
                    -111.97741033,
                    33.07851757
                ],
                [
                    -111.9774097,
                    33.07860776
                ],
                [
                    -111.97738793,
                    33.07860765
                ],
                [
                    -111.97738856,
                    33.07851746
                ]
            ]
        ]
    },
    "properties": {
        "ha_label": "p06-15-E",
        "HA_AREA": 20.319998
    },
    "_id": "641df3d58ac5479be3717ca3",
    "haid": "641df3d58ac5479be3717ca3"
}{
    "type": "Feature",
    "geometry": {
        "type": "Polygon",
        "coordinates": [
            [
                [
                    -111.97729266,
                    33.07977971
                ],
                [
                    -111.97731443,
                    33.07977982
                ],
                [
                    -111.9773138,
                    33.07987001
                ],
                [
                    -111.97729203,
                    33.07986991
                ],
                [
                    -111.97729266,
                    33.07977971
                ]
            ]
        ]
    },
    "properties": {
        "ha_label": "p07-01-W",
        "HA_AREA": 20.320001
    },
    "_id": "641df3d58ac5479be3717ca4",
    "haid": "641df3d58ac5479be3717ca4"
}{
    "type": "Feature",
    "geometry": {
        "type": "Polygon",
        "coordinates": [
            [
                [
                    -111.97729329,
                    33.07968952
                ],
                [
                    -111.97731506,
                    33.07968963
                ],
                [
                    -111.97731443,
                    33.07977982
                ],
                [
                    -111.97729266,
                    33.07977971
                ],
                [
                    -111.97729329,
                    33.07968952
                ]
            ]
        ]
    },
    "properties": {
        "ha_label": "p07-02-W",
        "HA_AREA": 20.320001
    },
    "_id": "641df3d58ac5479be3717ca5",
    "haid": "641df3d58ac5479be3717ca5"
}{
    "type": "Feature",
    "geometry": {
        "type": "Polygon",
        "coordinates": [
            [
                [
                    -111.97729392,
                    33.07959933
                ],
                [
                    -111.97731569,
                    33.07959944
                ],
                [
                    -111.97731506,
                    33.07968963
                ],
                [
                    -111.97729329,
                    33.07968952
                ],
                [
                    -111.97729392,
                    33.07959933
                ]
            ]
        ]
    },
    "properties": {
        "ha_label": "p07-03-W",
        "HA_AREA": 20.320001
    },
    "_id": "641df3d58ac5479be3717ca6",
    "haid": "641df3d58ac5479be3717ca6"
}{
    "type": "Feature",
    "geometry": {
        "type": "Polygon",
        "coordinates": [
            [
                [
                    -111.97729455,
                    33.07950914
                ],
                [
                    -111.97731632,
                    33.07950925
                ],
                [
                    -111.97731569,
                    33.07959944
                ],
                [
                    -111.97729392,
                    33.07959933
                ],
                [
                    -111.97729455,
                    33.07950914
                ]
            ]
        ]
    },
    "properties": {
        "ha_label": "p07-04-W",
        "HA_AREA": 20.32
    },
    "_id": "641df3d58ac5479be3717ca7",
    "haid": "641df3d58ac5479be3717ca7"
}{
    "type": "Feature",
    "geometry": {
        "type": "Polygon",
        "coordinates": [
            [
                [
                    -111.97729519,
                    33.07941895
                ],
                [
                    -111.97731695,
                    33.07941905
                ],
                [
                    -111.97731632,
                    33.07950925
                ],
                [
                    -111.97729455,
                    33.07950914
                ],
                [
                    -111.97729519,
                    33.07941895
                ]
            ]
        ]
    },
    "properties": {
        "ha_label": "p07-05-W",
        "HA_AREA": 20.319996
    },
    "_id": "641df3d58ac5479be3717ca8",
    "haid": "641df3d58ac5479be3717ca8"
}{
    "type": "Feature",
    "geometry": {
        "type": "Polygon",
        "coordinates": [
            [
                [
                    -111.97729582,
                    33.07932876
                ],
                [
                    -111.97731758,
                    33.07932886
                ],
                [
                    -111.97731695,
                    33.07941905
                ],
                [
                    -111.97729519,
                    33.07941895
                ],
                [
                    -111.97729582,
                    33.07932876
                ]
            ]
        ]
    },
    "properties": {
        "ha_label": "p07-06-W",
        "HA_AREA": 20.320001
    },
    "_id": "641df3d58ac5479be3717ca9",
    "haid": "641df3d58ac5479be3717ca9"
}{
    "type": "Feature",
    "geometry": {
        "type": "Polygon",
        "coordinates": [
            [
                [
                    -111.97729645,
                    33.07923856
                ],
                [
                    -111.97731821,
                    33.07923867
                ],
                [
                    -111.97731758,
                    33.07932886
                ],
                [
                    -111.97729582,
                    33.07932876
                ],
                [
                    -111.97729645,
                    33.07923856
                ]
            ]
        ]
    },
    "properties": {
        "ha_label": "p07-07-W",
        "HA_AREA": 20.320001
    },
    "_id": "641df3d58ac5479be3717caa",
    "haid": "641df3d58ac5479be3717caa"
}{
    "type": "Feature",
    "geometry": {
        "type": "Polygon",
        "coordinates": [
            [
                [
                    -111.97729708,
                    33.07914837
                ],
                [
                    -111.97731884,
                    33.07914848
                ],
                [
                    -111.97731821,
                    33.07923867
                ],
                [
                    -111.97729645,
                    33.07923856
                ],
                [
                    -111.97729708,
                    33.07914837
                ]
            ]
        ]
    },
    "properties": {
        "ha_label": "p07-08-W",
        "HA_AREA": 20.320001
    },
    "_id": "641df3d58ac5479be3717cab",
    "haid": "641df3d58ac5479be3717cab"
}{
    "type": "Feature",
    "geometry": {
        "type": "Polygon",
        "coordinates": [
            [
                [
                    -111.97729771,
                    33.07905818
                ],
                [
                    -111.97731947,
                    33.07905829
                ],
                [
                    -111.97731884,
                    33.07914848
                ],
                [
                    -111.97729708,
                    33.07914837
                ],
                [
                    -111.97729771,
                    33.07905818
                ]
            ]
        ]
    },
    "properties": {
        "ha_label": "p07-09-W",
        "HA_AREA": 20.32
    },
    "_id": "641df3d58ac5479be3717cac",
    "haid": "641df3d58ac5479be3717cac"
}{
    "type": "Feature",
    "geometry": {
        "type": "Polygon",
        "coordinates": [
            [
                [
                    -111.97729834,
                    33.07896799
                ],
                [
                    -111.97732011,
                    33.0789681
                ],
                [
                    -111.97731947,
                    33.07905829
                ],
                [
                    -111.97729771,
                    33.07905818
                ],
                [
                    -111.97729834,
                    33.07896799
                ]
            ]
        ]
    },
    "properties": {
        "ha_label": "p07-10-W",
        "HA_AREA": 20.320001
    },
    "_id": "641df3d58ac5479be3717cad",
    "haid": "641df3d58ac5479be3717cad"
}{
    "type": "Feature",
    "geometry": {
        "type": "Polygon",
        "coordinates": [
            [
                [
                    -111.97729897,
                    33.0788778
                ],
                [
                    -111.97732074,
                    33.0788779
                ],
                [
                    -111.97732011,
                    33.0789681
                ],
                [
                    -111.97729834,
                    33.07896799
                ],
                [
                    -111.97729897,
                    33.0788778
                ]
            ]
        ]
    },
    "properties": {
        "ha_label": "p07-11-W",
        "HA_AREA": 20.320001
    },
    "_id": "641df3d58ac5479be3717cae",
    "haid": "641df3d58ac5479be3717cae"
}{
    "type": "Feature",
    "geometry": {
        "type": "Polygon",
        "coordinates": [
            [
                [
                    -111.9772996,
                    33.0787876
                ],
                [
                    -111.97732137,
                    33.07878771
                ],
                [
                    -111.97732074,
                    33.0788779
                ],
                [
                    -111.97729897,
                    33.0788778
                ],
                [
                    -111.9772996,
                    33.0787876
                ]
            ]
        ]
    },
    "properties": {
        "ha_label": "p07-12-W",
        "HA_AREA": 20.319996
    },
    "_id": "641df3d58ac5479be3717caf",
    "haid": "641df3d58ac5479be3717caf"
}{
    "type": "Feature",
    "geometry": {
        "type": "Polygon",
        "coordinates": [
            [
                [
                    -111.97730023,
                    33.07869741
                ],
                [
                    -111.977322,
                    33.07869752
                ],
                [
                    -111.97732137,
                    33.07878771
                ],
                [
                    -111.9772996,
                    33.0787876
                ],
                [
                    -111.97730023,
                    33.07869741
                ]
            ]
        ]
    },
    "properties": {
        "ha_label": "p07-13-W",
        "HA_AREA": 20.32
    },
    "_id": "641df3d58ac5479be3717cb0",
    "haid": "641df3d58ac5479be3717cb0"
}{
    "type": "Feature",
    "geometry": {
        "type": "Polygon",
        "coordinates": [
            [
                [
                    -111.97730086,
                    33.07860722
                ],
                [
                    -111.97732263,
                    33.07860733
                ],
                [
                    -111.977322,
                    33.07869752
                ],
                [
                    -111.97730023,
                    33.07869741
                ],
                [
                    -111.97730086,
                    33.07860722
                ]
            ]
        ]
    },
    "properties": {
        "ha_label": "p07-14-W",
        "HA_AREA": 20.320001
    },
    "_id": "641df3d58ac5479be3717cb1",
    "haid": "641df3d58ac5479be3717cb1"
}{
    "type": "Feature",
    "geometry": {
        "type": "Polygon",
        "coordinates": [
            [
                [
                    -111.97730149,
                    33.07851703
                ],
                [
                    -111.97732326,
                    33.07851714
                ],
                [
                    -111.97732263,
                    33.07860733
                ],
                [
                    -111.97730086,
                    33.07860722
                ],
                [
                    -111.97730149,
                    33.07851703
                ]
            ]
        ]
    },
    "properties": {
        "ha_label": "p07-15-W",
        "HA_AREA": 20.320001
    },
    "_id": "641df3d58ac5479be3717cb2",
    "haid": "641df3d58ac5479be3717cb2"
}{
    "type": "Feature",
    "geometry": {
        "type": "Polygon",
        "coordinates": [
            [
                [
                    -111.97722736,
                    33.07977939
                ],
                [
                    -111.97724913,
                    33.0797795
                ],
                [
                    -111.9772485,
                    33.07986969
                ],
                [
                    -111.97722673,
                    33.07986958
                ],
                [
                    -111.97722736,
                    33.07977939
                ]
            ]
        ]
    },
    "properties": {
        "ha_label": "p07-01-E",
        "HA_AREA": 20.319998
    },
    "_id": "641df3d58ac5479be3717cb3",
    "haid": "641df3d58ac5479be3717cb3"
}{
    "type": "Feature",
    "geometry": {
        "type": "Polygon",
        "coordinates": [
            [
                [
                    -111.97722799,
                    33.0796892
                ],
                [
                    -111.97724976,
                    33.07968931
                ],
                [
                    -111.97724913,
                    33.0797795
                ],
                [
                    -111.97722736,
                    33.07977939
                ],
                [
                    -111.97722799,
                    33.0796892
                ]
            ]
        ]
    },
    "properties": {
        "ha_label": "p07-02-E",
        "HA_AREA": 20.319998
    },
    "_id": "641df3d58ac5479be3717cb4",
    "haid": "641df3d58ac5479be3717cb4"
}{
    "type": "Feature",
    "geometry": {
        "type": "Polygon",
        "coordinates": [
            [
                [
                    -111.97722862,
                    33.07959901
                ],
                [
                    -111.97725039,
                    33.07959912
                ],
                [
                    -111.97724976,
                    33.07968931
                ],
                [
                    -111.97722799,
                    33.0796892
                ],
                [
                    -111.97722862,
                    33.07959901
                ]
            ]
        ]
    },
    "properties": {
        "ha_label": "p07-03-E",
        "HA_AREA": 20.320002
    },
    "_id": "641df3d58ac5479be3717cb5",
    "haid": "641df3d58ac5479be3717cb5"
}{
    "type": "Feature",
    "geometry": {
        "type": "Polygon",
        "coordinates": [
            [
                [
                    -111.97722925,
                    33.07950882
                ],
                [
                    -111.97725102,
                    33.07950892
                ],
                [
                    -111.97725039,
                    33.07959912
                ],
                [
                    -111.97722862,
                    33.07959901
                ],
                [
                    -111.97722925,
                    33.07950882
                ]
            ]
        ]
    },
    "properties": {
        "ha_label": "p07-04-E",
        "HA_AREA": 20.320002
    },
    "_id": "641df3d58ac5479be3717cb6",
    "haid": "641df3d58ac5479be3717cb6"
}{
    "type": "Feature",
    "geometry": {
        "type": "Polygon",
        "coordinates": [
            [
                [
                    -111.97722988,
                    33.07941862
                ],
                [
                    -111.97725165,
                    33.07941873
                ],
                [
                    -111.97725102,
                    33.07950892
                ],
                [
                    -111.97722925,
                    33.07950882
                ],
                [
                    -111.97722988,
                    33.07941862
                ]
            ]
        ]
    },
    "properties": {
        "ha_label": "p07-05-E",
        "HA_AREA": 20.319998
    },
    "_id": "641df3d58ac5479be3717cb7",
    "haid": "641df3d58ac5479be3717cb7"
}{
    "type": "Feature",
    "geometry": {
        "type": "Polygon",
        "coordinates": [
            [
                [
                    -111.97723051,
                    33.07932843
                ],
                [
                    -111.97725228,
                    33.07932854
                ],
                [
                    -111.97725165,
                    33.07941873
                ],
                [
                    -111.97722988,
                    33.07941862
                ],
                [
                    -111.97723051,
                    33.07932843
                ]
            ]
        ]
    },
    "properties": {
        "ha_label": "p07-06-E",
        "HA_AREA": 20.319998
    },
    "_id": "641df3d58ac5479be3717cb8",
    "haid": "641df3d58ac5479be3717cb8"
}{
    "type": "Feature",
    "geometry": {
        "type": "Polygon",
        "coordinates": [
            [
                [
                    -111.97723114,
                    33.07923824
                ],
                [
                    -111.97725291,
                    33.07923835
                ],
                [
                    -111.97725228,
                    33.07932854
                ],
                [
                    -111.97723051,
                    33.07932843
                ],
                [
                    -111.97723114,
                    33.07923824
                ]
            ]
        ]
    },
    "properties": {
        "ha_label": "p07-07-E",
        "HA_AREA": 20.319998
    },
    "_id": "641df3d58ac5479be3717cb9",
    "haid": "641df3d58ac5479be3717cb9"
}{
    "type": "Feature",
    "geometry": {
        "type": "Polygon",
        "coordinates": [
            [
                [
                    -111.97723177,
                    33.07914805
                ],
                [
                    -111.97725354,
                    33.07914816
                ],
                [
                    -111.97725291,
                    33.07923835
                ],
                [
                    -111.97723114,
                    33.07923824
                ],
                [
                    -111.97723177,
                    33.07914805
                ]
            ]
        ]
    },
    "properties": {
        "ha_label": "p07-08-E",
        "HA_AREA": 20.320003
    },
    "_id": "641df3d58ac5479be3717cba",
    "haid": "641df3d58ac5479be3717cba"
}{
    "type": "Feature",
    "geometry": {
        "type": "Polygon",
        "coordinates": [
            [
                [
                    -111.9772324,
                    33.07905786
                ],
                [
                    -111.97725417,
                    33.07905796
                ],
                [
                    -111.97725354,
                    33.07914816
                ],
                [
                    -111.97723177,
                    33.07914805
                ],
                [
                    -111.9772324,
                    33.07905786
                ]
            ]
        ]
    },
    "properties": {
        "ha_label": "p07-09-E",
        "HA_AREA": 20.320003
    },
    "_id": "641df3d58ac5479be3717cbb",
    "haid": "641df3d58ac5479be3717cbb"
}{
    "type": "Feature",
    "geometry": {
        "type": "Polygon",
        "coordinates": [
            [
                [
                    -111.97723303,
                    33.07896766
                ],
                [
                    -111.9772548,
                    33.07896777
                ],
                [
                    -111.97725417,
                    33.07905796
                ],
                [
                    -111.9772324,
                    33.07905786
                ],
                [
                    -111.97723303,
                    33.07896766
                ]
            ]
        ]
    },
    "properties": {
        "ha_label": "p07-10-E",
        "HA_AREA": 20.320003
    },
    "_id": "641df3d58ac5479be3717cbc",
    "haid": "641df3d58ac5479be3717cbc"
}{
    "type": "Feature",
    "geometry": {
        "type": "Polygon",
        "coordinates": [
            [
                [
                    -111.97723366,
                    33.07887747
                ],
                [
                    -111.97725543,
                    33.07887758
                ],
                [
                    -111.9772548,
                    33.07896777
                ],
                [
                    -111.97723303,
                    33.07896766
                ],
                [
                    -111.97723366,
                    33.07887747
                ]
            ]
        ]
    },
    "properties": {
        "ha_label": "p07-11-E",
        "HA_AREA": 20.320003
    },
    "_id": "641df3d58ac5479be3717cbd",
    "haid": "641df3d58ac5479be3717cbd"
}{
    "type": "Feature",
    "geometry": {
        "type": "Polygon",
        "coordinates": [
            [
                [
                    -111.97723429,
                    33.07878728
                ],
                [
                    -111.97725606,
                    33.07878739
                ],
                [
                    -111.97725543,
                    33.07887758
                ],
                [
                    -111.97723366,
                    33.07887747
                ],
                [
                    -111.97723429,
                    33.07878728
                ]
            ]
        ]
    },
    "properties": {
        "ha_label": "p07-12-E",
        "HA_AREA": 20.319998
    },
    "_id": "641df3d58ac5479be3717cbe",
    "haid": "641df3d58ac5479be3717cbe"
}{
    "type": "Feature",
    "geometry": {
        "type": "Polygon",
        "coordinates": [
            [
                [
                    -111.97723492,
                    33.07869709
                ],
                [
                    -111.97725669,
                    33.0786972
                ],
                [
                    -111.97725606,
                    33.07878739
                ],
                [
                    -111.97723429,
                    33.07878728
                ],
                [
                    -111.97723492,
                    33.07869709
                ]
            ]
        ]
    },
    "properties": {
        "ha_label": "p07-13-E",
        "HA_AREA": 20.319996
    },
    "_id": "641df3d58ac5479be3717cbf",
    "haid": "641df3d58ac5479be3717cbf"
}{
    "type": "Feature",
    "geometry": {
        "type": "Polygon",
        "coordinates": [
            [
                [
                    -111.97723555,
                    33.0786069
                ],
                [
                    -111.97725732,
                    33.07860701
                ],
                [
                    -111.97725669,
                    33.0786972
                ],
                [
                    -111.97723492,
                    33.07869709
                ],
                [
                    -111.97723555,
                    33.0786069
                ]
            ]
        ]
    },
    "properties": {
        "ha_label": "p07-14-E",
        "HA_AREA": 20.319998
    },
    "_id": "641df3d58ac5479be3717cc0",
    "haid": "641df3d58ac5479be3717cc0"
}{
    "type": "Feature",
    "geometry": {
        "type": "Polygon",
        "coordinates": [
            [
                [
                    -111.97723618,
                    33.07851671
                ],
                [
                    -111.97725795,
                    33.07851681
                ],
                [
                    -111.97725732,
                    33.07860701
                ],
                [
                    -111.97723555,
                    33.0786069
                ],
                [
                    -111.97723618,
                    33.07851671
                ]
            ]
        ]
    },
    "properties": {
        "ha_label": "p07-15-E",
        "HA_AREA": 20.320003
    },
    "_id": "641df3d58ac5479be3717cc1",
    "haid": "641df3d58ac5479be3717cc1"
}{
    "type": "Feature",
    "geometry": {
        "type": "Polygon",
        "coordinates": [
            [
                [
                    -111.97714028,
                    33.07977896
                ],
                [
                    -111.97716205,
                    33.07977907
                ],
                [
                    -111.97716142,
                    33.07986926
                ],
                [
                    -111.97713965,
                    33.07986915
                ],
                [
                    -111.97714028,
                    33.07977896
                ]
            ]
        ]
    },
    "properties": {
        "ha_label": "p08-01-W",
        "HA_AREA": 20.320001
    },
    "_id": "641df3d58ac5479be3717cc2",
    "haid": "641df3d58ac5479be3717cc2"
}{
    "type": "Feature",
    "geometry": {
        "type": "Polygon",
        "coordinates": [
            [
                [
                    -111.97714091,
                    33.07968877
                ],
                [
                    -111.97716268,
                    33.07968888
                ],
                [
                    -111.97716205,
                    33.07977907
                ],
                [
                    -111.97714028,
                    33.07977896
                ],
                [
                    -111.97714091,
                    33.07968877
                ]
            ]
        ]
    },
    "properties": {
        "ha_label": "p08-02-W",
        "HA_AREA": 20.32
    },
    "_id": "641df3d58ac5479be3717cc3",
    "haid": "641df3d58ac5479be3717cc3"
}{
    "type": "Feature",
    "geometry": {
        "type": "Polygon",
        "coordinates": [
            [
                [
                    -111.97714154,
                    33.07959858
                ],
                [
                    -111.97716331,
                    33.07959868
                ],
                [
                    -111.97716268,
                    33.07968888
                ],
                [
                    -111.97714091,
                    33.07968877
                ],
                [
                    -111.97714154,
                    33.07959858
                ]
            ]
        ]
    },
    "properties": {
        "ha_label": "p08-03-W",
        "HA_AREA": 20.319996
    },
    "_id": "641df3d58ac5479be3717cc4",
    "haid": "641df3d58ac5479be3717cc4"
}{
    "type": "Feature",
    "geometry": {
        "type": "Polygon",
        "coordinates": [
            [
                [
                    -111.97714217,
                    33.07950838
                ],
                [
                    -111.97716394,
                    33.07950849
                ],
                [
                    -111.97716331,
                    33.07959868
                ],
                [
                    -111.97714154,
                    33.07959858
                ],
                [
                    -111.97714217,
                    33.07950838
                ]
            ]
        ]
    },
    "properties": {
        "ha_label": "p08-04-W",
        "HA_AREA": 20.320001
    },
    "_id": "641df3d58ac5479be3717cc5",
    "haid": "641df3d58ac5479be3717cc5"
}{
    "type": "Feature",
    "geometry": {
        "type": "Polygon",
        "coordinates": [
            [
                [
                    -111.9771428,
                    33.07941819
                ],
                [
                    -111.97716457,
                    33.0794183
                ],
                [
                    -111.97716394,
                    33.07950849
                ],
                [
                    -111.97714217,
                    33.07950838
                ],
                [
                    -111.9771428,
                    33.07941819
                ]
            ]
        ]
    },
    "properties": {
        "ha_label": "p08-05-W",
        "HA_AREA": 20.320001
    },
    "_id": "641df3d58ac5479be3717cc6",
    "haid": "641df3d58ac5479be3717cc6"
}{
    "type": "Feature",
    "geometry": {
        "type": "Polygon",
        "coordinates": [
            [
                [
                    -111.97714343,
                    33.079328
                ],
                [
                    -111.9771652,
                    33.07932811
                ],
                [
                    -111.97716457,
                    33.0794183
                ],
                [
                    -111.9771428,
                    33.07941819
                ],
                [
                    -111.97714343,
                    33.079328
                ]
            ]
        ]
    },
    "properties": {
        "ha_label": "p08-06-W",
        "HA_AREA": 20.32
    },
    "_id": "641df3d58ac5479be3717cc7",
    "haid": "641df3d58ac5479be3717cc7"
}{
    "type": "Feature",
    "geometry": {
        "type": "Polygon",
        "coordinates": [
            [
                [
                    -111.97714406,
                    33.07923781
                ],
                [
                    -111.97716583,
                    33.07923792
                ],
                [
                    -111.9771652,
                    33.07932811
                ],
                [
                    -111.97714343,
                    33.079328
                ],
                [
                    -111.97714406,
                    33.07923781
                ]
            ]
        ]
    },
    "properties": {
        "ha_label": "p08-07-W",
        "HA_AREA": 20.320001
    },
    "_id": "641df3d58ac5479be3717cc8",
    "haid": "641df3d58ac5479be3717cc8"
}{
    "type": "Feature",
    "geometry": {
        "type": "Polygon",
        "coordinates": [
            [
                [
                    -111.97714469,
                    33.07914762
                ],
                [
                    -111.97716646,
                    33.07914772
                ],
                [
                    -111.97716583,
                    33.07923792
                ],
                [
                    -111.97714406,
                    33.07923781
                ],
                [
                    -111.97714469,
                    33.07914762
                ]
            ]
        ]
    },
    "properties": {
        "ha_label": "p08-08-W",
        "HA_AREA": 20.319996
    },
    "_id": "641df3d58ac5479be3717cc9",
    "haid": "641df3d58ac5479be3717cc9"
}{
    "type": "Feature",
    "geometry": {
        "type": "Polygon",
        "coordinates": [
            [
                [
                    -111.97714532,
                    33.07905742
                ],
                [
                    -111.97716709,
                    33.07905753
                ],
                [
                    -111.97716646,
                    33.07914772
                ],
                [
                    -111.97714469,
                    33.07914762
                ],
                [
                    -111.97714532,
                    33.07905742
                ]
            ]
        ]
    },
    "properties": {
        "ha_label": "p08-09-W",
        "HA_AREA": 20.319996
    },
    "_id": "641df3d58ac5479be3717cca",
    "haid": "641df3d58ac5479be3717cca"
}{
    "type": "Feature",
    "geometry": {
        "type": "Polygon",
        "coordinates": [
            [
                [
                    -111.97714595,
                    33.07896723
                ],
                [
                    -111.97716772,
                    33.07896734
                ],
                [
                    -111.97716709,
                    33.07905753
                ],
                [
                    -111.97714532,
                    33.07905742
                ],
                [
                    -111.97714595,
                    33.07896723
                ]
            ]
        ]
    },
    "properties": {
        "ha_label": "p08-10-W",
        "HA_AREA": 20.319996
    },
    "_id": "641df3d58ac5479be3717ccb",
    "haid": "641df3d58ac5479be3717ccb"
}{
    "type": "Feature",
    "geometry": {
        "type": "Polygon",
        "coordinates": [
            [
                [
                    -111.97714658,
                    33.07887704
                ],
                [
                    -111.97716835,
                    33.07887715
                ],
                [
                    -111.97716772,
                    33.07896734
                ],
                [
                    -111.97714595,
                    33.07896723
                ],
                [
                    -111.97714658,
                    33.07887704
                ]
            ]
        ]
    },
    "properties": {
        "ha_label": "p08-11-W",
        "HA_AREA": 20.32
    },
    "_id": "641df3d58ac5479be3717ccc",
    "haid": "641df3d58ac5479be3717ccc"
}{
    "type": "Feature",
    "geometry": {
        "type": "Polygon",
        "coordinates": [
            [
                [
                    -111.97714721,
                    33.07878685
                ],
                [
                    -111.97716898,
                    33.07878696
                ],
                [
                    -111.97716835,
                    33.07887715
                ],
                [
                    -111.97714658,
                    33.07887704
                ],
                [
                    -111.97714721,
                    33.07878685
                ]
            ]
        ]
    },
    "properties": {
        "ha_label": "p08-12-W",
        "HA_AREA": 20.320001
    },
    "_id": "641df3d58ac5479be3717ccd",
    "haid": "641df3d58ac5479be3717ccd"
}{
    "type": "Feature",
    "geometry": {
        "type": "Polygon",
        "coordinates": [
            [
                [
                    -111.97714784,
                    33.07869666
                ],
                [
                    -111.97716961,
                    33.07869677
                ],
                [
                    -111.97716898,
                    33.07878696
                ],
                [
                    -111.97714721,
                    33.07878685
                ],
                [
                    -111.97714784,
                    33.07869666
                ]
            ]
        ]
    },
    "properties": {
        "ha_label": "p08-13-W",
        "HA_AREA": 20.320001
    },
    "_id": "641df3d58ac5479be3717cce",
    "haid": "641df3d58ac5479be3717cce"
}{
    "type": "Feature",
    "geometry": {
        "type": "Polygon",
        "coordinates": [
            [
                [
                    -111.97714847,
                    33.07860647
                ],
                [
                    -111.97717024,
                    33.07860657
                ],
                [
                    -111.97716961,
                    33.07869677
                ],
                [
                    -111.97714784,
                    33.07869666
                ],
                [
                    -111.97714847,
                    33.07860647
                ]
            ]
        ]
    },
    "properties": {
        "ha_label": "p08-14-W",
        "HA_AREA": 20.320001
    },
    "_id": "641df3d58ac5479be3717ccf",
    "haid": "641df3d58ac5479be3717ccf"
}{
    "type": "Feature",
    "geometry": {
        "type": "Polygon",
        "coordinates": [
            [
                [
                    -111.97714911,
                    33.07851627
                ],
                [
                    -111.97717087,
                    33.07851638
                ],
                [
                    -111.97717024,
                    33.07860657
                ],
                [
                    -111.97714847,
                    33.07860647
                ],
                [
                    -111.97714911,
                    33.07851627
                ]
            ]
        ]
    },
    "properties": {
        "ha_label": "p08-15-W",
        "HA_AREA": 20.319996
    },
    "_id": "641df3d58ac5479be3717cd0",
    "haid": "641df3d58ac5479be3717cd0"
}{
    "type": "Feature",
    "geometry": {
        "type": "Polygon",
        "coordinates": [
            [
                [
                    -111.97707497,
                    33.07977864
                ],
                [
                    -111.97709674,
                    33.07977874
                ],
                [
                    -111.97709611,
                    33.07986894
                ],
                [
                    -111.97707434,
                    33.07986883
                ],
                [
                    -111.97707497,
                    33.07977864
                ]
            ]
        ]
    },
    "properties": {
        "ha_label": "p08-01-E",
        "HA_AREA": 20.320002
    },
    "_id": "641df3d58ac5479be3717cd1",
    "haid": "641df3d58ac5479be3717cd1"
}{
    "type": "Feature",
    "geometry": {
        "type": "Polygon",
        "coordinates": [
            [
                [
                    -111.9770756,
                    33.07968844
                ],
                [
                    -111.97709737,
                    33.07968855
                ],
                [
                    -111.97709674,
                    33.07977874
                ],
                [
                    -111.97707497,
                    33.07977864
                ],
                [
                    -111.9770756,
                    33.07968844
                ]
            ]
        ]
    },
    "properties": {
        "ha_label": "p08-02-E",
        "HA_AREA": 20.320002
    },
    "_id": "641df3d58ac5479be3717cd2",
    "haid": "641df3d58ac5479be3717cd2"
}{
    "type": "Feature",
    "geometry": {
        "type": "Polygon",
        "coordinates": [
            [
                [
                    -111.97707623,
                    33.07959825
                ],
                [
                    -111.977098,
                    33.07959836
                ],
                [
                    -111.97709737,
                    33.07968855
                ],
                [
                    -111.9770756,
                    33.07968844
                ],
                [
                    -111.97707623,
                    33.07959825
                ]
            ]
        ]
    },
    "properties": {
        "ha_label": "p08-03-E",
        "HA_AREA": 20.319997
    },
    "_id": "641df3d58ac5479be3717cd3",
    "haid": "641df3d58ac5479be3717cd3"
}{
    "type": "Feature",
    "geometry": {
        "type": "Polygon",
        "coordinates": [
            [
                [
                    -111.97707686,
                    33.07950806
                ],
                [
                    -111.97709863,
                    33.07950817
                ],
                [
                    -111.977098,
                    33.07959836
                ],
                [
                    -111.97707623,
                    33.07959825
                ],
                [
                    -111.97707686,
                    33.07950806
                ]
            ]
        ]
    },
    "properties": {
        "ha_label": "p08-04-E",
        "HA_AREA": 20.319997
    },
    "_id": "641df3d58ac5479be3717cd4",
    "haid": "641df3d58ac5479be3717cd4"
}{
    "type": "Feature",
    "geometry": {
        "type": "Polygon",
        "coordinates": [
            [
                [
                    -111.97707749,
                    33.07941787
                ],
                [
                    -111.97709926,
                    33.07941798
                ],
                [
                    -111.97709863,
                    33.07950817
                ],
                [
                    -111.97707686,
                    33.07950806
                ],
                [
                    -111.97707749,
                    33.07941787
                ]
            ]
        ]
    },
    "properties": {
        "ha_label": "p08-05-E",
        "HA_AREA": 20.319997
    },
    "_id": "641df3d58ac5479be3717cd5",
    "haid": "641df3d58ac5479be3717cd5"
}{
    "type": "Feature",
    "geometry": {
        "type": "Polygon",
        "coordinates": [
            [
                [
                    -111.97707812,
                    33.07932768
                ],
                [
                    -111.97709989,
                    33.07932778
                ],
                [
                    -111.97709926,
                    33.07941798
                ],
                [
                    -111.97707749,
                    33.07941787
                ],
                [
                    -111.97707812,
                    33.07932768
                ]
            ]
        ]
    },
    "properties": {
        "ha_label": "p08-06-E",
        "HA_AREA": 20.320001
    },
    "_id": "641df3d58ac5479be3717cd6",
    "haid": "641df3d58ac5479be3717cd6"
}{
    "type": "Feature",
    "geometry": {
        "type": "Polygon",
        "coordinates": [
            [
                [
                    -111.97707875,
                    33.07923748
                ],
                [
                    -111.97710052,
                    33.07923759
                ],
                [
                    -111.97709989,
                    33.07932778
                ],
                [
                    -111.97707812,
                    33.07932768
                ],
                [
                    -111.97707875,
                    33.07923748
                ]
            ]
        ]
    },
    "properties": {
        "ha_label": "p08-07-E",
        "HA_AREA": 20.320002
    },
    "_id": "641df3d58ac5479be3717cd7",
    "haid": "641df3d58ac5479be3717cd7"
}{
    "type": "Feature",
    "geometry": {
        "type": "Polygon",
        "coordinates": [
            [
                [
                    -111.97707939,
                    33.07914729
                ],
                [
                    -111.97710115,
                    33.0791474
                ],
                [
                    -111.97710052,
                    33.07923759
                ],
                [
                    -111.97707875,
                    33.07923748
                ],
                [
                    -111.97707939,
                    33.07914729
                ]
            ]
        ]
    },
    "properties": {
        "ha_label": "p08-08-E",
        "HA_AREA": 20.320002
    },
    "_id": "641df3d58ac5479be3717cd8",
    "haid": "641df3d58ac5479be3717cd8"
}{
    "type": "Feature",
    "geometry": {
        "type": "Polygon",
        "coordinates": [
            [
                [
                    -111.97708002,
                    33.0790571
                ],
                [
                    -111.97710178,
                    33.07905721
                ],
                [
                    -111.97710115,
                    33.0791474
                ],
                [
                    -111.97707939,
                    33.07914729
                ],
                [
                    -111.97708002,
                    33.0790571
                ]
            ]
        ]
    },
    "properties": {
        "ha_label": "p08-09-E",
        "HA_AREA": 20.320001
    },
    "_id": "641df3d58ac5479be3717cd9",
    "haid": "641df3d58ac5479be3717cd9"
}{
    "type": "Feature",
    "geometry": {
        "type": "Polygon",
        "coordinates": [
            [
                [
                    -111.97708065,
                    33.07896691
                ],
                [
                    -111.97710242,
                    33.07896702
                ],
                [
                    -111.97710178,
                    33.07905721
                ],
                [
                    -111.97708002,
                    33.0790571
                ],
                [
                    -111.97708065,
                    33.07896691
                ]
            ]
        ]
    },
    "properties": {
        "ha_label": "p08-10-E",
        "HA_AREA": 20.319997
    },
    "_id": "641df3d58ac5479be3717cda",
    "haid": "641df3d58ac5479be3717cda"
}{
    "type": "Feature",
    "geometry": {
        "type": "Polygon",
        "coordinates": [
            [
                [
                    -111.97708128,
                    33.07887672
                ],
                [
                    -111.97710305,
                    33.07887683
                ],
                [
                    -111.97710242,
                    33.07896702
                ],
                [
                    -111.97708065,
                    33.07896691
                ],
                [
                    -111.97708128,
                    33.07887672
                ]
            ]
        ]
    },
    "properties": {
        "ha_label": "p08-11-E",
        "HA_AREA": 20.319997
    },
    "_id": "641df3d58ac5479be3717cdb",
    "haid": "641df3d58ac5479be3717cdb"
}{
    "type": "Feature",
    "geometry": {
        "type": "Polygon",
        "coordinates": [
            [
                [
                    -111.97708191,
                    33.07878653
                ],
                [
                    -111.97710368,
                    33.07878663
                ],
                [
                    -111.97710305,
                    33.07887683
                ],
                [
                    -111.97708128,
                    33.07887672
                ],
                [
                    -111.97708191,
                    33.07878653
                ]
            ]
        ]
    },
    "properties": {
        "ha_label": "p08-12-E",
        "HA_AREA": 20.319997
    },
    "_id": "641df3d58ac5479be3717cdc",
    "haid": "641df3d58ac5479be3717cdc"
}{
    "type": "Feature",
    "geometry": {
        "type": "Polygon",
        "coordinates": [
            [
                [
                    -111.97708254,
                    33.07869633
                ],
                [
                    -111.97710431,
                    33.07869644
                ],
                [
                    -111.97710368,
                    33.07878663
                ],
                [
                    -111.97708191,
                    33.07878653
                ],
                [
                    -111.97708254,
                    33.07869633
                ]
            ]
        ]
    },
    "properties": {
        "ha_label": "p08-13-E",
        "HA_AREA": 20.320002
    },
    "_id": "641df3d58ac5479be3717cdd",
    "haid": "641df3d58ac5479be3717cdd"
}{
    "type": "Feature",
    "geometry": {
        "type": "Polygon",
        "coordinates": [
            [
                [
                    -111.97708317,
                    33.07860614
                ],
                [
                    -111.97710494,
                    33.07860625
                ],
                [
                    -111.97710431,
                    33.07869644
                ],
                [
                    -111.97708254,
                    33.07869633
                ],
                [
                    -111.97708317,
                    33.07860614
                ]
            ]
        ]
    },
    "properties": {
        "ha_label": "p08-14-E",
        "HA_AREA": 20.320002
    },
    "_id": "641df3d58ac5479be3717cde",
    "haid": "641df3d58ac5479be3717cde"
}{
    "type": "Feature",
    "geometry": {
        "type": "Polygon",
        "coordinates": [
            [
                [
                    -111.9770838,
                    33.07851595
                ],
                [
                    -111.97710557,
                    33.07851606
                ],
                [
                    -111.97710494,
                    33.07860625
                ],
                [
                    -111.97708317,
                    33.07860614
                ],
                [
                    -111.9770838,
                    33.07851595
                ]
            ]
        ]
    },
    "properties": {
        "ha_label": "p08-15-E",
        "HA_AREA": 20.320001
    },
    "_id": "641df3d58ac5479be3717cdf",
    "haid": "641df3d58ac5479be3717cdf"
}{
    "type": "Feature",
    "geometry": {
        "type": "Polygon",
        "coordinates": [
            [
                [
                    -111.97698873,
                    33.0797782
                ],
                [
                    -111.9770105,
                    33.07977831
                ],
                [
                    -111.97700987,
                    33.0798685
                ],
                [
                    -111.9769881,
                    33.07986839
                ],
                [
                    -111.97698873,
                    33.0797782
                ]
            ]
        ]
    },
    "properties": {
        "ha_label": "p09-01-W",
        "HA_AREA": 20.32
    },
    "_id": "641df3d58ac5479be3717ce0",
    "haid": "641df3d58ac5479be3717ce0"
}{
    "type": "Feature",
    "geometry": {
        "type": "Polygon",
        "coordinates": [
            [
                [
                    -111.97698936,
                    33.07968801
                ],
                [
                    -111.97701113,
                    33.07968812
                ],
                [
                    -111.9770105,
                    33.07977831
                ],
                [
                    -111.97698873,
                    33.0797782
                ],
                [
                    -111.97698936,
                    33.07968801
                ]
            ]
        ]
    },
    "properties": {
        "ha_label": "p09-02-W",
        "HA_AREA": 20.32
    },
    "_id": "641df3d58ac5479be3717ce1",
    "haid": "641df3d58ac5479be3717ce1"
}{
    "type": "Feature",
    "geometry": {
        "type": "Polygon",
        "coordinates": [
            [
                [
                    -111.97698999,
                    33.07959782
                ],
                [
                    -111.97701176,
                    33.07959793
                ],
                [
                    -111.97701113,
                    33.07968812
                ],
                [
                    -111.97698936,
                    33.07968801
                ],
                [
                    -111.97698999,
                    33.07959782
                ]
            ]
        ]
    },
    "properties": {
        "ha_label": "p09-03-W",
        "HA_AREA": 20.319999
    },
    "_id": "641df3d58ac5479be3717ce2",
    "haid": "641df3d58ac5479be3717ce2"
}{
    "type": "Feature",
    "geometry": {
        "type": "Polygon",
        "coordinates": [
            [
                [
                    -111.97699063,
                    33.07950763
                ],
                [
                    -111.97701239,
                    33.07950774
                ],
                [
                    -111.97701176,
                    33.07959793
                ],
                [
                    -111.97698999,
                    33.07959782
                ],
                [
                    -111.97699063,
                    33.07950763
                ]
            ]
        ]
    },
    "properties": {
        "ha_label": "p09-04-W",
        "HA_AREA": 20.32
    },
    "_id": "641df3d58ac5479be3717ce3",
    "haid": "641df3d58ac5479be3717ce3"
}{
    "type": "Feature",
    "geometry": {
        "type": "Polygon",
        "coordinates": [
            [
                [
                    -111.97699126,
                    33.07941744
                ],
                [
                    -111.97701302,
                    33.07941754
                ],
                [
                    -111.97701239,
                    33.07950774
                ],
                [
                    -111.97699063,
                    33.07950763
                ],
                [
                    -111.97699126,
                    33.07941744
                ]
            ]
        ]
    },
    "properties": {
        "ha_label": "p09-05-W",
        "HA_AREA": 20.32
    },
    "_id": "641df3d58ac5479be3717ce4",
    "haid": "641df3d58ac5479be3717ce4"
}{
    "type": "Feature",
    "geometry": {
        "type": "Polygon",
        "coordinates": [
            [
                [
                    -111.97699189,
                    33.07932724
                ],
                [
                    -111.97701366,
                    33.07932735
                ],
                [
                    -111.97701302,
                    33.07941754
                ],
                [
                    -111.97699126,
                    33.07941744
                ],
                [
                    -111.97699189,
                    33.07932724
                ]
            ]
        ]
    },
    "properties": {
        "ha_label": "p09-06-W",
        "HA_AREA": 20.320004
    },
    "_id": "641df3d58ac5479be3717ce5",
    "haid": "641df3d58ac5479be3717ce5"
}{
    "type": "Feature",
    "geometry": {
        "type": "Polygon",
        "coordinates": [
            [
                [
                    -111.97699252,
                    33.07923705
                ],
                [
                    -111.97701429,
                    33.07923716
                ],
                [
                    -111.97701366,
                    33.07932735
                ],
                [
                    -111.97699189,
                    33.07932724
                ],
                [
                    -111.97699252,
                    33.07923705
                ]
            ]
        ]
    },
    "properties": {
        "ha_label": "p09-07-W",
        "HA_AREA": 20.32
    },
    "_id": "641df3d58ac5479be3717ce6",
    "haid": "641df3d58ac5479be3717ce6"
}{
    "type": "Feature",
    "geometry": {
        "type": "Polygon",
        "coordinates": [
            [
                [
                    -111.97699315,
                    33.07914686
                ],
                [
                    -111.97701492,
                    33.07914697
                ],
                [
                    -111.97701429,
                    33.07923716
                ],
                [
                    -111.97699252,
                    33.07923705
                ],
                [
                    -111.97699315,
                    33.07914686
                ]
            ]
        ]
    },
    "properties": {
        "ha_label": "p09-08-W",
        "HA_AREA": 20.32
    },
    "_id": "641df3d58ac5479be3717ce7",
    "haid": "641df3d58ac5479be3717ce7"
}{
    "type": "Feature",
    "geometry": {
        "type": "Polygon",
        "coordinates": [
            [
                [
                    -111.97699378,
                    33.07905667
                ],
                [
                    -111.97701555,
                    33.07905678
                ],
                [
                    -111.97701492,
                    33.07914697
                ],
                [
                    -111.97699315,
                    33.07914686
                ],
                [
                    -111.97699378,
                    33.07905667
                ]
            ]
        ]
    },
    "properties": {
        "ha_label": "p09-09-W",
        "HA_AREA": 20.32
    },
    "_id": "641df3d58ac5479be3717ce8",
    "haid": "641df3d58ac5479be3717ce8"
}{
    "type": "Feature",
    "geometry": {
        "type": "Polygon",
        "coordinates": [
            [
                [
                    -111.97699441,
                    33.07896648
                ],
                [
                    -111.97701618,
                    33.07896658
                ],
                [
                    -111.97701555,
                    33.07905678
                ],
                [
                    -111.97699378,
                    33.07905667
                ],
                [
                    -111.97699441,
                    33.07896648
                ]
            ]
        ]
    },
    "properties": {
        "ha_label": "p09-10-W",
        "HA_AREA": 20.32
    },
    "_id": "641df3d58ac5479be3717ce9",
    "haid": "641df3d58ac5479be3717ce9"
}{
    "type": "Feature",
    "geometry": {
        "type": "Polygon",
        "coordinates": [
            [
                [
                    -111.97699504,
                    33.07887628
                ],
                [
                    -111.97701681,
                    33.07887639
                ],
                [
                    -111.97701618,
                    33.07896658
                ],
                [
                    -111.97699441,
                    33.07896648
                ],
                [
                    -111.97699504,
                    33.07887628
                ]
            ]
        ]
    },
    "properties": {
        "ha_label": "p09-11-W",
        "HA_AREA": 20.32
    },
    "_id": "641df3d58ac5479be3717cea",
    "haid": "641df3d58ac5479be3717cea"
}{
    "type": "Feature",
    "geometry": {
        "type": "Polygon",
        "coordinates": [
            [
                [
                    -111.97699567,
                    33.07878609
                ],
                [
                    -111.97701744,
                    33.0787862
                ],
                [
                    -111.97701681,
                    33.07887639
                ],
                [
                    -111.97699504,
                    33.07887628
                ],
                [
                    -111.97699567,
                    33.07878609
                ]
            ]
        ]
    },
    "properties": {
        "ha_label": "p09-12-W",
        "HA_AREA": 20.32
    },
    "_id": "641df3d58ac5479be3717ceb",
    "haid": "641df3d58ac5479be3717ceb"
}{
    "type": "Feature",
    "geometry": {
        "type": "Polygon",
        "coordinates": [
            [
                [
                    -111.9769963,
                    33.0786959
                ],
                [
                    -111.97701807,
                    33.07869601
                ],
                [
                    -111.97701744,
                    33.0787862
                ],
                [
                    -111.97699567,
                    33.07878609
                ],
                [
                    -111.9769963,
                    33.0786959
                ]
            ]
        ]
    },
    "properties": {
        "ha_label": "p09-13-W",
        "HA_AREA": 20.320004
    },
    "_id": "641df3d58ac5479be3717cec",
    "haid": "641df3d58ac5479be3717cec"
}{
    "type": "Feature",
    "geometry": {
        "type": "Polygon",
        "coordinates": [
            [
                [
                    -111.97699693,
                    33.07860571
                ],
                [
                    -111.9770187,
                    33.07860582
                ],
                [
                    -111.97701807,
                    33.07869601
                ],
                [
                    -111.9769963,
                    33.0786959
                ],
                [
                    -111.97699693,
                    33.07860571
                ]
            ]
        ]
    },
    "properties": {
        "ha_label": "p09-14-W",
        "HA_AREA": 20.32
    },
    "_id": "641df3d58ac5479be3717ced",
    "haid": "641df3d58ac5479be3717ced"
}{
    "type": "Feature",
    "geometry": {
        "type": "Polygon",
        "coordinates": [
            [
                [
                    -111.97699756,
                    33.07851552
                ],
                [
                    -111.97701933,
                    33.07851563
                ],
                [
                    -111.9770187,
                    33.07860582
                ],
                [
                    -111.97699693,
                    33.07860571
                ],
                [
                    -111.97699756,
                    33.07851552
                ]
            ]
        ]
    },
    "properties": {
        "ha_label": "p09-15-W",
        "HA_AREA": 20.319999
    },
    "_id": "641df3d58ac5479be3717cee",
    "haid": "641df3d58ac5479be3717cee"
}{
    "type": "Feature",
    "geometry": {
        "type": "Polygon",
        "coordinates": [
            [
                [
                    -111.97692343,
                    33.07977788
                ],
                [
                    -111.9769452,
                    33.07977799
                ],
                [
                    -111.97694456,
                    33.07986818
                ],
                [
                    -111.9769228,
                    33.07986807
                ],
                [
                    -111.97692343,
                    33.07977788
                ]
            ]
        ]
    },
    "properties": {
        "ha_label": "p09-01-E",
        "HA_AREA": 20.320002
    },
    "_id": "641df3d58ac5479be3717cef",
    "haid": "641df3d58ac5479be3717cef"
}{
    "type": "Feature",
    "geometry": {
        "type": "Polygon",
        "coordinates": [
            [
                [
                    -111.97692406,
                    33.07968769
                ],
                [
                    -111.97694583,
                    33.0796878
                ],
                [
                    -111.9769452,
                    33.07977799
                ],
                [
                    -111.97692343,
                    33.07977788
                ],
                [
                    -111.97692406,
                    33.07968769
                ]
            ]
        ]
    },
    "properties": {
        "ha_label": "p09-02-E",
        "HA_AREA": 20.319997
    },
    "_id": "641df3d58ac5479be3717cf0",
    "haid": "641df3d58ac5479be3717cf0"
}{
    "type": "Feature",
    "geometry": {
        "type": "Polygon",
        "coordinates": [
            [
                [
                    -111.97692469,
                    33.0795975
                ],
                [
                    -111.97694646,
                    33.0795976
                ],
                [
                    -111.97694583,
                    33.0796878
                ],
                [
                    -111.97692406,
                    33.07968769
                ],
                [
                    -111.97692469,
                    33.0795975
                ]
            ]
        ]
    },
    "properties": {
        "ha_label": "p09-03-E",
        "HA_AREA": 20.319996
    },
    "_id": "641df3d58ac5479be3717cf1",
    "haid": "641df3d58ac5479be3717cf1"
}{
    "type": "Feature",
    "geometry": {
        "type": "Polygon",
        "coordinates": [
            [
                [
                    -111.97692532,
                    33.0795073
                ],
                [
                    -111.97694709,
                    33.07950741
                ],
                [
                    -111.97694646,
                    33.0795976
                ],
                [
                    -111.97692469,
                    33.0795975
                ],
                [
                    -111.97692532,
                    33.0795073
                ]
            ]
        ]
    },
    "properties": {
        "ha_label": "p09-04-E",
        "HA_AREA": 20.319997
    },
    "_id": "641df3d58ac5479be3717cf2",
    "haid": "641df3d58ac5479be3717cf2"
}{
    "type": "Feature",
    "geometry": {
        "type": "Polygon",
        "coordinates": [
            [
                [
                    -111.97692595,
                    33.07941711
                ],
                [
                    -111.97694772,
                    33.07941722
                ],
                [
                    -111.97694709,
                    33.07950741
                ],
                [
                    -111.97692532,
                    33.0795073
                ],
                [
                    -111.97692595,
                    33.07941711
                ]
            ]
        ]
    },
    "properties": {
        "ha_label": "p09-05-E",
        "HA_AREA": 20.320002
    },
    "_id": "641df3d58ac5479be3717cf3",
    "haid": "641df3d58ac5479be3717cf3"
}{
    "type": "Feature",
    "geometry": {
        "type": "Polygon",
        "coordinates": [
            [
                [
                    -111.97692658,
                    33.07932692
                ],
                [
                    -111.97694835,
                    33.07932703
                ],
                [
                    -111.97694772,
                    33.07941722
                ],
                [
                    -111.97692595,
                    33.07941711
                ],
                [
                    -111.97692658,
                    33.07932692
                ]
            ]
        ]
    },
    "properties": {
        "ha_label": "p09-06-E",
        "HA_AREA": 20.320002
    },
    "_id": "641df3d58ac5479be3717cf4",
    "haid": "641df3d58ac5479be3717cf4"
}{
    "type": "Feature",
    "geometry": {
        "type": "Polygon",
        "coordinates": [
            [
                [
                    -111.97692721,
                    33.07923673
                ],
                [
                    -111.97694898,
                    33.07923684
                ],
                [
                    -111.97694835,
                    33.07932703
                ],
                [
                    -111.97692658,
                    33.07932692
                ],
                [
                    -111.97692721,
                    33.07923673
                ]
            ]
        ]
    },
    "properties": {
        "ha_label": "p09-07-E",
        "HA_AREA": 20.320002
    },
    "_id": "641df3d58ac5479be3717cf5",
    "haid": "641df3d58ac5479be3717cf5"
}{
    "type": "Feature",
    "geometry": {
        "type": "Polygon",
        "coordinates": [
            [
                [
                    -111.97692784,
                    33.07914654
                ],
                [
                    -111.97694961,
                    33.07914664
                ],
                [
                    -111.97694898,
                    33.07923684
                ],
                [
                    -111.97692721,
                    33.07923673
                ],
                [
                    -111.97692784,
                    33.07914654
                ]
            ]
        ]
    },
    "properties": {
        "ha_label": "p09-08-E",
        "HA_AREA": 20.320002
    },
    "_id": "641df3d58ac5479be3717cf6",
    "haid": "641df3d58ac5479be3717cf6"
}{
    "type": "Feature",
    "geometry": {
        "type": "Polygon",
        "coordinates": [
            [
                [
                    -111.97692847,
                    33.07905634
                ],
                [
                    -111.97695024,
                    33.07905645
                ],
                [
                    -111.97694961,
                    33.07914664
                ],
                [
                    -111.97692784,
                    33.07914654
                ],
                [
                    -111.97692847,
                    33.07905634
                ]
            ]
        ]
    },
    "properties": {
        "ha_label": "p09-09-E",
        "HA_AREA": 20.319996
    },
    "_id": "641df3d58ac5479be3717cf7",
    "haid": "641df3d58ac5479be3717cf7"
}{
    "type": "Feature",
    "geometry": {
        "type": "Polygon",
        "coordinates": [
            [
                [
                    -111.9769291,
                    33.07896615
                ],
                [
                    -111.97695087,
                    33.07896626
                ],
                [
                    -111.97695024,
                    33.07905645
                ],
                [
                    -111.97692847,
                    33.07905634
                ],
                [
                    -111.9769291,
                    33.07896615
                ]
            ]
        ]
    },
    "properties": {
        "ha_label": "p09-10-E",
        "HA_AREA": 20.320002
    },
    "_id": "641df3d58ac5479be3717cf8",
    "haid": "641df3d58ac5479be3717cf8"
}{
    "type": "Feature",
    "geometry": {
        "type": "Polygon",
        "coordinates": [
            [
                [
                    -111.97692973,
                    33.07887596
                ],
                [
                    -111.9769515,
                    33.07887607
                ],
                [
                    -111.97695087,
                    33.07896626
                ],
                [
                    -111.9769291,
                    33.07896615
                ],
                [
                    -111.97692973,
                    33.07887596
                ]
            ]
        ]
    },
    "properties": {
        "ha_label": "p09-11-E",
        "HA_AREA": 20.320002
    },
    "_id": "641df3d58ac5479be3717cf9",
    "haid": "641df3d58ac5479be3717cf9"
}{
    "type": "Feature",
    "geometry": {
        "type": "Polygon",
        "coordinates": [
            [
                [
                    -111.97693036,
                    33.07878577
                ],
                [
                    -111.97695213,
                    33.07878588
                ],
                [
                    -111.9769515,
                    33.07887607
                ],
                [
                    -111.97692973,
                    33.07887596
                ],
                [
                    -111.97693036,
                    33.07878577
                ]
            ]
        ]
    },
    "properties": {
        "ha_label": "p09-12-E",
        "HA_AREA": 20.320001
    },
    "_id": "641df3d58ac5479be3717cfa",
    "haid": "641df3d58ac5479be3717cfa"
}{
    "type": "Feature",
    "geometry": {
        "type": "Polygon",
        "coordinates": [
            [
                [
                    -111.97693099,
                    33.07869558
                ],
                [
                    -111.97695276,
                    33.07869569
                ],
                [
                    -111.97695213,
                    33.07878588
                ],
                [
                    -111.97693036,
                    33.07878577
                ],
                [
                    -111.97693099,
                    33.07869558
                ]
            ]
        ]
    },
    "properties": {
        "ha_label": "p09-13-E",
        "HA_AREA": 20.320002
    },
    "_id": "641df3d58ac5479be3717cfb",
    "haid": "641df3d58ac5479be3717cfb"
}{
    "type": "Feature",
    "geometry": {
        "type": "Polygon",
        "coordinates": [
            [
                [
                    -111.97693162,
                    33.07860539
                ],
                [
                    -111.97695339,
                    33.07860549
                ],
                [
                    -111.97695276,
                    33.07869569
                ],
                [
                    -111.97693099,
                    33.07869558
                ],
                [
                    -111.97693162,
                    33.07860539
                ]
            ]
        ]
    },
    "properties": {
        "ha_label": "p09-14-E",
        "HA_AREA": 20.319997
    },
    "_id": "641df3d58ac5479be3717cfc",
    "haid": "641df3d58ac5479be3717cfc"
}{
    "type": "Feature",
    "geometry": {
        "type": "Polygon",
        "coordinates": [
            [
                [
                    -111.97693225,
                    33.07851519
                ],
                [
                    -111.97695402,
                    33.0785153
                ],
                [
                    -111.97695339,
                    33.07860549
                ],
                [
                    -111.97693162,
                    33.07860539
                ],
                [
                    -111.97693225,
                    33.07851519
                ]
            ]
        ]
    },
    "properties": {
        "ha_label": "p09-15-E",
        "HA_AREA": 20.319997
    },
    "_id": "641df3d58ac5479be3717cfd",
    "haid": "641df3d58ac5479be3717cfd"
}{
    "type": "Feature",
    "geometry": {
        "type": "Polygon",
        "coordinates": [
            [
                [
                    -111.97683635,
                    33.07977745
                ],
                [
                    -111.97685812,
                    33.07977756
                ],
                [
                    -111.97685749,
                    33.07986775
                ],
                [
                    -111.97683572,
                    33.07986764
                ],
                [
                    -111.97683635,
                    33.07977745
                ]
            ]
        ]
    },
    "properties": {
        "ha_label": "p10-01-W",
        "HA_AREA": 20.320001
    },
    "_id": "641df3d58ac5479be3717cfe",
    "haid": "641df3d58ac5479be3717cfe"
}{
    "type": "Feature",
    "geometry": {
        "type": "Polygon",
        "coordinates": [
            [
                [
                    -111.97683698,
                    33.07968726
                ],
                [
                    -111.97685875,
                    33.07968736
                ],
                [
                    -111.97685812,
                    33.07977756
                ],
                [
                    -111.97683635,
                    33.07977745
                ],
                [
                    -111.97683698,
                    33.07968726
                ]
            ]
        ]
    },
    "properties": {
        "ha_label": "p10-02-W",
        "HA_AREA": 20.32
    },
    "_id": "641df3d58ac5479be3717cff",
    "haid": "641df3d58ac5479be3717cff"
}{
    "type": "Feature",
    "geometry": {
        "type": "Polygon",
        "coordinates": [
            [
                [
                    -111.97683761,
                    33.07959706
                ],
                [
                    -111.97685938,
                    33.07959717
                ],
                [
                    -111.97685875,
                    33.07968736
                ],
                [
                    -111.97683698,
                    33.07968726
                ],
                [
                    -111.97683761,
                    33.07959706
                ]
            ]
        ]
    },
    "properties": {
        "ha_label": "p10-03-W",
        "HA_AREA": 20.320001
    },
    "_id": "641df3d58ac5479be3717d00",
    "haid": "641df3d58ac5479be3717d00"
}{
    "type": "Feature",
    "geometry": {
        "type": "Polygon",
        "coordinates": [
            [
                [
                    -111.97683824,
                    33.07950687
                ],
                [
                    -111.97686001,
                    33.07950698
                ],
                [
                    -111.97685938,
                    33.07959717
                ],
                [
                    -111.97683761,
                    33.07959706
                ],
                [
                    -111.97683824,
                    33.07950687
                ]
            ]
        ]
    },
    "properties": {
        "ha_label": "p10-04-W",
        "HA_AREA": 20.320001
    },
    "_id": "641df3d58ac5479be3717d01",
    "haid": "641df3d58ac5479be3717d01"
}{
    "type": "Feature",
    "geometry": {
        "type": "Polygon",
        "coordinates": [
            [
                [
                    -111.97683887,
                    33.07941668
                ],
                [
                    -111.97686064,
                    33.07941679
                ],
                [
                    -111.97686001,
                    33.07950698
                ],
                [
                    -111.97683824,
                    33.07950687
                ],
                [
                    -111.97683887,
                    33.07941668
                ]
            ]
        ]
    },
    "properties": {
        "ha_label": "p10-05-W",
        "HA_AREA": 20.319996
    },
    "_id": "641df3d58ac5479be3717d02",
    "haid": "641df3d58ac5479be3717d02"
}{
    "type": "Feature",
    "geometry": {
        "type": "Polygon",
        "coordinates": [
            [
                [
                    -111.9768395,
                    33.07932649
                ],
                [
                    -111.97686127,
                    33.0793266
                ],
                [
                    -111.97686064,
                    33.07941679
                ],
                [
                    -111.97683887,
                    33.07941668
                ],
                [
                    -111.9768395,
                    33.07932649
                ]
            ]
        ]
    },
    "properties": {
        "ha_label": "p10-06-W",
        "HA_AREA": 20.32
    },
    "_id": "641df3d58ac5479be3717d03",
    "haid": "641df3d58ac5479be3717d03"
}{
    "type": "Feature",
    "geometry": {
        "type": "Polygon",
        "coordinates": [
            [
                [
                    -111.97684013,
                    33.0792363
                ],
                [
                    -111.9768619,
                    33.0792364
                ],
                [
                    -111.97686127,
                    33.0793266
                ],
                [
                    -111.9768395,
                    33.07932649
                ],
                [
                    -111.97684013,
                    33.0792363
                ]
            ]
        ]
    },
    "properties": {
        "ha_label": "p10-07-W",
        "HA_AREA": 20.320001
    },
    "_id": "641df3d58ac5479be3717d04",
    "haid": "641df3d58ac5479be3717d04"
}{
    "type": "Feature",
    "geometry": {
        "type": "Polygon",
        "coordinates": [
            [
                [
                    -111.97684076,
                    33.0791461
                ],
                [
                    -111.97686253,
                    33.07914621
                ],
                [
                    -111.9768619,
                    33.0792364
                ],
                [
                    -111.97684013,
                    33.0792363
                ],
                [
                    -111.97684076,
                    33.0791461
                ]
            ]
        ]
    },
    "properties": {
        "ha_label": "p10-08-W",
        "HA_AREA": 20.320001
    },
    "_id": "641df3d58ac5479be3717d05",
    "haid": "641df3d58ac5479be3717d05"
}{
    "type": "Feature",
    "geometry": {
        "type": "Polygon",
        "coordinates": [
            [
                [
                    -111.97684139,
                    33.07905591
                ],
                [
                    -111.97686316,
                    33.07905602
                ],
                [
                    -111.97686253,
                    33.07914621
                ],
                [
                    -111.97684076,
                    33.0791461
                ],
                [
                    -111.97684139,
                    33.07905591
                ]
            ]
        ]
    },
    "properties": {
        "ha_label": "p10-09-W",
        "HA_AREA": 20.320001
    },
    "_id": "641df3d58ac5479be3717d06",
    "haid": "641df3d58ac5479be3717d06"
}{
    "type": "Feature",
    "geometry": {
        "type": "Polygon",
        "coordinates": [
            [
                [
                    -111.97684203,
                    33.07896572
                ],
                [
                    -111.97686379,
                    33.07896583
                ],
                [
                    -111.97686316,
                    33.07905602
                ],
                [
                    -111.97684139,
                    33.07905591
                ],
                [
                    -111.97684203,
                    33.07896572
                ]
            ]
        ]
    },
    "properties": {
        "ha_label": "p10-10-W",
        "HA_AREA": 20.319996
    },
    "_id": "641df3d58ac5479be3717d07",
    "haid": "641df3d58ac5479be3717d07"
}{
    "type": "Feature",
    "geometry": {
        "type": "Polygon",
        "coordinates": [
            [
                [
                    -111.97684266,
                    33.07887553
                ],
                [
                    -111.97686443,
                    33.07887564
                ],
                [
                    -111.97686379,
                    33.07896583
                ],
                [
                    -111.97684203,
                    33.07896572
                ],
                [
                    -111.97684266,
                    33.07887553
                ]
            ]
        ]
    },
    "properties": {
        "ha_label": "p10-11-W",
        "HA_AREA": 20.32
    },
    "_id": "641df3d58ac5479be3717d08",
    "haid": "641df3d58ac5479be3717d08"
}{
    "type": "Feature",
    "geometry": {
        "type": "Polygon",
        "coordinates": [
            [
                [
                    -111.97684329,
                    33.07878534
                ],
                [
                    -111.97686506,
                    33.07878545
                ],
                [
                    -111.97686443,
                    33.07887564
                ],
                [
                    -111.97684266,
                    33.07887553
                ],
                [
                    -111.97684329,
                    33.07878534
                ]
            ]
        ]
    },
    "properties": {
        "ha_label": "p10-12-W",
        "HA_AREA": 20.320001
    },
    "_id": "641df3d58ac5479be3717d09",
    "haid": "641df3d58ac5479be3717d09"
}{
    "type": "Feature",
    "geometry": {
        "type": "Polygon",
        "coordinates": [
            [
                [
                    -111.97684392,
                    33.07869515
                ],
                [
                    -111.97686569,
                    33.07869525
                ],
                [
                    -111.97686506,
                    33.07878545
                ],
                [
                    -111.97684329,
                    33.07878534
                ],
                [
                    -111.97684392,
                    33.07869515
                ]
            ]
        ]
    },
    "properties": {
        "ha_label": "p10-13-W",
        "HA_AREA": 20.320001
    },
    "_id": "641df3d58ac5479be3717d0a",
    "haid": "641df3d58ac5479be3717d0a"
}{
    "type": "Feature",
    "geometry": {
        "type": "Polygon",
        "coordinates": [
            [
                [
                    -111.97684455,
                    33.07860495
                ],
                [
                    -111.97686632,
                    33.07860506
                ],
                [
                    -111.97686569,
                    33.07869525
                ],
                [
                    -111.97684392,
                    33.07869515
                ],
                [
                    -111.97684455,
                    33.07860495
                ]
            ]
        ]
    },
    "properties": {
        "ha_label": "p10-14-W",
        "HA_AREA": 20.320001
    },
    "_id": "641df3d58ac5479be3717d0b",
    "haid": "641df3d58ac5479be3717d0b"
}{
    "type": "Feature",
    "geometry": {
        "type": "Polygon",
        "coordinates": [
            [
                [
                    -111.97684518,
                    33.07851476
                ],
                [
                    -111.97686695,
                    33.07851487
                ],
                [
                    -111.97686632,
                    33.07860506
                ],
                [
                    -111.97684455,
                    33.07860495
                ],
                [
                    -111.97684518,
                    33.07851476
                ]
            ]
        ]
    },
    "properties": {
        "ha_label": "p10-15-W",
        "HA_AREA": 20.320001
    },
    "_id": "641df3d58ac5479be3717d0c",
    "haid": "641df3d58ac5479be3717d0c"
}{
    "type": "Feature",
    "geometry": {
        "type": "Polygon",
        "coordinates": [
            [
                [
                    -111.97677104,
                    33.07977712
                ],
                [
                    -111.97679281,
                    33.07977723
                ],
                [
                    -111.97679218,
                    33.07986742
                ],
                [
                    -111.97677041,
                    33.07986732
                ],
                [
                    -111.97677104,
                    33.07977712
                ]
            ]
        ]
    },
    "properties": {
        "ha_label": "p10-01-E",
        "HA_AREA": 20.319995
    },
    "_id": "641df3d58ac5479be3717d0d",
    "haid": "641df3d58ac5479be3717d0d"
}{
    "type": "Feature",
    "geometry": {
        "type": "Polygon",
        "coordinates": [
            [
                [
                    -111.97677167,
                    33.07968693
                ],
                [
                    -111.97679344,
                    33.07968704
                ],
                [
                    -111.97679281,
                    33.07977723
                ],
                [
                    -111.97677104,
                    33.07977712
                ],
                [
                    -111.97677167,
                    33.07968693
                ]
            ]
        ]
    },
    "properties": {
        "ha_label": "p10-02-E",
        "HA_AREA": 20.319996
    },
    "_id": "641df3d58ac5479be3717d0e",
    "haid": "641df3d58ac5479be3717d0e"
}{
    "type": "Feature",
    "geometry": {
        "type": "Polygon",
        "coordinates": [
            [
                [
                    -111.9767723,
                    33.07959674
                ],
                [
                    -111.97679407,
                    33.07959685
                ],
                [
                    -111.97679344,
                    33.07968704
                ],
                [
                    -111.97677167,
                    33.07968693
                ],
                [
                    -111.9767723,
                    33.07959674
                ]
            ]
        ]
    },
    "properties": {
        "ha_label": "p10-03-E",
        "HA_AREA": 20.320001
    },
    "_id": "641df3d58ac5479be3717d0f",
    "haid": "641df3d58ac5479be3717d0f"
}{
    "type": "Feature",
    "geometry": {
        "type": "Polygon",
        "coordinates": [
            [
                [
                    -111.97677293,
                    33.07950655
                ],
                [
                    -111.9767947,
                    33.07950666
                ],
                [
                    -111.97679407,
                    33.07959685
                ],
                [
                    -111.9767723,
                    33.07959674
                ],
                [
                    -111.97677293,
                    33.07950655
                ]
            ]
        ]
    },
    "properties": {
        "ha_label": "p10-04-E",
        "HA_AREA": 20.320001
    },
    "_id": "641df3d58ac5479be3717d10",
    "haid": "641df3d58ac5479be3717d10"
}{
    "type": "Feature",
    "geometry": {
        "type": "Polygon",
        "coordinates": [
            [
                [
                    -111.97677356,
                    33.07941636
                ],
                [
                    -111.97679533,
                    33.07941646
                ],
                [
                    -111.9767947,
                    33.07950666
                ],
                [
                    -111.97677293,
                    33.07950655
                ],
                [
                    -111.97677356,
                    33.07941636
                ]
            ]
        ]
    },
    "properties": {
        "ha_label": "p10-05-E",
        "HA_AREA": 20.320001
    },
    "_id": "641df3d58ac5479be3717d11",
    "haid": "641df3d58ac5479be3717d11"
}{
    "type": "Feature",
    "geometry": {
        "type": "Polygon",
        "coordinates": [
            [
                [
                    -111.9767742,
                    33.07932616
                ],
                [
                    -111.97679596,
                    33.07932627
                ],
                [
                    -111.97679533,
                    33.07941646
                ],
                [
                    -111.97677356,
                    33.07941636
                ],
                [
                    -111.9767742,
                    33.07932616
                ]
            ]
        ]
    },
    "properties": {
        "ha_label": "p10-06-E",
        "HA_AREA": 20.32
    },
    "_id": "641df3d58ac5479be3717d12",
    "haid": "641df3d58ac5479be3717d12"
}{
    "type": "Feature",
    "geometry": {
        "type": "Polygon",
        "coordinates": [
            [
                [
                    -111.97677483,
                    33.07923597
                ],
                [
                    -111.9767966,
                    33.07923608
                ],
                [
                    -111.97679596,
                    33.07932627
                ],
                [
                    -111.9767742,
                    33.07932616
                ],
                [
                    -111.97677483,
                    33.07923597
                ]
            ]
        ]
    },
    "properties": {
        "ha_label": "p10-07-E",
        "HA_AREA": 20.319996
    },
    "_id": "641df3d58ac5479be3717d13",
    "haid": "641df3d58ac5479be3717d13"
}{
    "type": "Feature",
    "geometry": {
        "type": "Polygon",
        "coordinates": [
            [
                [
                    -111.97677546,
                    33.07914578
                ],
                [
                    -111.97679723,
                    33.07914589
                ],
                [
                    -111.9767966,
                    33.07923608
                ],
                [
                    -111.97677483,
                    33.07923597
                ],
                [
                    -111.97677546,
                    33.07914578
                ]
            ]
        ]
    },
    "properties": {
        "ha_label": "p10-08-E",
        "HA_AREA": 20.320001
    },
    "_id": "641df3d58ac5479be3717d14",
    "haid": "641df3d58ac5479be3717d14"
}{
    "type": "Feature",
    "geometry": {
        "type": "Polygon",
        "coordinates": [
            [
                [
                    -111.97677609,
                    33.07905559
                ],
                [
                    -111.97679786,
                    33.0790557
                ],
                [
                    -111.97679723,
                    33.07914589
                ],
                [
                    -111.97677546,
                    33.07914578
                ],
                [
                    -111.97677609,
                    33.07905559
                ]
            ]
        ]
    },
    "properties": {
        "ha_label": "p10-09-E",
        "HA_AREA": 20.320001
    },
    "_id": "641df3d58ac5479be3717d15",
    "haid": "641df3d58ac5479be3717d15"
}{
    "type": "Feature",
    "geometry": {
        "type": "Polygon",
        "coordinates": [
            [
                [
                    -111.97677672,
                    33.0789654
                ],
                [
                    -111.97679849,
                    33.0789655
                ],
                [
                    -111.97679786,
                    33.0790557
                ],
                [
                    -111.97677609,
                    33.07905559
                ],
                [
                    -111.97677672,
                    33.0789654
                ]
            ]
        ]
    },
    "properties": {
        "ha_label": "p10-10-E",
        "HA_AREA": 20.32
    },
    "_id": "641df3d58ac5479be3717d16",
    "haid": "641df3d58ac5479be3717d16"
}{
    "type": "Feature",
    "geometry": {
        "type": "Polygon",
        "coordinates": [
            [
                [
                    -111.97677735,
                    33.07887521
                ],
                [
                    -111.97679912,
                    33.07887531
                ],
                [
                    -111.97679849,
                    33.0789655
                ],
                [
                    -111.97677672,
                    33.0789654
                ],
                [
                    -111.97677735,
                    33.07887521
                ]
            ]
        ]
    },
    "properties": {
        "ha_label": "p10-11-E",
        "HA_AREA": 20.320001
    },
    "_id": "641df3d58ac5479be3717d17",
    "haid": "641df3d58ac5479be3717d17"
}{
    "type": "Feature",
    "geometry": {
        "type": "Polygon",
        "coordinates": [
            [
                [
                    -111.97677798,
                    33.07878501
                ],
                [
                    -111.97679975,
                    33.07878512
                ],
                [
                    -111.97679912,
                    33.07887531
                ],
                [
                    -111.97677735,
                    33.07887521
                ],
                [
                    -111.97677798,
                    33.07878501
                ]
            ]
        ]
    },
    "properties": {
        "ha_label": "p10-12-E",
        "HA_AREA": 20.320001
    },
    "_id": "641df3d58ac5479be3717d18",
    "haid": "641df3d58ac5479be3717d18"
}{
    "type": "Feature",
    "geometry": {
        "type": "Polygon",
        "coordinates": [
            [
                [
                    -111.97677861,
                    33.07869482
                ],
                [
                    -111.97680038,
                    33.07869493
                ],
                [
                    -111.97679975,
                    33.07878512
                ],
                [
                    -111.97677798,
                    33.07878501
                ],
                [
                    -111.97677861,
                    33.07869482
                ]
            ]
        ]
    },
    "properties": {
        "ha_label": "p10-13-E",
        "HA_AREA": 20.320001
    },
    "_id": "641df3d58ac5479be3717d19",
    "haid": "641df3d58ac5479be3717d19"
}{
    "type": "Feature",
    "geometry": {
        "type": "Polygon",
        "coordinates": [
            [
                [
                    -111.97677924,
                    33.07860463
                ],
                [
                    -111.97680101,
                    33.07860474
                ],
                [
                    -111.97680038,
                    33.07869493
                ],
                [
                    -111.97677861,
                    33.07869482
                ],
                [
                    -111.97677924,
                    33.07860463
                ]
            ]
        ]
    },
    "properties": {
        "ha_label": "p10-14-E",
        "HA_AREA": 20.319996
    },
    "_id": "641df3d58ac5479be3717d1a",
    "haid": "641df3d58ac5479be3717d1a"
}{
    "type": "Feature",
    "geometry": {
        "type": "Polygon",
        "coordinates": [
            [
                [
                    -111.97677987,
                    33.07851444
                ],
                [
                    -111.97680164,
                    33.07851455
                ],
                [
                    -111.97680101,
                    33.07860474
                ],
                [
                    -111.97677924,
                    33.07860463
                ],
                [
                    -111.97677987,
                    33.07851444
                ]
            ]
        ]
    },
    "properties": {
        "ha_label": "p10-15-E",
        "HA_AREA": 20.32
    },
    "_id": "641df3d58ac5479be3717d1b",
    "haid": "641df3d58ac5479be3717d1b"
}{
    "type": "Feature",
    "geometry": {
        "type": "Polygon",
        "coordinates": [
            [
                [
                    -111.97668396,
                    33.07977669
                ],
                [
                    -111.97670573,
                    33.0797768
                ],
                [
                    -111.9767051,
                    33.07986699
                ],
                [
                    -111.97668333,
                    33.07986688
                ],
                [
                    -111.97668396,
                    33.07977669
                ]
            ]
        ]
    },
    "properties": {
        "ha_label": "p11-01-W",
        "HA_AREA": 20.320001
    },
    "_id": "641df3d58ac5479be3717d1c",
    "haid": "641df3d58ac5479be3717d1c"
}{
    "type": "Feature",
    "geometry": {
        "type": "Polygon",
        "coordinates": [
            [
                [
                    -111.9766846,
                    33.0796865
                ],
                [
                    -111.97670636,
                    33.07968661
                ],
                [
                    -111.97670573,
                    33.0797768
                ],
                [
                    -111.97668396,
                    33.07977669
                ],
                [
                    -111.9766846,
                    33.0796865
                ]
            ]
        ]
    },
    "properties": {
        "ha_label": "p11-02-W",
        "HA_AREA": 20.320001
    },
    "_id": "641df3d58ac5479be3717d1d",
    "haid": "641df3d58ac5479be3717d1d"
}{
    "type": "Feature",
    "geometry": {
        "type": "Polygon",
        "coordinates": [
            [
                [
                    -111.97668523,
                    33.07959631
                ],
                [
                    -111.976707,
                    33.07959642
                ],
                [
                    -111.97670636,
                    33.07968661
                ],
                [
                    -111.9766846,
                    33.0796865
                ],
                [
                    -111.97668523,
                    33.07959631
                ]
            ]
        ]
    },
    "properties": {
        "ha_label": "p11-03-W",
        "HA_AREA": 20.319996
    },
    "_id": "641df3d58ac5479be3717d1e",
    "haid": "641df3d58ac5479be3717d1e"
}{
    "type": "Feature",
    "geometry": {
        "type": "Polygon",
        "coordinates": [
            [
                [
                    -111.97668586,
                    33.07950612
                ],
                [
                    -111.97670763,
                    33.07950622
                ],
                [
                    -111.976707,
                    33.07959642
                ],
                [
                    -111.97668523,
                    33.07959631
                ],
                [
                    -111.97668586,
                    33.07950612
                ]
            ]
        ]
    },
    "properties": {
        "ha_label": "p11-04-W",
        "HA_AREA": 20.320001
    },
    "_id": "641df3d58ac5479be3717d1f",
    "haid": "641df3d58ac5479be3717d1f"
}{
    "type": "Feature",
    "geometry": {
        "type": "Polygon",
        "coordinates": [
            [
                [
                    -111.97668649,
                    33.07941592
                ],
                [
                    -111.97670826,
                    33.07941603
                ],
                [
                    -111.97670763,
                    33.07950622
                ],
                [
                    -111.97668586,
                    33.07950612
                ],
                [
                    -111.97668649,
                    33.07941592
                ]
            ]
        ]
    },
    "properties": {
        "ha_label": "p11-05-W",
        "HA_AREA": 20.320001
    },
    "_id": "641df3d58ac5479be3717d20",
    "haid": "641df3d58ac5479be3717d20"
}{
    "type": "Feature",
    "geometry": {
        "type": "Polygon",
        "coordinates": [
            [
                [
                    -111.97668712,
                    33.07932573
                ],
                [
                    -111.97670889,
                    33.07932584
                ],
                [
                    -111.97670826,
                    33.07941603
                ],
                [
                    -111.97668649,
                    33.07941592
                ],
                [
                    -111.97668712,
                    33.07932573
                ]
            ]
        ]
    },
    "properties": {
        "ha_label": "p11-06-W",
        "HA_AREA": 20.320001
    },
    "_id": "641df3d58ac5479be3717d21",
    "haid": "641df3d58ac5479be3717d21"
}{
    "type": "Feature",
    "geometry": {
        "type": "Polygon",
        "coordinates": [
            [
                [
                    -111.97668775,
                    33.07923554
                ],
                [
                    -111.97670952,
                    33.07923565
                ],
                [
                    -111.97670889,
                    33.07932584
                ],
                [
                    -111.97668712,
                    33.07932573
                ],
                [
                    -111.97668775,
                    33.07923554
                ]
            ]
        ]
    },
    "properties": {
        "ha_label": "p11-07-W",
        "HA_AREA": 20.32
    },
    "_id": "641df3d58ac5479be3717d22",
    "haid": "641df3d58ac5479be3717d22"
}{
    "type": "Feature",
    "geometry": {
        "type": "Polygon",
        "coordinates": [
            [
                [
                    -111.97668838,
                    33.07914535
                ],
                [
                    -111.97671015,
                    33.07914546
                ],
                [
                    -111.97670952,
                    33.07923565
                ],
                [
                    -111.97668775,
                    33.07923554
                ],
                [
                    -111.97668838,
                    33.07914535
                ]
            ]
        ]
    },
    "properties": {
        "ha_label": "p11-08-W",
        "HA_AREA": 20.319996
    },
    "_id": "641df3d58ac5479be3717d23",
    "haid": "641df3d58ac5479be3717d23"
}{
    "type": "Feature",
    "geometry": {
        "type": "Polygon",
        "coordinates": [
            [
                [
                    -111.97668901,
                    33.07905516
                ],
                [
                    -111.97671078,
                    33.07905526
                ],
                [
                    -111.97671015,
                    33.07914546
                ],
                [
                    -111.97668838,
                    33.07914535
                ],
                [
                    -111.97668901,
                    33.07905516
                ]
            ]
        ]
    },
    "properties": {
        "ha_label": "p11-09-W",
        "HA_AREA": 20.32
    },
    "_id": "641df3d58ac5479be3717d24",
    "haid": "641df3d58ac5479be3717d24"
}{
    "type": "Feature",
    "geometry": {
        "type": "Polygon",
        "coordinates": [
            [
                [
                    -111.97668964,
                    33.07896497
                ],
                [
                    -111.97671141,
                    33.07896507
                ],
                [
                    -111.97671078,
                    33.07905526
                ],
                [
                    -111.97668901,
                    33.07905516
                ],
                [
                    -111.97668964,
                    33.07896497
                ]
            ]
        ]
    },
    "properties": {
        "ha_label": "p11-10-W",
        "HA_AREA": 20.320001
    },
    "_id": "641df3d58ac5479be3717d25",
    "haid": "641df3d58ac5479be3717d25"
}{
    "type": "Feature",
    "geometry": {
        "type": "Polygon",
        "coordinates": [
            [
                [
                    -111.97669027,
                    33.07887477
                ],
                [
                    -111.97671204,
                    33.07887488
                ],
                [
                    -111.97671141,
                    33.07896507
                ],
                [
                    -111.97668964,
                    33.07896497
                ],
                [
                    -111.97669027,
                    33.07887477
                ]
            ]
        ]
    },
    "properties": {
        "ha_label": "p11-11-W",
        "HA_AREA": 20.320001
    },
    "_id": "641df3d58ac5479be3717d26",
    "haid": "641df3d58ac5479be3717d26"
}{
    "type": "Feature",
    "geometry": {
        "type": "Polygon",
        "coordinates": [
            [
                [
                    -111.9766909,
                    33.07878458
                ],
                [
                    -111.97671267,
                    33.07878469
                ],
                [
                    -111.97671204,
                    33.07887488
                ],
                [
                    -111.97669027,
                    33.07887477
                ],
                [
                    -111.9766909,
                    33.07878458
                ]
            ]
        ]
    },
    "properties": {
        "ha_label": "p11-12-W",
        "HA_AREA": 20.320001
    },
    "_id": "641df3d58ac5479be3717d27",
    "haid": "641df3d58ac5479be3717d27"
}{
    "type": "Feature",
    "geometry": {
        "type": "Polygon",
        "coordinates": [
            [
                [
                    -111.97669153,
                    33.07869439
                ],
                [
                    -111.9767133,
                    33.0786945
                ],
                [
                    -111.97671267,
                    33.07878469
                ],
                [
                    -111.9766909,
                    33.07878458
                ],
                [
                    -111.97669153,
                    33.07869439
                ]
            ]
        ]
    },
    "properties": {
        "ha_label": "p11-13-W",
        "HA_AREA": 20.320001
    },
    "_id": "641df3d58ac5479be3717d28",
    "haid": "641df3d58ac5479be3717d28"
}{
    "type": "Feature",
    "geometry": {
        "type": "Polygon",
        "coordinates": [
            [
                [
                    -111.97669217,
                    33.0786042
                ],
                [
                    -111.97671393,
                    33.07860431
                ],
                [
                    -111.9767133,
                    33.0786945
                ],
                [
                    -111.97669153,
                    33.07869439
                ],
                [
                    -111.97669217,
                    33.0786042
                ]
            ]
        ]
    },
    "properties": {
        "ha_label": "p11-14-W",
        "HA_AREA": 20.320001
    },
    "_id": "641df3d58ac5479be3717d29",
    "haid": "641df3d58ac5479be3717d29"
}{
    "type": "Feature",
    "geometry": {
        "type": "Polygon",
        "coordinates": [
            [
                [
                    -111.9766928,
                    33.07851401
                ],
                [
                    -111.97671457,
                    33.07851411
                ],
                [
                    -111.97671393,
                    33.07860431
                ],
                [
                    -111.97669217,
                    33.0786042
                ],
                [
                    -111.9766928,
                    33.07851401
                ]
            ]
        ]
    },
    "properties": {
        "ha_label": "p11-15-W",
        "HA_AREA": 20.319996
    },
    "_id": "641df3d58ac5479be3717d2a",
    "haid": "641df3d58ac5479be3717d2a"
}{
    "type": "Feature",
    "geometry": {
        "type": "Polygon",
        "coordinates": [
            [
                [
                    -111.97661866,
                    33.07977637
                ],
                [
                    -111.97664043,
                    33.07977648
                ],
                [
                    -111.9766398,
                    33.07986667
                ],
                [
                    -111.97661803,
                    33.07986656
                ],
                [
                    -111.97661866,
                    33.07977637
                ]
            ]
        ]
    },
    "properties": {
        "ha_label": "p11-01-E",
        "HA_AREA": 20.320001
    },
    "_id": "641df3d58ac5479be3717d2b",
    "haid": "641df3d58ac5479be3717d2b"
}{
    "type": "Feature",
    "geometry": {
        "type": "Polygon",
        "coordinates": [
            [
                [
                    -111.97661929,
                    33.07968618
                ],
                [
                    -111.97664106,
                    33.07968628
                ],
                [
                    -111.97664043,
                    33.07977648
                ],
                [
                    -111.97661866,
                    33.07977637
                ],
                [
                    -111.97661929,
                    33.07968618
                ]
            ]
        ]
    },
    "properties": {
        "ha_label": "p11-02-E",
        "HA_AREA": 20.320001
    },
    "_id": "641df3d58ac5479be3717d2c",
    "haid": "641df3d58ac5479be3717d2c"
}{
    "type": "Feature",
    "geometry": {
        "type": "Polygon",
        "coordinates": [
            [
                [
                    -111.97661992,
                    33.07959598
                ],
                [
                    -111.97664169,
                    33.07959609
                ],
                [
                    -111.97664106,
                    33.07968628
                ],
                [
                    -111.97661929,
                    33.07968618
                ],
                [
                    -111.97661992,
                    33.07959598
                ]
            ]
        ]
    },
    "properties": {
        "ha_label": "p11-03-E",
        "HA_AREA": 20.320001
    },
    "_id": "641df3d58ac5479be3717d2d",
    "haid": "641df3d58ac5479be3717d2d"
}{
    "type": "Feature",
    "geometry": {
        "type": "Polygon",
        "coordinates": [
            [
                [
                    -111.97662055,
                    33.07950579
                ],
                [
                    -111.97664232,
                    33.0795059
                ],
                [
                    -111.97664169,
                    33.07959609
                ],
                [
                    -111.97661992,
                    33.07959598
                ],
                [
                    -111.97662055,
                    33.07950579
                ]
            ]
        ]
    },
    "properties": {
        "ha_label": "p11-04-E",
        "HA_AREA": 20.32
    },
    "_id": "641df3d58ac5479be3717d2e",
    "haid": "641df3d58ac5479be3717d2e"
}{
    "type": "Feature",
    "geometry": {
        "type": "Polygon",
        "coordinates": [
            [
                [
                    -111.97662118,
                    33.0794156
                ],
                [
                    -111.97664295,
                    33.07941571
                ],
                [
                    -111.97664232,
                    33.0795059
                ],
                [
                    -111.97662055,
                    33.07950579
                ],
                [
                    -111.97662118,
                    33.0794156
                ]
            ]
        ]
    },
    "properties": {
        "ha_label": "p11-05-E",
        "HA_AREA": 20.319996
    },
    "_id": "641df3d58ac5479be3717d2f",
    "haid": "641df3d58ac5479be3717d2f"
}{
    "type": "Feature",
    "geometry": {
        "type": "Polygon",
        "coordinates": [
            [
                [
                    -111.97662181,
                    33.07932541
                ],
                [
                    -111.97664358,
                    33.07932552
                ],
                [
                    -111.97664295,
                    33.07941571
                ],
                [
                    -111.97662118,
                    33.0794156
                ],
                [
                    -111.97662181,
                    33.07932541
                ]
            ]
        ]
    },
    "properties": {
        "ha_label": "p11-06-E",
        "HA_AREA": 20.320001
    },
    "_id": "641df3d58ac5479be3717d30",
    "haid": "641df3d58ac5479be3717d30"
}{
    "type": "Feature",
    "geometry": {
        "type": "Polygon",
        "coordinates": [
            [
                [
                    -111.97662244,
                    33.07923522
                ],
                [
                    -111.97664421,
                    33.07923532
                ],
                [
                    -111.97664358,
                    33.07932552
                ],
                [
                    -111.97662181,
                    33.07932541
                ],
                [
                    -111.97662244,
                    33.07923522
                ]
            ]
        ]
    },
    "properties": {
        "ha_label": "p11-07-E",
        "HA_AREA": 20.320001
    },
    "_id": "641df3d58ac5479be3717d31",
    "haid": "641df3d58ac5479be3717d31"
}{
    "type": "Feature",
    "geometry": {
        "type": "Polygon",
        "coordinates": [
            [
                [
                    -111.97662307,
                    33.07914502
                ],
                [
                    -111.97664484,
                    33.07914513
                ],
                [
                    -111.97664421,
                    33.07923532
                ],
                [
                    -111.97662244,
                    33.07923522
                ],
                [
                    -111.97662307,
                    33.07914502
                ]
            ]
        ]
    },
    "properties": {
        "ha_label": "p11-08-E",
        "HA_AREA": 20.320001
    },
    "_id": "641df3d58ac5479be3717d32",
    "haid": "641df3d58ac5479be3717d32"
}{
    "type": "Feature",
    "geometry": {
        "type": "Polygon",
        "coordinates": [
            [
                [
                    -111.9766237,
                    33.07905483
                ],
                [
                    -111.97664547,
                    33.07905494
                ],
                [
                    -111.97664484,
                    33.07914513
                ],
                [
                    -111.97662307,
                    33.07914502
                ],
                [
                    -111.9766237,
                    33.07905483
                ]
            ]
        ]
    },
    "properties": {
        "ha_label": "p11-09-E",
        "HA_AREA": 20.32
    },
    "_id": "641df3d58ac5479be3717d33",
    "haid": "641df3d58ac5479be3717d33"
}{
    "type": "Feature",
    "geometry": {
        "type": "Polygon",
        "coordinates": [
            [
                [
                    -111.97662434,
                    33.07896464
                ],
                [
                    -111.9766461,
                    33.07896475
                ],
                [
                    -111.97664547,
                    33.07905494
                ],
                [
                    -111.9766237,
                    33.07905483
                ],
                [
                    -111.97662434,
                    33.07896464
                ]
            ]
        ]
    },
    "properties": {
        "ha_label": "p11-10-E",
        "HA_AREA": 20.319996
    },
    "_id": "641df3d58ac5479be3717d34",
    "haid": "641df3d58ac5479be3717d34"
}{
    "type": "Feature",
    "geometry": {
        "type": "Polygon",
        "coordinates": [
            [
                [
                    -111.97662497,
                    33.07887445
                ],
                [
                    -111.97664674,
                    33.07887456
                ],
                [
                    -111.9766461,
                    33.07896475
                ],
                [
                    -111.97662434,
                    33.07896464
                ],
                [
                    -111.97662497,
                    33.07887445
                ]
            ]
        ]
    },
    "properties": {
        "ha_label": "p11-11-E",
        "HA_AREA": 20.319996
    },
    "_id": "641df3d58ac5479be3717d35",
    "haid": "641df3d58ac5479be3717d35"
}{
    "type": "Feature",
    "geometry": {
        "type": "Polygon",
        "coordinates": [
            [
                [
                    -111.9766256,
                    33.07878426
                ],
                [
                    -111.97664737,
                    33.07878437
                ],
                [
                    -111.97664674,
                    33.07887456
                ],
                [
                    -111.97662497,
                    33.07887445
                ],
                [
                    -111.9766256,
                    33.07878426
                ]
            ]
        ]
    },
    "properties": {
        "ha_label": "p11-12-E",
        "HA_AREA": 20.319996
    },
    "_id": "641df3d58ac5479be3717d36",
    "haid": "641df3d58ac5479be3717d36"
}{
    "type": "Feature",
    "geometry": {
        "type": "Polygon",
        "coordinates": [
            [
                [
                    -111.97662623,
                    33.07869407
                ],
                [
                    -111.976648,
                    33.07869417
                ],
                [
                    -111.97664737,
                    33.07878437
                ],
                [
                    -111.9766256,
                    33.07878426
                ],
                [
                    -111.97662623,
                    33.07869407
                ]
            ]
        ]
    },
    "properties": {
        "ha_label": "p11-13-E",
        "HA_AREA": 20.32
    },
    "_id": "641df3d58ac5479be3717d37",
    "haid": "641df3d58ac5479be3717d37"
}{
    "type": "Feature",
    "geometry": {
        "type": "Polygon",
        "coordinates": [
            [
                [
                    -111.97662686,
                    33.07860387
                ],
                [
                    -111.97664863,
                    33.07860398
                ],
                [
                    -111.976648,
                    33.07869417
                ],
                [
                    -111.97662623,
                    33.07869407
                ],
                [
                    -111.97662686,
                    33.07860387
                ]
            ]
        ]
    },
    "properties": {
        "ha_label": "p11-14-E",
        "HA_AREA": 20.320001
    },
    "_id": "641df3d58ac5479be3717d38",
    "haid": "641df3d58ac5479be3717d38"
}{
    "type": "Feature",
    "geometry": {
        "type": "Polygon",
        "coordinates": [
            [
                [
                    -111.97662749,
                    33.07851368
                ],
                [
                    -111.97664926,
                    33.07851379
                ],
                [
                    -111.97664863,
                    33.07860398
                ],
                [
                    -111.97662686,
                    33.07860387
                ],
                [
                    -111.97662749,
                    33.07851368
                ]
            ]
        ]
    },
    "properties": {
        "ha_label": "p11-15-E",
        "HA_AREA": 20.320001
    },
    "_id": "641df3d58ac5479be3717d39",
    "haid": "641df3d58ac5479be3717d39"
}{
    "type": "Feature",
    "geometry": {
        "type": "Polygon",
        "coordinates": [
            [
                [
                    -111.97653158,
                    33.07977594
                ],
                [
                    -111.97655335,
                    33.07977604
                ],
                [
                    -111.97655272,
                    33.07986624
                ],
                [
                    -111.97653095,
                    33.07986613
                ],
                [
                    -111.97653158,
                    33.07977594
                ]
            ]
        ]
    },
    "properties": {
        "ha_label": "p12-01-W",
        "HA_AREA": 20.319996
    },
    "_id": "641df3d58ac5479be3717d3a",
    "haid": "641df3d58ac5479be3717d3a"
}{
    "type": "Feature",
    "geometry": {
        "type": "Polygon",
        "coordinates": [
            [
                [
                    -111.97653221,
                    33.07968574
                ],
                [
                    -111.97655398,
                    33.07968585
                ],
                [
                    -111.97655335,
                    33.07977604
                ],
                [
                    -111.97653158,
                    33.07977594
                ],
                [
                    -111.97653221,
                    33.07968574
                ]
            ]
        ]
    },
    "properties": {
        "ha_label": "p12-02-W",
        "HA_AREA": 20.32
    },
    "_id": "641df3d58ac5479be3717d3b",
    "haid": "641df3d58ac5479be3717d3b"
}{
    "type": "Feature",
    "geometry": {
        "type": "Polygon",
        "coordinates": [
            [
                [
                    -111.97653284,
                    33.07959555
                ],
                [
                    -111.97655461,
                    33.07959566
                ],
                [
                    -111.97655398,
                    33.07968585
                ],
                [
                    -111.97653221,
                    33.07968574
                ],
                [
                    -111.97653284,
                    33.07959555
                ]
            ]
        ]
    },
    "properties": {
        "ha_label": "p12-03-W",
        "HA_AREA": 20.32
    },
    "_id": "641df3d58ac5479be3717d3c",
    "haid": "641df3d58ac5479be3717d3c"
}{
    "type": "Feature",
    "geometry": {
        "type": "Polygon",
        "coordinates": [
            [
                [
                    -111.97653347,
                    33.07950536
                ],
                [
                    -111.97655524,
                    33.07950547
                ],
                [
                    -111.97655461,
                    33.07959566
                ],
                [
                    -111.97653284,
                    33.07959555
                ],
                [
                    -111.97653347,
                    33.07950536
                ]
            ]
        ]
    },
    "properties": {
        "ha_label": "p12-04-W",
        "HA_AREA": 20.320001
    },
    "_id": "641df3d58ac5479be3717d3d",
    "haid": "641df3d58ac5479be3717d3d"
}{
    "type": "Feature",
    "geometry": {
        "type": "Polygon",
        "coordinates": [
            [
                [
                    -111.9765341,
                    33.07941517
                ],
                [
                    -111.97655587,
                    33.07941528
                ],
                [
                    -111.97655524,
                    33.07950547
                ],
                [
                    -111.97653347,
                    33.07950536
                ],
                [
                    -111.9765341,
                    33.07941517
                ]
            ]
        ]
    },
    "properties": {
        "ha_label": "p12-05-W",
        "HA_AREA": 20.320001
    },
    "_id": "641df3d58ac5479be3717d3e",
    "haid": "641df3d58ac5479be3717d3e"
}{
    "type": "Feature",
    "geometry": {
        "type": "Polygon",
        "coordinates": [
            [
                [
                    -111.97653474,
                    33.07932498
                ],
                [
                    -111.9765565,
                    33.07932508
                ],
                [
                    -111.97655587,
                    33.07941528
                ],
                [
                    -111.9765341,
                    33.07941517
                ],
                [
                    -111.97653474,
                    33.07932498
                ]
            ]
        ]
    },
    "properties": {
        "ha_label": "p12-06-W",
        "HA_AREA": 20.319996
    },
    "_id": "641df3d58ac5479be3717d3f",
    "haid": "641df3d58ac5479be3717d3f"
}{
    "type": "Feature",
    "geometry": {
        "type": "Polygon",
        "coordinates": [
            [
                [
                    -111.97653537,
                    33.07923478
                ],
                [
                    -111.97655714,
                    33.07923489
                ],
                [
                    -111.9765565,
                    33.07932508
                ],
                [
                    -111.97653474,
                    33.07932498
                ],
                [
                    -111.97653537,
                    33.07923478
                ]
            ]
        ]
    },
    "properties": {
        "ha_label": "p12-07-W",
        "HA_AREA": 20.320001
    },
    "_id": "641df3d58ac5479be3717d40",
    "haid": "641df3d58ac5479be3717d40"
}{
    "type": "Feature",
    "geometry": {
        "type": "Polygon",
        "coordinates": [
            [
                [
                    -111.976536,
                    33.07914459
                ],
                [
                    -111.97655777,
                    33.0791447
                ],
                [
                    -111.97655714,
                    33.07923489
                ],
                [
                    -111.97653537,
                    33.07923478
                ],
                [
                    -111.976536,
                    33.07914459
                ]
            ]
        ]
    },
    "properties": {
        "ha_label": "p12-08-W",
        "HA_AREA": 20.320001
    },
    "_id": "641df3d58ac5479be3717d41",
    "haid": "641df3d58ac5479be3717d41"
}{
    "type": "Feature",
    "geometry": {
        "type": "Polygon",
        "coordinates": [
            [
                [
                    -111.97653663,
                    33.0790544
                ],
                [
                    -111.9765584,
                    33.07905451
                ],
                [
                    -111.97655777,
                    33.0791447
                ],
                [
                    -111.976536,
                    33.07914459
                ],
                [
                    -111.97653663,
                    33.0790544
                ]
            ]
        ]
    },
    "properties": {
        "ha_label": "p12-09-W",
        "HA_AREA": 20.320001
    },
    "_id": "641df3d58ac5479be3717d42",
    "haid": "641df3d58ac5479be3717d42"
}{
    "type": "Feature",
    "geometry": {
        "type": "Polygon",
        "coordinates": [
            [
                [
                    -111.97653726,
                    33.07896421
                ],
                [
                    -111.97655903,
                    33.07896432
                ],
                [
                    -111.9765584,
                    33.07905451
                ],
                [
                    -111.97653663,
                    33.0790544
                ],
                [
                    -111.97653726,
                    33.07896421
                ]
            ]
        ]
    },
    "properties": {
        "ha_label": "p12-10-W",
        "HA_AREA": 20.320001
    },
    "_id": "641df3d58ac5479be3717d43",
    "haid": "641df3d58ac5479be3717d43"
}{
    "type": "Feature",
    "geometry": {
        "type": "Polygon",
        "coordinates": [
            [
                [
                    -111.97653789,
                    33.07887402
                ],
                [
                    -111.97655966,
                    33.07887413
                ],
                [
                    -111.97655903,
                    33.07896432
                ],
                [
                    -111.97653726,
                    33.07896421
                ],
                [
                    -111.97653789,
                    33.07887402
                ]
            ]
        ]
    },
    "properties": {
        "ha_label": "p12-11-W",
        "HA_AREA": 20.320001
    },
    "_id": "641df3d58ac5479be3717d44",
    "haid": "641df3d58ac5479be3717d44"
}{
    "type": "Feature",
    "geometry": {
        "type": "Polygon",
        "coordinates": [
            [
                [
                    -111.97653852,
                    33.07878383
                ],
                [
                    -111.97656029,
                    33.07878393
                ],
                [
                    -111.97655966,
                    33.07887413
                ],
                [
                    -111.97653789,
                    33.07887402
                ],
                [
                    -111.97653852,
                    33.07878383
                ]
            ]
        ]
    },
    "properties": {
        "ha_label": "p12-12-W",
        "HA_AREA": 20.32
    },
    "_id": "641df3d58ac5479be3717d45",
    "haid": "641df3d58ac5479be3717d45"
}{
    "type": "Feature",
    "geometry": {
        "type": "Polygon",
        "coordinates": [
            [
                [
                    -111.97653915,
                    33.07869363
                ],
                [
                    -111.97656092,
                    33.07869374
                ],
                [
                    -111.97656029,
                    33.07878393
                ],
                [
                    -111.97653852,
                    33.07878383
                ],
                [
                    -111.97653915,
                    33.07869363
                ]
            ]
        ]
    },
    "properties": {
        "ha_label": "p12-13-W",
        "HA_AREA": 20.319995
    },
    "_id": "641df3d58ac5479be3717d46",
    "haid": "641df3d58ac5479be3717d46"
}{
    "type": "Feature",
    "geometry": {
        "type": "Polygon",
        "coordinates": [
            [
                [
                    -111.97653978,
                    33.07860344
                ],
                [
                    -111.97656155,
                    33.07860355
                ],
                [
                    -111.97656092,
                    33.07869374
                ],
                [
                    -111.97653915,
                    33.07869363
                ],
                [
                    -111.97653978,
                    33.07860344
                ]
            ]
        ]
    },
    "properties": {
        "ha_label": "p12-14-W",
        "HA_AREA": 20.320001
    },
    "_id": "641df3d58ac5479be3717d47",
    "haid": "641df3d58ac5479be3717d47"
}{
    "type": "Feature",
    "geometry": {
        "type": "Polygon",
        "coordinates": [
            [
                [
                    -111.97654041,
                    33.07851325
                ],
                [
                    -111.97656218,
                    33.07851336
                ],
                [
                    -111.97656155,
                    33.07860355
                ],
                [
                    -111.97653978,
                    33.07860344
                ],
                [
                    -111.97654041,
                    33.07851325
                ]
            ]
        ]
    },
    "properties": {
        "ha_label": "p12-15-W",
        "HA_AREA": 20.320001
    },
    "_id": "641df3d58ac5479be3717d48",
    "haid": "641df3d58ac5479be3717d48"
}{
    "type": "Feature",
    "geometry": {
        "type": "Polygon",
        "coordinates": [
            [
                [
                    -111.97646627,
                    33.07977561
                ],
                [
                    -111.97648804,
                    33.07977572
                ],
                [
                    -111.97648741,
                    33.07986591
                ],
                [
                    -111.97646564,
                    33.0798658
                ],
                [
                    -111.97646627,
                    33.07977561
                ]
            ]
        ]
    },
    "properties": {
        "ha_label": "p12-01-E",
        "HA_AREA": 20.320001
    },
    "_id": "641df3d58ac5479be3717d49",
    "haid": "641df3d58ac5479be3717d49"
}{
    "type": "Feature",
    "geometry": {
        "type": "Polygon",
        "coordinates": [
            [
                [
                    -111.9764669,
                    33.07968542
                ],
                [
                    -111.97648867,
                    33.07968553
                ],
                [
                    -111.97648804,
                    33.07977572
                ],
                [
                    -111.97646627,
                    33.07977561
                ],
                [
                    -111.9764669,
                    33.07968542
                ]
            ]
        ]
    },
    "properties": {
        "ha_label": "p12-02-E",
        "HA_AREA": 20.32
    },
    "_id": "641df3d58ac5479be3717d4a",
    "haid": "641df3d58ac5479be3717d4a"
}{
    "type": "Feature",
    "geometry": {
        "type": "Polygon",
        "coordinates": [
            [
                [
                    -111.97646753,
                    33.07959523
                ],
                [
                    -111.9764893,
                    33.07959534
                ],
                [
                    -111.97648867,
                    33.07968553
                ],
                [
                    -111.9764669,
                    33.07968542
                ],
                [
                    -111.97646753,
                    33.07959523
                ]
            ]
        ]
    },
    "properties": {
        "ha_label": "p12-03-E",
        "HA_AREA": 20.319996
    },
    "_id": "641df3d58ac5479be3717d4b",
    "haid": "641df3d58ac5479be3717d4b"
}{
    "type": "Feature",
    "geometry": {
        "type": "Polygon",
        "coordinates": [
            [
                [
                    -111.97646817,
                    33.07950504
                ],
                [
                    -111.97648994,
                    33.07950514
                ],
                [
                    -111.9764893,
                    33.07959534
                ],
                [
                    -111.97646753,
                    33.07959523
                ],
                [
                    -111.97646817,
                    33.07950504
                ]
            ]
        ]
    },
    "properties": {
        "ha_label": "p12-04-E",
        "HA_AREA": 20.320001
    },
    "_id": "641df3d58ac5479be3717d4c",
    "haid": "641df3d58ac5479be3717d4c"
}{
    "type": "Feature",
    "geometry": {
        "type": "Polygon",
        "coordinates": [
            [
                [
                    -111.9764688,
                    33.07941484
                ],
                [
                    -111.97649057,
                    33.07941495
                ],
                [
                    -111.97648994,
                    33.07950514
                ],
                [
                    -111.97646817,
                    33.07950504
                ],
                [
                    -111.9764688,
                    33.07941484
                ]
            ]
        ]
    },
    "properties": {
        "ha_label": "p12-05-E",
        "HA_AREA": 20.320001
    },
    "_id": "641df3d58ac5479be3717d4d",
    "haid": "641df3d58ac5479be3717d4d"
}{
    "type": "Feature",
    "geometry": {
        "type": "Polygon",
        "coordinates": [
            [
                [
                    -111.97646943,
                    33.07932465
                ],
                [
                    -111.9764912,
                    33.07932476
                ],
                [
                    -111.97649057,
                    33.07941495
                ],
                [
                    -111.9764688,
                    33.07941484
                ],
                [
                    -111.97646943,
                    33.07932465
                ]
            ]
        ]
    },
    "properties": {
        "ha_label": "p12-06-E",
        "HA_AREA": 20.32
    },
    "_id": "641df3d58ac5479be3717d4e",
    "haid": "641df3d58ac5479be3717d4e"
}{
    "type": "Feature",
    "geometry": {
        "type": "Polygon",
        "coordinates": [
            [
                [
                    -111.97647006,
                    33.07923446
                ],
                [
                    -111.97649183,
                    33.07923457
                ],
                [
                    -111.9764912,
                    33.07932476
                ],
                [
                    -111.97646943,
                    33.07932465
                ],
                [
                    -111.97647006,
                    33.07923446
                ]
            ]
        ]
    },
    "properties": {
        "ha_label": "p12-07-E",
        "HA_AREA": 20.320001
    },
    "_id": "641df3d58ac5479be3717d4f",
    "haid": "641df3d58ac5479be3717d4f"
}{
    "type": "Feature",
    "geometry": {
        "type": "Polygon",
        "coordinates": [
            [
                [
                    -111.97647069,
                    33.07914427
                ],
                [
                    -111.97649246,
                    33.07914438
                ],
                [
                    -111.97649183,
                    33.07923457
                ],
                [
                    -111.97647006,
                    33.07923446
                ],
                [
                    -111.97647069,
                    33.07914427
                ]
            ]
        ]
    },
    "properties": {
        "ha_label": "p12-08-E",
        "HA_AREA": 20.319996
    },
    "_id": "641df3d58ac5479be3717d50",
    "haid": "641df3d58ac5479be3717d50"
}{
    "type": "Feature",
    "geometry": {
        "type": "Polygon",
        "coordinates": [
            [
                [
                    -111.97647132,
                    33.07905408
                ],
                [
                    -111.97649309,
                    33.07905419
                ],
                [
                    -111.97649246,
                    33.07914438
                ],
                [
                    -111.97647069,
                    33.07914427
                ],
                [
                    -111.97647132,
                    33.07905408
                ]
            ]
        ]
    },
    "properties": {
        "ha_label": "p12-09-E",
        "HA_AREA": 20.320001
    },
    "_id": "641df3d58ac5479be3717d51",
    "haid": "641df3d58ac5479be3717d51"
}{
    "type": "Feature",
    "geometry": {
        "type": "Polygon",
        "coordinates": [
            [
                [
                    -111.97647195,
                    33.07896389
                ],
                [
                    -111.97649372,
                    33.07896399
                ],
                [
                    -111.97649309,
                    33.07905419
                ],
                [
                    -111.97647132,
                    33.07905408
                ],
                [
                    -111.97647195,
                    33.07896389
                ]
            ]
        ]
    },
    "properties": {
        "ha_label": "p12-10-E",
        "HA_AREA": 20.320001
    },
    "_id": "641df3d58ac5479be3717d52",
    "haid": "641df3d58ac5479be3717d52"
}{
    "type": "Feature",
    "geometry": {
        "type": "Polygon",
        "coordinates": [
            [
                [
                    -111.97647258,
                    33.07887369
                ],
                [
                    -111.97649435,
                    33.0788738
                ],
                [
                    -111.97649372,
                    33.07896399
                ],
                [
                    -111.97647195,
                    33.07896389
                ],
                [
                    -111.97647258,
                    33.07887369
                ]
            ]
        ]
    },
    "properties": {
        "ha_label": "p12-11-E",
        "HA_AREA": 20.32
    },
    "_id": "641df3d58ac5479be3717d53",
    "haid": "641df3d58ac5479be3717d53"
}{
    "type": "Feature",
    "geometry": {
        "type": "Polygon",
        "coordinates": [
            [
                [
                    -111.97647321,
                    33.0787835
                ],
                [
                    -111.97649498,
                    33.07878361
                ],
                [
                    -111.97649435,
                    33.0788738
                ],
                [
                    -111.97647258,
                    33.07887369
                ],
                [
                    -111.97647321,
                    33.0787835
                ]
            ]
        ]
    },
    "properties": {
        "ha_label": "p12-12-E",
        "HA_AREA": 20.320001
    },
    "_id": "641df3d58ac5479be3717d54",
    "haid": "641df3d58ac5479be3717d54"
}{
    "type": "Feature",
    "geometry": {
        "type": "Polygon",
        "coordinates": [
            [
                [
                    -111.97647385,
                    33.07869331
                ],
                [
                    -111.97649561,
                    33.07869342
                ],
                [
                    -111.97649498,
                    33.07878361
                ],
                [
                    -111.97647321,
                    33.0787835
                ],
                [
                    -111.97647385,
                    33.07869331
                ]
            ]
        ]
    },
    "properties": {
        "ha_label": "p12-13-E",
        "HA_AREA": 20.320001
    },
    "_id": "641df3d58ac5479be3717d55",
    "haid": "641df3d58ac5479be3717d55"
}{
    "type": "Feature",
    "geometry": {
        "type": "Polygon",
        "coordinates": [
            [
                [
                    -111.97647448,
                    33.07860312
                ],
                [
                    -111.97649625,
                    33.07860323
                ],
                [
                    -111.97649561,
                    33.07869342
                ],
                [
                    -111.97647385,
                    33.07869331
                ],
                [
                    -111.97647448,
                    33.07860312
                ]
            ]
        ]
    },
    "properties": {
        "ha_label": "p12-14-E",
        "HA_AREA": 20.320001
    },
    "_id": "641df3d58ac5479be3717d56",
    "haid": "641df3d58ac5479be3717d56"
}{
    "type": "Feature",
    "geometry": {
        "type": "Polygon",
        "coordinates": [
            [
                [
                    -111.97647511,
                    33.07851293
                ],
                [
                    -111.97649688,
                    33.07851303
                ],
                [
                    -111.97649625,
                    33.07860323
                ],
                [
                    -111.97647448,
                    33.07860312
                ],
                [
                    -111.97647511,
                    33.07851293
                ]
            ]
        ]
    },
    "properties": {
        "ha_label": "p12-15-E",
        "HA_AREA": 20.319996
    },
    "_id": "641df3d58ac5479be3717d57",
    "haid": "641df3d58ac5479be3717d57"
}