{
    "type": "FeatureCollection",
    "features": [
        {
            "type": "Feature",
            "geometry": {
                "type": "Polygon",
                "coordinates": [
                    [
                        [
                            -111.97812809,
                            33.07847603
                        ],
                        [
                            -111.9782587,
                            33.07847668
                        ],
                        [
                            -111.97824864,
                            33.07991975
                        ],
                        [
                            -111.97811802,
                            33.0799191
                        ],
                        [
                            -111.97812809,
                            33.07847603
                        ]
                    ]
                ]
            },
            "properties": {
                "plt_label": "p01",
                "trt_label": "STRIP",
                "PLTA": 1950.719954,
                "CUL_NAME": "NexGen 3195 B3XF",
                "PDATE": "2023-04-24",
                "PLYR": 2023,
                "PLDAY": 114,
                "IROP": "IR004",
                "IRVAL": [
                    {
                        "date": "2023-04-21",
                        "value": 20.4
                    },
                    {
                        "date": "2023-04-25",
                        "value": 20.4
                    },
                    {
                        "date": "2023-04-26",
                        "value": 10.2
                    },
                    {
                        "date": "2023-04-28",
                        "value": 25.5
                    },
                    {
                        "date": "2023-05-01",
                        "value": 20.4
                    },
                    {
                        "date": "2023-05-03",
                        "value": 20.4
                    },
                    {
                        "date": "2023-05-05",
                        "value": 20.4
                    },
                    {
                        "date": "2023-05-08",
                        "value": 20.4
                    },
                    {
                        "date": "2023-05-10",
                        "value": 10.2
                    },
                    {
                        "date": "2023-05-12",
                        "value": 20.4
                    },
                    {
                        "date": "2023-05-16",
                        "value": 20.4
                    },
                    {
                        "date": "2023-05-19",
                        "value": 20.4
                    },
                    {
                        "date": "2023-05-24",
                        "value": 20.4
                    },
                    {
                        "date": "2023-05-26",
                        "value": 25.3
                    },
                    {
                        "date": "2023-05-31",
                        "value": 20.4
                    },
                    {
                        "date": "2023-06-02",
                        "value": 20.4
                    },
                    {
                        "date": "2023-06-07",
                        "value": 25.3
                    },
                    {
                        "date": "2023-06-09",
                        "value": 22.8
                    },
                    {
                        "date": "2023-06-13",
                        "value": 26.0
                    },
                    {
                        "date": "2023-06-16",
                        "value": 30.6
                    },
                    {
                        "date": "2023-06-20",
                        "value": 25.6
                    },
                    {
                        "date": "2023-06-22",
                        "value": 20.4
                    },
                    {
                        "date": "2023-06-23",
                        "value": 20.4
                    },
                    {
                        "date": "2023-06-27",
                        "value": 38.7
                    },
                    {
                        "date": "2023-06-30",
                        "value": 34.6
                    },
                    {
                        "date": "2023-07-05",
                        "value": 37.1
                    },
                    {
                        "date": "2023-07-07",
                        "value": 37.1
                    },
                    {
                        "date": "2023-07-11",
                        "value": 44.5
                    },
                    {
                        "date": "2023-07-14",
                        "value": 44.5
                    },
                    {
                        "date": "2023-07-18",
                        "value": 44.9
                    },
                    {
                        "date": "2023-07-21",
                        "value": 45.2
                    },
                    {
                        "date": "2023-07-25",
                        "value": 48.7
                    },
                    {
                        "date": "2023-07-28",
                        "value": 45.8
                    },
                    {
                        "date": "2023-08-01",
                        "value": 40.8
                    },
                    {
                        "date": "2023-08-04",
                        "value": 40.6
                    },
                    {
                        "date": "2023-08-08",
                        "value": 30.6
                    },
                    {
                        "date": "2023-08-11",
                        "value": 40.8
                    },
                    {
                        "date": "2023-08-15",
                        "value": 30.6
                    },
                    {
                        "date": "2023-08-18",
                        "value": 40.8
                    },
                    {
                        "date": "2023-08-22",
                        "value": 30.6
                    },
                    {
                        "date": "2023-08-25",
                        "value": 40.8
                    },
                    {
                        "date": "2023-08-29",
                        "value": 30.6
                    },
                    {
                        "date": "2023-09-06",
                        "value": 30.6
                    },
                    {
                        "date": "2023-09-08",
                        "value": 35.6
                    }
                ],
                "FEAMN": [
                    {
                        "date": "2023-06-07",
                        "value": 51.9
                    },
                    {
                        "date": "2023-06-27",
                        "value": 51.9
                    },
                    {
                        "date": "2023-07-18",
                        "value": 51.9
                    }
                ],
                "CH_NOTES": [
                    {
                        "date": "2023-03-27",
                        "value": "Apply RoundUp (glyphosate)"
                    },
                    {
                        "date": "2023-04-20",
                        "value": "Apply Acumen (pendimethalin)"
                    },
                    {
                        "date": "2023-05-23",
                        "value": "Apply RoundUp (glyphosate)"
                    },
                    {
                        "date": "2023-06-06",
                        "value": "Apply RoundUp (glyphosate)"
                    },
                    {
                        "date": "2023-07-24",
                        "value": "Apply Mepstar6 (mepiquat chloride)"
                    },
                    {
                        "date": "2023-10-09",
                        "value": "Apply Redipik (diuron, thidiazuron)"
                    },
                    {
                        "date": "2023-10-25",
                        "value": "Apply Redipik (diuron, thidiazuron) and CottonQuik (urea sulfate, ethephon)"
                    }
                ],
                "TI_NOTES": [
                    {
                        "date": "2023-04-17",
                        "value": "Strip tillage"
                    },
                    {
                        "date": "2023-12",
                        "value": "Root pull, rip, moldboard plow, disk, and land plane"
                    }
                ],
                "EDATE": "2023-05-04",
                "PLYRE": 2023,
                "PLDOE": 124,
                "LF1D": "2023-05-15",
                "ADAT": "2023-07-01",
                "ADOY": 182,
                "NAWF": [
                    {
                        "date": "2023-07-03",
                        "value": 6.3
                    },
                    {
                        "date": "2023-07-13",
                        "value": 5.9
                    },
                    {
                        "date": "2023-07-20",
                        "value": 4.7
                    },
                    {
                        "date": "2023-07-27",
                        "value": 3.1
                    },
                    {
                        "date": "2023-08-03",
                        "value": 2.4
                    },
                    {
                        "date": "2023-08-24",
                        "value": 1.1
                    }
                ],
                "FRCOV": [
                    {
                        "date": "2023-04-25",
                        "value": 0.0
                    },
                    {
                        "date": "2023-06-21",
                        "value": 0.16
                    },
                    {
                        "date": "2023-06-29",
                        "value": 0.311
                    },
                    {
                        "date": "2023-07-03",
                        "value": 0.376
                    },
                    {
                        "date": "2023-07-13",
                        "value": 0.515
                    },
                    {
                        "date": "2023-07-20",
                        "value": 0.622
                    },
                    {
                        "date": "2023-07-28",
                        "value": 0.699
                    }
                ],
                "EM38V": [
                    {
                        "date": "2013-09-17",
                        "value": 55.26
                    },
                    {
                        "date": "2015-04-28",
                        "value": 43.31
                    }
                ],
                "SLSND_M": [
                    {
                        "depth": 15,
                        "mindepth": 0,
                        "maxdepth": 30,
                        "value": 49.69
                    },
                    {
                        "depth": 45,
                        "mindepth": 30,
                        "maxdepth": 60,
                        "value": 49.86
                    },
                    {
                        "depth": 75,
                        "mindepth": 60,
                        "maxdepth": 90,
                        "value": 51.26
                    },
                    {
                        "depth": 105,
                        "mindepth": 90,
                        "maxdepth": 120,
                        "value": 49.75
                    },
                    {
                        "depth": 135,
                        "mindepth": 120,
                        "maxdepth": 150,
                        "value": 51.5
                    },
                    {
                        "depth": 165,
                        "mindepth": 150,
                        "maxdepth": 180,
                        "value": 50.24
                    }
                ],
                "SLSLT_M": [
                    {
                        "depth": 15,
                        "mindepth": 0,
                        "maxdepth": 30,
                        "value": 22.25
                    },
                    {
                        "depth": 45,
                        "mindepth": 30,
                        "maxdepth": 60,
                        "value": 19.62
                    },
                    {
                        "depth": 75,
                        "mindepth": 60,
                        "maxdepth": 90,
                        "value": 20.86
                    },
                    {
                        "depth": 105,
                        "mindepth": 90,
                        "maxdepth": 120,
                        "value": 19.7
                    },
                    {
                        "depth": 135,
                        "mindepth": 120,
                        "maxdepth": 150,
                        "value": 20.08
                    },
                    {
                        "depth": 165,
                        "mindepth": 150,
                        "maxdepth": 180,
                        "value": 19.64
                    }
                ],
                "SLCLY_M": [
                    {
                        "depth": 15,
                        "mindepth": 0,
                        "maxdepth": 30,
                        "value": 27.95
                    },
                    {
                        "depth": 45,
                        "mindepth": 30,
                        "maxdepth": 60,
                        "value": 30.45
                    },
                    {
                        "depth": 75,
                        "mindepth": 60,
                        "maxdepth": 90,
                        "value": 27.52
                    },
                    {
                        "depth": 105,
                        "mindepth": 90,
                        "maxdepth": 120,
                        "value": 30.69
                    },
                    {
                        "depth": 135,
                        "mindepth": 120,
                        "maxdepth": 150,
                        "value": 28.41
                    },
                    {
                        "depth": 165,
                        "mindepth": 150,
                        "maxdepth": 180,
                        "value": 29.94
                    }
                ],
                "SLWP": [
                    {
                        "depth": 15,
                        "mindepth": 0,
                        "maxdepth": 30,
                        "value": 0.146
                    },
                    {
                        "depth": 45,
                        "mindepth": 30,
                        "maxdepth": 60,
                        "value": 0.148
                    },
                    {
                        "depth": 75,
                        "mindepth": 60,
                        "maxdepth": 90,
                        "value": 0.151
                    },
                    {
                        "depth": 105,
                        "mindepth": 90,
                        "maxdepth": 120,
                        "value": 0.152
                    },
                    {
                        "depth": 135,
                        "mindepth": 120,
                        "maxdepth": 150,
                        "value": 0.149
                    },
                    {
                        "depth": 165,
                        "mindepth": 150,
                        "maxdepth": 180,
                        "value": 0.148
                    }
                ],
                "SLWP2": [
                    {
                        "depth": 15,
                        "mindepth": 0,
                        "maxdepth": 30,
                        "value": 0.17
                    },
                    {
                        "depth": 45,
                        "mindepth": 30,
                        "maxdepth": 60,
                        "value": 0.172
                    },
                    {
                        "depth": 75,
                        "mindepth": 60,
                        "maxdepth": 90,
                        "value": 0.169
                    },
                    {
                        "depth": 105,
                        "mindepth": 90,
                        "maxdepth": 120,
                        "value": 0.172
                    },
                    {
                        "depth": 135,
                        "mindepth": 120,
                        "maxdepth": 150,
                        "value": 0.161
                    },
                    {
                        "depth": 165,
                        "mindepth": 150,
                        "maxdepth": 180,
                        "value": 0.165
                    }
                ],
                "SLFC1": [
                    {
                        "depth": 15,
                        "mindepth": 0,
                        "maxdepth": 30,
                        "value": 0.284
                    },
                    {
                        "depth": 45,
                        "mindepth": 30,
                        "maxdepth": 60,
                        "value": 0.273
                    },
                    {
                        "depth": 75,
                        "mindepth": 60,
                        "maxdepth": 90,
                        "value": 0.295
                    },
                    {
                        "depth": 105,
                        "mindepth": 90,
                        "maxdepth": 120,
                        "value": 0.289
                    },
                    {
                        "depth": 135,
                        "mindepth": 120,
                        "maxdepth": 150,
                        "value": 0.283
                    },
                    {
                        "depth": 165,
                        "mindepth": 150,
                        "maxdepth": 180,
                        "value": 0.296
                    }
                ],
                "SLSND_GBM": [
                    {
                        "depth": 20,
                        "mindepth": 0,
                        "maxdepth": 40,
                        "value": 53.52
                    },
                    {
                        "depth": 60,
                        "mindepth": 40,
                        "maxdepth": 80,
                        "value": 55.22
                    },
                    {
                        "depth": 100,
                        "mindepth": 80,
                        "maxdepth": 120,
                        "value": 55.84
                    },
                    {
                        "depth": 140,
                        "mindepth": 120,
                        "maxdepth": 160,
                        "value": 57.22
                    },
                    {
                        "depth": 180,
                        "mindepth": 160,
                        "maxdepth": 200,
                        "value": 64.08
                    }
                ],
                "SLSLT_GBM": [
                    {
                        "depth": 20,
                        "mindepth": 0,
                        "maxdepth": 40,
                        "value": 19.34
                    },
                    {
                        "depth": 60,
                        "mindepth": 40,
                        "maxdepth": 80,
                        "value": 19.73
                    },
                    {
                        "depth": 100,
                        "mindepth": 80,
                        "maxdepth": 120,
                        "value": 22.43
                    },
                    {
                        "depth": 140,
                        "mindepth": 120,
                        "maxdepth": 160,
                        "value": 21.04
                    },
                    {
                        "depth": 180,
                        "mindepth": 160,
                        "maxdepth": 200,
                        "value": 17.63
                    }
                ],
                "SLCLY_GBM": [
                    {
                        "depth": 20,
                        "mindepth": 0,
                        "maxdepth": 40,
                        "value": 27.03
                    },
                    {
                        "depth": 60,
                        "mindepth": 40,
                        "maxdepth": 80,
                        "value": 25.67
                    },
                    {
                        "depth": 100,
                        "mindepth": 80,
                        "maxdepth": 120,
                        "value": 22.61
                    },
                    {
                        "depth": 140,
                        "mindepth": 120,
                        "maxdepth": 160,
                        "value": 21.57
                    },
                    {
                        "depth": 180,
                        "mindepth": 160,
                        "maxdepth": 200,
                        "value": 18.63
                    }
                ],
                "SLSND_GB": [
                    {
                        "depth": 20,
                        "mindepth": 0,
                        "maxdepth": 40,
                        "value": 62.41
                    },
                    {
                        "depth": 60,
                        "mindepth": 40,
                        "maxdepth": 80,
                        "value": 64.49
                    },
                    {
                        "depth": 100,
                        "mindepth": 80,
                        "maxdepth": 120,
                        "value": 65.21
                    },
                    {
                        "depth": 140,
                        "mindepth": 120,
                        "maxdepth": 160,
                        "value": 66.6
                    },
                    {
                        "depth": 180,
                        "mindepth": 160,
                        "maxdepth": 200,
                        "value": 73.56
                    }
                ],
                "SLSLT_GB": [
                    {
                        "depth": 20,
                        "mindepth": 0,
                        "maxdepth": 40,
                        "value": 22.31
                    },
                    {
                        "depth": 60,
                        "mindepth": 40,
                        "maxdepth": 80,
                        "value": 21.77
                    },
                    {
                        "depth": 100,
                        "mindepth": 80,
                        "maxdepth": 120,
                        "value": 24.25
                    },
                    {
                        "depth": 140,
                        "mindepth": 120,
                        "maxdepth": 160,
                        "value": 23.08
                    },
                    {
                        "depth": 180,
                        "mindepth": 160,
                        "maxdepth": 200,
                        "value": 18.03
                    }
                ],
                "SLCLY_GB": [
                    {
                        "depth": 20,
                        "mindepth": 0,
                        "maxdepth": 40,
                        "value": 15.26
                    },
                    {
                        "depth": 60,
                        "mindepth": 40,
                        "maxdepth": 80,
                        "value": 13.81
                    },
                    {
                        "depth": 100,
                        "mindepth": 80,
                        "maxdepth": 120,
                        "value": 10.69
                    },
                    {
                        "depth": 140,
                        "mindepth": 120,
                        "maxdepth": 160,
                        "value": 10.3
                    },
                    {
                        "depth": 180,
                        "mindepth": 160,
                        "maxdepth": 200,
                        "value": 8.29
                    }
                ],
                "HARM": "Machine",
                "HADAT": "2023-11-13",
                "WBWAH": 2742.6,
                "BWCAH": 5.4,
                "DBWAH": 2594.3,
                "GNDAT": "2023-11-14",
                "FFRAC": 0.3452,
                "SFRAC": 0.4573,
                "TFRAC": 0.1975,
                "WFWAH": 946.7,
                "WSWAH": 1254.2,
                "WSCWAH": 2200.9,
                "DFWAH": 895.6,
                "DSWAH": 1186.4,
                "DSCWAH": 2081.9,
                "QLDAT": "2024-01-04",
                "FBMIC": 50.2,
                "FBLTH": 1.086,
                "FBUNI": 81.0,
                "FBSTR": 27.8,
                "FBELO": 5.2,
                "FBCRD": 79.0,
                "FBCLB": 9.0,
                "FBTCT": 12.0,
                "FBTAR": 0.29,
                "FBSFI": 11.0,
                "zids": [
                    "67e550ce8ac547ad628f54c6",
                    "67e550ce8ac547ad628f54c7",
                    "67e550ce8ac547ad628f54c8",
                    "67e550ce8ac547ad628f54c9",
                    "67e550ce8ac547ad628f54ca",
                    "67e550ce8ac547ad628f54cb",
                    "67e550ce8ac547ad628f54cc",
                    "67e550ce8ac547ad628f54cd",
                    "67e550ce8ac547ad628f54ce",
                    "67e550ce8ac547ad628f54cf",
                    "67e550ce8ac547ad628f54d0",
                    "67e550ce8ac547ad628f54d1",
                    "67e550ce8ac547ad628f54d2",
                    "67e550ce8ac547ad628f54d3",
                    "67e550ce8ac547ad628f54d4",
                    "67e550ce8ac547ad628f54d5",
                    "67e550ce8ac547ad628f54d6",
                    "67e550ce8ac547ad628f54d7",
                    "67e550ce8ac547ad628f54d8",
                    "67e550ce8ac547ad628f54d9",
                    "67e550ce8ac547ad628f54da",
                    "67e550ce8ac547ad628f54db",
                    "67e550ce8ac547ad628f54dc",
                    "67e550ce8ac547ad628f54dd",
                    "67e550ce8ac547ad628f54de",
                    "67e550ce8ac547ad628f54df",
                    "67e550ce8ac547ad628f54e0",
                    "67e550ce8ac547ad628f54e1",
                    "67e550ce8ac547ad628f54e2",
                    "67e550ce8ac547ad628f54e3",
                    "67e550ce8ac547ad628f54e4",
                    "67e550ce8ac547ad628f54e5",
                    "67e550ce8ac547ad628f54e6",
                    "67e550ce8ac547ad628f54e7",
                    "67e550ce8ac547ad628f54e8",
                    "67e550ce8ac547ad628f54e9",
                    "67e550ce8ac547ad628f54ea",
                    "67e550ce8ac547ad628f54eb",
                    "67e550ce8ac547ad628f54ec",
                    "67e550ce8ac547ad628f54ed",
                    "67e550ce8ac547ad628f54ee",
                    "67e550ce8ac547ad628f54ef",
                    "67e550ce8ac547ad628f54f0",
                    "67e550ce8ac547ad628f54f1",
                    "67e550ce8ac547ad628f54f2",
                    "67e550ce8ac547ad628f54f3",
                    "67e550ce8ac547ad628f54f4",
                    "67e550ce8ac547ad628f54f5",
                    "67e550ce8ac547ad628f54f6",
                    "67e550ce8ac547ad628f54f7",
                    "67e550ce8ac547ad628f54f8",
                    "67e550ce8ac547ad628f54f9"
                ],
                "haids": [
                    "641df3d58ac5479be3717bf0",
                    "641df3d58ac5479be3717bf1",
                    "641df3d58ac5479be3717bf2",
                    "641df3d58ac5479be3717bf3",
                    "641df3d58ac5479be3717bf4",
                    "641df3d58ac5479be3717bf5",
                    "641df3d58ac5479be3717bf6",
                    "641df3d58ac5479be3717bf7",
                    "641df3d58ac5479be3717bf8",
                    "641df3d58ac5479be3717bf9",
                    "641df3d58ac5479be3717bfa",
                    "641df3d58ac5479be3717bfb",
                    "641df3d58ac5479be3717bfc",
                    "641df3d58ac5479be3717bfd",
                    "641df3d58ac5479be3717bfe",
                    "641df3d58ac5479be3717bff",
                    "641df3d58ac5479be3717c00",
                    "641df3d58ac5479be3717c01",
                    "641df3d58ac5479be3717c02",
                    "641df3d58ac5479be3717c03",
                    "641df3d58ac5479be3717c04",
                    "641df3d58ac5479be3717c05",
                    "641df3d58ac5479be3717c06",
                    "641df3d58ac5479be3717c07",
                    "641df3d58ac5479be3717c08",
                    "641df3d58ac5479be3717c09",
                    "641df3d58ac5479be3717c0a",
                    "641df3d58ac5479be3717c0b",
                    "641df3d58ac5479be3717c0c",
                    "641df3d58ac5479be3717c0d"
                ],
                "tids": [
                    "641e131b8ac547e256690e9e",
                    "641e131b8ac547e256690e9f",
                    "641e131b8ac547e256690ea0"
                ],
                "ccids": [
                    "641e11cf8ac547e1042e78cd",
                    "641e11cf8ac547e1042e78ce",
                    "641e11cf8ac547e1042e78cf",
                    "641e11cf8ac547e1042e78d0",
                    "641e11cf8ac547e1042e78d1",
                    "641e11cf8ac547e1042e78d2",
                    "641e11cf8ac547e1042e78d3",
                    "641e11cf8ac547e1042e78d4",
                    "641e11cf8ac547e1042e78d5",
                    "641e11cf8ac547e1042e78d6",
                    "641e11cf8ac547e1042e78d7",
                    "641e11cf8ac547e1042e78d8",
                    "641e11cf8ac547e1042e78d9",
                    "641e11cf8ac547e1042e78da",
                    "641e11cf8ac547e1042e78db"
                ],
                "scids": [
                    "67eaffba8ac547ac7639318c"
                ],
                "saids": [
                    "684b226e8ac5476ed06f0d25",
                    "684b226e8ac5476ed06f0d26",
                    "684b226e8ac5476ed06f0d27",
                    "684b226e8ac5476ed06f0d28",
                    "684b226e8ac5476ed06f0d29",
                    "684b226e8ac5476ed06f0d2a",
                    "684b226e8ac5476ed06f0d2b",
                    "684b226e8ac5476ed06f0d2c",
                    "684b226e8ac5476ed06f0d2d",
                    "684b226e8ac5476ed06f0d2e",
                    "684b226e8ac5476ed06f0d2f",
                    "684b226e8ac5476ed06f0d30",
                    "684b226e8ac5476ed06f0d31",
                    "684b226e8ac5476ed06f0d32",
                    "684b226e8ac5476ed06f0d33",
                    "684b226e8ac5476ed06f0d34",
                    "684b226e8ac5476ed06f0da3",
                    "684b226e8ac5476ed06f0da4",
                    "684b226e8ac5476ed06f0da5",
                    "684b226e8ac5476ed06f0da6"
                ]
            },
            "_id": "641df0978ac54793d974c3d5",
            "pid": "641df0978ac54793d974c3d5"
        },
        {
            "type": "Feature",
            "geometry": {
                "type": "Polygon",
                "coordinates": [
                    [
                        [
                            -111.97797571,
                            33.07847528
                        ],
                        [
                            -111.97810632,
                            33.07847592
                        ],
                        [
                            -111.97809625,
                            33.07991899
                        ],
                        [
                            -111.97796564,
                            33.07991835
                        ],
                        [
                            -111.97797571,
                            33.07847528
                        ]
                    ]
                ]
            },
            "properties": {
                "plt_label": "p02",
                "trt_label": "NOTILL",
                "PLTA": 1950.720034,
                "CUL_NAME": "NexGen 3195 B3XF",
                "PDATE": "2023-04-24",
                "PLYR": 2023,
                "PLDAY": 114,
                "IROP": "IR004",
                "IRVAL": [
                    {
                        "date": "2023-04-21",
                        "value": 20.4
                    },
                    {
                        "date": "2023-04-25",
                        "value": 20.4
                    },
                    {
                        "date": "2023-04-26",
                        "value": 10.2
                    },
                    {
                        "date": "2023-04-28",
                        "value": 25.5
                    },
                    {
                        "date": "2023-05-01",
                        "value": 20.4
                    },
                    {
                        "date": "2023-05-03",
                        "value": 20.4
                    },
                    {
                        "date": "2023-05-05",
                        "value": 20.4
                    },
                    {
                        "date": "2023-05-08",
                        "value": 20.4
                    },
                    {
                        "date": "2023-05-10",
                        "value": 10.2
                    },
                    {
                        "date": "2023-05-12",
                        "value": 20.4
                    },
                    {
                        "date": "2023-05-16",
                        "value": 20.4
                    },
                    {
                        "date": "2023-05-19",
                        "value": 20.4
                    },
                    {
                        "date": "2023-05-24",
                        "value": 20.4
                    },
                    {
                        "date": "2023-05-26",
                        "value": 25.3
                    },
                    {
                        "date": "2023-05-31",
                        "value": 20.4
                    },
                    {
                        "date": "2023-06-02",
                        "value": 20.4
                    },
                    {
                        "date": "2023-06-07",
                        "value": 25.3
                    },
                    {
                        "date": "2023-06-09",
                        "value": 22.8
                    },
                    {
                        "date": "2023-06-13",
                        "value": 26.0
                    },
                    {
                        "date": "2023-06-16",
                        "value": 30.6
                    },
                    {
                        "date": "2023-06-20",
                        "value": 25.6
                    },
                    {
                        "date": "2023-06-22",
                        "value": 20.4
                    },
                    {
                        "date": "2023-06-23",
                        "value": 20.4
                    },
                    {
                        "date": "2023-06-27",
                        "value": 38.7
                    },
                    {
                        "date": "2023-06-30",
                        "value": 34.6
                    },
                    {
                        "date": "2023-07-05",
                        "value": 37.1
                    },
                    {
                        "date": "2023-07-07",
                        "value": 37.1
                    },
                    {
                        "date": "2023-07-11",
                        "value": 44.5
                    },
                    {
                        "date": "2023-07-14",
                        "value": 44.5
                    },
                    {
                        "date": "2023-07-18",
                        "value": 44.9
                    },
                    {
                        "date": "2023-07-21",
                        "value": 45.2
                    },
                    {
                        "date": "2023-07-25",
                        "value": 48.7
                    },
                    {
                        "date": "2023-07-28",
                        "value": 45.8
                    },
                    {
                        "date": "2023-08-01",
                        "value": 40.8
                    },
                    {
                        "date": "2023-08-04",
                        "value": 40.6
                    },
                    {
                        "date": "2023-08-08",
                        "value": 30.6
                    },
                    {
                        "date": "2023-08-11",
                        "value": 40.8
                    },
                    {
                        "date": "2023-08-15",
                        "value": 30.6
                    },
                    {
                        "date": "2023-08-18",
                        "value": 40.8
                    },
                    {
                        "date": "2023-08-22",
                        "value": 30.6
                    },
                    {
                        "date": "2023-08-25",
                        "value": 40.8
                    },
                    {
                        "date": "2023-08-29",
                        "value": 30.6
                    },
                    {
                        "date": "2023-09-06",
                        "value": 30.6
                    },
                    {
                        "date": "2023-09-08",
                        "value": 35.6
                    }
                ],
                "FEAMN": [
                    {
                        "date": "2023-06-07",
                        "value": 51.9
                    },
                    {
                        "date": "2023-06-27",
                        "value": 51.9
                    },
                    {
                        "date": "2023-07-18",
                        "value": 51.9
                    }
                ],
                "CH_NOTES": [
                    {
                        "date": "2023-03-27",
                        "value": "Apply RoundUp (glyphosate)"
                    },
                    {
                        "date": "2023-04-20",
                        "value": "Apply Acumen (pendimethalin)"
                    },
                    {
                        "date": "2023-05-23",
                        "value": "Apply RoundUp (glyphosate)"
                    },
                    {
                        "date": "2023-06-06",
                        "value": "Apply RoundUp (glyphosate)"
                    },
                    {
                        "date": "2023-07-24",
                        "value": "Apply Mepstar6 (mepiquat chloride)"
                    },
                    {
                        "date": "2023-10-09",
                        "value": "Apply Redipik (diuron, thidiazuron)"
                    },
                    {
                        "date": "2023-10-25",
                        "value": "Apply Redipik (diuron, thidiazuron) and CottonQuik (urea sulfate, ethephon)"
                    }
                ],
                "TI_NOTES": [
                    {
                        "date": "2023-12",
                        "value": "Root pull, rip, moldboard plow, disk, and land plane"
                    }
                ],
                "EDATE": "2023-05-03",
                "PLYRE": 2023,
                "PLDOE": 123,
                "LF1D": "2023-05-15",
                "ADAT": "2023-07-02",
                "ADOY": 183,
                "NAWF": [
                    {
                        "date": "2023-07-03",
                        "value": 7.2
                    },
                    {
                        "date": "2023-07-13",
                        "value": 6.8
                    },
                    {
                        "date": "2023-07-20",
                        "value": 5.1
                    },
                    {
                        "date": "2023-07-27",
                        "value": 3.6
                    },
                    {
                        "date": "2023-08-03",
                        "value": 3.1
                    },
                    {
                        "date": "2023-08-24",
                        "value": 2.0
                    }
                ],
                "FRCOV": [
                    {
                        "date": "2023-04-25",
                        "value": 0.0
                    },
                    {
                        "date": "2023-06-21",
                        "value": 0.296
                    },
                    {
                        "date": "2023-06-29",
                        "value": 0.431
                    },
                    {
                        "date": "2023-07-03",
                        "value": 0.508
                    },
                    {
                        "date": "2023-07-13",
                        "value": 0.645
                    },
                    {
                        "date": "2023-07-20",
                        "value": 0.76
                    },
                    {
                        "date": "2023-07-28",
                        "value": 0.844
                    }
                ],
                "EM38V": [
                    {
                        "date": "2013-09-17",
                        "value": 57.54
                    },
                    {
                        "date": "2015-04-28",
                        "value": 45.04
                    }
                ],
                "SLSND_M": [
                    {
                        "depth": 15,
                        "mindepth": 0,
                        "maxdepth": 30,
                        "value": 48.8
                    },
                    {
                        "depth": 45,
                        "mindepth": 30,
                        "maxdepth": 60,
                        "value": 49.07
                    },
                    {
                        "depth": 75,
                        "mindepth": 60,
                        "maxdepth": 90,
                        "value": 50.04
                    },
                    {
                        "depth": 105,
                        "mindepth": 90,
                        "maxdepth": 120,
                        "value": 48.93
                    },
                    {
                        "depth": 135,
                        "mindepth": 120,
                        "maxdepth": 150,
                        "value": 49.01
                    },
                    {
                        "depth": 165,
                        "mindepth": 150,
                        "maxdepth": 180,
                        "value": 47.78
                    }
                ],
                "SLSLT_M": [
                    {
                        "depth": 15,
                        "mindepth": 0,
                        "maxdepth": 30,
                        "value": 23.66
                    },
                    {
                        "depth": 45,
                        "mindepth": 30,
                        "maxdepth": 60,
                        "value": 20.28
                    },
                    {
                        "depth": 75,
                        "mindepth": 60,
                        "maxdepth": 90,
                        "value": 22.42
                    },
                    {
                        "depth": 105,
                        "mindepth": 90,
                        "maxdepth": 120,
                        "value": 19.97
                    },
                    {
                        "depth": 135,
                        "mindepth": 120,
                        "maxdepth": 150,
                        "value": 21.75
                    },
                    {
                        "depth": 165,
                        "mindepth": 150,
                        "maxdepth": 180,
                        "value": 20.9
                    }
                ],
                "SLCLY_M": [
                    {
                        "depth": 15,
                        "mindepth": 0,
                        "maxdepth": 30,
                        "value": 27.55
                    },
                    {
                        "depth": 45,
                        "mindepth": 30,
                        "maxdepth": 60,
                        "value": 30.62
                    },
                    {
                        "depth": 75,
                        "mindepth": 60,
                        "maxdepth": 90,
                        "value": 27.4
                    },
                    {
                        "depth": 105,
                        "mindepth": 90,
                        "maxdepth": 120,
                        "value": 30.71
                    },
                    {
                        "depth": 135,
                        "mindepth": 120,
                        "maxdepth": 150,
                        "value": 29.19
                    },
                    {
                        "depth": 165,
                        "mindepth": 150,
                        "maxdepth": 180,
                        "value": 30.73
                    }
                ],
                "SLWP": [
                    {
                        "depth": 15,
                        "mindepth": 0,
                        "maxdepth": 30,
                        "value": 0.144
                    },
                    {
                        "depth": 45,
                        "mindepth": 30,
                        "maxdepth": 60,
                        "value": 0.146
                    },
                    {
                        "depth": 75,
                        "mindepth": 60,
                        "maxdepth": 90,
                        "value": 0.153
                    },
                    {
                        "depth": 105,
                        "mindepth": 90,
                        "maxdepth": 120,
                        "value": 0.154
                    },
                    {
                        "depth": 135,
                        "mindepth": 120,
                        "maxdepth": 150,
                        "value": 0.15
                    },
                    {
                        "depth": 165,
                        "mindepth": 150,
                        "maxdepth": 180,
                        "value": 0.147
                    }
                ],
                "SLWP2": [
                    {
                        "depth": 15,
                        "mindepth": 0,
                        "maxdepth": 30,
                        "value": 0.169
                    },
                    {
                        "depth": 45,
                        "mindepth": 30,
                        "maxdepth": 60,
                        "value": 0.169
                    },
                    {
                        "depth": 75,
                        "mindepth": 60,
                        "maxdepth": 90,
                        "value": 0.171
                    },
                    {
                        "depth": 105,
                        "mindepth": 90,
                        "maxdepth": 120,
                        "value": 0.174
                    },
                    {
                        "depth": 135,
                        "mindepth": 120,
                        "maxdepth": 150,
                        "value": 0.162
                    },
                    {
                        "depth": 165,
                        "mindepth": 150,
                        "maxdepth": 180,
                        "value": 0.165
                    }
                ],
                "SLFC1": [
                    {
                        "depth": 15,
                        "mindepth": 0,
                        "maxdepth": 30,
                        "value": 0.284
                    },
                    {
                        "depth": 45,
                        "mindepth": 30,
                        "maxdepth": 60,
                        "value": 0.273
                    },
                    {
                        "depth": 75,
                        "mindepth": 60,
                        "maxdepth": 90,
                        "value": 0.296
                    },
                    {
                        "depth": 105,
                        "mindepth": 90,
                        "maxdepth": 120,
                        "value": 0.291
                    },
                    {
                        "depth": 135,
                        "mindepth": 120,
                        "maxdepth": 150,
                        "value": 0.286
                    },
                    {
                        "depth": 165,
                        "mindepth": 150,
                        "maxdepth": 180,
                        "value": 0.296
                    }
                ],
                "SLSND_GBM": [
                    {
                        "depth": 20,
                        "mindepth": 0,
                        "maxdepth": 40,
                        "value": 53.05
                    },
                    {
                        "depth": 60,
                        "mindepth": 40,
                        "maxdepth": 80,
                        "value": 54.78
                    },
                    {
                        "depth": 100,
                        "mindepth": 80,
                        "maxdepth": 120,
                        "value": 53.57
                    },
                    {
                        "depth": 140,
                        "mindepth": 120,
                        "maxdepth": 160,
                        "value": 56.2
                    },
                    {
                        "depth": 180,
                        "mindepth": 160,
                        "maxdepth": 200,
                        "value": 63.28
                    }
                ],
                "SLSLT_GBM": [
                    {
                        "depth": 20,
                        "mindepth": 0,
                        "maxdepth": 40,
                        "value": 19.62
                    },
                    {
                        "depth": 60,
                        "mindepth": 40,
                        "maxdepth": 80,
                        "value": 19.81
                    },
                    {
                        "depth": 100,
                        "mindepth": 80,
                        "maxdepth": 120,
                        "value": 23.53
                    },
                    {
                        "depth": 140,
                        "mindepth": 120,
                        "maxdepth": 160,
                        "value": 21.73
                    },
                    {
                        "depth": 180,
                        "mindepth": 160,
                        "maxdepth": 200,
                        "value": 18.11
                    }
                ],
                "SLCLY_GBM": [
                    {
                        "depth": 20,
                        "mindepth": 0,
                        "maxdepth": 40,
                        "value": 27.32
                    },
                    {
                        "depth": 60,
                        "mindepth": 40,
                        "maxdepth": 80,
                        "value": 26.47
                    },
                    {
                        "depth": 100,
                        "mindepth": 80,
                        "maxdepth": 120,
                        "value": 22.97
                    },
                    {
                        "depth": 140,
                        "mindepth": 120,
                        "maxdepth": 160,
                        "value": 21.88
                    },
                    {
                        "depth": 180,
                        "mindepth": 160,
                        "maxdepth": 200,
                        "value": 18.91
                    }
                ],
                "SLSND_GB": [
                    {
                        "depth": 20,
                        "mindepth": 0,
                        "maxdepth": 40,
                        "value": 61.9
                    },
                    {
                        "depth": 60,
                        "mindepth": 40,
                        "maxdepth": 80,
                        "value": 64.13
                    },
                    {
                        "depth": 100,
                        "mindepth": 80,
                        "maxdepth": 120,
                        "value": 63.46
                    },
                    {
                        "depth": 140,
                        "mindepth": 120,
                        "maxdepth": 160,
                        "value": 65.67
                    },
                    {
                        "depth": 180,
                        "mindepth": 160,
                        "maxdepth": 200,
                        "value": 72.69
                    }
                ],
                "SLSLT_GB": [
                    {
                        "depth": 20,
                        "mindepth": 0,
                        "maxdepth": 40,
                        "value": 22.67
                    },
                    {
                        "depth": 60,
                        "mindepth": 40,
                        "maxdepth": 80,
                        "value": 21.94
                    },
                    {
                        "depth": 100,
                        "mindepth": 80,
                        "maxdepth": 120,
                        "value": 25.79
                    },
                    {
                        "depth": 140,
                        "mindepth": 120,
                        "maxdepth": 160,
                        "value": 24.16
                    },
                    {
                        "depth": 180,
                        "mindepth": 160,
                        "maxdepth": 200,
                        "value": 19.12
                    }
                ],
                "SLCLY_GB": [
                    {
                        "depth": 20,
                        "mindepth": 0,
                        "maxdepth": 40,
                        "value": 15.32
                    },
                    {
                        "depth": 60,
                        "mindepth": 40,
                        "maxdepth": 80,
                        "value": 14.48
                    },
                    {
                        "depth": 100,
                        "mindepth": 80,
                        "maxdepth": 120,
                        "value": 10.89
                    },
                    {
                        "depth": 140,
                        "mindepth": 120,
                        "maxdepth": 160,
                        "value": 10.25
                    },
                    {
                        "depth": 180,
                        "mindepth": 160,
                        "maxdepth": 200,
                        "value": 8.45
                    }
                ],
                "HARM": "Machine",
                "HADAT": "2023-11-13",
                "WBWAH": 4026.2,
                "BWCAH": 5.57,
                "DBWAH": 3802.0,
                "GNDAT": "2023-11-14",
                "FFRAC": 0.3717,
                "SFRAC": 0.4573,
                "TFRAC": 0.171,
                "WFWAH": 1496.7,
                "WSWAH": 1841.1,
                "WSCWAH": 3337.8,
                "DFWAH": 1413.4,
                "DSWAH": 1738.6,
                "DSCWAH": 3152.0,
                "QLDAT": "2024-01-04",
                "FBMIC": 48.4,
                "FBLTH": 1.088,
                "FBUNI": 79.8,
                "FBSTR": 28.5,
                "FBELO": 5.2,
                "FBCRD": 79.5,
                "FBCLB": 9.0,
                "FBTCT": 12.0,
                "FBTAR": 0.22,
                "FBSFI": 12.7,
                "zids": [
                    "67e550ce8ac547ad628f54fa",
                    "67e550ce8ac547ad628f54fb",
                    "67e550ce8ac547ad628f54fc",
                    "67e550ce8ac547ad628f54fd",
                    "67e550ce8ac547ad628f54fe",
                    "67e550ce8ac547ad628f54ff",
                    "67e550ce8ac547ad628f5500",
                    "67e550ce8ac547ad628f5501",
                    "67e550ce8ac547ad628f5502",
                    "67e550ce8ac547ad628f5503",
                    "67e550ce8ac547ad628f5504",
                    "67e550ce8ac547ad628f5505",
                    "67e550ce8ac547ad628f5506",
                    "67e550ce8ac547ad628f5507",
                    "67e550ce8ac547ad628f5508",
                    "67e550ce8ac547ad628f5509",
                    "67e550ce8ac547ad628f550a",
                    "67e550ce8ac547ad628f550b",
                    "67e550ce8ac547ad628f550c",
                    "67e550ce8ac547ad628f550d",
                    "67e550ce8ac547ad628f550e",
                    "67e550ce8ac547ad628f550f",
                    "67e550ce8ac547ad628f5510",
                    "67e550ce8ac547ad628f5511",
                    "67e550ce8ac547ad628f5512",
                    "67e550ce8ac547ad628f5513",
                    "67e550ce8ac547ad628f5514",
                    "67e550ce8ac547ad628f5515",
                    "67e550ce8ac547ad628f5516",
                    "67e550ce8ac547ad628f5517",
                    "67e550ce8ac547ad628f5518",
                    "67e550ce8ac547ad628f5519",
                    "67e550ce8ac547ad628f551a",
                    "67e550ce8ac547ad628f551b",
                    "67e550ce8ac547ad628f551c",
                    "67e550ce8ac547ad628f551d",
                    "67e550ce8ac547ad628f551e",
                    "67e550ce8ac547ad628f551f",
                    "67e550ce8ac547ad628f5520",
                    "67e550ce8ac547ad628f5521",
                    "67e550ce8ac547ad628f5522",
                    "67e550ce8ac547ad628f5523",
                    "67e550ce8ac547ad628f5524",
                    "67e550ce8ac547ad628f5525",
                    "67e550ce8ac547ad628f5526",
                    "67e550ce8ac547ad628f5527",
                    "67e550ce8ac547ad628f5528",
                    "67e550ce8ac547ad628f5529",
                    "67e550ce8ac547ad628f552a",
                    "67e550ce8ac547ad628f552b",
                    "67e550ce8ac547ad628f552c",
                    "67e550ce8ac547ad628f552d"
                ],
                "haids": [
                    "641df3d58ac5479be3717c0e",
                    "641df3d58ac5479be3717c0f",
                    "641df3d58ac5479be3717c10",
                    "641df3d58ac5479be3717c11",
                    "641df3d58ac5479be3717c12",
                    "641df3d58ac5479be3717c13",
                    "641df3d58ac5479be3717c14",
                    "641df3d58ac5479be3717c15",
                    "641df3d58ac5479be3717c16",
                    "641df3d58ac5479be3717c17",
                    "641df3d58ac5479be3717c18",
                    "641df3d58ac5479be3717c19",
                    "641df3d58ac5479be3717c1a",
                    "641df3d58ac5479be3717c1b",
                    "641df3d58ac5479be3717c1c",
                    "641df3d58ac5479be3717c1d",
                    "641df3d58ac5479be3717c1e",
                    "641df3d58ac5479be3717c1f",
                    "641df3d58ac5479be3717c20",
                    "641df3d58ac5479be3717c21",
                    "641df3d58ac5479be3717c22",
                    "641df3d58ac5479be3717c23",
                    "641df3d58ac5479be3717c24",
                    "641df3d58ac5479be3717c25",
                    "641df3d58ac5479be3717c26",
                    "641df3d58ac5479be3717c27",
                    "641df3d58ac5479be3717c28",
                    "641df3d58ac5479be3717c29",
                    "641df3d58ac5479be3717c2a",
                    "641df3d58ac5479be3717c2b"
                ],
                "tids": [
                    "641e131b8ac547e256690ea1",
                    "641e131b8ac547e256690ea2",
                    "641e131b8ac547e256690ea3"
                ],
                "ccids": [
                    "641e11cf8ac547e1042e78dc",
                    "641e11cf8ac547e1042e78dd",
                    "641e11cf8ac547e1042e78de",
                    "641e11cf8ac547e1042e78df",
                    "641e11cf8ac547e1042e78e0",
                    "641e11cf8ac547e1042e78e1",
                    "641e11cf8ac547e1042e78e2",
                    "641e11cf8ac547e1042e78e3",
                    "641e11cf8ac547e1042e78e4",
                    "641e11cf8ac547e1042e78e5",
                    "641e11cf8ac547e1042e78e6",
                    "641e11cf8ac547e1042e78e7",
                    "641e11cf8ac547e1042e78e8",
                    "641e11cf8ac547e1042e78e9",
                    "641e11cf8ac547e1042e78ea"
                ],
                "scids": [
                    "67eaffba8ac547ac7639318d"
                ],
                "saids": [
                    "684b226e8ac5476ed06f0d15",
                    "684b226e8ac5476ed06f0d16",
                    "684b226e8ac5476ed06f0d17",
                    "684b226e8ac5476ed06f0d18",
                    "684b226e8ac5476ed06f0d19",
                    "684b226e8ac5476ed06f0d1a",
                    "684b226e8ac5476ed06f0d1b",
                    "684b226e8ac5476ed06f0d1c",
                    "684b226e8ac5476ed06f0d1d",
                    "684b226e8ac5476ed06f0d1e",
                    "684b226e8ac5476ed06f0d1f",
                    "684b226e8ac5476ed06f0d20",
                    "684b226e8ac5476ed06f0d21",
                    "684b226e8ac5476ed06f0d22",
                    "684b226e8ac5476ed06f0d23",
                    "684b226e8ac5476ed06f0d24",
                    "684b226e8ac5476ed06f0d9f",
                    "684b226e8ac5476ed06f0da0",
                    "684b226e8ac5476ed06f0da1",
                    "684b226e8ac5476ed06f0da2"
                ]
            },
            "_id": "641df0978ac54793d974c3d6",
            "pid": "641df0978ac54793d974c3d6"
        },
        {
            "type": "Feature",
            "geometry": {
                "type": "Polygon",
                "coordinates": [
                    [
                        [
                            -111.97782333,
                            33.07847452
                        ],
                        [
                            -111.97795394,
                            33.07847517
                        ],
                        [
                            -111.97794387,
                            33.07991824
                        ],
                        [
                            -111.97781325,
                            33.07991759
                        ],
                        [
                            -111.97782333,
                            33.07847452
                        ]
                    ]
                ]
            },
            "properties": {
                "plt_label": "p03",
                "trt_label": "NOTILL",
                "PLTA": 1950.720041,
                "CUL_NAME": "NexGen 3195 B3XF",
                "PDATE": "2023-04-24",
                "PLYR": 2023,
                "PLDAY": 114,
                "IROP": "IR004",
                "IRVAL": [
                    {
                        "date": "2023-04-21",
                        "value": 20.4
                    },
                    {
                        "date": "2023-04-25",
                        "value": 20.4
                    },
                    {
                        "date": "2023-04-26",
                        "value": 10.2
                    },
                    {
                        "date": "2023-04-28",
                        "value": 25.5
                    },
                    {
                        "date": "2023-05-01",
                        "value": 20.4
                    },
                    {
                        "date": "2023-05-03",
                        "value": 20.4
                    },
                    {
                        "date": "2023-05-05",
                        "value": 20.4
                    },
                    {
                        "date": "2023-05-08",
                        "value": 20.4
                    },
                    {
                        "date": "2023-05-10",
                        "value": 10.2
                    },
                    {
                        "date": "2023-05-12",
                        "value": 20.4
                    },
                    {
                        "date": "2023-05-16",
                        "value": 20.4
                    },
                    {
                        "date": "2023-05-19",
                        "value": 20.4
                    },
                    {
                        "date": "2023-05-24",
                        "value": 20.4
                    },
                    {
                        "date": "2023-05-26",
                        "value": 25.3
                    },
                    {
                        "date": "2023-05-31",
                        "value": 20.4
                    },
                    {
                        "date": "2023-06-02",
                        "value": 20.4
                    },
                    {
                        "date": "2023-06-07",
                        "value": 25.3
                    },
                    {
                        "date": "2023-06-09",
                        "value": 22.8
                    },
                    {
                        "date": "2023-06-13",
                        "value": 26.0
                    },
                    {
                        "date": "2023-06-16",
                        "value": 30.6
                    },
                    {
                        "date": "2023-06-20",
                        "value": 25.6
                    },
                    {
                        "date": "2023-06-22",
                        "value": 20.4
                    },
                    {
                        "date": "2023-06-23",
                        "value": 20.4
                    },
                    {
                        "date": "2023-06-27",
                        "value": 38.7
                    },
                    {
                        "date": "2023-06-30",
                        "value": 34.6
                    },
                    {
                        "date": "2023-07-05",
                        "value": 37.1
                    },
                    {
                        "date": "2023-07-07",
                        "value": 37.1
                    },
                    {
                        "date": "2023-07-11",
                        "value": 44.5
                    },
                    {
                        "date": "2023-07-14",
                        "value": 44.5
                    },
                    {
                        "date": "2023-07-18",
                        "value": 44.9
                    },
                    {
                        "date": "2023-07-21",
                        "value": 45.2
                    },
                    {
                        "date": "2023-07-25",
                        "value": 48.7
                    },
                    {
                        "date": "2023-07-28",
                        "value": 45.8
                    },
                    {
                        "date": "2023-08-01",
                        "value": 40.8
                    },
                    {
                        "date": "2023-08-04",
                        "value": 40.6
                    },
                    {
                        "date": "2023-08-08",
                        "value": 30.6
                    },
                    {
                        "date": "2023-08-11",
                        "value": 40.8
                    },
                    {
                        "date": "2023-08-15",
                        "value": 30.6
                    },
                    {
                        "date": "2023-08-18",
                        "value": 40.8
                    },
                    {
                        "date": "2023-08-22",
                        "value": 30.6
                    },
                    {
                        "date": "2023-08-25",
                        "value": 40.8
                    },
                    {
                        "date": "2023-08-29",
                        "value": 30.6
                    },
                    {
                        "date": "2023-09-06",
                        "value": 30.6
                    },
                    {
                        "date": "2023-09-08",
                        "value": 35.6
                    }
                ],
                "FEAMN": [
                    {
                        "date": "2023-06-07",
                        "value": 51.9
                    },
                    {
                        "date": "2023-06-27",
                        "value": 51.9
                    },
                    {
                        "date": "2023-07-18",
                        "value": 51.9
                    }
                ],
                "CH_NOTES": [
                    {
                        "date": "2023-03-27",
                        "value": "Apply RoundUp (glyphosate)"
                    },
                    {
                        "date": "2023-04-20",
                        "value": "Apply Acumen (pendimethalin)"
                    },
                    {
                        "date": "2023-05-23",
                        "value": "Apply RoundUp (glyphosate)"
                    },
                    {
                        "date": "2023-06-06",
                        "value": "Apply RoundUp (glyphosate)"
                    },
                    {
                        "date": "2023-07-24",
                        "value": "Apply Mepstar6 (mepiquat chloride)"
                    },
                    {
                        "date": "2023-10-09",
                        "value": "Apply Redipik (diuron, thidiazuron)"
                    },
                    {
                        "date": "2023-10-25",
                        "value": "Apply Redipik (diuron, thidiazuron) and CottonQuik (urea sulfate, ethephon)"
                    }
                ],
                "TI_NOTES": [
                    {
                        "date": "2023-12",
                        "value": "Root pull, rip, moldboard plow, disk, and land plane"
                    }
                ],
                "EDATE": "2023-05-02",
                "PLYRE": 2023,
                "PLDOE": 122,
                "LF1D": "2023-05-14",
                "ADAT": "2023-07-02",
                "ADOY": 183,
                "NAWF": [
                    {
                        "date": "2023-07-03",
                        "value": 7.3
                    },
                    {
                        "date": "2023-07-13",
                        "value": 6.7
                    },
                    {
                        "date": "2023-07-20",
                        "value": 5.3
                    },
                    {
                        "date": "2023-07-27",
                        "value": 3.6
                    },
                    {
                        "date": "2023-08-03",
                        "value": 3.2
                    },
                    {
                        "date": "2023-08-24",
                        "value": 1.6
                    }
                ],
                "FRCOV": [
                    {
                        "date": "2023-04-25",
                        "value": 0.0
                    },
                    {
                        "date": "2023-06-21",
                        "value": 0.296
                    },
                    {
                        "date": "2023-06-29",
                        "value": 0.431
                    },
                    {
                        "date": "2023-07-03",
                        "value": 0.515
                    },
                    {
                        "date": "2023-07-13",
                        "value": 0.668
                    },
                    {
                        "date": "2023-07-20",
                        "value": 0.791
                    },
                    {
                        "date": "2023-07-28",
                        "value": 0.883
                    }
                ],
                "EM38V": [
                    {
                        "date": "2013-09-17",
                        "value": 60.45
                    },
                    {
                        "date": "2015-04-28",
                        "value": 47.45
                    }
                ],
                "SLSND_M": [
                    {
                        "depth": 15,
                        "mindepth": 0,
                        "maxdepth": 30,
                        "value": 48.96
                    },
                    {
                        "depth": 45,
                        "mindepth": 30,
                        "maxdepth": 60,
                        "value": 49.74
                    },
                    {
                        "depth": 75,
                        "mindepth": 60,
                        "maxdepth": 90,
                        "value": 51.03
                    },
                    {
                        "depth": 105,
                        "mindepth": 90,
                        "maxdepth": 120,
                        "value": 48.98
                    },
                    {
                        "depth": 135,
                        "mindepth": 120,
                        "maxdepth": 150,
                        "value": 48.89
                    },
                    {
                        "depth": 165,
                        "mindepth": 150,
                        "maxdepth": 180,
                        "value": 47.79
                    }
                ],
                "SLSLT_M": [
                    {
                        "depth": 15,
                        "mindepth": 0,
                        "maxdepth": 30,
                        "value": 23.16
                    },
                    {
                        "depth": 45,
                        "mindepth": 30,
                        "maxdepth": 60,
                        "value": 20.18
                    },
                    {
                        "depth": 75,
                        "mindepth": 60,
                        "maxdepth": 90,
                        "value": 23.16
                    },
                    {
                        "depth": 105,
                        "mindepth": 90,
                        "maxdepth": 120,
                        "value": 19.93
                    },
                    {
                        "depth": 135,
                        "mindepth": 120,
                        "maxdepth": 150,
                        "value": 23.15
                    },
                    {
                        "depth": 165,
                        "mindepth": 150,
                        "maxdepth": 180,
                        "value": 21.31
                    }
                ],
                "SLCLY_M": [
                    {
                        "depth": 15,
                        "mindepth": 0,
                        "maxdepth": 30,
                        "value": 27.81
                    },
                    {
                        "depth": 45,
                        "mindepth": 30,
                        "maxdepth": 60,
                        "value": 30.07
                    },
                    {
                        "depth": 75,
                        "mindepth": 60,
                        "maxdepth": 90,
                        "value": 25.79
                    },
                    {
                        "depth": 105,
                        "mindepth": 90,
                        "maxdepth": 120,
                        "value": 31.49
                    },
                    {
                        "depth": 135,
                        "mindepth": 120,
                        "maxdepth": 150,
                        "value": 27.49
                    },
                    {
                        "depth": 165,
                        "mindepth": 150,
                        "maxdepth": 180,
                        "value": 30.66
                    }
                ],
                "SLWP": [
                    {
                        "depth": 15,
                        "mindepth": 0,
                        "maxdepth": 30,
                        "value": 0.142
                    },
                    {
                        "depth": 45,
                        "mindepth": 30,
                        "maxdepth": 60,
                        "value": 0.144
                    },
                    {
                        "depth": 75,
                        "mindepth": 60,
                        "maxdepth": 90,
                        "value": 0.151
                    },
                    {
                        "depth": 105,
                        "mindepth": 90,
                        "maxdepth": 120,
                        "value": 0.153
                    },
                    {
                        "depth": 135,
                        "mindepth": 120,
                        "maxdepth": 150,
                        "value": 0.15
                    },
                    {
                        "depth": 165,
                        "mindepth": 150,
                        "maxdepth": 180,
                        "value": 0.146
                    }
                ],
                "SLWP2": [
                    {
                        "depth": 15,
                        "mindepth": 0,
                        "maxdepth": 30,
                        "value": 0.169
                    },
                    {
                        "depth": 45,
                        "mindepth": 30,
                        "maxdepth": 60,
                        "value": 0.167
                    },
                    {
                        "depth": 75,
                        "mindepth": 60,
                        "maxdepth": 90,
                        "value": 0.17
                    },
                    {
                        "depth": 105,
                        "mindepth": 90,
                        "maxdepth": 120,
                        "value": 0.173
                    },
                    {
                        "depth": 135,
                        "mindepth": 120,
                        "maxdepth": 150,
                        "value": 0.164
                    },
                    {
                        "depth": 165,
                        "mindepth": 150,
                        "maxdepth": 180,
                        "value": 0.166
                    }
                ],
                "SLFC1": [
                    {
                        "depth": 15,
                        "mindepth": 0,
                        "maxdepth": 30,
                        "value": 0.284
                    },
                    {
                        "depth": 45,
                        "mindepth": 30,
                        "maxdepth": 60,
                        "value": 0.272
                    },
                    {
                        "depth": 75,
                        "mindepth": 60,
                        "maxdepth": 90,
                        "value": 0.296
                    },
                    {
                        "depth": 105,
                        "mindepth": 90,
                        "maxdepth": 120,
                        "value": 0.292
                    },
                    {
                        "depth": 135,
                        "mindepth": 120,
                        "maxdepth": 150,
                        "value": 0.289
                    },
                    {
                        "depth": 165,
                        "mindepth": 150,
                        "maxdepth": 180,
                        "value": 0.297
                    }
                ],
                "SLSND_GBM": [
                    {
                        "depth": 20,
                        "mindepth": 0,
                        "maxdepth": 40,
                        "value": 52.7
                    },
                    {
                        "depth": 60,
                        "mindepth": 40,
                        "maxdepth": 80,
                        "value": 54.89
                    },
                    {
                        "depth": 100,
                        "mindepth": 80,
                        "maxdepth": 120,
                        "value": 52.41
                    },
                    {
                        "depth": 140,
                        "mindepth": 120,
                        "maxdepth": 160,
                        "value": 55.13
                    },
                    {
                        "depth": 180,
                        "mindepth": 160,
                        "maxdepth": 200,
                        "value": 62.3
                    }
                ],
                "SLSLT_GBM": [
                    {
                        "depth": 20,
                        "mindepth": 0,
                        "maxdepth": 40,
                        "value": 19.33
                    },
                    {
                        "depth": 60,
                        "mindepth": 40,
                        "maxdepth": 80,
                        "value": 19.86
                    },
                    {
                        "depth": 100,
                        "mindepth": 80,
                        "maxdepth": 120,
                        "value": 24.2
                    },
                    {
                        "depth": 140,
                        "mindepth": 120,
                        "maxdepth": 160,
                        "value": 22.47
                    },
                    {
                        "depth": 180,
                        "mindepth": 160,
                        "maxdepth": 200,
                        "value": 18.82
                    }
                ],
                "SLCLY_GBM": [
                    {
                        "depth": 20,
                        "mindepth": 0,
                        "maxdepth": 40,
                        "value": 27.71
                    },
                    {
                        "depth": 60,
                        "mindepth": 40,
                        "maxdepth": 80,
                        "value": 26.27
                    },
                    {
                        "depth": 100,
                        "mindepth": 80,
                        "maxdepth": 120,
                        "value": 23.18
                    },
                    {
                        "depth": 140,
                        "mindepth": 120,
                        "maxdepth": 160,
                        "value": 22.21
                    },
                    {
                        "depth": 180,
                        "mindepth": 160,
                        "maxdepth": 200,
                        "value": 19.2
                    }
                ],
                "SLSND_GB": [
                    {
                        "depth": 20,
                        "mindepth": 0,
                        "maxdepth": 40,
                        "value": 61.52
                    },
                    {
                        "depth": 60,
                        "mindepth": 40,
                        "maxdepth": 80,
                        "value": 64.22
                    },
                    {
                        "depth": 100,
                        "mindepth": 80,
                        "maxdepth": 120,
                        "value": 62.29
                    },
                    {
                        "depth": 140,
                        "mindepth": 120,
                        "maxdepth": 160,
                        "value": 64.56
                    },
                    {
                        "depth": 180,
                        "mindepth": 160,
                        "maxdepth": 200,
                        "value": 71.79
                    }
                ],
                "SLSLT_GB": [
                    {
                        "depth": 20,
                        "mindepth": 0,
                        "maxdepth": 40,
                        "value": 22.64
                    },
                    {
                        "depth": 60,
                        "mindepth": 40,
                        "maxdepth": 80,
                        "value": 21.99
                    },
                    {
                        "depth": 100,
                        "mindepth": 80,
                        "maxdepth": 120,
                        "value": 26.71
                    },
                    {
                        "depth": 140,
                        "mindepth": 120,
                        "maxdepth": 160,
                        "value": 25.37
                    },
                    {
                        "depth": 180,
                        "mindepth": 160,
                        "maxdepth": 200,
                        "value": 20.49
                    }
                ],
                "SLCLY_GB": [
                    {
                        "depth": 20,
                        "mindepth": 0,
                        "maxdepth": 40,
                        "value": 15.94
                    },
                    {
                        "depth": 60,
                        "mindepth": 40,
                        "maxdepth": 80,
                        "value": 14.37
                    },
                    {
                        "depth": 100,
                        "mindepth": 80,
                        "maxdepth": 120,
                        "value": 11.1
                    },
                    {
                        "depth": 140,
                        "mindepth": 120,
                        "maxdepth": 160,
                        "value": 10.26
                    },
                    {
                        "depth": 180,
                        "mindepth": 160,
                        "maxdepth": 200,
                        "value": 8.54
                    }
                ],
                "HARM": "Machine",
                "HADAT": "2023-11-13",
                "WBWAH": 4565.1,
                "BWCAH": 5.41,
                "DBWAH": 4318.3,
                "GNDAT": "2023-11-14",
                "FFRAC": 0.3725,
                "SFRAC": 0.4623,
                "TFRAC": 0.1652,
                "WFWAH": 1700.4,
                "WSWAH": 2110.5,
                "WSCWAH": 3810.8,
                "DFWAH": 1608.5,
                "DSWAH": 1996.4,
                "DSCWAH": 3604.8,
                "QLDAT": "2024-01-04",
                "FBMIC": 48.3,
                "FBLTH": 1.114,
                "FBUNI": 81.5,
                "FBSTR": 29.0,
                "FBELO": 5.0,
                "FBCRD": 80.5,
                "FBCLB": 8.7,
                "FBTCT": 12.0,
                "FBTAR": 0.13,
                "FBSFI": 10.2,
                "zids": [
                    "67e550ce8ac547ad628f552e",
                    "67e550ce8ac547ad628f552f",
                    "67e550ce8ac547ad628f5530",
                    "67e550ce8ac547ad628f5531",
                    "67e550ce8ac547ad628f5532",
                    "67e550ce8ac547ad628f5533",
                    "67e550ce8ac547ad628f5534",
                    "67e550ce8ac547ad628f5535",
                    "67e550ce8ac547ad628f5536",
                    "67e550ce8ac547ad628f5537",
                    "67e550ce8ac547ad628f5538",
                    "67e550ce8ac547ad628f5539",
                    "67e550ce8ac547ad628f553a",
                    "67e550ce8ac547ad628f553b",
                    "67e550ce8ac547ad628f553c",
                    "67e550ce8ac547ad628f553d",
                    "67e550ce8ac547ad628f553e",
                    "67e550ce8ac547ad628f553f",
                    "67e550ce8ac547ad628f5540",
                    "67e550ce8ac547ad628f5541",
                    "67e550ce8ac547ad628f5542",
                    "67e550ce8ac547ad628f5543",
                    "67e550ce8ac547ad628f5544",
                    "67e550ce8ac547ad628f5545",
                    "67e550ce8ac547ad628f5546",
                    "67e550ce8ac547ad628f5547",
                    "67e550ce8ac547ad628f5548",
                    "67e550ce8ac547ad628f5549",
                    "67e550ce8ac547ad628f554a",
                    "67e550ce8ac547ad628f554b",
                    "67e550ce8ac547ad628f554c",
                    "67e550ce8ac547ad628f554d",
                    "67e550ce8ac547ad628f554e",
                    "67e550ce8ac547ad628f554f",
                    "67e550ce8ac547ad628f5550",
                    "67e550ce8ac547ad628f5551",
                    "67e550ce8ac547ad628f5552",
                    "67e550ce8ac547ad628f5553",
                    "67e550ce8ac547ad628f5554",
                    "67e550ce8ac547ad628f5555",
                    "67e550ce8ac547ad628f5556",
                    "67e550ce8ac547ad628f5557",
                    "67e550ce8ac547ad628f5558",
                    "67e550ce8ac547ad628f5559",
                    "67e550ce8ac547ad628f555a",
                    "67e550ce8ac547ad628f555b",
                    "67e550ce8ac547ad628f555c",
                    "67e550ce8ac547ad628f555d",
                    "67e550ce8ac547ad628f555e",
                    "67e550ce8ac547ad628f555f",
                    "67e550ce8ac547ad628f5560",
                    "67e550ce8ac547ad628f5561"
                ],
                "haids": [
                    "641df3d58ac5479be3717c2c",
                    "641df3d58ac5479be3717c2d",
                    "641df3d58ac5479be3717c2e",
                    "641df3d58ac5479be3717c2f",
                    "641df3d58ac5479be3717c30",
                    "641df3d58ac5479be3717c31",
                    "641df3d58ac5479be3717c32",
                    "641df3d58ac5479be3717c33",
                    "641df3d58ac5479be3717c34",
                    "641df3d58ac5479be3717c35",
                    "641df3d58ac5479be3717c36",
                    "641df3d58ac5479be3717c37",
                    "641df3d58ac5479be3717c38",
                    "641df3d58ac5479be3717c39",
                    "641df3d58ac5479be3717c3a",
                    "641df3d58ac5479be3717c3b",
                    "641df3d58ac5479be3717c3c",
                    "641df3d58ac5479be3717c3d",
                    "641df3d58ac5479be3717c3e",
                    "641df3d58ac5479be3717c3f",
                    "641df3d58ac5479be3717c40",
                    "641df3d58ac5479be3717c41",
                    "641df3d58ac5479be3717c42",
                    "641df3d58ac5479be3717c43",
                    "641df3d58ac5479be3717c44",
                    "641df3d58ac5479be3717c45",
                    "641df3d58ac5479be3717c46",
                    "641df3d58ac5479be3717c47",
                    "641df3d58ac5479be3717c48",
                    "641df3d58ac5479be3717c49"
                ],
                "tids": [
                    "641e131b8ac547e256690ea4",
                    "641e131b8ac547e256690ea5",
                    "641e131b8ac547e256690ea6"
                ],
                "ccids": [
                    "641e11cf8ac547e1042e78eb",
                    "641e11cf8ac547e1042e78ec",
                    "641e11cf8ac547e1042e78ed",
                    "641e11cf8ac547e1042e78ee",
                    "641e11cf8ac547e1042e78ef",
                    "641e11cf8ac547e1042e78f0",
                    "641e11cf8ac547e1042e78f1",
                    "641e11cf8ac547e1042e78f2",
                    "641e11cf8ac547e1042e78f3",
                    "641e11cf8ac547e1042e78f4",
                    "641e11cf8ac547e1042e78f5",
                    "641e11cf8ac547e1042e78f6",
                    "641e11cf8ac547e1042e78f7",
                    "641e11cf8ac547e1042e78f8",
                    "641e11cf8ac547e1042e78f9"
                ],
                "scids": [
                    "67eaffba8ac547ac7639318e"
                ],
                "saids": [
                    "684b226e8ac5476ed06f0d05",
                    "684b226e8ac5476ed06f0d06",
                    "684b226e8ac5476ed06f0d07",
                    "684b226e8ac5476ed06f0d08",
                    "684b226e8ac5476ed06f0d09",
                    "684b226e8ac5476ed06f0d0a",
                    "684b226e8ac5476ed06f0d0b",
                    "684b226e8ac5476ed06f0d0c",
                    "684b226e8ac5476ed06f0d0d",
                    "684b226e8ac5476ed06f0d0e",
                    "684b226e8ac5476ed06f0d0f",
                    "684b226e8ac5476ed06f0d10",
                    "684b226e8ac5476ed06f0d11",
                    "684b226e8ac5476ed06f0d12",
                    "684b226e8ac5476ed06f0d13",
                    "684b226e8ac5476ed06f0d14",
                    "684b226e8ac5476ed06f0d9b",
                    "684b226e8ac5476ed06f0d9c",
                    "684b226e8ac5476ed06f0d9d",
                    "684b226e8ac5476ed06f0d9e"
                ]
            },
            "_id": "641df0978ac54793d974c3d7",
            "pid": "641df0978ac54793d974c3d7"
        },
        {
            "type": "Feature",
            "geometry": {
                "type": "Polygon",
                "coordinates": [
                    [
                        [
                            -111.97767094,
                            33.07847377
                        ],
                        [
                            -111.97780156,
                            33.07847441
                        ],
                        [
                            -111.97779148,
                            33.07991748
                        ],
                        [
                            -111.97766087,
                            33.07991684
                        ],
                        [
                            -111.97767094,
                            33.07847377
                        ]
                    ]
                ]
            },
            "properties": {
                "plt_label": "p04",
                "trt_label": "STRIP",
                "PLTA": 1950.719961,
                "CUL_NAME": "NexGen 3195 B3XF",
                "PDATE": "2023-04-24",
                "PLYR": 2023,
                "PLDAY": 114,
                "IROP": "IR004",
                "IRVAL": [
                    {
                        "date": "2023-04-21",
                        "value": 20.4
                    },
                    {
                        "date": "2023-04-25",
                        "value": 20.4
                    },
                    {
                        "date": "2023-04-26",
                        "value": 10.2
                    },
                    {
                        "date": "2023-04-28",
                        "value": 25.5
                    },
                    {
                        "date": "2023-05-01",
                        "value": 20.4
                    },
                    {
                        "date": "2023-05-03",
                        "value": 20.4
                    },
                    {
                        "date": "2023-05-05",
                        "value": 20.4
                    },
                    {
                        "date": "2023-05-08",
                        "value": 20.4
                    },
                    {
                        "date": "2023-05-10",
                        "value": 10.2
                    },
                    {
                        "date": "2023-05-12",
                        "value": 20.4
                    },
                    {
                        "date": "2023-05-16",
                        "value": 20.4
                    },
                    {
                        "date": "2023-05-19",
                        "value": 20.4
                    },
                    {
                        "date": "2023-05-24",
                        "value": 20.4
                    },
                    {
                        "date": "2023-05-26",
                        "value": 25.3
                    },
                    {
                        "date": "2023-05-31",
                        "value": 20.4
                    },
                    {
                        "date": "2023-06-02",
                        "value": 20.4
                    },
                    {
                        "date": "2023-06-07",
                        "value": 25.3
                    },
                    {
                        "date": "2023-06-09",
                        "value": 22.8
                    },
                    {
                        "date": "2023-06-13",
                        "value": 26.0
                    },
                    {
                        "date": "2023-06-16",
                        "value": 30.6
                    },
                    {
                        "date": "2023-06-20",
                        "value": 25.6
                    },
                    {
                        "date": "2023-06-22",
                        "value": 20.4
                    },
                    {
                        "date": "2023-06-23",
                        "value": 20.4
                    },
                    {
                        "date": "2023-06-27",
                        "value": 38.7
                    },
                    {
                        "date": "2023-06-30",
                        "value": 34.6
                    },
                    {
                        "date": "2023-07-05",
                        "value": 37.1
                    },
                    {
                        "date": "2023-07-07",
                        "value": 37.1
                    },
                    {
                        "date": "2023-07-11",
                        "value": 44.5
                    },
                    {
                        "date": "2023-07-14",
                        "value": 44.5
                    },
                    {
                        "date": "2023-07-18",
                        "value": 44.9
                    },
                    {
                        "date": "2023-07-21",
                        "value": 45.2
                    },
                    {
                        "date": "2023-07-25",
                        "value": 48.7
                    },
                    {
                        "date": "2023-07-28",
                        "value": 45.8
                    },
                    {
                        "date": "2023-08-01",
                        "value": 40.8
                    },
                    {
                        "date": "2023-08-04",
                        "value": 40.6
                    },
                    {
                        "date": "2023-08-08",
                        "value": 30.6
                    },
                    {
                        "date": "2023-08-11",
                        "value": 40.8
                    },
                    {
                        "date": "2023-08-15",
                        "value": 30.6
                    },
                    {
                        "date": "2023-08-18",
                        "value": 40.8
                    },
                    {
                        "date": "2023-08-22",
                        "value": 30.6
                    },
                    {
                        "date": "2023-08-25",
                        "value": 40.8
                    },
                    {
                        "date": "2023-08-29",
                        "value": 30.6
                    },
                    {
                        "date": "2023-09-06",
                        "value": 30.6
                    },
                    {
                        "date": "2023-09-08",
                        "value": 35.6
                    }
                ],
                "FEAMN": [
                    {
                        "date": "2023-06-07",
                        "value": 51.9
                    },
                    {
                        "date": "2023-06-27",
                        "value": 51.9
                    },
                    {
                        "date": "2023-07-18",
                        "value": 51.9
                    }
                ],
                "CH_NOTES": [
                    {
                        "date": "2023-03-27",
                        "value": "Apply RoundUp (glyphosate)"
                    },
                    {
                        "date": "2023-04-20",
                        "value": "Apply Acumen (pendimethalin)"
                    },
                    {
                        "date": "2023-05-23",
                        "value": "Apply RoundUp (glyphosate)"
                    },
                    {
                        "date": "2023-06-06",
                        "value": "Apply RoundUp (glyphosate)"
                    },
                    {
                        "date": "2023-07-24",
                        "value": "Apply Mepstar6 (mepiquat chloride)"
                    },
                    {
                        "date": "2023-10-09",
                        "value": "Apply Redipik (diuron, thidiazuron)"
                    },
                    {
                        "date": "2023-10-25",
                        "value": "Apply Redipik (diuron, thidiazuron) and CottonQuik (urea sulfate, ethephon)"
                    }
                ],
                "TI_NOTES": [
                    {
                        "date": "2023-04-17",
                        "value": "Strip tillage"
                    },
                    {
                        "date": "2023-12",
                        "value": "Root pull, rip, moldboard plow, disk, and land plane"
                    }
                ],
                "EDATE": "2023-05-04",
                "PLYRE": 2023,
                "PLDOE": 124,
                "LF1D": "2023-05-16",
                "ADAT": "2023-07-01",
                "ADOY": 182,
                "NAWF": [
                    {
                        "date": "2023-07-03",
                        "value": 6.6
                    },
                    {
                        "date": "2023-07-13",
                        "value": 5.8
                    },
                    {
                        "date": "2023-07-20",
                        "value": 4.4
                    },
                    {
                        "date": "2023-07-27",
                        "value": 2.5
                    },
                    {
                        "date": "2023-08-03",
                        "value": 2.1
                    },
                    {
                        "date": "2023-08-24",
                        "value": 0.8
                    }
                ],
                "FRCOV": [
                    {
                        "date": "2023-04-25",
                        "value": 0.0
                    },
                    {
                        "date": "2023-06-21",
                        "value": 0.156
                    },
                    {
                        "date": "2023-06-29",
                        "value": 0.311
                    },
                    {
                        "date": "2023-07-03",
                        "value": 0.39
                    },
                    {
                        "date": "2023-07-13",
                        "value": 0.559
                    },
                    {
                        "date": "2023-07-20",
                        "value": 0.682
                    },
                    {
                        "date": "2023-07-28",
                        "value": 0.8
                    }
                ],
                "EM38V": [
                    {
                        "date": "2013-09-17",
                        "value": 56.39
                    },
                    {
                        "date": "2015-04-28",
                        "value": 47.01
                    }
                ],
                "SLSND_M": [
                    {
                        "depth": 15,
                        "mindepth": 0,
                        "maxdepth": 30,
                        "value": 49.4
                    },
                    {
                        "depth": 45,
                        "mindepth": 30,
                        "maxdepth": 60,
                        "value": 51.21
                    },
                    {
                        "depth": 75,
                        "mindepth": 60,
                        "maxdepth": 90,
                        "value": 53.36
                    },
                    {
                        "depth": 105,
                        "mindepth": 90,
                        "maxdepth": 120,
                        "value": 50.86
                    },
                    {
                        "depth": 135,
                        "mindepth": 120,
                        "maxdepth": 150,
                        "value": 51.17
                    },
                    {
                        "depth": 165,
                        "mindepth": 150,
                        "maxdepth": 180,
                        "value": 50.0
                    }
                ],
                "SLSLT_M": [
                    {
                        "depth": 15,
                        "mindepth": 0,
                        "maxdepth": 30,
                        "value": 22.64
                    },
                    {
                        "depth": 45,
                        "mindepth": 30,
                        "maxdepth": 60,
                        "value": 19.85
                    },
                    {
                        "depth": 75,
                        "mindepth": 60,
                        "maxdepth": 90,
                        "value": 22.85
                    },
                    {
                        "depth": 105,
                        "mindepth": 90,
                        "maxdepth": 120,
                        "value": 19.61
                    },
                    {
                        "depth": 135,
                        "mindepth": 120,
                        "maxdepth": 150,
                        "value": 23.27
                    },
                    {
                        "depth": 165,
                        "mindepth": 150,
                        "maxdepth": 180,
                        "value": 20.21
                    }
                ],
                "SLCLY_M": [
                    {
                        "depth": 15,
                        "mindepth": 0,
                        "maxdepth": 30,
                        "value": 27.83
                    },
                    {
                        "depth": 45,
                        "mindepth": 30,
                        "maxdepth": 60,
                        "value": 28.87
                    },
                    {
                        "depth": 75,
                        "mindepth": 60,
                        "maxdepth": 90,
                        "value": 23.94
                    },
                    {
                        "depth": 105,
                        "mindepth": 90,
                        "maxdepth": 120,
                        "value": 29.35
                    },
                    {
                        "depth": 135,
                        "mindepth": 120,
                        "maxdepth": 150,
                        "value": 25.14
                    },
                    {
                        "depth": 165,
                        "mindepth": 150,
                        "maxdepth": 180,
                        "value": 30.04
                    }
                ],
                "SLWP": [
                    {
                        "depth": 15,
                        "mindepth": 0,
                        "maxdepth": 30,
                        "value": 0.14
                    },
                    {
                        "depth": 45,
                        "mindepth": 30,
                        "maxdepth": 60,
                        "value": 0.141
                    },
                    {
                        "depth": 75,
                        "mindepth": 60,
                        "maxdepth": 90,
                        "value": 0.148
                    },
                    {
                        "depth": 105,
                        "mindepth": 90,
                        "maxdepth": 120,
                        "value": 0.15
                    },
                    {
                        "depth": 135,
                        "mindepth": 120,
                        "maxdepth": 150,
                        "value": 0.148
                    },
                    {
                        "depth": 165,
                        "mindepth": 150,
                        "maxdepth": 180,
                        "value": 0.144
                    }
                ],
                "SLWP2": [
                    {
                        "depth": 15,
                        "mindepth": 0,
                        "maxdepth": 30,
                        "value": 0.168
                    },
                    {
                        "depth": 45,
                        "mindepth": 30,
                        "maxdepth": 60,
                        "value": 0.164
                    },
                    {
                        "depth": 75,
                        "mindepth": 60,
                        "maxdepth": 90,
                        "value": 0.168
                    },
                    {
                        "depth": 105,
                        "mindepth": 90,
                        "maxdepth": 120,
                        "value": 0.17
                    },
                    {
                        "depth": 135,
                        "mindepth": 120,
                        "maxdepth": 150,
                        "value": 0.165
                    },
                    {
                        "depth": 165,
                        "mindepth": 150,
                        "maxdepth": 180,
                        "value": 0.166
                    }
                ],
                "SLFC1": [
                    {
                        "depth": 15,
                        "mindepth": 0,
                        "maxdepth": 30,
                        "value": 0.286
                    },
                    {
                        "depth": 45,
                        "mindepth": 30,
                        "maxdepth": 60,
                        "value": 0.27
                    },
                    {
                        "depth": 75,
                        "mindepth": 60,
                        "maxdepth": 90,
                        "value": 0.294
                    },
                    {
                        "depth": 105,
                        "mindepth": 90,
                        "maxdepth": 120,
                        "value": 0.291
                    },
                    {
                        "depth": 135,
                        "mindepth": 120,
                        "maxdepth": 150,
                        "value": 0.292
                    },
                    {
                        "depth": 165,
                        "mindepth": 150,
                        "maxdepth": 180,
                        "value": 0.298
                    }
                ],
                "SLSND_GBM": [
                    {
                        "depth": 20,
                        "mindepth": 0,
                        "maxdepth": 40,
                        "value": 52.39
                    },
                    {
                        "depth": 60,
                        "mindepth": 40,
                        "maxdepth": 80,
                        "value": 55.44
                    },
                    {
                        "depth": 100,
                        "mindepth": 80,
                        "maxdepth": 120,
                        "value": 53.02
                    },
                    {
                        "depth": 140,
                        "mindepth": 120,
                        "maxdepth": 160,
                        "value": 55.07
                    },
                    {
                        "depth": 180,
                        "mindepth": 160,
                        "maxdepth": 200,
                        "value": 62.51
                    }
                ],
                "SLSLT_GBM": [
                    {
                        "depth": 20,
                        "mindepth": 0,
                        "maxdepth": 40,
                        "value": 19.48
                    },
                    {
                        "depth": 60,
                        "mindepth": 40,
                        "maxdepth": 80,
                        "value": 19.93
                    },
                    {
                        "depth": 100,
                        "mindepth": 80,
                        "maxdepth": 120,
                        "value": 24.09
                    },
                    {
                        "depth": 140,
                        "mindepth": 120,
                        "maxdepth": 160,
                        "value": 22.32
                    },
                    {
                        "depth": 180,
                        "mindepth": 160,
                        "maxdepth": 200,
                        "value": 18.56
                    }
                ],
                "SLCLY_GBM": [
                    {
                        "depth": 20,
                        "mindepth": 0,
                        "maxdepth": 40,
                        "value": 27.85
                    },
                    {
                        "depth": 60,
                        "mindepth": 40,
                        "maxdepth": 80,
                        "value": 24.94
                    },
                    {
                        "depth": 100,
                        "mindepth": 80,
                        "maxdepth": 120,
                        "value": 23.07
                    },
                    {
                        "depth": 140,
                        "mindepth": 120,
                        "maxdepth": 160,
                        "value": 22.35
                    },
                    {
                        "depth": 180,
                        "mindepth": 160,
                        "maxdepth": 200,
                        "value": 19.21
                    }
                ],
                "SLSND_GB": [
                    {
                        "depth": 20,
                        "mindepth": 0,
                        "maxdepth": 40,
                        "value": 61.3
                    },
                    {
                        "depth": 60,
                        "mindepth": 40,
                        "maxdepth": 80,
                        "value": 64.7
                    },
                    {
                        "depth": 100,
                        "mindepth": 80,
                        "maxdepth": 120,
                        "value": 62.37
                    },
                    {
                        "depth": 140,
                        "mindepth": 120,
                        "maxdepth": 160,
                        "value": 64.39
                    },
                    {
                        "depth": 180,
                        "mindepth": 160,
                        "maxdepth": 200,
                        "value": 71.97
                    }
                ],
                "SLSLT_GB": [
                    {
                        "depth": 20,
                        "mindepth": 0,
                        "maxdepth": 40,
                        "value": 22.7
                    },
                    {
                        "depth": 60,
                        "mindepth": 40,
                        "maxdepth": 80,
                        "value": 21.92
                    },
                    {
                        "depth": 100,
                        "mindepth": 80,
                        "maxdepth": 120,
                        "value": 26.64
                    },
                    {
                        "depth": 140,
                        "mindepth": 120,
                        "maxdepth": 160,
                        "value": 25.53
                    },
                    {
                        "depth": 180,
                        "mindepth": 160,
                        "maxdepth": 200,
                        "value": 20.33
                    }
                ],
                "SLCLY_GB": [
                    {
                        "depth": 20,
                        "mindepth": 0,
                        "maxdepth": 40,
                        "value": 16.11
                    },
                    {
                        "depth": 60,
                        "mindepth": 40,
                        "maxdepth": 80,
                        "value": 13.3
                    },
                    {
                        "depth": 100,
                        "mindepth": 80,
                        "maxdepth": 120,
                        "value": 11.07
                    },
                    {
                        "depth": 140,
                        "mindepth": 120,
                        "maxdepth": 160,
                        "value": 10.25
                    },
                    {
                        "depth": 180,
                        "mindepth": 160,
                        "maxdepth": 200,
                        "value": 8.45
                    }
                ],
                "HARM": "Machine",
                "HADAT": "2023-11-13",
                "WBWAH": 4036.6,
                "BWCAH": 5.36,
                "DBWAH": 3820.3,
                "GNDAT": "2023-11-14",
                "FFRAC": 0.3671,
                "SFRAC": 0.4668,
                "TFRAC": 0.1661,
                "WFWAH": 1481.7,
                "WSWAH": 1884.5,
                "WSCWAH": 3366.2,
                "DFWAH": 1402.3,
                "DSWAH": 1783.5,
                "DSCWAH": 3185.8,
                "QLDAT": "2024-01-04",
                "FBMIC": 48.0,
                "FBLTH": 1.14,
                "FBUNI": 81.8,
                "FBSTR": 30.1,
                "FBELO": 5.2,
                "FBCRD": 80.6,
                "FBCLB": 8.8,
                "FBTCT": 10.0,
                "FBTAR": 0.18,
                "FBSFI": 9.3,
                "zids": [
                    "67e550ce8ac547ad628f5562",
                    "67e550ce8ac547ad628f5563",
                    "67e550ce8ac547ad628f5564",
                    "67e550ce8ac547ad628f5565",
                    "67e550ce8ac547ad628f5566",
                    "67e550ce8ac547ad628f5567",
                    "67e550ce8ac547ad628f5568",
                    "67e550ce8ac547ad628f5569",
                    "67e550ce8ac547ad628f556a",
                    "67e550ce8ac547ad628f556b",
                    "67e550ce8ac547ad628f556c",
                    "67e550ce8ac547ad628f556d",
                    "67e550ce8ac547ad628f556e",
                    "67e550ce8ac547ad628f556f",
                    "67e550ce8ac547ad628f5570",
                    "67e550ce8ac547ad628f5571",
                    "67e550ce8ac547ad628f5572",
                    "67e550ce8ac547ad628f5573",
                    "67e550ce8ac547ad628f5574",
                    "67e550ce8ac547ad628f5575",
                    "67e550ce8ac547ad628f5576",
                    "67e550ce8ac547ad628f5577",
                    "67e550ce8ac547ad628f5578",
                    "67e550ce8ac547ad628f5579",
                    "67e550ce8ac547ad628f557a",
                    "67e550ce8ac547ad628f557b",
                    "67e550ce8ac547ad628f557c",
                    "67e550ce8ac547ad628f557d",
                    "67e550ce8ac547ad628f557e",
                    "67e550ce8ac547ad628f557f",
                    "67e550ce8ac547ad628f5580",
                    "67e550ce8ac547ad628f5581",
                    "67e550ce8ac547ad628f5582",
                    "67e550ce8ac547ad628f5583",
                    "67e550ce8ac547ad628f5584",
                    "67e550ce8ac547ad628f5585",
                    "67e550ce8ac547ad628f5586",
                    "67e550ce8ac547ad628f5587",
                    "67e550ce8ac547ad628f5588",
                    "67e550ce8ac547ad628f5589",
                    "67e550ce8ac547ad628f558a",
                    "67e550ce8ac547ad628f558b",
                    "67e550ce8ac547ad628f558c",
                    "67e550ce8ac547ad628f558d",
                    "67e550ce8ac547ad628f558e",
                    "67e550ce8ac547ad628f558f",
                    "67e550ce8ac547ad628f5590",
                    "67e550ce8ac547ad628f5591",
                    "67e550ce8ac547ad628f5592",
                    "67e550ce8ac547ad628f5593",
                    "67e550ce8ac547ad628f5594",
                    "67e550ce8ac547ad628f5595"
                ],
                "haids": [
                    "641df3d58ac5479be3717c4a",
                    "641df3d58ac5479be3717c4b",
                    "641df3d58ac5479be3717c4c",
                    "641df3d58ac5479be3717c4d",
                    "641df3d58ac5479be3717c4e",
                    "641df3d58ac5479be3717c4f",
                    "641df3d58ac5479be3717c50",
                    "641df3d58ac5479be3717c51",
                    "641df3d58ac5479be3717c52",
                    "641df3d58ac5479be3717c53",
                    "641df3d58ac5479be3717c54",
                    "641df3d58ac5479be3717c55",
                    "641df3d58ac5479be3717c56",
                    "641df3d58ac5479be3717c57",
                    "641df3d58ac5479be3717c58",
                    "641df3d58ac5479be3717c59",
                    "641df3d58ac5479be3717c5a",
                    "641df3d58ac5479be3717c5b",
                    "641df3d58ac5479be3717c5c",
                    "641df3d58ac5479be3717c5d",
                    "641df3d58ac5479be3717c5e",
                    "641df3d58ac5479be3717c5f",
                    "641df3d58ac5479be3717c60",
                    "641df3d58ac5479be3717c61",
                    "641df3d58ac5479be3717c62",
                    "641df3d58ac5479be3717c63",
                    "641df3d58ac5479be3717c64",
                    "641df3d58ac5479be3717c65",
                    "641df3d58ac5479be3717c66",
                    "641df3d58ac5479be3717c67"
                ],
                "tids": [
                    "641e131b8ac547e256690ea7",
                    "641e131b8ac547e256690ea8",
                    "641e131b8ac547e256690ea9"
                ],
                "ccids": [
                    "641e11cf8ac547e1042e78fa",
                    "641e11cf8ac547e1042e78fb",
                    "641e11cf8ac547e1042e78fc",
                    "641e11cf8ac547e1042e78fd",
                    "641e11cf8ac547e1042e78fe",
                    "641e11cf8ac547e1042e78ff",
                    "641e11cf8ac547e1042e7900",
                    "641e11cf8ac547e1042e7901",
                    "641e11cf8ac547e1042e7902",
                    "641e11cf8ac547e1042e7903",
                    "641e11cf8ac547e1042e7904",
                    "641e11cf8ac547e1042e7905",
                    "641e11cf8ac547e1042e7906",
                    "641e11cf8ac547e1042e7907",
                    "641e11cf8ac547e1042e7908"
                ],
                "scids": [
                    "67eaffba8ac547ac7639318f"
                ],
                "saids": [
                    "684b226e8ac5476ed06f0cf5",
                    "684b226e8ac5476ed06f0cf6",
                    "684b226e8ac5476ed06f0cf7",
                    "684b226e8ac5476ed06f0cf8",
                    "684b226e8ac5476ed06f0cf9",
                    "684b226e8ac5476ed06f0cfa",
                    "684b226e8ac5476ed06f0cfb",
                    "684b226e8ac5476ed06f0cfc",
                    "684b226e8ac5476ed06f0cfd",
                    "684b226e8ac5476ed06f0cfe",
                    "684b226e8ac5476ed06f0cff",
                    "684b226e8ac5476ed06f0d00",
                    "684b226e8ac5476ed06f0d01",
                    "684b226e8ac5476ed06f0d02",
                    "684b226e8ac5476ed06f0d03",
                    "684b226e8ac5476ed06f0d04",
                    "684b226e8ac5476ed06f0d97",
                    "684b226e8ac5476ed06f0d98",
                    "684b226e8ac5476ed06f0d99",
                    "684b226e8ac5476ed06f0d9a"
                ]
            },
            "_id": "641df0978ac54793d974c3d8",
            "pid": "641df0978ac54793d974c3d8"
        },
        {
            "type": "Feature",
            "geometry": {
                "type": "Polygon",
                "coordinates": [
                    [
                        [
                            -111.97751949,
                            33.07847301
                        ],
                        [
                            -111.9776501,
                            33.07847366
                        ],
                        [
                            -111.97764003,
                            33.07991673
                        ],
                        [
                            -111.97750941,
                            33.07991608
                        ],
                        [
                            -111.97751949,
                            33.07847301
                        ]
                    ]
                ]
            },
            "properties": {
                "plt_label": "p05",
                "trt_label": "NOTILL",
                "PLTA": 1950.720053,
                "CUL_NAME": "NexGen 3195 B3XF",
                "PDATE": "2023-04-24",
                "PLYR": 2023,
                "PLDAY": 114,
                "IROP": "IR004",
                "IRVAL": [
                    {
                        "date": "2023-04-21",
                        "value": 20.4
                    },
                    {
                        "date": "2023-04-25",
                        "value": 20.4
                    },
                    {
                        "date": "2023-04-26",
                        "value": 10.2
                    },
                    {
                        "date": "2023-04-28",
                        "value": 25.5
                    },
                    {
                        "date": "2023-05-01",
                        "value": 20.4
                    },
                    {
                        "date": "2023-05-03",
                        "value": 20.4
                    },
                    {
                        "date": "2023-05-05",
                        "value": 20.4
                    },
                    {
                        "date": "2023-05-08",
                        "value": 20.4
                    },
                    {
                        "date": "2023-05-10",
                        "value": 10.2
                    },
                    {
                        "date": "2023-05-12",
                        "value": 20.4
                    },
                    {
                        "date": "2023-05-16",
                        "value": 20.4
                    },
                    {
                        "date": "2023-05-19",
                        "value": 20.4
                    },
                    {
                        "date": "2023-05-24",
                        "value": 20.4
                    },
                    {
                        "date": "2023-05-26",
                        "value": 25.3
                    },
                    {
                        "date": "2023-05-31",
                        "value": 20.4
                    },
                    {
                        "date": "2023-06-02",
                        "value": 20.4
                    },
                    {
                        "date": "2023-06-07",
                        "value": 25.3
                    },
                    {
                        "date": "2023-06-09",
                        "value": 22.8
                    },
                    {
                        "date": "2023-06-13",
                        "value": 26.0
                    },
                    {
                        "date": "2023-06-16",
                        "value": 30.6
                    },
                    {
                        "date": "2023-06-20",
                        "value": 25.6
                    },
                    {
                        "date": "2023-06-22",
                        "value": 20.4
                    },
                    {
                        "date": "2023-06-23",
                        "value": 20.4
                    },
                    {
                        "date": "2023-06-27",
                        "value": 38.7
                    },
                    {
                        "date": "2023-06-30",
                        "value": 34.6
                    },
                    {
                        "date": "2023-07-05",
                        "value": 37.1
                    },
                    {
                        "date": "2023-07-07",
                        "value": 37.1
                    },
                    {
                        "date": "2023-07-11",
                        "value": 44.5
                    },
                    {
                        "date": "2023-07-14",
                        "value": 44.5
                    },
                    {
                        "date": "2023-07-18",
                        "value": 44.9
                    },
                    {
                        "date": "2023-07-21",
                        "value": 45.2
                    },
                    {
                        "date": "2023-07-25",
                        "value": 48.7
                    },
                    {
                        "date": "2023-07-28",
                        "value": 45.8
                    },
                    {
                        "date": "2023-08-01",
                        "value": 40.8
                    },
                    {
                        "date": "2023-08-04",
                        "value": 40.6
                    },
                    {
                        "date": "2023-08-08",
                        "value": 30.6
                    },
                    {
                        "date": "2023-08-11",
                        "value": 40.8
                    },
                    {
                        "date": "2023-08-15",
                        "value": 30.6
                    },
                    {
                        "date": "2023-08-18",
                        "value": 40.8
                    },
                    {
                        "date": "2023-08-22",
                        "value": 30.6
                    },
                    {
                        "date": "2023-08-25",
                        "value": 40.8
                    },
                    {
                        "date": "2023-08-29",
                        "value": 30.6
                    },
                    {
                        "date": "2023-09-06",
                        "value": 30.6
                    },
                    {
                        "date": "2023-09-08",
                        "value": 35.6
                    }
                ],
                "FEAMN": [
                    {
                        "date": "2023-06-07",
                        "value": 51.9
                    },
                    {
                        "date": "2023-06-27",
                        "value": 51.9
                    },
                    {
                        "date": "2023-07-18",
                        "value": 51.9
                    }
                ],
                "CH_NOTES": [
                    {
                        "date": "2023-03-27",
                        "value": "Apply RoundUp (glyphosate)"
                    },
                    {
                        "date": "2023-04-20",
                        "value": "Apply Acumen (pendimethalin)"
                    },
                    {
                        "date": "2023-05-23",
                        "value": "Apply RoundUp (glyphosate)"
                    },
                    {
                        "date": "2023-06-06",
                        "value": "Apply RoundUp (glyphosate)"
                    },
                    {
                        "date": "2023-07-24",
                        "value": "Apply Mepstar6 (mepiquat chloride)"
                    },
                    {
                        "date": "2023-10-09",
                        "value": "Apply Redipik (diuron, thidiazuron)"
                    },
                    {
                        "date": "2023-10-25",
                        "value": "Apply Redipik (diuron, thidiazuron) and CottonQuik (urea sulfate, ethephon)"
                    }
                ],
                "TI_NOTES": [
                    {
                        "date": "2023-12",
                        "value": "Root pull, rip, moldboard plow, disk, and land plane"
                    }
                ],
                "EDATE": "2023-05-03",
                "PLYRE": 2023,
                "PLDOE": 123,
                "LF1D": "2023-05-15",
                "ADAT": "2023-07-02",
                "ADOY": 183,
                "NAWF": [
                    {
                        "date": "2023-07-03",
                        "value": 7.2
                    },
                    {
                        "date": "2023-07-13",
                        "value": 6.6
                    },
                    {
                        "date": "2023-07-20",
                        "value": 5.2
                    },
                    {
                        "date": "2023-07-27",
                        "value": 4.1
                    },
                    {
                        "date": "2023-08-03",
                        "value": 3.3
                    },
                    {
                        "date": "2023-08-24",
                        "value": 1.9
                    }
                ],
                "FRCOV": [
                    {
                        "date": "2023-04-25",
                        "value": 0.0
                    },
                    {
                        "date": "2023-06-21",
                        "value": 0.259
                    },
                    {
                        "date": "2023-06-29",
                        "value": 0.411
                    },
                    {
                        "date": "2023-07-03",
                        "value": 0.483
                    },
                    {
                        "date": "2023-07-13",
                        "value": 0.635
                    },
                    {
                        "date": "2023-07-20",
                        "value": 0.75
                    },
                    {
                        "date": "2023-07-28",
                        "value": 0.852
                    }
                ],
                "EM38V": [
                    {
                        "date": "2013-09-17",
                        "value": 55.11
                    },
                    {
                        "date": "2015-04-29",
                        "value": 55.16
                    }
                ],
                "SLSND_M": [
                    {
                        "depth": 15,
                        "mindepth": 0,
                        "maxdepth": 30,
                        "value": 50.56
                    },
                    {
                        "depth": 45,
                        "mindepth": 30,
                        "maxdepth": 60,
                        "value": 52.59
                    },
                    {
                        "depth": 75,
                        "mindepth": 60,
                        "maxdepth": 90,
                        "value": 55.81
                    },
                    {
                        "depth": 105,
                        "mindepth": 90,
                        "maxdepth": 120,
                        "value": 52.88
                    },
                    {
                        "depth": 135,
                        "mindepth": 120,
                        "maxdepth": 150,
                        "value": 53.05
                    },
                    {
                        "depth": 165,
                        "mindepth": 150,
                        "maxdepth": 180,
                        "value": 51.83
                    }
                ],
                "SLSLT_M": [
                    {
                        "depth": 15,
                        "mindepth": 0,
                        "maxdepth": 30,
                        "value": 21.86
                    },
                    {
                        "depth": 45,
                        "mindepth": 30,
                        "maxdepth": 60,
                        "value": 19.08
                    },
                    {
                        "depth": 75,
                        "mindepth": 60,
                        "maxdepth": 90,
                        "value": 21.31
                    },
                    {
                        "depth": 105,
                        "mindepth": 90,
                        "maxdepth": 120,
                        "value": 19.05
                    },
                    {
                        "depth": 135,
                        "mindepth": 120,
                        "maxdepth": 150,
                        "value": 22.41
                    },
                    {
                        "depth": 165,
                        "mindepth": 150,
                        "maxdepth": 180,
                        "value": 18.23
                    }
                ],
                "SLCLY_M": [
                    {
                        "depth": 15,
                        "mindepth": 0,
                        "maxdepth": 30,
                        "value": 27.55
                    },
                    {
                        "depth": 45,
                        "mindepth": 30,
                        "maxdepth": 60,
                        "value": 28.35
                    },
                    {
                        "depth": 75,
                        "mindepth": 60,
                        "maxdepth": 90,
                        "value": 23.27
                    },
                    {
                        "depth": 105,
                        "mindepth": 90,
                        "maxdepth": 120,
                        "value": 27.79
                    },
                    {
                        "depth": 135,
                        "mindepth": 120,
                        "maxdepth": 150,
                        "value": 24.81
                    },
                    {
                        "depth": 165,
                        "mindepth": 150,
                        "maxdepth": 180,
                        "value": 29.7
                    }
                ],
                "SLWP": [
                    {
                        "depth": 15,
                        "mindepth": 0,
                        "maxdepth": 30,
                        "value": 0.139
                    },
                    {
                        "depth": 45,
                        "mindepth": 30,
                        "maxdepth": 60,
                        "value": 0.14
                    },
                    {
                        "depth": 75,
                        "mindepth": 60,
                        "maxdepth": 90,
                        "value": 0.143
                    },
                    {
                        "depth": 105,
                        "mindepth": 90,
                        "maxdepth": 120,
                        "value": 0.141
                    },
                    {
                        "depth": 135,
                        "mindepth": 120,
                        "maxdepth": 150,
                        "value": 0.143
                    },
                    {
                        "depth": 165,
                        "mindepth": 150,
                        "maxdepth": 180,
                        "value": 0.144
                    }
                ],
                "SLWP2": [
                    {
                        "depth": 15,
                        "mindepth": 0,
                        "maxdepth": 30,
                        "value": 0.168
                    },
                    {
                        "depth": 45,
                        "mindepth": 30,
                        "maxdepth": 60,
                        "value": 0.162
                    },
                    {
                        "depth": 75,
                        "mindepth": 60,
                        "maxdepth": 90,
                        "value": 0.164
                    },
                    {
                        "depth": 105,
                        "mindepth": 90,
                        "maxdepth": 120,
                        "value": 0.163
                    },
                    {
                        "depth": 135,
                        "mindepth": 120,
                        "maxdepth": 150,
                        "value": 0.167
                    },
                    {
                        "depth": 165,
                        "mindepth": 150,
                        "maxdepth": 180,
                        "value": 0.167
                    }
                ],
                "SLFC1": [
                    {
                        "depth": 15,
                        "mindepth": 0,
                        "maxdepth": 30,
                        "value": 0.289
                    },
                    {
                        "depth": 45,
                        "mindepth": 30,
                        "maxdepth": 60,
                        "value": 0.268
                    },
                    {
                        "depth": 75,
                        "mindepth": 60,
                        "maxdepth": 90,
                        "value": 0.289
                    },
                    {
                        "depth": 105,
                        "mindepth": 90,
                        "maxdepth": 120,
                        "value": 0.288
                    },
                    {
                        "depth": 135,
                        "mindepth": 120,
                        "maxdepth": 150,
                        "value": 0.295
                    },
                    {
                        "depth": 165,
                        "mindepth": 150,
                        "maxdepth": 180,
                        "value": 0.298
                    }
                ],
                "SLSND_GBM": [
                    {
                        "depth": 20,
                        "mindepth": 0,
                        "maxdepth": 40,
                        "value": 52.3
                    },
                    {
                        "depth": 60,
                        "mindepth": 40,
                        "maxdepth": 80,
                        "value": 56.07
                    },
                    {
                        "depth": 100,
                        "mindepth": 80,
                        "maxdepth": 120,
                        "value": 54.2
                    },
                    {
                        "depth": 140,
                        "mindepth": 120,
                        "maxdepth": 160,
                        "value": 55.11
                    },
                    {
                        "depth": 180,
                        "mindepth": 160,
                        "maxdepth": 200,
                        "value": 63.42
                    }
                ],
                "SLSLT_GBM": [
                    {
                        "depth": 20,
                        "mindepth": 0,
                        "maxdepth": 40,
                        "value": 19.9
                    },
                    {
                        "depth": 60,
                        "mindepth": 40,
                        "maxdepth": 80,
                        "value": 19.84
                    },
                    {
                        "depth": 100,
                        "mindepth": 80,
                        "maxdepth": 120,
                        "value": 23.67
                    },
                    {
                        "depth": 140,
                        "mindepth": 120,
                        "maxdepth": 160,
                        "value": 21.91
                    },
                    {
                        "depth": 180,
                        "mindepth": 160,
                        "maxdepth": 200,
                        "value": 17.86
                    }
                ],
                "SLCLY_GBM": [
                    {
                        "depth": 20,
                        "mindepth": 0,
                        "maxdepth": 40,
                        "value": 27.62
                    },
                    {
                        "depth": 60,
                        "mindepth": 40,
                        "maxdepth": 80,
                        "value": 23.88
                    },
                    {
                        "depth": 100,
                        "mindepth": 80,
                        "maxdepth": 120,
                        "value": 22.73
                    },
                    {
                        "depth": 140,
                        "mindepth": 120,
                        "maxdepth": 160,
                        "value": 22.61
                    },
                    {
                        "depth": 180,
                        "mindepth": 160,
                        "maxdepth": 200,
                        "value": 18.96
                    }
                ],
                "SLSND_GB": [
                    {
                        "depth": 20,
                        "mindepth": 0,
                        "maxdepth": 40,
                        "value": 61.33
                    },
                    {
                        "depth": 60,
                        "mindepth": 40,
                        "maxdepth": 80,
                        "value": 65.31
                    },
                    {
                        "depth": 100,
                        "mindepth": 80,
                        "maxdepth": 120,
                        "value": 63.16
                    },
                    {
                        "depth": 140,
                        "mindepth": 120,
                        "maxdepth": 160,
                        "value": 64.32
                    },
                    {
                        "depth": 180,
                        "mindepth": 160,
                        "maxdepth": 200,
                        "value": 72.79
                    }
                ],
                "SLSLT_GB": [
                    {
                        "depth": 20,
                        "mindepth": 0,
                        "maxdepth": 40,
                        "value": 22.85
                    },
                    {
                        "depth": 60,
                        "mindepth": 40,
                        "maxdepth": 80,
                        "value": 21.69
                    },
                    {
                        "depth": 100,
                        "mindepth": 80,
                        "maxdepth": 120,
                        "value": 26.12
                    },
                    {
                        "depth": 140,
                        "mindepth": 120,
                        "maxdepth": 160,
                        "value": 25.38
                    },
                    {
                        "depth": 180,
                        "mindepth": 160,
                        "maxdepth": 200,
                        "value": 19.34
                    }
                ],
                "SLCLY_GB": [
                    {
                        "depth": 20,
                        "mindepth": 0,
                        "maxdepth": 40,
                        "value": 15.83
                    },
                    {
                        "depth": 60,
                        "mindepth": 40,
                        "maxdepth": 80,
                        "value": 12.54
                    },
                    {
                        "depth": 100,
                        "mindepth": 80,
                        "maxdepth": 120,
                        "value": 10.82
                    },
                    {
                        "depth": 140,
                        "mindepth": 120,
                        "maxdepth": 160,
                        "value": 10.37
                    },
                    {
                        "depth": 180,
                        "mindepth": 160,
                        "maxdepth": 200,
                        "value": 8.28
                    }
                ],
                "HARM": "Machine",
                "HADAT": "2023-11-13",
                "WBWAH": 4319.1,
                "BWCAH": 5.27,
                "DBWAH": 4091.4,
                "GNDAT": "2023-11-14",
                "FFRAC": 0.3751,
                "SFRAC": 0.4701,
                "TFRAC": 0.1548,
                "WFWAH": 1620.0,
                "WSWAH": 2030.6,
                "WSCWAH": 3650.6,
                "DFWAH": 1534.6,
                "DSWAH": 1923.6,
                "DSCWAH": 3458.1,
                "QLDAT": "2024-01-04",
                "FBMIC": 49.5,
                "FBLTH": 1.126,
                "FBUNI": 81.2,
                "FBSTR": 29.5,
                "FBELO": 5.3,
                "FBCRD": 80.5,
                "FBCLB": 8.7,
                "FBTCT": 11.0,
                "FBTAR": 0.12,
                "FBSFI": 11.0,
                "zids": [
                    "67e550ce8ac547ad628f5596",
                    "67e550ce8ac547ad628f5597",
                    "67e550ce8ac547ad628f5598",
                    "67e550ce8ac547ad628f5599",
                    "67e550ce8ac547ad628f559a",
                    "67e550ce8ac547ad628f559b",
                    "67e550ce8ac547ad628f559c",
                    "67e550ce8ac547ad628f559d",
                    "67e550ce8ac547ad628f559e",
                    "67e550ce8ac547ad628f559f",
                    "67e550ce8ac547ad628f55a0",
                    "67e550ce8ac547ad628f55a1",
                    "67e550ce8ac547ad628f55a2",
                    "67e550ce8ac547ad628f55a3",
                    "67e550ce8ac547ad628f55a4",
                    "67e550ce8ac547ad628f55a5",
                    "67e550ce8ac547ad628f55a6",
                    "67e550ce8ac547ad628f55a7",
                    "67e550ce8ac547ad628f55a8",
                    "67e550ce8ac547ad628f55a9",
                    "67e550ce8ac547ad628f55aa",
                    "67e550ce8ac547ad628f55ab",
                    "67e550ce8ac547ad628f55ac",
                    "67e550ce8ac547ad628f55ad",
                    "67e550ce8ac547ad628f55ae",
                    "67e550ce8ac547ad628f55af",
                    "67e550ce8ac547ad628f55b0",
                    "67e550ce8ac547ad628f55b1",
                    "67e550ce8ac547ad628f55b2",
                    "67e550ce8ac547ad628f55b3",
                    "67e550ce8ac547ad628f55b4",
                    "67e550ce8ac547ad628f55b5",
                    "67e550ce8ac547ad628f55b6",
                    "67e550ce8ac547ad628f55b7",
                    "67e550ce8ac547ad628f55b8",
                    "67e550ce8ac547ad628f55b9",
                    "67e550ce8ac547ad628f55ba",
                    "67e550ce8ac547ad628f55bb",
                    "67e550ce8ac547ad628f55bc",
                    "67e550ce8ac547ad628f55bd",
                    "67e550ce8ac547ad628f55be",
                    "67e550ce8ac547ad628f55bf",
                    "67e550ce8ac547ad628f55c0",
                    "67e550ce8ac547ad628f55c1",
                    "67e550ce8ac547ad628f55c2",
                    "67e550ce8ac547ad628f55c3",
                    "67e550ce8ac547ad628f55c4",
                    "67e550ce8ac547ad628f55c5",
                    "67e550ce8ac547ad628f55c6",
                    "67e550ce8ac547ad628f55c7",
                    "67e550ce8ac547ad628f55c8",
                    "67e550ce8ac547ad628f55c9"
                ],
                "haids": [
                    "641df3d58ac5479be3717c68",
                    "641df3d58ac5479be3717c69",
                    "641df3d58ac5479be3717c6a",
                    "641df3d58ac5479be3717c6b",
                    "641df3d58ac5479be3717c6c",
                    "641df3d58ac5479be3717c6d",
                    "641df3d58ac5479be3717c6e",
                    "641df3d58ac5479be3717c6f",
                    "641df3d58ac5479be3717c70",
                    "641df3d58ac5479be3717c71",
                    "641df3d58ac5479be3717c72",
                    "641df3d58ac5479be3717c73",
                    "641df3d58ac5479be3717c74",
                    "641df3d58ac5479be3717c75",
                    "641df3d58ac5479be3717c76",
                    "641df3d58ac5479be3717c77",
                    "641df3d58ac5479be3717c78",
                    "641df3d58ac5479be3717c79",
                    "641df3d58ac5479be3717c7a",
                    "641df3d58ac5479be3717c7b",
                    "641df3d58ac5479be3717c7c",
                    "641df3d58ac5479be3717c7d",
                    "641df3d58ac5479be3717c7e",
                    "641df3d58ac5479be3717c7f",
                    "641df3d58ac5479be3717c80",
                    "641df3d58ac5479be3717c81",
                    "641df3d58ac5479be3717c82",
                    "641df3d58ac5479be3717c83",
                    "641df3d58ac5479be3717c84",
                    "641df3d58ac5479be3717c85"
                ],
                "tids": [
                    "641e131b8ac547e256690eaa",
                    "641e131b8ac547e256690eab",
                    "641e131b8ac547e256690eac"
                ],
                "ccids": [
                    "641e11cf8ac547e1042e7909",
                    "641e11cf8ac547e1042e790a",
                    "641e11cf8ac547e1042e790b",
                    "641e11cf8ac547e1042e790c",
                    "641e11cf8ac547e1042e790d",
                    "641e11cf8ac547e1042e790e",
                    "641e11cf8ac547e1042e790f",
                    "641e11cf8ac547e1042e7910",
                    "641e11cf8ac547e1042e7911",
                    "641e11cf8ac547e1042e7912",
                    "641e11cf8ac547e1042e7913",
                    "641e11cf8ac547e1042e7914",
                    "641e11cf8ac547e1042e7915",
                    "641e11cf8ac547e1042e7916",
                    "641e11cf8ac547e1042e7917"
                ],
                "scids": [
                    "67eaffba8ac547ac76393190"
                ],
                "saids": [
                    "684b226e8ac5476ed06f0ce9",
                    "684b226e8ac5476ed06f0cea",
                    "684b226e8ac5476ed06f0ceb",
                    "684b226e8ac5476ed06f0cec",
                    "684b226e8ac5476ed06f0ced",
                    "684b226e8ac5476ed06f0cee",
                    "684b226e8ac5476ed06f0d93",
                    "684b226e8ac5476ed06f0d94",
                    "684b226e8ac5476ed06f0d95",
                    "684b226e8ac5476ed06f0d96"
                ]
            },
            "_id": "641df0978ac54793d974c3d9",
            "pid": "641df0978ac54793d974c3d9"
        },
        {
            "type": "Feature",
            "geometry": {
                "type": "Polygon",
                "coordinates": [
                    [
                        [
                            -111.97736711,
                            33.07847226
                        ],
                        [
                            -111.97749772,
                            33.0784729
                        ],
                        [
                            -111.97748764,
                            33.07991597
                        ],
                        [
                            -111.97735703,
                            33.07991533
                        ],
                        [
                            -111.97736711,
                            33.07847226
                        ]
                    ]
                ]
            },
            "properties": {
                "plt_label": "p06",
                "trt_label": "STRIP",
                "PLTA": 1950.72006,
                "CUL_NAME": "NexGen 3195 B3XF",
                "PDATE": "2023-04-24",
                "PLYR": 2023,
                "PLDAY": 114,
                "IROP": "IR004",
                "IRVAL": [
                    {
                        "date": "2023-04-21",
                        "value": 20.4
                    },
                    {
                        "date": "2023-04-25",
                        "value": 20.4
                    },
                    {
                        "date": "2023-04-26",
                        "value": 10.2
                    },
                    {
                        "date": "2023-04-28",
                        "value": 25.5
                    },
                    {
                        "date": "2023-05-01",
                        "value": 20.4
                    },
                    {
                        "date": "2023-05-03",
                        "value": 20.4
                    },
                    {
                        "date": "2023-05-05",
                        "value": 20.4
                    },
                    {
                        "date": "2023-05-08",
                        "value": 20.4
                    },
                    {
                        "date": "2023-05-10",
                        "value": 10.2
                    },
                    {
                        "date": "2023-05-12",
                        "value": 20.4
                    },
                    {
                        "date": "2023-05-16",
                        "value": 20.4
                    },
                    {
                        "date": "2023-05-19",
                        "value": 20.4
                    },
                    {
                        "date": "2023-05-24",
                        "value": 20.4
                    },
                    {
                        "date": "2023-05-26",
                        "value": 25.3
                    },
                    {
                        "date": "2023-05-31",
                        "value": 20.4
                    },
                    {
                        "date": "2023-06-02",
                        "value": 20.4
                    },
                    {
                        "date": "2023-06-07",
                        "value": 25.3
                    },
                    {
                        "date": "2023-06-09",
                        "value": 22.8
                    },
                    {
                        "date": "2023-06-13",
                        "value": 26.0
                    },
                    {
                        "date": "2023-06-16",
                        "value": 30.6
                    },
                    {
                        "date": "2023-06-20",
                        "value": 25.6
                    },
                    {
                        "date": "2023-06-22",
                        "value": 20.4
                    },
                    {
                        "date": "2023-06-23",
                        "value": 20.4
                    },
                    {
                        "date": "2023-06-27",
                        "value": 38.7
                    },
                    {
                        "date": "2023-06-30",
                        "value": 34.6
                    },
                    {
                        "date": "2023-07-05",
                        "value": 37.1
                    },
                    {
                        "date": "2023-07-07",
                        "value": 37.1
                    },
                    {
                        "date": "2023-07-11",
                        "value": 44.5
                    },
                    {
                        "date": "2023-07-14",
                        "value": 44.5
                    },
                    {
                        "date": "2023-07-18",
                        "value": 44.9
                    },
                    {
                        "date": "2023-07-21",
                        "value": 45.2
                    },
                    {
                        "date": "2023-07-25",
                        "value": 48.7
                    },
                    {
                        "date": "2023-07-28",
                        "value": 45.8
                    },
                    {
                        "date": "2023-08-01",
                        "value": 40.8
                    },
                    {
                        "date": "2023-08-04",
                        "value": 40.6
                    },
                    {
                        "date": "2023-08-08",
                        "value": 30.6
                    },
                    {
                        "date": "2023-08-11",
                        "value": 40.8
                    },
                    {
                        "date": "2023-08-15",
                        "value": 30.6
                    },
                    {
                        "date": "2023-08-18",
                        "value": 40.8
                    },
                    {
                        "date": "2023-08-22",
                        "value": 30.6
                    },
                    {
                        "date": "2023-08-25",
                        "value": 40.8
                    },
                    {
                        "date": "2023-08-29",
                        "value": 30.6
                    },
                    {
                        "date": "2023-09-06",
                        "value": 30.6
                    },
                    {
                        "date": "2023-09-08",
                        "value": 35.6
                    }
                ],
                "FEAMN": [
                    {
                        "date": "2023-06-07",
                        "value": 51.9
                    },
                    {
                        "date": "2023-06-27",
                        "value": 51.9
                    },
                    {
                        "date": "2023-07-18",
                        "value": 51.9
                    }
                ],
                "CH_NOTES": [
                    {
                        "date": "2023-03-27",
                        "value": "Apply RoundUp (glyphosate)"
                    },
                    {
                        "date": "2023-04-20",
                        "value": "Apply Acumen (pendimethalin)"
                    },
                    {
                        "date": "2023-05-23",
                        "value": "Apply RoundUp (glyphosate)"
                    },
                    {
                        "date": "2023-06-06",
                        "value": "Apply RoundUp (glyphosate)"
                    },
                    {
                        "date": "2023-07-24",
                        "value": "Apply Mepstar6 (mepiquat chloride)"
                    },
                    {
                        "date": "2023-10-09",
                        "value": "Apply Redipik (diuron, thidiazuron)"
                    },
                    {
                        "date": "2023-10-25",
                        "value": "Apply Redipik (diuron, thidiazuron) and CottonQuik (urea sulfate, ethephon)"
                    }
                ],
                "TI_NOTES": [
                    {
                        "date": "2023-04-17",
                        "value": "Strip tillage"
                    },
                    {
                        "date": "2023-12",
                        "value": "Root pull, rip, moldboard plow, disk, and land plane"
                    }
                ],
                "EDATE": "2023-05-04",
                "PLYRE": 2023,
                "PLDOE": 124,
                "LF1D": "2023-05-15",
                "ADAT": "2023-07-01",
                "ADOY": 182,
                "NAWF": [
                    {
                        "date": "2023-07-03",
                        "value": 6.7
                    },
                    {
                        "date": "2023-07-13",
                        "value": 5.6
                    },
                    {
                        "date": "2023-07-20",
                        "value": 4.2
                    },
                    {
                        "date": "2023-07-27",
                        "value": 2.6
                    },
                    {
                        "date": "2023-08-03",
                        "value": 2.0
                    },
                    {
                        "date": "2023-08-24",
                        "value": 1.0
                    }
                ],
                "FRCOV": [
                    {
                        "date": "2023-04-25",
                        "value": 0.0
                    },
                    {
                        "date": "2023-06-21",
                        "value": 0.146
                    },
                    {
                        "date": "2023-06-29",
                        "value": 0.334
                    },
                    {
                        "date": "2023-07-03",
                        "value": 0.418
                    },
                    {
                        "date": "2023-07-13",
                        "value": 0.593
                    },
                    {
                        "date": "2023-07-20",
                        "value": 0.722
                    },
                    {
                        "date": "2023-07-28",
                        "value": 0.829
                    }
                ],
                "EM38V": [
                    {
                        "date": "2013-09-17",
                        "value": 53.05
                    },
                    {
                        "date": "2015-04-29",
                        "value": 53.06
                    }
                ],
                "SLSND_M": [
                    {
                        "depth": 15,
                        "mindepth": 0,
                        "maxdepth": 30,
                        "value": 51.73
                    },
                    {
                        "depth": 45,
                        "mindepth": 30,
                        "maxdepth": 60,
                        "value": 53.46
                    },
                    {
                        "depth": 75,
                        "mindepth": 60,
                        "maxdepth": 90,
                        "value": 57.11
                    },
                    {
                        "depth": 105,
                        "mindepth": 90,
                        "maxdepth": 120,
                        "value": 53.25
                    },
                    {
                        "depth": 135,
                        "mindepth": 120,
                        "maxdepth": 150,
                        "value": 53.31
                    },
                    {
                        "depth": 165,
                        "mindepth": 150,
                        "maxdepth": 180,
                        "value": 52.57
                    }
                ],
                "SLSLT_M": [
                    {
                        "depth": 15,
                        "mindepth": 0,
                        "maxdepth": 30,
                        "value": 21.26
                    },
                    {
                        "depth": 45,
                        "mindepth": 30,
                        "maxdepth": 60,
                        "value": 18.61
                    },
                    {
                        "depth": 75,
                        "mindepth": 60,
                        "maxdepth": 90,
                        "value": 20.05
                    },
                    {
                        "depth": 105,
                        "mindepth": 90,
                        "maxdepth": 120,
                        "value": 18.94
                    },
                    {
                        "depth": 135,
                        "mindepth": 120,
                        "maxdepth": 150,
                        "value": 21.84
                    },
                    {
                        "depth": 165,
                        "mindepth": 150,
                        "maxdepth": 180,
                        "value": 17.21
                    }
                ],
                "SLCLY_M": [
                    {
                        "depth": 15,
                        "mindepth": 0,
                        "maxdepth": 30,
                        "value": 27.11
                    },
                    {
                        "depth": 45,
                        "mindepth": 30,
                        "maxdepth": 60,
                        "value": 28.02
                    },
                    {
                        "depth": 75,
                        "mindepth": 60,
                        "maxdepth": 90,
                        "value": 23.57
                    },
                    {
                        "depth": 105,
                        "mindepth": 90,
                        "maxdepth": 120,
                        "value": 27.84
                    },
                    {
                        "depth": 135,
                        "mindepth": 120,
                        "maxdepth": 150,
                        "value": 25.39
                    },
                    {
                        "depth": 165,
                        "mindepth": 150,
                        "maxdepth": 180,
                        "value": 29.51
                    }
                ],
                "SLWP": [
                    {
                        "depth": 15,
                        "mindepth": 0,
                        "maxdepth": 30,
                        "value": 0.14
                    },
                    {
                        "depth": 45,
                        "mindepth": 30,
                        "maxdepth": 60,
                        "value": 0.14
                    },
                    {
                        "depth": 75,
                        "mindepth": 60,
                        "maxdepth": 90,
                        "value": 0.14
                    },
                    {
                        "depth": 105,
                        "mindepth": 90,
                        "maxdepth": 120,
                        "value": 0.14
                    },
                    {
                        "depth": 135,
                        "mindepth": 120,
                        "maxdepth": 150,
                        "value": 0.144
                    },
                    {
                        "depth": 165,
                        "mindepth": 150,
                        "maxdepth": 180,
                        "value": 0.148
                    }
                ],
                "SLWP2": [
                    {
                        "depth": 15,
                        "mindepth": 0,
                        "maxdepth": 30,
                        "value": 0.167
                    },
                    {
                        "depth": 45,
                        "mindepth": 30,
                        "maxdepth": 60,
                        "value": 0.162
                    },
                    {
                        "depth": 75,
                        "mindepth": 60,
                        "maxdepth": 90,
                        "value": 0.164
                    },
                    {
                        "depth": 105,
                        "mindepth": 90,
                        "maxdepth": 120,
                        "value": 0.163
                    },
                    {
                        "depth": 135,
                        "mindepth": 120,
                        "maxdepth": 150,
                        "value": 0.17
                    },
                    {
                        "depth": 165,
                        "mindepth": 150,
                        "maxdepth": 180,
                        "value": 0.167
                    }
                ],
                "SLFC1": [
                    {
                        "depth": 15,
                        "mindepth": 0,
                        "maxdepth": 30,
                        "value": 0.289
                    },
                    {
                        "depth": 45,
                        "mindepth": 30,
                        "maxdepth": 60,
                        "value": 0.267
                    },
                    {
                        "depth": 75,
                        "mindepth": 60,
                        "maxdepth": 90,
                        "value": 0.289
                    },
                    {
                        "depth": 105,
                        "mindepth": 90,
                        "maxdepth": 120,
                        "value": 0.288
                    },
                    {
                        "depth": 135,
                        "mindepth": 120,
                        "maxdepth": 150,
                        "value": 0.299
                    },
                    {
                        "depth": 165,
                        "mindepth": 150,
                        "maxdepth": 180,
                        "value": 0.299
                    }
                ],
                "SLSND_GBM": [
                    {
                        "depth": 20,
                        "mindepth": 0,
                        "maxdepth": 40,
                        "value": 52.4
                    },
                    {
                        "depth": 60,
                        "mindepth": 40,
                        "maxdepth": 80,
                        "value": 56.67
                    },
                    {
                        "depth": 100,
                        "mindepth": 80,
                        "maxdepth": 120,
                        "value": 55.27
                    },
                    {
                        "depth": 140,
                        "mindepth": 120,
                        "maxdepth": 160,
                        "value": 54.6
                    },
                    {
                        "depth": 180,
                        "mindepth": 160,
                        "maxdepth": 200,
                        "value": 64.2
                    }
                ],
                "SLSLT_GBM": [
                    {
                        "depth": 20,
                        "mindepth": 0,
                        "maxdepth": 40,
                        "value": 20.29
                    },
                    {
                        "depth": 60,
                        "mindepth": 40,
                        "maxdepth": 80,
                        "value": 19.45
                    },
                    {
                        "depth": 100,
                        "mindepth": 80,
                        "maxdepth": 120,
                        "value": 23.06
                    },
                    {
                        "depth": 140,
                        "mindepth": 120,
                        "maxdepth": 160,
                        "value": 21.96
                    },
                    {
                        "depth": 180,
                        "mindepth": 160,
                        "maxdepth": 200,
                        "value": 17.44
                    }
                ],
                "SLCLY_GBM": [
                    {
                        "depth": 20,
                        "mindepth": 0,
                        "maxdepth": 40,
                        "value": 27.23
                    },
                    {
                        "depth": 60,
                        "mindepth": 40,
                        "maxdepth": 80,
                        "value": 23.84
                    },
                    {
                        "depth": 100,
                        "mindepth": 80,
                        "maxdepth": 120,
                        "value": 22.46
                    },
                    {
                        "depth": 140,
                        "mindepth": 120,
                        "maxdepth": 160,
                        "value": 23.01
                    },
                    {
                        "depth": 180,
                        "mindepth": 160,
                        "maxdepth": 200,
                        "value": 18.62
                    }
                ],
                "SLSND_GB": [
                    {
                        "depth": 20,
                        "mindepth": 0,
                        "maxdepth": 40,
                        "value": 61.57
                    },
                    {
                        "depth": 60,
                        "mindepth": 40,
                        "maxdepth": 80,
                        "value": 65.9
                    },
                    {
                        "depth": 100,
                        "mindepth": 80,
                        "maxdepth": 120,
                        "value": 64.03
                    },
                    {
                        "depth": 140,
                        "mindepth": 120,
                        "maxdepth": 160,
                        "value": 63.82
                    },
                    {
                        "depth": 180,
                        "mindepth": 160,
                        "maxdepth": 200,
                        "value": 73.63
                    }
                ],
                "SLSLT_GB": [
                    {
                        "depth": 20,
                        "mindepth": 0,
                        "maxdepth": 40,
                        "value": 22.92
                    },
                    {
                        "depth": 60,
                        "mindepth": 40,
                        "maxdepth": 80,
                        "value": 21.23
                    },
                    {
                        "depth": 100,
                        "mindepth": 80,
                        "maxdepth": 120,
                        "value": 25.42
                    },
                    {
                        "depth": 140,
                        "mindepth": 120,
                        "maxdepth": 160,
                        "value": 25.62
                    },
                    {
                        "depth": 180,
                        "mindepth": 160,
                        "maxdepth": 200,
                        "value": 18.38
                    }
                ],
                "SLCLY_GB": [
                    {
                        "depth": 20,
                        "mindepth": 0,
                        "maxdepth": 40,
                        "value": 15.53
                    },
                    {
                        "depth": 60,
                        "mindepth": 40,
                        "maxdepth": 80,
                        "value": 12.67
                    },
                    {
                        "depth": 100,
                        "mindepth": 80,
                        "maxdepth": 120,
                        "value": 10.63
                    },
                    {
                        "depth": 140,
                        "mindepth": 120,
                        "maxdepth": 160,
                        "value": 10.6
                    },
                    {
                        "depth": 180,
                        "mindepth": 160,
                        "maxdepth": 200,
                        "value": 8.08
                    }
                ],
                "HARM": "Machine",
                "HADAT": "2023-11-13",
                "WBWAH": 4112.6,
                "BWCAH": 5.07,
                "DBWAH": 3904.2,
                "GNDAT": "2023-11-14",
                "FFRAC": 0.3674,
                "SFRAC": 0.4727,
                "TFRAC": 0.16,
                "WFWAH": 1510.8,
                "WSWAH": 1943.9,
                "WSCWAH": 3454.7,
                "DFWAH": 1434.3,
                "DSWAH": 1845.4,
                "DSCWAH": 3279.7,
                "QLDAT": "2024-01-04",
                "FBMIC": 46.9,
                "FBLTH": 1.132,
                "FBUNI": 81.6,
                "FBSTR": 29.6,
                "FBELO": 5.4,
                "FBCRD": 81.1,
                "FBCLB": 8.8,
                "FBTCT": 11.0,
                "FBTAR": 0.17,
                "FBSFI": 10.3,
                "zids": [
                    "67e550ce8ac547ad628f55ca",
                    "67e550ce8ac547ad628f55cb",
                    "67e550ce8ac547ad628f55cc",
                    "67e550ce8ac547ad628f55cd",
                    "67e550ce8ac547ad628f55ce",
                    "67e550ce8ac547ad628f55cf",
                    "67e550ce8ac547ad628f55d0",
                    "67e550ce8ac547ad628f55d1",
                    "67e550ce8ac547ad628f55d2",
                    "67e550ce8ac547ad628f55d3",
                    "67e550ce8ac547ad628f55d4",
                    "67e550ce8ac547ad628f55d5",
                    "67e550ce8ac547ad628f55d6",
                    "67e550ce8ac547ad628f55d7",
                    "67e550ce8ac547ad628f55d8",
                    "67e550ce8ac547ad628f55d9",
                    "67e550ce8ac547ad628f55da",
                    "67e550ce8ac547ad628f55db",
                    "67e550ce8ac547ad628f55dc",
                    "67e550ce8ac547ad628f55dd",
                    "67e550ce8ac547ad628f55de",
                    "67e550ce8ac547ad628f55df",
                    "67e550ce8ac547ad628f55e0",
                    "67e550ce8ac547ad628f55e1",
                    "67e550ce8ac547ad628f55e2",
                    "67e550ce8ac547ad628f55e3",
                    "67e550ce8ac547ad628f55e4",
                    "67e550ce8ac547ad628f55e5",
                    "67e550ce8ac547ad628f55e6",
                    "67e550ce8ac547ad628f55e7",
                    "67e550ce8ac547ad628f55e8",
                    "67e550ce8ac547ad628f55e9",
                    "67e550ce8ac547ad628f55ea",
                    "67e550ce8ac547ad628f55eb",
                    "67e550ce8ac547ad628f55ec",
                    "67e550ce8ac547ad628f55ed",
                    "67e550ce8ac547ad628f55ee",
                    "67e550ce8ac547ad628f55ef",
                    "67e550ce8ac547ad628f55f0",
                    "67e550ce8ac547ad628f55f1",
                    "67e550ce8ac547ad628f55f2",
                    "67e550ce8ac547ad628f55f3",
                    "67e550ce8ac547ad628f55f4",
                    "67e550ce8ac547ad628f55f5",
                    "67e550ce8ac547ad628f55f6",
                    "67e550ce8ac547ad628f55f7",
                    "67e550ce8ac547ad628f55f8",
                    "67e550ce8ac547ad628f55f9",
                    "67e550ce8ac547ad628f55fa",
                    "67e550ce8ac547ad628f55fb",
                    "67e550ce8ac547ad628f55fc",
                    "67e550ce8ac547ad628f55fd"
                ],
                "haids": [
                    "641df3d58ac5479be3717c86",
                    "641df3d58ac5479be3717c87",
                    "641df3d58ac5479be3717c88",
                    "641df3d58ac5479be3717c89",
                    "641df3d58ac5479be3717c8a",
                    "641df3d58ac5479be3717c8b",
                    "641df3d58ac5479be3717c8c",
                    "641df3d58ac5479be3717c8d",
                    "641df3d58ac5479be3717c8e",
                    "641df3d58ac5479be3717c8f",
                    "641df3d58ac5479be3717c90",
                    "641df3d58ac5479be3717c91",
                    "641df3d58ac5479be3717c92",
                    "641df3d58ac5479be3717c93",
                    "641df3d58ac5479be3717c94",
                    "641df3d58ac5479be3717c95",
                    "641df3d58ac5479be3717c96",
                    "641df3d58ac5479be3717c97",
                    "641df3d58ac5479be3717c98",
                    "641df3d58ac5479be3717c99",
                    "641df3d58ac5479be3717c9a",
                    "641df3d58ac5479be3717c9b",
                    "641df3d58ac5479be3717c9c",
                    "641df3d58ac5479be3717c9d",
                    "641df3d58ac5479be3717c9e",
                    "641df3d58ac5479be3717c9f",
                    "641df3d58ac5479be3717ca0",
                    "641df3d58ac5479be3717ca1",
                    "641df3d58ac5479be3717ca2",
                    "641df3d58ac5479be3717ca3"
                ],
                "tids": [
                    "641e131b8ac547e256690ead",
                    "641e131b8ac547e256690eae",
                    "641e131b8ac547e256690eaf"
                ],
                "ccids": [
                    "641e11cf8ac547e1042e7918",
                    "641e11cf8ac547e1042e7919",
                    "641e11cf8ac547e1042e791a",
                    "641e11cf8ac547e1042e791b",
                    "641e11cf8ac547e1042e791c",
                    "641e11cf8ac547e1042e791d",
                    "641e11cf8ac547e1042e791e",
                    "641e11cf8ac547e1042e791f",
                    "641e11cf8ac547e1042e7920",
                    "641e11cf8ac547e1042e7921",
                    "641e11cf8ac547e1042e7922",
                    "641e11cf8ac547e1042e7923",
                    "641e11cf8ac547e1042e7924",
                    "641e11cf8ac547e1042e7925",
                    "641e11cf8ac547e1042e7926"
                ],
                "scids": [
                    "67eaffba8ac547ac76393191"
                ],
                "saids": [
                    "684b226e8ac5476ed06f0d8f",
                    "684b226e8ac5476ed06f0d90",
                    "684b226e8ac5476ed06f0d91",
                    "684b226e8ac5476ed06f0d92"
                ]
            },
            "_id": "641df0978ac54793d974c3da",
            "pid": "641df0978ac54793d974c3da"
        },
        {
            "type": "Feature",
            "geometry": {
                "type": "Polygon",
                "coordinates": [
                    [
                        [
                            -111.97721473,
                            33.0784715
                        ],
                        [
                            -111.97734534,
                            33.07847215
                        ],
                        [
                            -111.97733526,
                            33.07991522
                        ],
                        [
                            -111.97720464,
                            33.07991457
                        ],
                        [
                            -111.97721473,
                            33.0784715
                        ]
                    ]
                ]
            },
            "properties": {
                "plt_label": "p07",
                "trt_label": "BEDS",
                "PLTA": 1950.720048,
                "CUL_NAME": "NexGen 3195 B3XF",
                "PDATE": "2023-04-24",
                "PLYR": 2023,
                "PLDAY": 114,
                "IROP": "IR004",
                "IRVAL": [
                    {
                        "date": "2023-04-21",
                        "value": 20.4
                    },
                    {
                        "date": "2023-04-25",
                        "value": 20.4
                    },
                    {
                        "date": "2023-04-26",
                        "value": 10.2
                    },
                    {
                        "date": "2023-04-28",
                        "value": 25.5
                    },
                    {
                        "date": "2023-05-01",
                        "value": 20.4
                    },
                    {
                        "date": "2023-05-03",
                        "value": 20.4
                    },
                    {
                        "date": "2023-05-05",
                        "value": 20.4
                    },
                    {
                        "date": "2023-05-08",
                        "value": 20.4
                    },
                    {
                        "date": "2023-05-10",
                        "value": 10.2
                    },
                    {
                        "date": "2023-05-12",
                        "value": 20.4
                    },
                    {
                        "date": "2023-05-16",
                        "value": 20.4
                    },
                    {
                        "date": "2023-05-19",
                        "value": 20.4
                    },
                    {
                        "date": "2023-05-24",
                        "value": 20.4
                    },
                    {
                        "date": "2023-05-26",
                        "value": 25.3
                    },
                    {
                        "date": "2023-05-31",
                        "value": 20.4
                    },
                    {
                        "date": "2023-06-02",
                        "value": 20.4
                    },
                    {
                        "date": "2023-06-07",
                        "value": 25.3
                    },
                    {
                        "date": "2023-06-09",
                        "value": 22.8
                    },
                    {
                        "date": "2023-06-13",
                        "value": 26.0
                    },
                    {
                        "date": "2023-06-16",
                        "value": 30.6
                    },
                    {
                        "date": "2023-06-20",
                        "value": 25.6
                    },
                    {
                        "date": "2023-06-22",
                        "value": 20.4
                    },
                    {
                        "date": "2023-06-23",
                        "value": 20.4
                    },
                    {
                        "date": "2023-06-27",
                        "value": 38.7
                    },
                    {
                        "date": "2023-06-30",
                        "value": 34.6
                    },
                    {
                        "date": "2023-07-05",
                        "value": 37.1
                    },
                    {
                        "date": "2023-07-07",
                        "value": 37.1
                    },
                    {
                        "date": "2023-07-11",
                        "value": 44.5
                    },
                    {
                        "date": "2023-07-14",
                        "value": 44.5
                    },
                    {
                        "date": "2023-07-18",
                        "value": 44.9
                    },
                    {
                        "date": "2023-07-21",
                        "value": 45.2
                    },
                    {
                        "date": "2023-07-25",
                        "value": 48.7
                    },
                    {
                        "date": "2023-07-28",
                        "value": 45.8
                    },
                    {
                        "date": "2023-08-01",
                        "value": 40.8
                    },
                    {
                        "date": "2023-08-04",
                        "value": 40.6
                    },
                    {
                        "date": "2023-08-08",
                        "value": 30.6
                    },
                    {
                        "date": "2023-08-11",
                        "value": 40.8
                    },
                    {
                        "date": "2023-08-15",
                        "value": 30.6
                    },
                    {
                        "date": "2023-08-18",
                        "value": 40.8
                    },
                    {
                        "date": "2023-08-22",
                        "value": 30.6
                    },
                    {
                        "date": "2023-08-25",
                        "value": 40.8
                    },
                    {
                        "date": "2023-08-29",
                        "value": 30.6
                    },
                    {
                        "date": "2023-09-06",
                        "value": 30.6
                    },
                    {
                        "date": "2023-09-08",
                        "value": 35.6
                    }
                ],
                "FEAMN": [
                    {
                        "date": "2023-06-07",
                        "value": 51.9
                    },
                    {
                        "date": "2023-06-27",
                        "value": 51.9
                    },
                    {
                        "date": "2023-07-18",
                        "value": 51.9
                    }
                ],
                "CH_NOTES": [
                    {
                        "date": "2023-03-27",
                        "value": "Apply RoundUp (glyphosate)"
                    },
                    {
                        "date": "2023-04-11",
                        "value": "Apply Acumen (pendimethalin)"
                    },
                    {
                        "date": "2023-05-23",
                        "value": "Apply RoundUp (glyphosate)"
                    },
                    {
                        "date": "2023-06-06",
                        "value": "Apply RoundUp (glyphosate)"
                    },
                    {
                        "date": "2023-07-24",
                        "value": "Apply Mepstar6 (mepiquat chloride)"
                    },
                    {
                        "date": "2023-10-09",
                        "value": "Apply Redipik (diuron, thidiazuron)"
                    },
                    {
                        "date": "2023-10-25",
                        "value": "Apply Redipik (diuron, thidiazuron) and CottonQuik (urea sulfate, ethephon)"
                    }
                ],
                "TI_NOTES": [
                    {
                        "date": "2023-04-04",
                        "value": "Disk"
                    },
                    {
                        "date": "2023-04-11",
                        "value": "Land plane"
                    },
                    {
                        "date": "2023-04-04",
                        "value": "Raise beds"
                    },
                    {
                        "date": "2023-12",
                        "value": "Root pull, rip, moldboard plow, disk, and land plane"
                    }
                ],
                "EDATE": "2023-05-04",
                "PLYRE": 2023,
                "PLDOE": 124,
                "LF1D": "2023-05-17",
                "ADAT": "2023-07-03",
                "ADOY": 184,
                "NAWF": [
                    {
                        "date": "2023-07-03",
                        "value": 6.3
                    },
                    {
                        "date": "2023-07-13",
                        "value": 5.4
                    },
                    {
                        "date": "2023-07-20",
                        "value": 3.6
                    },
                    {
                        "date": "2023-07-27",
                        "value": 2.1
                    },
                    {
                        "date": "2023-08-03",
                        "value": 1.4
                    },
                    {
                        "date": "2023-08-24",
                        "value": 0.8
                    }
                ],
                "FRCOV": [
                    {
                        "date": "2023-04-25",
                        "value": 0.0
                    },
                    {
                        "date": "2023-06-21",
                        "value": 0.091
                    },
                    {
                        "date": "2023-06-29",
                        "value": 0.267
                    },
                    {
                        "date": "2023-07-03",
                        "value": 0.344
                    },
                    {
                        "date": "2023-07-13",
                        "value": 0.517
                    },
                    {
                        "date": "2023-07-20",
                        "value": 0.646
                    },
                    {
                        "date": "2023-07-28",
                        "value": 0.773
                    }
                ],
                "EM38V": [
                    {
                        "date": "2013-09-17",
                        "value": 54.46
                    },
                    {
                        "date": "2015-04-29",
                        "value": 52.84
                    }
                ],
                "SLSND_M": [
                    {
                        "depth": 15,
                        "mindepth": 0,
                        "maxdepth": 30,
                        "value": 52.1
                    },
                    {
                        "depth": 45,
                        "mindepth": 30,
                        "maxdepth": 60,
                        "value": 53.29
                    },
                    {
                        "depth": 75,
                        "mindepth": 60,
                        "maxdepth": 90,
                        "value": 54.87
                    },
                    {
                        "depth": 105,
                        "mindepth": 90,
                        "maxdepth": 120,
                        "value": 51.97
                    },
                    {
                        "depth": 135,
                        "mindepth": 120,
                        "maxdepth": 150,
                        "value": 51.82
                    },
                    {
                        "depth": 165,
                        "mindepth": 150,
                        "maxdepth": 180,
                        "value": 52.34
                    }
                ],
                "SLSLT_M": [
                    {
                        "depth": 15,
                        "mindepth": 0,
                        "maxdepth": 30,
                        "value": 21.36
                    },
                    {
                        "depth": 45,
                        "mindepth": 30,
                        "maxdepth": 60,
                        "value": 18.97
                    },
                    {
                        "depth": 75,
                        "mindepth": 60,
                        "maxdepth": 90,
                        "value": 20.64
                    },
                    {
                        "depth": 105,
                        "mindepth": 90,
                        "maxdepth": 120,
                        "value": 19.49
                    },
                    {
                        "depth": 135,
                        "mindepth": 120,
                        "maxdepth": 150,
                        "value": 21.95
                    },
                    {
                        "depth": 165,
                        "mindepth": 150,
                        "maxdepth": 180,
                        "value": 18.11
                    }
                ],
                "SLCLY_M": [
                    {
                        "depth": 15,
                        "mindepth": 0,
                        "maxdepth": 30,
                        "value": 26.62
                    },
                    {
                        "depth": 45,
                        "mindepth": 30,
                        "maxdepth": 60,
                        "value": 27.74
                    },
                    {
                        "depth": 75,
                        "mindepth": 60,
                        "maxdepth": 90,
                        "value": 24.5
                    },
                    {
                        "depth": 105,
                        "mindepth": 90,
                        "maxdepth": 120,
                        "value": 28.84
                    },
                    {
                        "depth": 135,
                        "mindepth": 120,
                        "maxdepth": 150,
                        "value": 26.25
                    },
                    {
                        "depth": 165,
                        "mindepth": 150,
                        "maxdepth": 180,
                        "value": 29.29
                    }
                ],
                "SLWP": [
                    {
                        "depth": 15,
                        "mindepth": 0,
                        "maxdepth": 30,
                        "value": 0.14
                    },
                    {
                        "depth": 45,
                        "mindepth": 30,
                        "maxdepth": 60,
                        "value": 0.141
                    },
                    {
                        "depth": 75,
                        "mindepth": 60,
                        "maxdepth": 90,
                        "value": 0.141
                    },
                    {
                        "depth": 105,
                        "mindepth": 90,
                        "maxdepth": 120,
                        "value": 0.144
                    },
                    {
                        "depth": 135,
                        "mindepth": 120,
                        "maxdepth": 150,
                        "value": 0.146
                    },
                    {
                        "depth": 165,
                        "mindepth": 150,
                        "maxdepth": 180,
                        "value": 0.143
                    }
                ],
                "SLWP2": [
                    {
                        "depth": 15,
                        "mindepth": 0,
                        "maxdepth": 30,
                        "value": 0.165
                    },
                    {
                        "depth": 45,
                        "mindepth": 30,
                        "maxdepth": 60,
                        "value": 0.163
                    },
                    {
                        "depth": 75,
                        "mindepth": 60,
                        "maxdepth": 90,
                        "value": 0.168
                    },
                    {
                        "depth": 105,
                        "mindepth": 90,
                        "maxdepth": 120,
                        "value": 0.169
                    },
                    {
                        "depth": 135,
                        "mindepth": 120,
                        "maxdepth": 150,
                        "value": 0.175
                    },
                    {
                        "depth": 165,
                        "mindepth": 150,
                        "maxdepth": 180,
                        "value": 0.167
                    }
                ],
                "SLFC1": [
                    {
                        "depth": 15,
                        "mindepth": 0,
                        "maxdepth": 30,
                        "value": 0.285
                    },
                    {
                        "depth": 45,
                        "mindepth": 30,
                        "maxdepth": 60,
                        "value": 0.267
                    },
                    {
                        "depth": 75,
                        "mindepth": 60,
                        "maxdepth": 90,
                        "value": 0.291
                    },
                    {
                        "depth": 105,
                        "mindepth": 90,
                        "maxdepth": 120,
                        "value": 0.291
                    },
                    {
                        "depth": 135,
                        "mindepth": 120,
                        "maxdepth": 150,
                        "value": 0.302
                    },
                    {
                        "depth": 165,
                        "mindepth": 150,
                        "maxdepth": 180,
                        "value": 0.298
                    }
                ],
                "SLSND_GBM": [
                    {
                        "depth": 20,
                        "mindepth": 0,
                        "maxdepth": 40,
                        "value": 52.52
                    },
                    {
                        "depth": 60,
                        "mindepth": 40,
                        "maxdepth": 80,
                        "value": 56.86
                    },
                    {
                        "depth": 100,
                        "mindepth": 80,
                        "maxdepth": 120,
                        "value": 55.5
                    },
                    {
                        "depth": 140,
                        "mindepth": 120,
                        "maxdepth": 160,
                        "value": 53.97
                    },
                    {
                        "depth": 180,
                        "mindepth": 160,
                        "maxdepth": 200,
                        "value": 64.63
                    }
                ],
                "SLSLT_GBM": [
                    {
                        "depth": 20,
                        "mindepth": 0,
                        "maxdepth": 40,
                        "value": 20.78
                    },
                    {
                        "depth": 60,
                        "mindepth": 40,
                        "maxdepth": 80,
                        "value": 19.18
                    },
                    {
                        "depth": 100,
                        "mindepth": 80,
                        "maxdepth": 120,
                        "value": 22.77
                    },
                    {
                        "depth": 140,
                        "mindepth": 120,
                        "maxdepth": 160,
                        "value": 21.96
                    },
                    {
                        "depth": 180,
                        "mindepth": 160,
                        "maxdepth": 200,
                        "value": 17.07
                    }
                ],
                "SLCLY_GBM": [
                    {
                        "depth": 20,
                        "mindepth": 0,
                        "maxdepth": 40,
                        "value": 26.84
                    },
                    {
                        "depth": 60,
                        "mindepth": 40,
                        "maxdepth": 80,
                        "value": 24.2
                    },
                    {
                        "depth": 100,
                        "mindepth": 80,
                        "maxdepth": 120,
                        "value": 22.23
                    },
                    {
                        "depth": 140,
                        "mindepth": 120,
                        "maxdepth": 160,
                        "value": 23.51
                    },
                    {
                        "depth": 180,
                        "mindepth": 160,
                        "maxdepth": 200,
                        "value": 18.51
                    }
                ],
                "SLSND_GB": [
                    {
                        "depth": 20,
                        "mindepth": 0,
                        "maxdepth": 40,
                        "value": 61.78
                    },
                    {
                        "depth": 60,
                        "mindepth": 40,
                        "maxdepth": 80,
                        "value": 66.18
                    },
                    {
                        "depth": 100,
                        "mindepth": 80,
                        "maxdepth": 120,
                        "value": 64.62
                    },
                    {
                        "depth": 140,
                        "mindepth": 120,
                        "maxdepth": 160,
                        "value": 63.23
                    },
                    {
                        "depth": 180,
                        "mindepth": 160,
                        "maxdepth": 200,
                        "value": 74.1
                    }
                ],
                "SLSLT_GB": [
                    {
                        "depth": 20,
                        "mindepth": 0,
                        "maxdepth": 40,
                        "value": 23.06
                    },
                    {
                        "depth": 60,
                        "mindepth": 40,
                        "maxdepth": 80,
                        "value": 20.88
                    },
                    {
                        "depth": 100,
                        "mindepth": 80,
                        "maxdepth": 120,
                        "value": 25.1
                    },
                    {
                        "depth": 140,
                        "mindepth": 120,
                        "maxdepth": 160,
                        "value": 25.9
                    },
                    {
                        "depth": 180,
                        "mindepth": 160,
                        "maxdepth": 200,
                        "value": 17.96
                    }
                ],
                "SLCLY_GB": [
                    {
                        "depth": 20,
                        "mindepth": 0,
                        "maxdepth": 40,
                        "value": 15.15
                    },
                    {
                        "depth": 60,
                        "mindepth": 40,
                        "maxdepth": 80,
                        "value": 13.02
                    },
                    {
                        "depth": 100,
                        "mindepth": 80,
                        "maxdepth": 120,
                        "value": 10.38
                    },
                    {
                        "depth": 140,
                        "mindepth": 120,
                        "maxdepth": 160,
                        "value": 10.87
                    },
                    {
                        "depth": 180,
                        "mindepth": 160,
                        "maxdepth": 200,
                        "value": 7.94
                    }
                ],
                "HARM": "Machine",
                "HADAT": "2023-11-13",
                "WBWAH": 4191.1,
                "BWCAH": 4.95,
                "DBWAH": 3983.7,
                "GNDAT": "2023-11-14",
                "FFRAC": 0.3642,
                "SFRAC": 0.4684,
                "TFRAC": 0.1674,
                "WFWAH": 1526.4,
                "WSWAH": 1963.1,
                "WSCWAH": 3489.4,
                "DFWAH": 1450.8,
                "DSWAH": 1865.9,
                "DSCWAH": 3316.7,
                "QLDAT": "2024-01-04",
                "FBMIC": 47.4,
                "FBLTH": 1.122,
                "FBUNI": 80.4,
                "FBSTR": 29.2,
                "FBELO": 5.4,
                "FBCRD": 80.3,
                "FBCLB": 9.1,
                "FBTCT": 10.0,
                "FBTAR": 0.12,
                "FBSFI": 11.4,
                "zids": [
                    "67e550ce8ac547ad628f55fe",
                    "67e550ce8ac547ad628f55ff",
                    "67e550ce8ac547ad628f5600",
                    "67e550ce8ac547ad628f5601",
                    "67e550ce8ac547ad628f5602",
                    "67e550ce8ac547ad628f5603",
                    "67e550ce8ac547ad628f5604",
                    "67e550ce8ac547ad628f5605",
                    "67e550ce8ac547ad628f5606",
                    "67e550ce8ac547ad628f5607",
                    "67e550ce8ac547ad628f5608",
                    "67e550ce8ac547ad628f5609",
                    "67e550ce8ac547ad628f560a",
                    "67e550ce8ac547ad628f560b",
                    "67e550ce8ac547ad628f560c",
                    "67e550ce8ac547ad628f560d",
                    "67e550ce8ac547ad628f560e",
                    "67e550ce8ac547ad628f560f",
                    "67e550ce8ac547ad628f5610",
                    "67e550ce8ac547ad628f5611",
                    "67e550ce8ac547ad628f5612",
                    "67e550ce8ac547ad628f5613",
                    "67e550ce8ac547ad628f5614",
                    "67e550ce8ac547ad628f5615",
                    "67e550ce8ac547ad628f5616",
                    "67e550ce8ac547ad628f5617",
                    "67e550ce8ac547ad628f5618",
                    "67e550ce8ac547ad628f5619",
                    "67e550ce8ac547ad628f561a",
                    "67e550ce8ac547ad628f561b",
                    "67e550ce8ac547ad628f561c",
                    "67e550ce8ac547ad628f561d",
                    "67e550ce8ac547ad628f561e",
                    "67e550ce8ac547ad628f561f",
                    "67e550ce8ac547ad628f5620",
                    "67e550ce8ac547ad628f5621",
                    "67e550ce8ac547ad628f5622",
                    "67e550ce8ac547ad628f5623",
                    "67e550ce8ac547ad628f5624",
                    "67e550ce8ac547ad628f5625",
                    "67e550ce8ac547ad628f5626",
                    "67e550ce8ac547ad628f5627",
                    "67e550ce8ac547ad628f5628",
                    "67e550ce8ac547ad628f5629",
                    "67e550ce8ac547ad628f562a",
                    "67e550ce8ac547ad628f562b",
                    "67e550ce8ac547ad628f562c",
                    "67e550ce8ac547ad628f562d",
                    "67e550ce8ac547ad628f562e",
                    "67e550ce8ac547ad628f562f",
                    "67e550ce8ac547ad628f5630",
                    "67e550ce8ac547ad628f5631"
                ],
                "haids": [
                    "641df3d58ac5479be3717ca4",
                    "641df3d58ac5479be3717ca5",
                    "641df3d58ac5479be3717ca6",
                    "641df3d58ac5479be3717ca7",
                    "641df3d58ac5479be3717ca8",
                    "641df3d58ac5479be3717ca9",
                    "641df3d58ac5479be3717caa",
                    "641df3d58ac5479be3717cab",
                    "641df3d58ac5479be3717cac",
                    "641df3d58ac5479be3717cad",
                    "641df3d58ac5479be3717cae",
                    "641df3d58ac5479be3717caf",
                    "641df3d58ac5479be3717cb0",
                    "641df3d58ac5479be3717cb1",
                    "641df3d58ac5479be3717cb2",
                    "641df3d58ac5479be3717cb3",
                    "641df3d58ac5479be3717cb4",
                    "641df3d58ac5479be3717cb5",
                    "641df3d58ac5479be3717cb6",
                    "641df3d58ac5479be3717cb7",
                    "641df3d58ac5479be3717cb8",
                    "641df3d58ac5479be3717cb9",
                    "641df3d58ac5479be3717cba",
                    "641df3d58ac5479be3717cbb",
                    "641df3d58ac5479be3717cbc",
                    "641df3d58ac5479be3717cbd",
                    "641df3d58ac5479be3717cbe",
                    "641df3d58ac5479be3717cbf",
                    "641df3d58ac5479be3717cc0",
                    "641df3d58ac5479be3717cc1"
                ],
                "tids": [
                    "641e131b8ac547e256690eb0",
                    "641e131b8ac547e256690eb1",
                    "641e131b8ac547e256690eb2"
                ],
                "ccids": [
                    "641e11cf8ac547e1042e7927",
                    "641e11cf8ac547e1042e7928",
                    "641e11cf8ac547e1042e7929",
                    "641e11cf8ac547e1042e792a",
                    "641e11cf8ac547e1042e792b",
                    "641e11cf8ac547e1042e792c",
                    "641e11cf8ac547e1042e792d",
                    "641e11cf8ac547e1042e792e",
                    "641e11cf8ac547e1042e792f",
                    "641e11cf8ac547e1042e7930",
                    "641e11cf8ac547e1042e7931",
                    "641e11cf8ac547e1042e7932",
                    "641e11cf8ac547e1042e7933",
                    "641e11cf8ac547e1042e7934",
                    "641e11cf8ac547e1042e7935"
                ],
                "scids": [
                    "67eaffba8ac547ac76393192"
                ],
                "saids": [
                    "684b226e8ac5476ed06f0ce3",
                    "684b226e8ac5476ed06f0ce4",
                    "684b226e8ac5476ed06f0ce5",
                    "684b226e8ac5476ed06f0ce6",
                    "684b226e8ac5476ed06f0ce7",
                    "684b226e8ac5476ed06f0ce8",
                    "684b226e8ac5476ed06f0d58",
                    "684b226e8ac5476ed06f0d59",
                    "684b226e8ac5476ed06f0d5a",
                    "684b226e8ac5476ed06f0d5b",
                    "684b226e8ac5476ed06f0d5c",
                    "684b226e8ac5476ed06f0d8b",
                    "684b226e8ac5476ed06f0d8c",
                    "684b226e8ac5476ed06f0d8d",
                    "684b226e8ac5476ed06f0d8e"
                ]
            },
            "_id": "641df0978ac54793d974c3db",
            "pid": "641df0978ac54793d974c3db"
        },
        {
            "type": "Feature",
            "geometry": {
                "type": "Polygon",
                "coordinates": [
                    [
                        [
                            -111.97706234,
                            33.07847075
                        ],
                        [
                            -111.97719296,
                            33.07847139
                        ],
                        [
                            -111.97718287,
                            33.07991446
                        ],
                        [
                            -111.97705226,
                            33.07991382
                        ],
                        [
                            -111.97706234,
                            33.07847075
                        ]
                    ]
                ]
            },
            "properties": {
                "plt_label": "p08",
                "trt_label": "FLAT",
                "PLTA": 1950.719988,
                "CUL_NAME": "NexGen 3195 B3XF",
                "PDATE": "2023-04-24",
                "PLYR": 2023,
                "PLDAY": 114,
                "IROP": "IR004",
                "IRVAL": [
                    {
                        "date": "2023-04-21",
                        "value": 20.4
                    },
                    {
                        "date": "2023-04-25",
                        "value": 20.4
                    },
                    {
                        "date": "2023-04-26",
                        "value": 10.2
                    },
                    {
                        "date": "2023-04-28",
                        "value": 25.5
                    },
                    {
                        "date": "2023-05-01",
                        "value": 20.4
                    },
                    {
                        "date": "2023-05-03",
                        "value": 20.4
                    },
                    {
                        "date": "2023-05-05",
                        "value": 20.4
                    },
                    {
                        "date": "2023-05-08",
                        "value": 20.4
                    },
                    {
                        "date": "2023-05-10",
                        "value": 10.2
                    },
                    {
                        "date": "2023-05-12",
                        "value": 20.4
                    },
                    {
                        "date": "2023-05-16",
                        "value": 20.4
                    },
                    {
                        "date": "2023-05-19",
                        "value": 20.4
                    },
                    {
                        "date": "2023-05-24",
                        "value": 20.4
                    },
                    {
                        "date": "2023-05-26",
                        "value": 25.3
                    },
                    {
                        "date": "2023-05-31",
                        "value": 20.4
                    },
                    {
                        "date": "2023-06-02",
                        "value": 20.4
                    },
                    {
                        "date": "2023-06-07",
                        "value": 25.3
                    },
                    {
                        "date": "2023-06-09",
                        "value": 22.8
                    },
                    {
                        "date": "2023-06-13",
                        "value": 26.0
                    },
                    {
                        "date": "2023-06-16",
                        "value": 30.6
                    },
                    {
                        "date": "2023-06-20",
                        "value": 25.6
                    },
                    {
                        "date": "2023-06-22",
                        "value": 20.4
                    },
                    {
                        "date": "2023-06-23",
                        "value": 20.4
                    },
                    {
                        "date": "2023-06-27",
                        "value": 38.7
                    },
                    {
                        "date": "2023-06-30",
                        "value": 34.6
                    },
                    {
                        "date": "2023-07-05",
                        "value": 37.1
                    },
                    {
                        "date": "2023-07-07",
                        "value": 37.1
                    },
                    {
                        "date": "2023-07-11",
                        "value": 44.5
                    },
                    {
                        "date": "2023-07-14",
                        "value": 44.5
                    },
                    {
                        "date": "2023-07-18",
                        "value": 44.9
                    },
                    {
                        "date": "2023-07-21",
                        "value": 45.2
                    },
                    {
                        "date": "2023-07-25",
                        "value": 48.7
                    },
                    {
                        "date": "2023-07-28",
                        "value": 45.8
                    },
                    {
                        "date": "2023-08-01",
                        "value": 40.8
                    },
                    {
                        "date": "2023-08-04",
                        "value": 40.6
                    },
                    {
                        "date": "2023-08-08",
                        "value": 30.6
                    },
                    {
                        "date": "2023-08-11",
                        "value": 40.8
                    },
                    {
                        "date": "2023-08-15",
                        "value": 30.6
                    },
                    {
                        "date": "2023-08-18",
                        "value": 40.8
                    },
                    {
                        "date": "2023-08-22",
                        "value": 30.6
                    },
                    {
                        "date": "2023-08-25",
                        "value": 40.8
                    },
                    {
                        "date": "2023-08-29",
                        "value": 30.6
                    },
                    {
                        "date": "2023-09-06",
                        "value": 30.6
                    },
                    {
                        "date": "2023-09-08",
                        "value": 35.6
                    }
                ],
                "FEAMN": [
                    {
                        "date": "2023-06-07",
                        "value": 51.9
                    },
                    {
                        "date": "2023-06-27",
                        "value": 51.9
                    },
                    {
                        "date": "2023-07-18",
                        "value": 51.9
                    }
                ],
                "CH_NOTES": [
                    {
                        "date": "2023-03-27",
                        "value": "Apply RoundUp (glyphosate)"
                    },
                    {
                        "date": "2023-04-11",
                        "value": "Apply Acumen (pendimethalin)"
                    },
                    {
                        "date": "2023-05-23",
                        "value": "Apply RoundUp (glyphosate)"
                    },
                    {
                        "date": "2023-06-06",
                        "value": "Apply RoundUp (glyphosate)"
                    },
                    {
                        "date": "2023-07-24",
                        "value": "Apply Mepstar6 (mepiquat chloride)"
                    },
                    {
                        "date": "2023-10-09",
                        "value": "Apply Redipik (diuron, thidiazuron)"
                    },
                    {
                        "date": "2023-10-25",
                        "value": "Apply Redipik (diuron, thidiazuron) and CottonQuik (urea sulfate, ethephon)"
                    }
                ],
                "TI_NOTES": [
                    {
                        "date": "2023-04-04",
                        "value": "Disk"
                    },
                    {
                        "date": "2023-04-11",
                        "value": "Land plane"
                    },
                    {
                        "date": "2023-12",
                        "value": "Root pull, rip, moldboard plow, disk, and land plane"
                    }
                ],
                "EDATE": "2023-05-03",
                "PLYRE": 2023,
                "PLDOE": 123,
                "LF1D": "2023-05-17",
                "ADAT": "2023-07-02",
                "ADOY": 183,
                "NAWF": [
                    {
                        "date": "2023-07-03",
                        "value": 6.8
                    },
                    {
                        "date": "2023-07-13",
                        "value": 5.8
                    },
                    {
                        "date": "2023-07-20",
                        "value": 4.1
                    },
                    {
                        "date": "2023-07-27",
                        "value": 2.8
                    },
                    {
                        "date": "2023-08-03",
                        "value": 2.3
                    },
                    {
                        "date": "2023-08-24",
                        "value": 1.4
                    }
                ],
                "FRCOV": [
                    {
                        "date": "2023-04-25",
                        "value": 0.0
                    },
                    {
                        "date": "2023-06-21",
                        "value": 0.156
                    },
                    {
                        "date": "2023-06-29",
                        "value": 0.348
                    },
                    {
                        "date": "2023-07-03",
                        "value": 0.433
                    },
                    {
                        "date": "2023-07-13",
                        "value": 0.596
                    },
                    {
                        "date": "2023-07-20",
                        "value": 0.725
                    },
                    {
                        "date": "2023-07-28",
                        "value": 0.849
                    }
                ],
                "EM38V": [
                    {
                        "date": "2013-09-17",
                        "value": 53.21
                    },
                    {
                        "date": "2015-04-29",
                        "value": 52.79
                    }
                ],
                "SLSND_M": [
                    {
                        "depth": 15,
                        "mindepth": 0,
                        "maxdepth": 30,
                        "value": 52.52
                    },
                    {
                        "depth": 45,
                        "mindepth": 30,
                        "maxdepth": 60,
                        "value": 53.6
                    },
                    {
                        "depth": 75,
                        "mindepth": 60,
                        "maxdepth": 90,
                        "value": 54.33
                    },
                    {
                        "depth": 105,
                        "mindepth": 90,
                        "maxdepth": 120,
                        "value": 51.24
                    },
                    {
                        "depth": 135,
                        "mindepth": 120,
                        "maxdepth": 150,
                        "value": 50.4
                    },
                    {
                        "depth": 165,
                        "mindepth": 150,
                        "maxdepth": 180,
                        "value": 52.17
                    }
                ],
                "SLSLT_M": [
                    {
                        "depth": 15,
                        "mindepth": 0,
                        "maxdepth": 30,
                        "value": 21.23
                    },
                    {
                        "depth": 45,
                        "mindepth": 30,
                        "maxdepth": 60,
                        "value": 18.94
                    },
                    {
                        "depth": 75,
                        "mindepth": 60,
                        "maxdepth": 90,
                        "value": 20.74
                    },
                    {
                        "depth": 105,
                        "mindepth": 90,
                        "maxdepth": 120,
                        "value": 19.35
                    },
                    {
                        "depth": 135,
                        "mindepth": 120,
                        "maxdepth": 150,
                        "value": 21.97
                    },
                    {
                        "depth": 165,
                        "mindepth": 150,
                        "maxdepth": 180,
                        "value": 18.61
                    }
                ],
                "SLCLY_M": [
                    {
                        "depth": 15,
                        "mindepth": 0,
                        "maxdepth": 30,
                        "value": 26.32
                    },
                    {
                        "depth": 45,
                        "mindepth": 30,
                        "maxdepth": 60,
                        "value": 27.43
                    },
                    {
                        "depth": 75,
                        "mindepth": 60,
                        "maxdepth": 90,
                        "value": 24.77
                    },
                    {
                        "depth": 105,
                        "mindepth": 90,
                        "maxdepth": 120,
                        "value": 29.55
                    },
                    {
                        "depth": 135,
                        "mindepth": 120,
                        "maxdepth": 150,
                        "value": 27.15
                    },
                    {
                        "depth": 165,
                        "mindepth": 150,
                        "maxdepth": 180,
                        "value": 29.07
                    }
                ],
                "SLWP": [
                    {
                        "depth": 15,
                        "mindepth": 0,
                        "maxdepth": 30,
                        "value": 0.142
                    },
                    {
                        "depth": 45,
                        "mindepth": 30,
                        "maxdepth": 60,
                        "value": 0.142
                    },
                    {
                        "depth": 75,
                        "mindepth": 60,
                        "maxdepth": 90,
                        "value": 0.147
                    },
                    {
                        "depth": 105,
                        "mindepth": 90,
                        "maxdepth": 120,
                        "value": 0.156
                    },
                    {
                        "depth": 135,
                        "mindepth": 120,
                        "maxdepth": 150,
                        "value": 0.154
                    },
                    {
                        "depth": 165,
                        "mindepth": 150,
                        "maxdepth": 180,
                        "value": 0.149
                    }
                ],
                "SLWP2": [
                    {
                        "depth": 15,
                        "mindepth": 0,
                        "maxdepth": 30,
                        "value": 0.164
                    },
                    {
                        "depth": 45,
                        "mindepth": 30,
                        "maxdepth": 60,
                        "value": 0.163
                    },
                    {
                        "depth": 75,
                        "mindepth": 60,
                        "maxdepth": 90,
                        "value": 0.169
                    },
                    {
                        "depth": 105,
                        "mindepth": 90,
                        "maxdepth": 120,
                        "value": 0.179
                    },
                    {
                        "depth": 135,
                        "mindepth": 120,
                        "maxdepth": 150,
                        "value": 0.18
                    },
                    {
                        "depth": 165,
                        "mindepth": 150,
                        "maxdepth": 180,
                        "value": 0.168
                    }
                ],
                "SLFC1": [
                    {
                        "depth": 15,
                        "mindepth": 0,
                        "maxdepth": 30,
                        "value": 0.286
                    },
                    {
                        "depth": 45,
                        "mindepth": 30,
                        "maxdepth": 60,
                        "value": 0.267
                    },
                    {
                        "depth": 75,
                        "mindepth": 60,
                        "maxdepth": 90,
                        "value": 0.293
                    },
                    {
                        "depth": 105,
                        "mindepth": 90,
                        "maxdepth": 120,
                        "value": 0.298
                    },
                    {
                        "depth": 135,
                        "mindepth": 120,
                        "maxdepth": 150,
                        "value": 0.306
                    },
                    {
                        "depth": 165,
                        "mindepth": 150,
                        "maxdepth": 180,
                        "value": 0.297
                    }
                ],
                "SLSND_GBM": [
                    {
                        "depth": 20,
                        "mindepth": 0,
                        "maxdepth": 40,
                        "value": 52.86
                    },
                    {
                        "depth": 60,
                        "mindepth": 40,
                        "maxdepth": 80,
                        "value": 57.06
                    },
                    {
                        "depth": 100,
                        "mindepth": 80,
                        "maxdepth": 120,
                        "value": 55.71
                    },
                    {
                        "depth": 140,
                        "mindepth": 120,
                        "maxdepth": 160,
                        "value": 54.13
                    },
                    {
                        "depth": 180,
                        "mindepth": 160,
                        "maxdepth": 200,
                        "value": 65.29
                    }
                ],
                "SLSLT_GBM": [
                    {
                        "depth": 20,
                        "mindepth": 0,
                        "maxdepth": 40,
                        "value": 20.53
                    },
                    {
                        "depth": 60,
                        "mindepth": 40,
                        "maxdepth": 80,
                        "value": 19.04
                    },
                    {
                        "depth": 100,
                        "mindepth": 80,
                        "maxdepth": 120,
                        "value": 22.54
                    },
                    {
                        "depth": 140,
                        "mindepth": 120,
                        "maxdepth": 160,
                        "value": 21.79
                    },
                    {
                        "depth": 180,
                        "mindepth": 160,
                        "maxdepth": 200,
                        "value": 16.65
                    }
                ],
                "SLCLY_GBM": [
                    {
                        "depth": 20,
                        "mindepth": 0,
                        "maxdepth": 40,
                        "value": 26.62
                    },
                    {
                        "depth": 60,
                        "mindepth": 40,
                        "maxdepth": 80,
                        "value": 23.84
                    },
                    {
                        "depth": 100,
                        "mindepth": 80,
                        "maxdepth": 120,
                        "value": 22.01
                    },
                    {
                        "depth": 140,
                        "mindepth": 120,
                        "maxdepth": 160,
                        "value": 23.53
                    },
                    {
                        "depth": 180,
                        "mindepth": 160,
                        "maxdepth": 200,
                        "value": 18.27
                    }
                ],
                "SLSND_GB": [
                    {
                        "depth": 20,
                        "mindepth": 0,
                        "maxdepth": 40,
                        "value": 62.24
                    },
                    {
                        "depth": 60,
                        "mindepth": 40,
                        "maxdepth": 80,
                        "value": 66.44
                    },
                    {
                        "depth": 100,
                        "mindepth": 80,
                        "maxdepth": 120,
                        "value": 65.3
                    },
                    {
                        "depth": 140,
                        "mindepth": 120,
                        "maxdepth": 160,
                        "value": 63.5
                    },
                    {
                        "depth": 180,
                        "mindepth": 160,
                        "maxdepth": 200,
                        "value": 74.77
                    }
                ],
                "SLSLT_GB": [
                    {
                        "depth": 20,
                        "mindepth": 0,
                        "maxdepth": 40,
                        "value": 22.83
                    },
                    {
                        "depth": 60,
                        "mindepth": 40,
                        "maxdepth": 80,
                        "value": 20.61
                    },
                    {
                        "depth": 100,
                        "mindepth": 80,
                        "maxdepth": 120,
                        "value": 24.74
                    },
                    {
                        "depth": 140,
                        "mindepth": 120,
                        "maxdepth": 160,
                        "value": 25.72
                    },
                    {
                        "depth": 180,
                        "mindepth": 160,
                        "maxdepth": 200,
                        "value": 17.38
                    }
                ],
                "SLCLY_GB": [
                    {
                        "depth": 20,
                        "mindepth": 0,
                        "maxdepth": 40,
                        "value": 15.0
                    },
                    {
                        "depth": 60,
                        "mindepth": 40,
                        "maxdepth": 80,
                        "value": 12.82
                    },
                    {
                        "depth": 100,
                        "mindepth": 80,
                        "maxdepth": 120,
                        "value": 10.11
                    },
                    {
                        "depth": 140,
                        "mindepth": 120,
                        "maxdepth": 160,
                        "value": 10.82
                    },
                    {
                        "depth": 180,
                        "mindepth": 160,
                        "maxdepth": 200,
                        "value": 7.64
                    }
                ],
                "HARM": "Machine",
                "HADAT": "2023-11-13",
                "WBWAH": 4668.1,
                "BWCAH": 4.53,
                "DBWAH": 4456.4,
                "GNDAT": "2023-11-14",
                "FFRAC": 0.3697,
                "SFRAC": 0.4763,
                "TFRAC": 0.1541,
                "WFWAH": 1725.7,
                "WSWAH": 2223.2,
                "WSCWAH": 3948.9,
                "DFWAH": 1647.4,
                "DSWAH": 2122.4,
                "DSCWAH": 3769.8,
                "QLDAT": "2024-01-04",
                "FBMIC": 49.3,
                "FBLTH": 1.092,
                "FBUNI": 79.5,
                "FBSTR": 28.7,
                "FBELO": 5.3,
                "FBCRD": 80.6,
                "FBCLB": 9.2,
                "FBTCT": 6.0,
                "FBTAR": 0.08,
                "FBSFI": 13.4,
                "zids": [
                    "67e550ce8ac547ad628f5632",
                    "67e550ce8ac547ad628f5633",
                    "67e550ce8ac547ad628f5634",
                    "67e550ce8ac547ad628f5635",
                    "67e550ce8ac547ad628f5636",
                    "67e550ce8ac547ad628f5637",
                    "67e550ce8ac547ad628f5638",
                    "67e550ce8ac547ad628f5639",
                    "67e550ce8ac547ad628f563a",
                    "67e550ce8ac547ad628f563b",
                    "67e550ce8ac547ad628f563c",
                    "67e550ce8ac547ad628f563d",
                    "67e550ce8ac547ad628f563e",
                    "67e550ce8ac547ad628f563f",
                    "67e550ce8ac547ad628f5640",
                    "67e550ce8ac547ad628f5641",
                    "67e550ce8ac547ad628f5642",
                    "67e550ce8ac547ad628f5643",
                    "67e550ce8ac547ad628f5644",
                    "67e550ce8ac547ad628f5645",
                    "67e550ce8ac547ad628f5646",
                    "67e550ce8ac547ad628f5647",
                    "67e550ce8ac547ad628f5648",
                    "67e550ce8ac547ad628f5649",
                    "67e550ce8ac547ad628f564a",
                    "67e550ce8ac547ad628f564b",
                    "67e550ce8ac547ad628f564c",
                    "67e550ce8ac547ad628f564d",
                    "67e550ce8ac547ad628f564e",
                    "67e550ce8ac547ad628f564f",
                    "67e550ce8ac547ad628f5650",
                    "67e550ce8ac547ad628f5651",
                    "67e550ce8ac547ad628f5652",
                    "67e550ce8ac547ad628f5653",
                    "67e550ce8ac547ad628f5654",
                    "67e550ce8ac547ad628f5655",
                    "67e550ce8ac547ad628f5656",
                    "67e550ce8ac547ad628f5657",
                    "67e550ce8ac547ad628f5658",
                    "67e550ce8ac547ad628f5659",
                    "67e550ce8ac547ad628f565a",
                    "67e550ce8ac547ad628f565b",
                    "67e550ce8ac547ad628f565c",
                    "67e550ce8ac547ad628f565d",
                    "67e550ce8ac547ad628f565e",
                    "67e550ce8ac547ad628f565f",
                    "67e550ce8ac547ad628f5660",
                    "67e550ce8ac547ad628f5661",
                    "67e550ce8ac547ad628f5662",
                    "67e550ce8ac547ad628f5663",
                    "67e550ce8ac547ad628f5664",
                    "67e550ce8ac547ad628f5665"
                ],
                "haids": [
                    "641df3d58ac5479be3717cc2",
                    "641df3d58ac5479be3717cc3",
                    "641df3d58ac5479be3717cc4",
                    "641df3d58ac5479be3717cc5",
                    "641df3d58ac5479be3717cc6",
                    "641df3d58ac5479be3717cc7",
                    "641df3d58ac5479be3717cc8",
                    "641df3d58ac5479be3717cc9",
                    "641df3d58ac5479be3717cca",
                    "641df3d58ac5479be3717ccb",
                    "641df3d58ac5479be3717ccc",
                    "641df3d58ac5479be3717ccd",
                    "641df3d58ac5479be3717cce",
                    "641df3d58ac5479be3717ccf",
                    "641df3d58ac5479be3717cd0",
                    "641df3d58ac5479be3717cd1",
                    "641df3d58ac5479be3717cd2",
                    "641df3d58ac5479be3717cd3",
                    "641df3d58ac5479be3717cd4",
                    "641df3d58ac5479be3717cd5",
                    "641df3d58ac5479be3717cd6",
                    "641df3d58ac5479be3717cd7",
                    "641df3d58ac5479be3717cd8",
                    "641df3d58ac5479be3717cd9",
                    "641df3d58ac5479be3717cda",
                    "641df3d58ac5479be3717cdb",
                    "641df3d58ac5479be3717cdc",
                    "641df3d58ac5479be3717cdd",
                    "641df3d58ac5479be3717cde",
                    "641df3d58ac5479be3717cdf"
                ],
                "tids": [
                    "641e131b8ac547e256690eb3",
                    "641e131b8ac547e256690eb4",
                    "641e131b8ac547e256690eb5"
                ],
                "ccids": [
                    "641e11cf8ac547e1042e7936",
                    "641e11cf8ac547e1042e7937",
                    "641e11cf8ac547e1042e7938",
                    "641e11cf8ac547e1042e7939",
                    "641e11cf8ac547e1042e793a",
                    "641e11cf8ac547e1042e793b",
                    "641e11cf8ac547e1042e793c",
                    "641e11cf8ac547e1042e793d",
                    "641e11cf8ac547e1042e793e",
                    "641e11cf8ac547e1042e793f",
                    "641e11cf8ac547e1042e7940",
                    "641e11cf8ac547e1042e7941",
                    "641e11cf8ac547e1042e7942",
                    "641e11cf8ac547e1042e7943",
                    "641e11cf8ac547e1042e7944"
                ],
                "scids": [
                    "67eaffba8ac547ac76393193"
                ],
                "saids": [
                    "684b226e8ac5476ed06f0d87",
                    "684b226e8ac5476ed06f0d88",
                    "684b226e8ac5476ed06f0d89",
                    "684b226e8ac5476ed06f0d8a"
                ]
            },
            "_id": "641df0978ac54793d974c3dc",
            "pid": "641df0978ac54793d974c3dc"
        },
        {
            "type": "Feature",
            "geometry": {
                "type": "Polygon",
                "coordinates": [
                    [
                        [
                            -111.9769108,
                            33.07846999
                        ],
                        [
                            -111.97704141,
                            33.07847064
                        ],
                        [
                            -111.97703133,
                            33.07991371
                        ],
                        [
                            -111.97690071,
                            33.07991306
                        ],
                        [
                            -111.9769108,
                            33.07846999
                        ]
                    ]
                ]
            },
            "properties": {
                "plt_label": "p09",
                "trt_label": "FLAT",
                "PLTA": 1950.720027,
                "CUL_NAME": "NexGen 3195 B3XF",
                "PDATE": "2023-04-24",
                "PLYR": 2023,
                "PLDAY": 114,
                "IROP": "IR004",
                "IRVAL": [
                    {
                        "date": "2023-04-21",
                        "value": 20.4
                    },
                    {
                        "date": "2023-04-25",
                        "value": 20.4
                    },
                    {
                        "date": "2023-04-26",
                        "value": 10.2
                    },
                    {
                        "date": "2023-04-28",
                        "value": 25.5
                    },
                    {
                        "date": "2023-05-01",
                        "value": 20.4
                    },
                    {
                        "date": "2023-05-03",
                        "value": 20.4
                    },
                    {
                        "date": "2023-05-05",
                        "value": 20.4
                    },
                    {
                        "date": "2023-05-08",
                        "value": 20.4
                    },
                    {
                        "date": "2023-05-10",
                        "value": 10.2
                    },
                    {
                        "date": "2023-05-12",
                        "value": 20.4
                    },
                    {
                        "date": "2023-05-16",
                        "value": 20.4
                    },
                    {
                        "date": "2023-05-19",
                        "value": 20.4
                    },
                    {
                        "date": "2023-05-24",
                        "value": 20.4
                    },
                    {
                        "date": "2023-05-26",
                        "value": 25.3
                    },
                    {
                        "date": "2023-05-31",
                        "value": 20.4
                    },
                    {
                        "date": "2023-06-02",
                        "value": 20.4
                    },
                    {
                        "date": "2023-06-07",
                        "value": 25.3
                    },
                    {
                        "date": "2023-06-09",
                        "value": 22.8
                    },
                    {
                        "date": "2023-06-13",
                        "value": 26.0
                    },
                    {
                        "date": "2023-06-16",
                        "value": 30.6
                    },
                    {
                        "date": "2023-06-20",
                        "value": 25.6
                    },
                    {
                        "date": "2023-06-22",
                        "value": 20.4
                    },
                    {
                        "date": "2023-06-23",
                        "value": 20.4
                    },
                    {
                        "date": "2023-06-27",
                        "value": 38.7
                    },
                    {
                        "date": "2023-06-30",
                        "value": 34.6
                    },
                    {
                        "date": "2023-07-05",
                        "value": 37.1
                    },
                    {
                        "date": "2023-07-07",
                        "value": 37.1
                    },
                    {
                        "date": "2023-07-11",
                        "value": 44.5
                    },
                    {
                        "date": "2023-07-14",
                        "value": 44.5
                    },
                    {
                        "date": "2023-07-18",
                        "value": 44.9
                    },
                    {
                        "date": "2023-07-21",
                        "value": 45.2
                    },
                    {
                        "date": "2023-07-25",
                        "value": 48.7
                    },
                    {
                        "date": "2023-07-28",
                        "value": 45.8
                    },
                    {
                        "date": "2023-08-01",
                        "value": 40.8
                    },
                    {
                        "date": "2023-08-04",
                        "value": 40.6
                    },
                    {
                        "date": "2023-08-08",
                        "value": 30.6
                    },
                    {
                        "date": "2023-08-11",
                        "value": 40.8
                    },
                    {
                        "date": "2023-08-15",
                        "value": 30.6
                    },
                    {
                        "date": "2023-08-18",
                        "value": 40.8
                    },
                    {
                        "date": "2023-08-22",
                        "value": 30.6
                    },
                    {
                        "date": "2023-08-25",
                        "value": 40.8
                    },
                    {
                        "date": "2023-08-29",
                        "value": 30.6
                    },
                    {
                        "date": "2023-09-06",
                        "value": 30.6
                    },
                    {
                        "date": "2023-09-08",
                        "value": 35.6
                    }
                ],
                "FEAMN": [
                    {
                        "date": "2023-06-07",
                        "value": 51.9
                    },
                    {
                        "date": "2023-06-27",
                        "value": 51.9
                    },
                    {
                        "date": "2023-07-18",
                        "value": 51.9
                    }
                ],
                "CH_NOTES": [
                    {
                        "date": "2023-03-27",
                        "value": "Apply RoundUp (glyphosate)"
                    },
                    {
                        "date": "2023-04-11",
                        "value": "Apply Acumen (pendimethalin)"
                    },
                    {
                        "date": "2023-07-24",
                        "value": "Apply Mepstar6 (mepiquat chloride)"
                    },
                    {
                        "date": "2023-10-09",
                        "value": "Apply Redipik (diuron, thidiazuron)"
                    },
                    {
                        "date": "2023-10-25",
                        "value": "Apply Redipik (diuron, thidiazuron) and CottonQuik (urea sulfate, ethephon)"
                    }
                ],
                "TI_NOTES": [
                    {
                        "date": "2023-04-04",
                        "value": "Disk"
                    },
                    {
                        "date": "2023-04-11",
                        "value": "Land plane"
                    },
                    {
                        "date": "2023-12",
                        "value": "Root pull, rip, moldboard plow, disk, and land plane"
                    }
                ],
                "EDATE": "2023-05-04",
                "PLYRE": 2023,
                "PLDOE": 124,
                "LF1D": "2023-05-16",
                "ADAT": "2023-07-01",
                "ADOY": 182,
                "NAWF": [
                    {
                        "date": "2023-07-03",
                        "value": 6.6
                    },
                    {
                        "date": "2023-07-13",
                        "value": 6.1
                    },
                    {
                        "date": "2023-07-20",
                        "value": 4.4
                    },
                    {
                        "date": "2023-07-27",
                        "value": 3.0
                    },
                    {
                        "date": "2023-08-03",
                        "value": 2.1
                    },
                    {
                        "date": "2023-08-24",
                        "value": 1.5
                    }
                ],
                "FRCOV": [
                    {
                        "date": "2023-04-25",
                        "value": 0.0
                    },
                    {
                        "date": "2023-06-21",
                        "value": 0.184
                    },
                    {
                        "date": "2023-06-29",
                        "value": 0.373
                    },
                    {
                        "date": "2023-07-03",
                        "value": 0.451
                    },
                    {
                        "date": "2023-07-13",
                        "value": 0.6
                    },
                    {
                        "date": "2023-07-20",
                        "value": 0.719
                    },
                    {
                        "date": "2023-07-28",
                        "value": 0.832
                    }
                ],
                "EM38V": [
                    {
                        "date": "2013-09-17",
                        "value": 56.94
                    },
                    {
                        "date": "2015-04-29",
                        "value": 55.5
                    }
                ],
                "SLSND_M": [
                    {
                        "depth": 15,
                        "mindepth": 0,
                        "maxdepth": 30,
                        "value": 52.96
                    },
                    {
                        "depth": 45,
                        "mindepth": 30,
                        "maxdepth": 60,
                        "value": 54.56
                    },
                    {
                        "depth": 75,
                        "mindepth": 60,
                        "maxdepth": 90,
                        "value": 54.6
                    },
                    {
                        "depth": 105,
                        "mindepth": 90,
                        "maxdepth": 120,
                        "value": 51.27
                    },
                    {
                        "depth": 135,
                        "mindepth": 120,
                        "maxdepth": 150,
                        "value": 49.86
                    },
                    {
                        "depth": 165,
                        "mindepth": 150,
                        "maxdepth": 180,
                        "value": 52.27
                    }
                ],
                "SLSLT_M": [
                    {
                        "depth": 15,
                        "mindepth": 0,
                        "maxdepth": 30,
                        "value": 20.81
                    },
                    {
                        "depth": 45,
                        "mindepth": 30,
                        "maxdepth": 60,
                        "value": 18.41
                    },
                    {
                        "depth": 75,
                        "mindepth": 60,
                        "maxdepth": 90,
                        "value": 20.29
                    },
                    {
                        "depth": 105,
                        "mindepth": 90,
                        "maxdepth": 120,
                        "value": 18.7
                    },
                    {
                        "depth": 135,
                        "mindepth": 120,
                        "maxdepth": 150,
                        "value": 21.62
                    },
                    {
                        "depth": 165,
                        "mindepth": 150,
                        "maxdepth": 180,
                        "value": 18.62
                    }
                ],
                "SLCLY_M": [
                    {
                        "depth": 15,
                        "mindepth": 0,
                        "maxdepth": 30,
                        "value": 26.28
                    },
                    {
                        "depth": 45,
                        "mindepth": 30,
                        "maxdepth": 60,
                        "value": 27.03
                    },
                    {
                        "depth": 75,
                        "mindepth": 60,
                        "maxdepth": 90,
                        "value": 24.72
                    },
                    {
                        "depth": 105,
                        "mindepth": 90,
                        "maxdepth": 120,
                        "value": 30.72
                    },
                    {
                        "depth": 135,
                        "mindepth": 120,
                        "maxdepth": 150,
                        "value": 27.87
                    },
                    {
                        "depth": 165,
                        "mindepth": 150,
                        "maxdepth": 180,
                        "value": 28.81
                    }
                ],
                "SLWP": [
                    {
                        "depth": 15,
                        "mindepth": 0,
                        "maxdepth": 30,
                        "value": 0.143
                    },
                    {
                        "depth": 45,
                        "mindepth": 30,
                        "maxdepth": 60,
                        "value": 0.142
                    },
                    {
                        "depth": 75,
                        "mindepth": 60,
                        "maxdepth": 90,
                        "value": 0.153
                    },
                    {
                        "depth": 105,
                        "mindepth": 90,
                        "maxdepth": 120,
                        "value": 0.17
                    },
                    {
                        "depth": 135,
                        "mindepth": 120,
                        "maxdepth": 150,
                        "value": 0.164
                    },
                    {
                        "depth": 165,
                        "mindepth": 150,
                        "maxdepth": 180,
                        "value": 0.157
                    }
                ],
                "SLWP2": [
                    {
                        "depth": 15,
                        "mindepth": 0,
                        "maxdepth": 30,
                        "value": 0.165
                    },
                    {
                        "depth": 45,
                        "mindepth": 30,
                        "maxdepth": 60,
                        "value": 0.16
                    },
                    {
                        "depth": 75,
                        "mindepth": 60,
                        "maxdepth": 90,
                        "value": 0.171
                    },
                    {
                        "depth": 105,
                        "mindepth": 90,
                        "maxdepth": 120,
                        "value": 0.193
                    },
                    {
                        "depth": 135,
                        "mindepth": 120,
                        "maxdepth": 150,
                        "value": 0.183
                    },
                    {
                        "depth": 165,
                        "mindepth": 150,
                        "maxdepth": 180,
                        "value": 0.169
                    }
                ],
                "SLFC1": [
                    {
                        "depth": 15,
                        "mindepth": 0,
                        "maxdepth": 30,
                        "value": 0.286
                    },
                    {
                        "depth": 45,
                        "mindepth": 30,
                        "maxdepth": 60,
                        "value": 0.261
                    },
                    {
                        "depth": 75,
                        "mindepth": 60,
                        "maxdepth": 90,
                        "value": 0.295
                    },
                    {
                        "depth": 105,
                        "mindepth": 90,
                        "maxdepth": 120,
                        "value": 0.307
                    },
                    {
                        "depth": 135,
                        "mindepth": 120,
                        "maxdepth": 150,
                        "value": 0.308
                    },
                    {
                        "depth": 165,
                        "mindepth": 150,
                        "maxdepth": 180,
                        "value": 0.297
                    }
                ],
                "SLSND_GBM": [
                    {
                        "depth": 20,
                        "mindepth": 0,
                        "maxdepth": 40,
                        "value": 53.28
                    },
                    {
                        "depth": 60,
                        "mindepth": 40,
                        "maxdepth": 80,
                        "value": 57.35
                    },
                    {
                        "depth": 100,
                        "mindepth": 80,
                        "maxdepth": 120,
                        "value": 56.25
                    },
                    {
                        "depth": 140,
                        "mindepth": 120,
                        "maxdepth": 160,
                        "value": 55.06
                    },
                    {
                        "depth": 180,
                        "mindepth": 160,
                        "maxdepth": 200,
                        "value": 65.1
                    }
                ],
                "SLSLT_GBM": [
                    {
                        "depth": 20,
                        "mindepth": 0,
                        "maxdepth": 40,
                        "value": 20.01
                    },
                    {
                        "depth": 60,
                        "mindepth": 40,
                        "maxdepth": 80,
                        "value": 18.85
                    },
                    {
                        "depth": 100,
                        "mindepth": 80,
                        "maxdepth": 120,
                        "value": 22.13
                    },
                    {
                        "depth": 140,
                        "mindepth": 120,
                        "maxdepth": 160,
                        "value": 21.69
                    },
                    {
                        "depth": 180,
                        "mindepth": 160,
                        "maxdepth": 200,
                        "value": 16.92
                    }
                ],
                "SLCLY_GBM": [
                    {
                        "depth": 20,
                        "mindepth": 0,
                        "maxdepth": 40,
                        "value": 26.53
                    },
                    {
                        "depth": 60,
                        "mindepth": 40,
                        "maxdepth": 80,
                        "value": 23.41
                    },
                    {
                        "depth": 100,
                        "mindepth": 80,
                        "maxdepth": 120,
                        "value": 21.76
                    },
                    {
                        "depth": 140,
                        "mindepth": 120,
                        "maxdepth": 160,
                        "value": 22.94
                    },
                    {
                        "depth": 180,
                        "mindepth": 160,
                        "maxdepth": 200,
                        "value": 18.25
                    }
                ],
                "SLSND_GB": [
                    {
                        "depth": 20,
                        "mindepth": 0,
                        "maxdepth": 40,
                        "value": 62.72
                    },
                    {
                        "depth": 60,
                        "mindepth": 40,
                        "maxdepth": 80,
                        "value": 66.7
                    },
                    {
                        "depth": 100,
                        "mindepth": 80,
                        "maxdepth": 120,
                        "value": 66.18
                    },
                    {
                        "depth": 140,
                        "mindepth": 120,
                        "maxdepth": 160,
                        "value": 64.53
                    },
                    {
                        "depth": 180,
                        "mindepth": 160,
                        "maxdepth": 200,
                        "value": 74.68
                    }
                ],
                "SLSLT_GB": [
                    {
                        "depth": 20,
                        "mindepth": 0,
                        "maxdepth": 40,
                        "value": 22.43
                    },
                    {
                        "depth": 60,
                        "mindepth": 40,
                        "maxdepth": 80,
                        "value": 20.29
                    },
                    {
                        "depth": 100,
                        "mindepth": 80,
                        "maxdepth": 120,
                        "value": 23.97
                    },
                    {
                        "depth": 140,
                        "mindepth": 120,
                        "maxdepth": 160,
                        "value": 25.1
                    },
                    {
                        "depth": 180,
                        "mindepth": 160,
                        "maxdepth": 200,
                        "value": 17.54
                    }
                ],
                "SLCLY_GB": [
                    {
                        "depth": 20,
                        "mindepth": 0,
                        "maxdepth": 40,
                        "value": 14.87
                    },
                    {
                        "depth": 60,
                        "mindepth": 40,
                        "maxdepth": 80,
                        "value": 12.76
                    },
                    {
                        "depth": 100,
                        "mindepth": 80,
                        "maxdepth": 120,
                        "value": 10.0
                    },
                    {
                        "depth": 140,
                        "mindepth": 120,
                        "maxdepth": 160,
                        "value": 10.52
                    },
                    {
                        "depth": 180,
                        "mindepth": 160,
                        "maxdepth": 200,
                        "value": 7.68
                    }
                ],
                "HARM": "Machine",
                "HADAT": "2023-11-13",
                "WBWAH": 4610.8,
                "BWCAH": 5.55,
                "DBWAH": 4354.8,
                "GNDAT": "2023-11-14",
                "FFRAC": 0.3758,
                "SFRAC": 0.4715,
                "TFRAC": 0.1528,
                "WFWAH": 1732.6,
                "WSWAH": 2173.8,
                "WSCWAH": 3906.3,
                "DFWAH": 1636.4,
                "DSWAH": 2053.1,
                "DSCWAH": 3689.4,
                "QLDAT": "2024-01-04",
                "FBMIC": 47.2,
                "FBLTH": 1.142,
                "FBUNI": 81.7,
                "FBSTR": 29.6,
                "FBELO": 5.3,
                "FBCRD": 80.7,
                "FBCLB": 9.0,
                "FBTCT": 11.0,
                "FBTAR": 0.12,
                "FBSFI": 9.0,
                "zids": [
                    "67e550ce8ac547ad628f5666",
                    "67e550ce8ac547ad628f5667",
                    "67e550ce8ac547ad628f5668",
                    "67e550ce8ac547ad628f5669",
                    "67e550ce8ac547ad628f566a",
                    "67e550ce8ac547ad628f566b",
                    "67e550ce8ac547ad628f566c",
                    "67e550ce8ac547ad628f566d",
                    "67e550ce8ac547ad628f566e",
                    "67e550ce8ac547ad628f566f",
                    "67e550ce8ac547ad628f5670",
                    "67e550ce8ac547ad628f5671",
                    "67e550ce8ac547ad628f5672",
                    "67e550ce8ac547ad628f5673",
                    "67e550ce8ac547ad628f5674",
                    "67e550ce8ac547ad628f5675",
                    "67e550ce8ac547ad628f5676",
                    "67e550ce8ac547ad628f5677",
                    "67e550ce8ac547ad628f5678",
                    "67e550ce8ac547ad628f5679",
                    "67e550ce8ac547ad628f567a",
                    "67e550ce8ac547ad628f567b",
                    "67e550ce8ac547ad628f567c",
                    "67e550ce8ac547ad628f567d",
                    "67e550ce8ac547ad628f567e",
                    "67e550ce8ac547ad628f567f",
                    "67e550ce8ac547ad628f5680",
                    "67e550ce8ac547ad628f5681",
                    "67e550ce8ac547ad628f5682",
                    "67e550ce8ac547ad628f5683",
                    "67e550ce8ac547ad628f5684",
                    "67e550ce8ac547ad628f5685",
                    "67e550ce8ac547ad628f5686",
                    "67e550ce8ac547ad628f5687",
                    "67e550ce8ac547ad628f5688",
                    "67e550ce8ac547ad628f5689",
                    "67e550ce8ac547ad628f568a",
                    "67e550ce8ac547ad628f568b",
                    "67e550ce8ac547ad628f568c",
                    "67e550ce8ac547ad628f568d",
                    "67e550ce8ac547ad628f568e",
                    "67e550ce8ac547ad628f568f",
                    "67e550ce8ac547ad628f5690",
                    "67e550ce8ac547ad628f5691",
                    "67e550ce8ac547ad628f5692",
                    "67e550ce8ac547ad628f5693",
                    "67e550ce8ac547ad628f5694",
                    "67e550ce8ac547ad628f5695",
                    "67e550ce8ac547ad628f5696",
                    "67e550ce8ac547ad628f5697",
                    "67e550ce8ac547ad628f5698",
                    "67e550ce8ac547ad628f5699"
                ],
                "haids": [
                    "641df3d58ac5479be3717ce0",
                    "641df3d58ac5479be3717ce1",
                    "641df3d58ac5479be3717ce2",
                    "641df3d58ac5479be3717ce3",
                    "641df3d58ac5479be3717ce4",
                    "641df3d58ac5479be3717ce5",
                    "641df3d58ac5479be3717ce6",
                    "641df3d58ac5479be3717ce7",
                    "641df3d58ac5479be3717ce8",
                    "641df3d58ac5479be3717ce9",
                    "641df3d58ac5479be3717cea",
                    "641df3d58ac5479be3717ceb",
                    "641df3d58ac5479be3717cec",
                    "641df3d58ac5479be3717ced",
                    "641df3d58ac5479be3717cee",
                    "641df3d58ac5479be3717cef",
                    "641df3d58ac5479be3717cf0",
                    "641df3d58ac5479be3717cf1",
                    "641df3d58ac5479be3717cf2",
                    "641df3d58ac5479be3717cf3",
                    "641df3d58ac5479be3717cf4",
                    "641df3d58ac5479be3717cf5",
                    "641df3d58ac5479be3717cf6",
                    "641df3d58ac5479be3717cf7",
                    "641df3d58ac5479be3717cf8",
                    "641df3d58ac5479be3717cf9",
                    "641df3d58ac5479be3717cfa",
                    "641df3d58ac5479be3717cfb",
                    "641df3d58ac5479be3717cfc",
                    "641df3d58ac5479be3717cfd"
                ],
                "tids": [
                    "641e131b8ac547e256690eb6",
                    "641e131b8ac547e256690eb7",
                    "641e131b8ac547e256690eb8"
                ],
                "ccids": [
                    "641e11cf8ac547e1042e7945",
                    "641e11cf8ac547e1042e7946",
                    "641e11cf8ac547e1042e7947",
                    "641e11cf8ac547e1042e7948",
                    "641e11cf8ac547e1042e7949",
                    "641e11cf8ac547e1042e794a",
                    "641e11cf8ac547e1042e794b",
                    "641e11cf8ac547e1042e794c",
                    "641e11cf8ac547e1042e794d",
                    "641e11cf8ac547e1042e794e",
                    "641e11cf8ac547e1042e794f",
                    "641e11cf8ac547e1042e7950",
                    "641e11cf8ac547e1042e7951",
                    "641e11cf8ac547e1042e7952",
                    "641e11cf8ac547e1042e7953"
                ],
                "scids": [
                    "67eaffba8ac547ac76393194"
                ],
                "saids": [
                    "684b226e8ac5476ed06f0cdd",
                    "684b226e8ac5476ed06f0cde",
                    "684b226e8ac5476ed06f0cdf",
                    "684b226e8ac5476ed06f0ce0",
                    "684b226e8ac5476ed06f0ce1",
                    "684b226e8ac5476ed06f0ce2",
                    "684b226e8ac5476ed06f0d83",
                    "684b226e8ac5476ed06f0d84",
                    "684b226e8ac5476ed06f0d85",
                    "684b226e8ac5476ed06f0d86"
                ]
            },
            "_id": "641df0978ac54793d974c3dd",
            "pid": "641df0978ac54793d974c3dd"
        },
        {
            "type": "Feature",
            "geometry": {
                "type": "Polygon",
                "coordinates": [
                    [
                        [
                            -111.97675842,
                            33.07846923
                        ],
                        [
                            -111.97688903,
                            33.07846988
                        ],
                        [
                            -111.97687894,
                            33.07991295
                        ],
                        [
                            -111.97674833,
                            33.0799123
                        ],
                        [
                            -111.97675842,
                            33.07846923
                        ]
                    ]
                ]
            },
            "properties": {
                "plt_label": "p10",
                "trt_label": "BEDS",
                "PLTA": 1950.720022,
                "CUL_NAME": "NexGen 3195 B3XF",
                "PDATE": "2023-04-24",
                "PLYR": 2023,
                "PLDAY": 114,
                "IROP": "IR004",
                "IRVAL": [
                    {
                        "date": "2023-04-21",
                        "value": 20.4
                    },
                    {
                        "date": "2023-04-25",
                        "value": 20.4
                    },
                    {
                        "date": "2023-04-26",
                        "value": 10.2
                    },
                    {
                        "date": "2023-04-28",
                        "value": 25.5
                    },
                    {
                        "date": "2023-05-01",
                        "value": 20.4
                    },
                    {
                        "date": "2023-05-03",
                        "value": 20.4
                    },
                    {
                        "date": "2023-05-05",
                        "value": 20.4
                    },
                    {
                        "date": "2023-05-08",
                        "value": 20.4
                    },
                    {
                        "date": "2023-05-10",
                        "value": 10.2
                    },
                    {
                        "date": "2023-05-12",
                        "value": 20.4
                    },
                    {
                        "date": "2023-05-16",
                        "value": 20.4
                    },
                    {
                        "date": "2023-05-19",
                        "value": 20.4
                    },
                    {
                        "date": "2023-05-24",
                        "value": 20.4
                    },
                    {
                        "date": "2023-05-26",
                        "value": 25.3
                    },
                    {
                        "date": "2023-05-31",
                        "value": 20.4
                    },
                    {
                        "date": "2023-06-02",
                        "value": 20.4
                    },
                    {
                        "date": "2023-06-07",
                        "value": 25.3
                    },
                    {
                        "date": "2023-06-09",
                        "value": 22.8
                    },
                    {
                        "date": "2023-06-13",
                        "value": 26.0
                    },
                    {
                        "date": "2023-06-16",
                        "value": 30.6
                    },
                    {
                        "date": "2023-06-20",
                        "value": 25.6
                    },
                    {
                        "date": "2023-06-22",
                        "value": 20.4
                    },
                    {
                        "date": "2023-06-23",
                        "value": 20.4
                    },
                    {
                        "date": "2023-06-27",
                        "value": 38.7
                    },
                    {
                        "date": "2023-06-30",
                        "value": 34.6
                    },
                    {
                        "date": "2023-07-05",
                        "value": 37.1
                    },
                    {
                        "date": "2023-07-07",
                        "value": 37.1
                    },
                    {
                        "date": "2023-07-11",
                        "value": 44.5
                    },
                    {
                        "date": "2023-07-14",
                        "value": 44.5
                    },
                    {
                        "date": "2023-07-18",
                        "value": 44.9
                    },
                    {
                        "date": "2023-07-21",
                        "value": 45.2
                    },
                    {
                        "date": "2023-07-25",
                        "value": 48.7
                    },
                    {
                        "date": "2023-07-28",
                        "value": 45.8
                    },
                    {
                        "date": "2023-08-01",
                        "value": 40.8
                    },
                    {
                        "date": "2023-08-04",
                        "value": 40.6
                    },
                    {
                        "date": "2023-08-08",
                        "value": 30.6
                    },
                    {
                        "date": "2023-08-11",
                        "value": 40.8
                    },
                    {
                        "date": "2023-08-15",
                        "value": 30.6
                    },
                    {
                        "date": "2023-08-18",
                        "value": 40.8
                    },
                    {
                        "date": "2023-08-22",
                        "value": 30.6
                    },
                    {
                        "date": "2023-08-25",
                        "value": 40.8
                    },
                    {
                        "date": "2023-08-29",
                        "value": 30.6
                    },
                    {
                        "date": "2023-09-06",
                        "value": 30.6
                    },
                    {
                        "date": "2023-09-08",
                        "value": 35.6
                    }
                ],
                "FEAMN": [
                    {
                        "date": "2023-06-07",
                        "value": 51.9
                    },
                    {
                        "date": "2023-06-27",
                        "value": 51.9
                    },
                    {
                        "date": "2023-07-18",
                        "value": 51.9
                    }
                ],
                "CH_NOTES": [
                    {
                        "date": "2023-03-27",
                        "value": "Apply RoundUp (glyphosate)"
                    },
                    {
                        "date": "2023-04-11",
                        "value": "Apply Acumen (pendimethalin)"
                    },
                    {
                        "date": "2023-07-24",
                        "value": "Apply Mepstar6 (mepiquat chloride)"
                    },
                    {
                        "date": "2023-10-09",
                        "value": "Apply Redipik (diuron, thidiazuron)"
                    },
                    {
                        "date": "2023-10-25",
                        "value": "Apply Redipik (diuron, thidiazuron) and CottonQuik (urea sulfate, ethephon)"
                    }
                ],
                "TI_NOTES": [
                    {
                        "date": "2023-04-04",
                        "value": "Disk"
                    },
                    {
                        "date": "2023-04-11",
                        "value": "Land plane"
                    },
                    {
                        "date": "2023-04-04",
                        "value": "Raise beds"
                    },
                    {
                        "date": "2023-12",
                        "value": "Root pull, rip, moldboard plow, disk, and land plane"
                    }
                ],
                "EDATE": "2023-05-05",
                "PLYRE": 2023,
                "PLDOE": 125,
                "LF1D": "2023-05-17",
                "ADAT": "2023-07-02",
                "ADOY": 183,
                "NAWF": [
                    {
                        "date": "2023-07-03",
                        "value": 6.1
                    },
                    {
                        "date": "2023-07-13",
                        "value": 5.5
                    },
                    {
                        "date": "2023-07-20",
                        "value": 3.9
                    },
                    {
                        "date": "2023-07-27",
                        "value": 2.3
                    },
                    {
                        "date": "2023-08-03",
                        "value": 1.8
                    },
                    {
                        "date": "2023-08-24",
                        "value": 1.0
                    }
                ],
                "FRCOV": [
                    {
                        "date": "2023-04-25",
                        "value": 0.0
                    },
                    {
                        "date": "2023-06-21",
                        "value": 0.15
                    },
                    {
                        "date": "2023-06-29",
                        "value": 0.347
                    },
                    {
                        "date": "2023-07-03",
                        "value": 0.443
                    },
                    {
                        "date": "2023-07-13",
                        "value": 0.628
                    },
                    {
                        "date": "2023-07-20",
                        "value": 0.774
                    },
                    {
                        "date": "2023-07-28",
                        "value": 0.899
                    }
                ],
                "EM38V": [
                    {
                        "date": "2013-09-17",
                        "value": 51.99
                    },
                    {
                        "date": "2015-04-29",
                        "value": 50.96
                    }
                ],
                "SLSND_M": [
                    {
                        "depth": 15,
                        "mindepth": 0,
                        "maxdepth": 30,
                        "value": 54.27
                    },
                    {
                        "depth": 45,
                        "mindepth": 30,
                        "maxdepth": 60,
                        "value": 56.8
                    },
                    {
                        "depth": 75,
                        "mindepth": 60,
                        "maxdepth": 90,
                        "value": 58.37
                    },
                    {
                        "depth": 105,
                        "mindepth": 90,
                        "maxdepth": 120,
                        "value": 53.49
                    },
                    {
                        "depth": 135,
                        "mindepth": 120,
                        "maxdepth": 150,
                        "value": 53.2
                    },
                    {
                        "depth": 165,
                        "mindepth": 150,
                        "maxdepth": 180,
                        "value": 54.17
                    }
                ],
                "SLSLT_M": [
                    {
                        "depth": 15,
                        "mindepth": 0,
                        "maxdepth": 30,
                        "value": 19.32
                    },
                    {
                        "depth": 45,
                        "mindepth": 30,
                        "maxdepth": 60,
                        "value": 17.19
                    },
                    {
                        "depth": 75,
                        "mindepth": 60,
                        "maxdepth": 90,
                        "value": 17.49
                    },
                    {
                        "depth": 105,
                        "mindepth": 90,
                        "maxdepth": 120,
                        "value": 17.16
                    },
                    {
                        "depth": 135,
                        "mindepth": 120,
                        "maxdepth": 150,
                        "value": 20.05
                    },
                    {
                        "depth": 165,
                        "mindepth": 150,
                        "maxdepth": 180,
                        "value": 17.48
                    }
                ],
                "SLCLY_M": [
                    {
                        "depth": 15,
                        "mindepth": 0,
                        "maxdepth": 30,
                        "value": 26.64
                    },
                    {
                        "depth": 45,
                        "mindepth": 30,
                        "maxdepth": 60,
                        "value": 26.0
                    },
                    {
                        "depth": 75,
                        "mindepth": 60,
                        "maxdepth": 90,
                        "value": 24.38
                    },
                    {
                        "depth": 105,
                        "mindepth": 90,
                        "maxdepth": 120,
                        "value": 29.51
                    },
                    {
                        "depth": 135,
                        "mindepth": 120,
                        "maxdepth": 150,
                        "value": 26.9
                    },
                    {
                        "depth": 165,
                        "mindepth": 150,
                        "maxdepth": 180,
                        "value": 28.15
                    }
                ],
                "SLWP": [
                    {
                        "depth": 15,
                        "mindepth": 0,
                        "maxdepth": 30,
                        "value": 0.144
                    },
                    {
                        "depth": 45,
                        "mindepth": 30,
                        "maxdepth": 60,
                        "value": 0.141
                    },
                    {
                        "depth": 75,
                        "mindepth": 60,
                        "maxdepth": 90,
                        "value": 0.15
                    },
                    {
                        "depth": 105,
                        "mindepth": 90,
                        "maxdepth": 120,
                        "value": 0.159
                    },
                    {
                        "depth": 135,
                        "mindepth": 120,
                        "maxdepth": 150,
                        "value": 0.157
                    },
                    {
                        "depth": 165,
                        "mindepth": 150,
                        "maxdepth": 180,
                        "value": 0.151
                    }
                ],
                "SLWP2": [
                    {
                        "depth": 15,
                        "mindepth": 0,
                        "maxdepth": 30,
                        "value": 0.165
                    },
                    {
                        "depth": 45,
                        "mindepth": 30,
                        "maxdepth": 60,
                        "value": 0.157
                    },
                    {
                        "depth": 75,
                        "mindepth": 60,
                        "maxdepth": 90,
                        "value": 0.167
                    },
                    {
                        "depth": 105,
                        "mindepth": 90,
                        "maxdepth": 120,
                        "value": 0.181
                    },
                    {
                        "depth": 135,
                        "mindepth": 120,
                        "maxdepth": 150,
                        "value": 0.18
                    },
                    {
                        "depth": 165,
                        "mindepth": 150,
                        "maxdepth": 180,
                        "value": 0.168
                    }
                ],
                "SLFC1": [
                    {
                        "depth": 15,
                        "mindepth": 0,
                        "maxdepth": 30,
                        "value": 0.283
                    },
                    {
                        "depth": 45,
                        "mindepth": 30,
                        "maxdepth": 60,
                        "value": 0.256
                    },
                    {
                        "depth": 75,
                        "mindepth": 60,
                        "maxdepth": 90,
                        "value": 0.289
                    },
                    {
                        "depth": 105,
                        "mindepth": 90,
                        "maxdepth": 120,
                        "value": 0.3
                    },
                    {
                        "depth": 135,
                        "mindepth": 120,
                        "maxdepth": 150,
                        "value": 0.305
                    },
                    {
                        "depth": 165,
                        "mindepth": 150,
                        "maxdepth": 180,
                        "value": 0.297
                    }
                ],
                "SLSND_GBM": [
                    {
                        "depth": 20,
                        "mindepth": 0,
                        "maxdepth": 40,
                        "value": 53.44
                    },
                    {
                        "depth": 60,
                        "mindepth": 40,
                        "maxdepth": 80,
                        "value": 57.54
                    },
                    {
                        "depth": 100,
                        "mindepth": 80,
                        "maxdepth": 120,
                        "value": 57.74
                    },
                    {
                        "depth": 140,
                        "mindepth": 120,
                        "maxdepth": 160,
                        "value": 56.61
                    },
                    {
                        "depth": 180,
                        "mindepth": 160,
                        "maxdepth": 200,
                        "value": 64.66
                    }
                ],
                "SLSLT_GBM": [
                    {
                        "depth": 20,
                        "mindepth": 0,
                        "maxdepth": 40,
                        "value": 19.78
                    },
                    {
                        "depth": 60,
                        "mindepth": 40,
                        "maxdepth": 80,
                        "value": 18.5
                    },
                    {
                        "depth": 100,
                        "mindepth": 80,
                        "maxdepth": 120,
                        "value": 21.14
                    },
                    {
                        "depth": 140,
                        "mindepth": 120,
                        "maxdepth": 160,
                        "value": 21.02
                    },
                    {
                        "depth": 180,
                        "mindepth": 160,
                        "maxdepth": 200,
                        "value": 17.19
                    }
                ],
                "SLCLY_GBM": [
                    {
                        "depth": 20,
                        "mindepth": 0,
                        "maxdepth": 40,
                        "value": 26.61
                    },
                    {
                        "depth": 60,
                        "mindepth": 40,
                        "maxdepth": 80,
                        "value": 23.69
                    },
                    {
                        "depth": 100,
                        "mindepth": 80,
                        "maxdepth": 120,
                        "value": 21.58
                    },
                    {
                        "depth": 140,
                        "mindepth": 120,
                        "maxdepth": 160,
                        "value": 22.29
                    },
                    {
                        "depth": 180,
                        "mindepth": 160,
                        "maxdepth": 200,
                        "value": 18.42
                    }
                ],
                "SLSND_GB": [
                    {
                        "depth": 20,
                        "mindepth": 0,
                        "maxdepth": 40,
                        "value": 62.92
                    },
                    {
                        "depth": 60,
                        "mindepth": 40,
                        "maxdepth": 80,
                        "value": 66.97
                    },
                    {
                        "depth": 100,
                        "mindepth": 80,
                        "maxdepth": 120,
                        "value": 67.49
                    },
                    {
                        "depth": 140,
                        "mindepth": 120,
                        "maxdepth": 160,
                        "value": 66.21
                    },
                    {
                        "depth": 180,
                        "mindepth": 160,
                        "maxdepth": 200,
                        "value": 74.33
                    }
                ],
                "SLSLT_GB": [
                    {
                        "depth": 20,
                        "mindepth": 0,
                        "maxdepth": 40,
                        "value": 22.01
                    },
                    {
                        "depth": 60,
                        "mindepth": 40,
                        "maxdepth": 80,
                        "value": 19.85
                    },
                    {
                        "depth": 100,
                        "mindepth": 80,
                        "maxdepth": 120,
                        "value": 22.6
                    },
                    {
                        "depth": 140,
                        "mindepth": 120,
                        "maxdepth": 160,
                        "value": 23.69
                    },
                    {
                        "depth": 180,
                        "mindepth": 160,
                        "maxdepth": 200,
                        "value": 17.89
                    }
                ],
                "SLCLY_GB": [
                    {
                        "depth": 20,
                        "mindepth": 0,
                        "maxdepth": 40,
                        "value": 15.06
                    },
                    {
                        "depth": 60,
                        "mindepth": 40,
                        "maxdepth": 80,
                        "value": 13.01
                    },
                    {
                        "depth": 100,
                        "mindepth": 80,
                        "maxdepth": 120,
                        "value": 10.01
                    },
                    {
                        "depth": 140,
                        "mindepth": 120,
                        "maxdepth": 160,
                        "value": 10.25
                    },
                    {
                        "depth": 180,
                        "mindepth": 160,
                        "maxdepth": 200,
                        "value": 7.85
                    }
                ],
                "HARM": "Machine",
                "HADAT": "2023-11-13",
                "WBWAH": 5534.8,
                "BWCAH": 4.56,
                "DBWAH": 5282.4,
                "GNDAT": "2023-11-14",
                "FFRAC": 0.37,
                "SFRAC": 0.4695,
                "TFRAC": 0.1605,
                "WFWAH": 2048.0,
                "WSWAH": 2598.3,
                "WSCWAH": 4646.4,
                "DFWAH": 1954.6,
                "DSWAH": 2479.9,
                "DSCWAH": 4434.5,
                "QLDAT": "2024-01-04",
                "FBMIC": 48.9,
                "FBLTH": 1.136,
                "FBUNI": 81.5,
                "FBSTR": 30.5,
                "FBELO": 5.3,
                "FBCRD": 81.5,
                "FBCLB": 8.8,
                "FBTCT": 6.0,
                "FBTAR": 0.07,
                "FBSFI": 9.3,
                "zids": [
                    "67e550ce8ac547ad628f569a",
                    "67e550ce8ac547ad628f569b",
                    "67e550ce8ac547ad628f569c",
                    "67e550ce8ac547ad628f569d",
                    "67e550ce8ac547ad628f569e",
                    "67e550ce8ac547ad628f569f",
                    "67e550ce8ac547ad628f56a0",
                    "67e550ce8ac547ad628f56a1",
                    "67e550ce8ac547ad628f56a2",
                    "67e550ce8ac547ad628f56a3",
                    "67e550ce8ac547ad628f56a4",
                    "67e550ce8ac547ad628f56a5",
                    "67e550ce8ac547ad628f56a6",
                    "67e550ce8ac547ad628f56a7",
                    "67e550ce8ac547ad628f56a8",
                    "67e550ce8ac547ad628f56a9",
                    "67e550ce8ac547ad628f56aa",
                    "67e550ce8ac547ad628f56ab",
                    "67e550ce8ac547ad628f56ac",
                    "67e550ce8ac547ad628f56ad",
                    "67e550ce8ac547ad628f56ae",
                    "67e550ce8ac547ad628f56af",
                    "67e550ce8ac547ad628f56b0",
                    "67e550ce8ac547ad628f56b1",
                    "67e550ce8ac547ad628f56b2",
                    "67e550ce8ac547ad628f56b3",
                    "67e550ce8ac547ad628f56b4",
                    "67e550ce8ac547ad628f56b5",
                    "67e550ce8ac547ad628f56b6",
                    "67e550ce8ac547ad628f56b7",
                    "67e550ce8ac547ad628f56b8",
                    "67e550ce8ac547ad628f56b9",
                    "67e550ce8ac547ad628f56ba",
                    "67e550ce8ac547ad628f56bb",
                    "67e550ce8ac547ad628f56bc",
                    "67e550ce8ac547ad628f56bd",
                    "67e550ce8ac547ad628f56be",
                    "67e550ce8ac547ad628f56bf",
                    "67e550ce8ac547ad628f56c0",
                    "67e550ce8ac547ad628f56c1",
                    "67e550ce8ac547ad628f56c2",
                    "67e550ce8ac547ad628f56c3",
                    "67e550ce8ac547ad628f56c4",
                    "67e550ce8ac547ad628f56c5",
                    "67e550ce8ac547ad628f56c6",
                    "67e550ce8ac547ad628f56c7",
                    "67e550ce8ac547ad628f56c8",
                    "67e550ce8ac547ad628f56c9",
                    "67e550ce8ac547ad628f56ca",
                    "67e550ce8ac547ad628f56cb",
                    "67e550ce8ac547ad628f56cc",
                    "67e550ce8ac547ad628f56cd"
                ],
                "haids": [
                    "641df3d58ac5479be3717cfe",
                    "641df3d58ac5479be3717cff",
                    "641df3d58ac5479be3717d00",
                    "641df3d58ac5479be3717d01",
                    "641df3d58ac5479be3717d02",
                    "641df3d58ac5479be3717d03",
                    "641df3d58ac5479be3717d04",
                    "641df3d58ac5479be3717d05",
                    "641df3d58ac5479be3717d06",
                    "641df3d58ac5479be3717d07",
                    "641df3d58ac5479be3717d08",
                    "641df3d58ac5479be3717d09",
                    "641df3d58ac5479be3717d0a",
                    "641df3d58ac5479be3717d0b",
                    "641df3d58ac5479be3717d0c",
                    "641df3d58ac5479be3717d0d",
                    "641df3d58ac5479be3717d0e",
                    "641df3d58ac5479be3717d0f",
                    "641df3d58ac5479be3717d10",
                    "641df3d58ac5479be3717d11",
                    "641df3d58ac5479be3717d12",
                    "641df3d58ac5479be3717d13",
                    "641df3d58ac5479be3717d14",
                    "641df3d58ac5479be3717d15",
                    "641df3d58ac5479be3717d16",
                    "641df3d58ac5479be3717d17",
                    "641df3d58ac5479be3717d18",
                    "641df3d58ac5479be3717d19",
                    "641df3d58ac5479be3717d1a",
                    "641df3d58ac5479be3717d1b"
                ],
                "tids": [
                    "641e131b8ac547e256690eb9",
                    "641e131b8ac547e256690eba",
                    "641e131b8ac547e256690ebb"
                ],
                "ccids": [
                    "641e11cf8ac547e1042e7954",
                    "641e11cf8ac547e1042e7955",
                    "641e11cf8ac547e1042e7956",
                    "641e11cf8ac547e1042e7957",
                    "641e11cf8ac547e1042e7958",
                    "641e11cf8ac547e1042e7959",
                    "641e11cf8ac547e1042e795a",
                    "641e11cf8ac547e1042e795b",
                    "641e11cf8ac547e1042e795c",
                    "641e11cf8ac547e1042e795d",
                    "641e11cf8ac547e1042e795e",
                    "641e11cf8ac547e1042e795f",
                    "641e11cf8ac547e1042e7960",
                    "641e11cf8ac547e1042e7961",
                    "641e11cf8ac547e1042e7962"
                ],
                "scids": [
                    "67eaffba8ac547ac76393195"
                ],
                "saids": [
                    "684b226e8ac5476ed06f0d7f",
                    "684b226e8ac5476ed06f0d80",
                    "684b226e8ac5476ed06f0d81",
                    "684b226e8ac5476ed06f0d82"
                ]
            },
            "_id": "641df0978ac54793d974c3de",
            "pid": "641df0978ac54793d974c3de"
        },
        {
            "type": "Feature",
            "geometry": {
                "type": "Polygon",
                "coordinates": [
                    [
                        [
                            -111.97660604,
                            33.07846848
                        ],
                        [
                            -111.97673665,
                            33.07846913
                        ],
                        [
                            -111.97672656,
                            33.0799122
                        ],
                        [
                            -111.97659594,
                            33.07991155
                        ],
                        [
                            -111.97660604,
                            33.07846848
                        ]
                    ]
                ]
            },
            "properties": {
                "plt_label": "p11",
                "trt_label": "FLAT",
                "PLTA": 1950.720019,
                "CUL_NAME": "NexGen 3195 B3XF",
                "PDATE": "2023-04-24",
                "PLYR": 2023,
                "PLDAY": 114,
                "IROP": "IR004",
                "IRVAL": [
                    {
                        "date": "2023-04-21",
                        "value": 20.4
                    },
                    {
                        "date": "2023-04-25",
                        "value": 20.4
                    },
                    {
                        "date": "2023-04-26",
                        "value": 10.2
                    },
                    {
                        "date": "2023-04-28",
                        "value": 25.5
                    },
                    {
                        "date": "2023-05-01",
                        "value": 20.4
                    },
                    {
                        "date": "2023-05-03",
                        "value": 20.4
                    },
                    {
                        "date": "2023-05-05",
                        "value": 20.4
                    },
                    {
                        "date": "2023-05-08",
                        "value": 20.4
                    },
                    {
                        "date": "2023-05-10",
                        "value": 10.2
                    },
                    {
                        "date": "2023-05-12",
                        "value": 20.4
                    },
                    {
                        "date": "2023-05-16",
                        "value": 20.4
                    },
                    {
                        "date": "2023-05-19",
                        "value": 20.4
                    },
                    {
                        "date": "2023-05-24",
                        "value": 20.4
                    },
                    {
                        "date": "2023-05-26",
                        "value": 25.3
                    },
                    {
                        "date": "2023-05-31",
                        "value": 20.4
                    },
                    {
                        "date": "2023-06-02",
                        "value": 20.4
                    },
                    {
                        "date": "2023-06-07",
                        "value": 25.3
                    },
                    {
                        "date": "2023-06-09",
                        "value": 22.8
                    },
                    {
                        "date": "2023-06-13",
                        "value": 26.0
                    },
                    {
                        "date": "2023-06-16",
                        "value": 30.6
                    },
                    {
                        "date": "2023-06-20",
                        "value": 25.6
                    },
                    {
                        "date": "2023-06-22",
                        "value": 20.4
                    },
                    {
                        "date": "2023-06-23",
                        "value": 20.4
                    },
                    {
                        "date": "2023-06-27",
                        "value": 38.7
                    },
                    {
                        "date": "2023-06-30",
                        "value": 34.6
                    },
                    {
                        "date": "2023-07-05",
                        "value": 37.1
                    },
                    {
                        "date": "2023-07-07",
                        "value": 37.1
                    },
                    {
                        "date": "2023-07-11",
                        "value": 44.5
                    },
                    {
                        "date": "2023-07-14",
                        "value": 44.5
                    },
                    {
                        "date": "2023-07-18",
                        "value": 44.9
                    },
                    {
                        "date": "2023-07-21",
                        "value": 45.2
                    },
                    {
                        "date": "2023-07-25",
                        "value": 48.7
                    },
                    {
                        "date": "2023-07-28",
                        "value": 45.8
                    },
                    {
                        "date": "2023-08-01",
                        "value": 40.8
                    },
                    {
                        "date": "2023-08-04",
                        "value": 40.6
                    },
                    {
                        "date": "2023-08-08",
                        "value": 30.6
                    },
                    {
                        "date": "2023-08-11",
                        "value": 40.8
                    },
                    {
                        "date": "2023-08-15",
                        "value": 30.6
                    },
                    {
                        "date": "2023-08-18",
                        "value": 40.8
                    },
                    {
                        "date": "2023-08-22",
                        "value": 30.6
                    },
                    {
                        "date": "2023-08-25",
                        "value": 40.8
                    },
                    {
                        "date": "2023-08-29",
                        "value": 30.6
                    },
                    {
                        "date": "2023-09-06",
                        "value": 30.6
                    },
                    {
                        "date": "2023-09-08",
                        "value": 35.6
                    }
                ],
                "FEAMN": [
                    {
                        "date": "2023-06-07",
                        "value": 51.9
                    },
                    {
                        "date": "2023-06-27",
                        "value": 51.9
                    },
                    {
                        "date": "2023-07-18",
                        "value": 51.9
                    }
                ],
                "CH_NOTES": [
                    {
                        "date": "2023-03-27",
                        "value": "Apply RoundUp (glyphosate)"
                    },
                    {
                        "date": "2023-04-11",
                        "value": "Apply Acumen (pendimethalin)"
                    },
                    {
                        "date": "2023-07-24",
                        "value": "Apply Mepstar6 (mepiquat chloride)"
                    },
                    {
                        "date": "2023-10-09",
                        "value": "Apply Redipik (diuron, thidiazuron)"
                    },
                    {
                        "date": "2023-10-25",
                        "value": "Apply Redipik (diuron, thidiazuron) and CottonQuik (urea sulfate, ethephon)"
                    }
                ],
                "TI_NOTES": [
                    {
                        "date": "2023-04-04",
                        "value": "Disk"
                    },
                    {
                        "date": "2023-04-11",
                        "value": "Land plane"
                    },
                    {
                        "date": "2023-12",
                        "value": "Root pull, rip, moldboard plow, disk, and land plane"
                    }
                ],
                "EDATE": "2023-05-03",
                "PLYRE": 2023,
                "PLDOE": 123,
                "LF1D": "2023-05-17",
                "ADAT": "2023-07-01",
                "ADOY": 182,
                "NAWF": [
                    {
                        "date": "2023-07-03",
                        "value": 6.7
                    },
                    {
                        "date": "2023-07-13",
                        "value": 6.2
                    },
                    {
                        "date": "2023-07-20",
                        "value": 4.5
                    },
                    {
                        "date": "2023-07-27",
                        "value": 2.7
                    },
                    {
                        "date": "2023-08-03",
                        "value": 2.0
                    },
                    {
                        "date": "2023-08-24",
                        "value": 1.5
                    }
                ],
                "FRCOV": [
                    {
                        "date": "2023-04-25",
                        "value": 0.0
                    },
                    {
                        "date": "2023-06-21",
                        "value": 0.176
                    },
                    {
                        "date": "2023-06-29",
                        "value": 0.354
                    },
                    {
                        "date": "2023-07-03",
                        "value": 0.443
                    },
                    {
                        "date": "2023-07-13",
                        "value": 0.602
                    },
                    {
                        "date": "2023-07-20",
                        "value": 0.728
                    },
                    {
                        "date": "2023-07-28",
                        "value": 0.847
                    }
                ],
                "EM38V": [
                    {
                        "date": "2013-09-17",
                        "value": 48.74
                    },
                    {
                        "date": "2015-04-29",
                        "value": 48.96
                    }
                ],
                "SLSND_M": [
                    {
                        "depth": 15,
                        "mindepth": 0,
                        "maxdepth": 30,
                        "value": 54.76
                    },
                    {
                        "depth": 45,
                        "mindepth": 30,
                        "maxdepth": 60,
                        "value": 57.91
                    },
                    {
                        "depth": 75,
                        "mindepth": 60,
                        "maxdepth": 90,
                        "value": 62.01
                    },
                    {
                        "depth": 105,
                        "mindepth": 90,
                        "maxdepth": 120,
                        "value": 55.83
                    },
                    {
                        "depth": 135,
                        "mindepth": 120,
                        "maxdepth": 150,
                        "value": 56.87
                    },
                    {
                        "depth": 165,
                        "mindepth": 150,
                        "maxdepth": 180,
                        "value": 57.09
                    }
                ],
                "SLSLT_M": [
                    {
                        "depth": 15,
                        "mindepth": 0,
                        "maxdepth": 30,
                        "value": 18.23
                    },
                    {
                        "depth": 45,
                        "mindepth": 30,
                        "maxdepth": 60,
                        "value": 16.25
                    },
                    {
                        "depth": 75,
                        "mindepth": 60,
                        "maxdepth": 90,
                        "value": 15.15
                    },
                    {
                        "depth": 105,
                        "mindepth": 90,
                        "maxdepth": 120,
                        "value": 15.74
                    },
                    {
                        "depth": 135,
                        "mindepth": 120,
                        "maxdepth": 150,
                        "value": 18.58
                    },
                    {
                        "depth": 165,
                        "mindepth": 150,
                        "maxdepth": 180,
                        "value": 15.67
                    }
                ],
                "SLCLY_M": [
                    {
                        "depth": 15,
                        "mindepth": 0,
                        "maxdepth": 30,
                        "value": 27.21
                    },
                    {
                        "depth": 45,
                        "mindepth": 30,
                        "maxdepth": 60,
                        "value": 25.8
                    },
                    {
                        "depth": 75,
                        "mindepth": 60,
                        "maxdepth": 90,
                        "value": 23.73
                    },
                    {
                        "depth": 105,
                        "mindepth": 90,
                        "maxdepth": 120,
                        "value": 27.64
                    },
                    {
                        "depth": 135,
                        "mindepth": 120,
                        "maxdepth": 150,
                        "value": 25.25
                    },
                    {
                        "depth": 165,
                        "mindepth": 150,
                        "maxdepth": 180,
                        "value": 27.26
                    }
                ],
                "SLWP": [
                    {
                        "depth": 15,
                        "mindepth": 0,
                        "maxdepth": 30,
                        "value": 0.148
                    },
                    {
                        "depth": 45,
                        "mindepth": 30,
                        "maxdepth": 60,
                        "value": 0.141
                    },
                    {
                        "depth": 75,
                        "mindepth": 60,
                        "maxdepth": 90,
                        "value": 0.147
                    },
                    {
                        "depth": 105,
                        "mindepth": 90,
                        "maxdepth": 120,
                        "value": 0.147
                    },
                    {
                        "depth": 135,
                        "mindepth": 120,
                        "maxdepth": 150,
                        "value": 0.148
                    },
                    {
                        "depth": 165,
                        "mindepth": 150,
                        "maxdepth": 180,
                        "value": 0.141
                    }
                ],
                "SLWP2": [
                    {
                        "depth": 15,
                        "mindepth": 0,
                        "maxdepth": 30,
                        "value": 0.165
                    },
                    {
                        "depth": 45,
                        "mindepth": 30,
                        "maxdepth": 60,
                        "value": 0.156
                    },
                    {
                        "depth": 75,
                        "mindepth": 60,
                        "maxdepth": 90,
                        "value": 0.163
                    },
                    {
                        "depth": 105,
                        "mindepth": 90,
                        "maxdepth": 120,
                        "value": 0.166
                    },
                    {
                        "depth": 135,
                        "mindepth": 120,
                        "maxdepth": 150,
                        "value": 0.177
                    },
                    {
                        "depth": 165,
                        "mindepth": 150,
                        "maxdepth": 180,
                        "value": 0.165
                    }
                ],
                "SLFC1": [
                    {
                        "depth": 15,
                        "mindepth": 0,
                        "maxdepth": 30,
                        "value": 0.281
                    },
                    {
                        "depth": 45,
                        "mindepth": 30,
                        "maxdepth": 60,
                        "value": 0.254
                    },
                    {
                        "depth": 75,
                        "mindepth": 60,
                        "maxdepth": 90,
                        "value": 0.282
                    },
                    {
                        "depth": 105,
                        "mindepth": 90,
                        "maxdepth": 120,
                        "value": 0.29
                    },
                    {
                        "depth": 135,
                        "mindepth": 120,
                        "maxdepth": 150,
                        "value": 0.301
                    },
                    {
                        "depth": 165,
                        "mindepth": 150,
                        "maxdepth": 180,
                        "value": 0.295
                    }
                ],
                "SLSND_GBM": [
                    {
                        "depth": 20,
                        "mindepth": 0,
                        "maxdepth": 40,
                        "value": 53.31
                    },
                    {
                        "depth": 60,
                        "mindepth": 40,
                        "maxdepth": 80,
                        "value": 57.6
                    },
                    {
                        "depth": 100,
                        "mindepth": 80,
                        "maxdepth": 120,
                        "value": 59.01
                    },
                    {
                        "depth": 140,
                        "mindepth": 120,
                        "maxdepth": 160,
                        "value": 58.51
                    },
                    {
                        "depth": 180,
                        "mindepth": 160,
                        "maxdepth": 200,
                        "value": 64.88
                    }
                ],
                "SLSLT_GBM": [
                    {
                        "depth": 20,
                        "mindepth": 0,
                        "maxdepth": 40,
                        "value": 19.61
                    },
                    {
                        "depth": 60,
                        "mindepth": 40,
                        "maxdepth": 80,
                        "value": 18.15
                    },
                    {
                        "depth": 100,
                        "mindepth": 80,
                        "maxdepth": 120,
                        "value": 19.93
                    },
                    {
                        "depth": 140,
                        "mindepth": 120,
                        "maxdepth": 160,
                        "value": 19.69
                    },
                    {
                        "depth": 180,
                        "mindepth": 160,
                        "maxdepth": 200,
                        "value": 17.0
                    }
                ],
                "SLCLY_GBM": [
                    {
                        "depth": 20,
                        "mindepth": 0,
                        "maxdepth": 40,
                        "value": 26.95
                    },
                    {
                        "depth": 60,
                        "mindepth": 40,
                        "maxdepth": 80,
                        "value": 24.13
                    },
                    {
                        "depth": 100,
                        "mindepth": 80,
                        "maxdepth": 120,
                        "value": 21.67
                    },
                    {
                        "depth": 140,
                        "mindepth": 120,
                        "maxdepth": 160,
                        "value": 21.79
                    },
                    {
                        "depth": 180,
                        "mindepth": 160,
                        "maxdepth": 200,
                        "value": 18.38
                    }
                ],
                "SLSND_GB": [
                    {
                        "depth": 20,
                        "mindepth": 0,
                        "maxdepth": 40,
                        "value": 62.71
                    },
                    {
                        "depth": 60,
                        "mindepth": 40,
                        "maxdepth": 80,
                        "value": 67.2
                    },
                    {
                        "depth": 100,
                        "mindepth": 80,
                        "maxdepth": 120,
                        "value": 68.55
                    },
                    {
                        "depth": 140,
                        "mindepth": 120,
                        "maxdepth": 160,
                        "value": 68.15
                    },
                    {
                        "depth": 180,
                        "mindepth": 160,
                        "maxdepth": 200,
                        "value": 74.49
                    }
                ],
                "SLSLT_GB": [
                    {
                        "depth": 20,
                        "mindepth": 0,
                        "maxdepth": 40,
                        "value": 21.69
                    },
                    {
                        "depth": 60,
                        "mindepth": 40,
                        "maxdepth": 80,
                        "value": 19.42
                    },
                    {
                        "depth": 100,
                        "mindepth": 80,
                        "maxdepth": 120,
                        "value": 21.27
                    },
                    {
                        "depth": 140,
                        "mindepth": 120,
                        "maxdepth": 160,
                        "value": 21.85
                    },
                    {
                        "depth": 180,
                        "mindepth": 160,
                        "maxdepth": 200,
                        "value": 17.71
                    }
                ],
                "SLCLY_GB": [
                    {
                        "depth": 20,
                        "mindepth": 0,
                        "maxdepth": 40,
                        "value": 15.63
                    },
                    {
                        "depth": 60,
                        "mindepth": 40,
                        "maxdepth": 80,
                        "value": 13.29
                    },
                    {
                        "depth": 100,
                        "mindepth": 80,
                        "maxdepth": 120,
                        "value": 10.2
                    },
                    {
                        "depth": 140,
                        "mindepth": 120,
                        "maxdepth": 160,
                        "value": 10.07
                    },
                    {
                        "depth": 180,
                        "mindepth": 160,
                        "maxdepth": 200,
                        "value": 7.8
                    }
                ],
                "HARM": "Machine",
                "HADAT": "2023-11-13",
                "WBWAH": 4897.2,
                "BWCAH": 5.04,
                "DBWAH": 4650.6,
                "GNDAT": "2023-11-14",
                "FFRAC": 0.3672,
                "SFRAC": 0.4771,
                "TFRAC": 0.1557,
                "WFWAH": 1798.0,
                "WSWAH": 2336.6,
                "WSCWAH": 4134.6,
                "DFWAH": 1707.5,
                "DSWAH": 2218.9,
                "DSCWAH": 3926.4,
                "QLDAT": "2024-01-04",
                "FBMIC": 49.2,
                "FBLTH": 1.15,
                "FBUNI": 82.0,
                "FBSTR": 31.0,
                "FBELO": 5.3,
                "FBCRD": 81.2,
                "FBCLB": 8.9,
                "FBTCT": 14.0,
                "FBTAR": 0.28,
                "FBSFI": 8.8,
                "zids": [
                    "67e550ce8ac547ad628f56ce",
                    "67e550ce8ac547ad628f56cf",
                    "67e550ce8ac547ad628f56d0",
                    "67e550ce8ac547ad628f56d1",
                    "67e550ce8ac547ad628f56d2",
                    "67e550ce8ac547ad628f56d3",
                    "67e550ce8ac547ad628f56d4",
                    "67e550ce8ac547ad628f56d5",
                    "67e550ce8ac547ad628f56d6",
                    "67e550ce8ac547ad628f56d7",
                    "67e550ce8ac547ad628f56d8",
                    "67e550ce8ac547ad628f56d9",
                    "67e550ce8ac547ad628f56da",
                    "67e550ce8ac547ad628f56db",
                    "67e550ce8ac547ad628f56dc",
                    "67e550ce8ac547ad628f56dd",
                    "67e550ce8ac547ad628f56de",
                    "67e550ce8ac547ad628f56df",
                    "67e550ce8ac547ad628f56e0",
                    "67e550ce8ac547ad628f56e1",
                    "67e550ce8ac547ad628f56e2",
                    "67e550ce8ac547ad628f56e3",
                    "67e550ce8ac547ad628f56e4",
                    "67e550ce8ac547ad628f56e5",
                    "67e550ce8ac547ad628f56e6",
                    "67e550ce8ac547ad628f56e7",
                    "67e550ce8ac547ad628f56e8",
                    "67e550ce8ac547ad628f56e9",
                    "67e550ce8ac547ad628f56ea",
                    "67e550ce8ac547ad628f56eb",
                    "67e550ce8ac547ad628f56ec",
                    "67e550ce8ac547ad628f56ed",
                    "67e550ce8ac547ad628f56ee",
                    "67e550ce8ac547ad628f56ef",
                    "67e550ce8ac547ad628f56f0",
                    "67e550ce8ac547ad628f56f1",
                    "67e550ce8ac547ad628f56f2",
                    "67e550ce8ac547ad628f56f3",
                    "67e550ce8ac547ad628f56f4",
                    "67e550ce8ac547ad628f56f5",
                    "67e550ce8ac547ad628f56f6",
                    "67e550ce8ac547ad628f56f7",
                    "67e550ce8ac547ad628f56f8",
                    "67e550ce8ac547ad628f56f9",
                    "67e550ce8ac547ad628f56fa",
                    "67e550ce8ac547ad628f56fb",
                    "67e550ce8ac547ad628f56fc",
                    "67e550ce8ac547ad628f56fd",
                    "67e550ce8ac547ad628f56fe",
                    "67e550ce8ac547ad628f56ff",
                    "67e550ce8ac547ad628f5700",
                    "67e550ce8ac547ad628f5701"
                ],
                "haids": [
                    "641df3d58ac5479be3717d1c",
                    "641df3d58ac5479be3717d1d",
                    "641df3d58ac5479be3717d1e",
                    "641df3d58ac5479be3717d1f",
                    "641df3d58ac5479be3717d20",
                    "641df3d58ac5479be3717d21",
                    "641df3d58ac5479be3717d22",
                    "641df3d58ac5479be3717d23",
                    "641df3d58ac5479be3717d24",
                    "641df3d58ac5479be3717d25",
                    "641df3d58ac5479be3717d26",
                    "641df3d58ac5479be3717d27",
                    "641df3d58ac5479be3717d28",
                    "641df3d58ac5479be3717d29",
                    "641df3d58ac5479be3717d2a",
                    "641df3d58ac5479be3717d2b",
                    "641df3d58ac5479be3717d2c",
                    "641df3d58ac5479be3717d2d",
                    "641df3d58ac5479be3717d2e",
                    "641df3d58ac5479be3717d2f",
                    "641df3d58ac5479be3717d30",
                    "641df3d58ac5479be3717d31",
                    "641df3d58ac5479be3717d32",
                    "641df3d58ac5479be3717d33",
                    "641df3d58ac5479be3717d34",
                    "641df3d58ac5479be3717d35",
                    "641df3d58ac5479be3717d36",
                    "641df3d58ac5479be3717d37",
                    "641df3d58ac5479be3717d38",
                    "641df3d58ac5479be3717d39"
                ],
                "tids": [
                    "641e131b8ac547e256690ebc",
                    "641e131b8ac547e256690ebd",
                    "641e131b8ac547e256690ebe"
                ],
                "ccids": [
                    "641e11cf8ac547e1042e7963",
                    "641e11cf8ac547e1042e7964",
                    "641e11cf8ac547e1042e7965",
                    "641e11cf8ac547e1042e7966",
                    "641e11cf8ac547e1042e7967",
                    "641e11cf8ac547e1042e7968",
                    "641e11cf8ac547e1042e7969",
                    "641e11cf8ac547e1042e796a",
                    "641e11cf8ac547e1042e796b",
                    "641e11cf8ac547e1042e796c",
                    "641e11cf8ac547e1042e796d",
                    "641e11cf8ac547e1042e796e",
                    "641e11cf8ac547e1042e796f",
                    "641e11cf8ac547e1042e7970",
                    "641e11cf8ac547e1042e7971"
                ],
                "scids": [
                    "67eaffba8ac547ac76393196"
                ],
                "saids": [
                    "684b226e8ac5476ed06f0cd7",
                    "684b226e8ac5476ed06f0cd8",
                    "684b226e8ac5476ed06f0cd9",
                    "684b226e8ac5476ed06f0cda",
                    "684b226e8ac5476ed06f0cdb",
                    "684b226e8ac5476ed06f0cdc",
                    "684b226e8ac5476ed06f0d4e",
                    "684b226e8ac5476ed06f0d4f",
                    "684b226e8ac5476ed06f0d50",
                    "684b226e8ac5476ed06f0d51",
                    "684b226e8ac5476ed06f0d52",
                    "684b226e8ac5476ed06f0d7b",
                    "684b226e8ac5476ed06f0d7c",
                    "684b226e8ac5476ed06f0d7d",
                    "684b226e8ac5476ed06f0d7e"
                ]
            },
            "_id": "641df0978ac54793d974c3df",
            "pid": "641df0978ac54793d974c3df"
        },
        {
            "type": "Feature",
            "geometry": {
                "type": "Polygon",
                "coordinates": [
                    [
                        [
                            -111.97645365,
                            33.07846772
                        ],
                        [
                            -111.97658427,
                            33.07846837
                        ],
                        [
                            -111.97657417,
                            33.07991144
                        ],
                        [
                            -111.97644356,
                            33.07991079
                        ],
                        [
                            -111.97645365,
                            33.07846772
                        ]
                    ]
                ]
            },
            "properties": {
                "plt_label": "p12",
                "trt_label": "BEDS",
                "PLTA": 1950.719929,
                "CUL_NAME": "NexGen 3195 B3XF",
                "PDATE": "2023-04-24",
                "PLYR": 2023,
                "PLDAY": 114,
                "IROP": "IR004",
                "IRVAL": [
                    {
                        "date": "2023-04-21",
                        "value": 20.4
                    },
                    {
                        "date": "2023-04-25",
                        "value": 20.4
                    },
                    {
                        "date": "2023-04-26",
                        "value": 10.2
                    },
                    {
                        "date": "2023-04-28",
                        "value": 25.5
                    },
                    {
                        "date": "2023-05-01",
                        "value": 20.4
                    },
                    {
                        "date": "2023-05-03",
                        "value": 20.4
                    },
                    {
                        "date": "2023-05-05",
                        "value": 20.4
                    },
                    {
                        "date": "2023-05-08",
                        "value": 20.4
                    },
                    {
                        "date": "2023-05-10",
                        "value": 10.2
                    },
                    {
                        "date": "2023-05-12",
                        "value": 20.4
                    },
                    {
                        "date": "2023-05-16",
                        "value": 20.4
                    },
                    {
                        "date": "2023-05-19",
                        "value": 20.4
                    },
                    {
                        "date": "2023-05-24",
                        "value": 20.4
                    },
                    {
                        "date": "2023-05-26",
                        "value": 25.3
                    },
                    {
                        "date": "2023-05-31",
                        "value": 20.4
                    },
                    {
                        "date": "2023-06-02",
                        "value": 20.4
                    },
                    {
                        "date": "2023-06-07",
                        "value": 25.3
                    },
                    {
                        "date": "2023-06-09",
                        "value": 22.8
                    },
                    {
                        "date": "2023-06-13",
                        "value": 26.0
                    },
                    {
                        "date": "2023-06-16",
                        "value": 30.6
                    },
                    {
                        "date": "2023-06-20",
                        "value": 25.6
                    },
                    {
                        "date": "2023-06-22",
                        "value": 20.4
                    },
                    {
                        "date": "2023-06-23",
                        "value": 20.4
                    },
                    {
                        "date": "2023-06-27",
                        "value": 38.7
                    },
                    {
                        "date": "2023-06-30",
                        "value": 34.6
                    },
                    {
                        "date": "2023-07-05",
                        "value": 37.1
                    },
                    {
                        "date": "2023-07-07",
                        "value": 37.1
                    },
                    {
                        "date": "2023-07-11",
                        "value": 44.5
                    },
                    {
                        "date": "2023-07-14",
                        "value": 44.5
                    },
                    {
                        "date": "2023-07-18",
                        "value": 44.9
                    },
                    {
                        "date": "2023-07-21",
                        "value": 45.2
                    },
                    {
                        "date": "2023-07-25",
                        "value": 48.7
                    },
                    {
                        "date": "2023-07-28",
                        "value": 45.8
                    },
                    {
                        "date": "2023-08-01",
                        "value": 40.8
                    },
                    {
                        "date": "2023-08-04",
                        "value": 40.6
                    },
                    {
                        "date": "2023-08-08",
                        "value": 30.6
                    },
                    {
                        "date": "2023-08-11",
                        "value": 40.8
                    },
                    {
                        "date": "2023-08-15",
                        "value": 30.6
                    },
                    {
                        "date": "2023-08-18",
                        "value": 40.8
                    },
                    {
                        "date": "2023-08-22",
                        "value": 30.6
                    },
                    {
                        "date": "2023-08-25",
                        "value": 40.8
                    },
                    {
                        "date": "2023-08-29",
                        "value": 30.6
                    },
                    {
                        "date": "2023-09-06",
                        "value": 30.6
                    },
                    {
                        "date": "2023-09-08",
                        "value": 35.6
                    }
                ],
                "FEAMN": [
                    {
                        "date": "2023-06-07",
                        "value": 51.9
                    },
                    {
                        "date": "2023-06-27",
                        "value": 51.9
                    },
                    {
                        "date": "2023-07-18",
                        "value": 51.9
                    }
                ],
                "CH_NOTES": [
                    {
                        "date": "2023-03-27",
                        "value": "Apply RoundUp (glyphosate)"
                    },
                    {
                        "date": "2023-04-11",
                        "value": "Apply Acumen (pendimethalin)"
                    },
                    {
                        "date": "2023-07-24",
                        "value": "Apply Mepstar6 (mepiquat chloride)"
                    },
                    {
                        "date": "2023-10-09",
                        "value": "Apply Redipik (diuron, thidiazuron)"
                    },
                    {
                        "date": "2023-10-25",
                        "value": "Apply Redipik (diuron, thidiazuron) and CottonQuik (urea sulfate, ethephon)"
                    }
                ],
                "TI_NOTES": [
                    {
                        "date": "2023-04-04",
                        "value": "Disk"
                    },
                    {
                        "date": "2023-04-11",
                        "value": "Land plane"
                    },
                    {
                        "date": "2023-04-04",
                        "value": "Raise beds"
                    },
                    {
                        "date": "2023-12",
                        "value": "Root pull, rip, moldboard plow, disk, and land plane"
                    }
                ],
                "EDATE": "2023-05-04",
                "PLYRE": 2023,
                "PLDOE": 124,
                "LF1D": "2023-05-17",
                "ADAT": "2023-07-01",
                "ADOY": 182,
                "NAWF": [
                    {
                        "date": "2023-07-03",
                        "value": 6.3
                    },
                    {
                        "date": "2023-07-13",
                        "value": 5.7
                    },
                    {
                        "date": "2023-07-20",
                        "value": 4.0
                    },
                    {
                        "date": "2023-07-27",
                        "value": 2.2
                    },
                    {
                        "date": "2023-08-03",
                        "value": 1.6
                    },
                    {
                        "date": "2023-08-24",
                        "value": 0.9
                    }
                ],
                "FRCOV": [
                    {
                        "date": "2023-04-25",
                        "value": 0.0
                    },
                    {
                        "date": "2023-06-21",
                        "value": 0.14
                    },
                    {
                        "date": "2023-06-29",
                        "value": 0.325
                    },
                    {
                        "date": "2023-07-03",
                        "value": 0.427
                    },
                    {
                        "date": "2023-07-13",
                        "value": 0.597
                    },
                    {
                        "date": "2023-07-20",
                        "value": 0.732
                    },
                    {
                        "date": "2023-07-28",
                        "value": 0.848
                    }
                ],
                "EM38V": [
                    {
                        "date": "2013-09-17",
                        "value": 51.46
                    },
                    {
                        "date": "2015-04-29",
                        "value": 53.19
                    }
                ],
                "SLSND_M": [
                    {
                        "depth": 15,
                        "mindepth": 0,
                        "maxdepth": 30,
                        "value": 53.63
                    },
                    {
                        "depth": 45,
                        "mindepth": 30,
                        "maxdepth": 60,
                        "value": 56.14
                    },
                    {
                        "depth": 75,
                        "mindepth": 60,
                        "maxdepth": 90,
                        "value": 59.34
                    },
                    {
                        "depth": 105,
                        "mindepth": 90,
                        "maxdepth": 120,
                        "value": 55.24
                    },
                    {
                        "depth": 135,
                        "mindepth": 120,
                        "maxdepth": 150,
                        "value": 55.96
                    },
                    {
                        "depth": 165,
                        "mindepth": 150,
                        "maxdepth": 180,
                        "value": 57.02
                    }
                ],
                "SLSLT_M": [
                    {
                        "depth": 15,
                        "mindepth": 0,
                        "maxdepth": 30,
                        "value": 18.53
                    },
                    {
                        "depth": 45,
                        "mindepth": 30,
                        "maxdepth": 60,
                        "value": 16.29
                    },
                    {
                        "depth": 75,
                        "mindepth": 60,
                        "maxdepth": 90,
                        "value": 15.91
                    },
                    {
                        "depth": 105,
                        "mindepth": 90,
                        "maxdepth": 120,
                        "value": 15.66
                    },
                    {
                        "depth": 135,
                        "mindepth": 120,
                        "maxdepth": 150,
                        "value": 18.66
                    },
                    {
                        "depth": 165,
                        "mindepth": 150,
                        "maxdepth": 180,
                        "value": 16.36
                    }
                ],
                "SLCLY_M": [
                    {
                        "depth": 15,
                        "mindepth": 0,
                        "maxdepth": 30,
                        "value": 27.69
                    },
                    {
                        "depth": 45,
                        "mindepth": 30,
                        "maxdepth": 60,
                        "value": 27.51
                    },
                    {
                        "depth": 75,
                        "mindepth": 60,
                        "maxdepth": 90,
                        "value": 24.86
                    },
                    {
                        "depth": 105,
                        "mindepth": 90,
                        "maxdepth": 120,
                        "value": 28.96
                    },
                    {
                        "depth": 135,
                        "mindepth": 120,
                        "maxdepth": 150,
                        "value": 25.63
                    },
                    {
                        "depth": 165,
                        "mindepth": 150,
                        "maxdepth": 180,
                        "value": 26.95
                    }
                ],
                "SLWP": [
                    {
                        "depth": 15,
                        "mindepth": 0,
                        "maxdepth": 30,
                        "value": 0.153
                    },
                    {
                        "depth": 45,
                        "mindepth": 30,
                        "maxdepth": 60,
                        "value": 0.148
                    },
                    {
                        "depth": 75,
                        "mindepth": 60,
                        "maxdepth": 90,
                        "value": 0.157
                    },
                    {
                        "depth": 105,
                        "mindepth": 90,
                        "maxdepth": 120,
                        "value": 0.151
                    },
                    {
                        "depth": 135,
                        "mindepth": 120,
                        "maxdepth": 150,
                        "value": 0.154
                    },
                    {
                        "depth": 165,
                        "mindepth": 150,
                        "maxdepth": 180,
                        "value": 0.143
                    }
                ],
                "SLWP2": [
                    {
                        "depth": 15,
                        "mindepth": 0,
                        "maxdepth": 30,
                        "value": 0.166
                    },
                    {
                        "depth": 45,
                        "mindepth": 30,
                        "maxdepth": 60,
                        "value": 0.162
                    },
                    {
                        "depth": 75,
                        "mindepth": 60,
                        "maxdepth": 90,
                        "value": 0.174
                    },
                    {
                        "depth": 105,
                        "mindepth": 90,
                        "maxdepth": 120,
                        "value": 0.173
                    },
                    {
                        "depth": 135,
                        "mindepth": 120,
                        "maxdepth": 150,
                        "value": 0.177
                    },
                    {
                        "depth": 165,
                        "mindepth": 150,
                        "maxdepth": 180,
                        "value": 0.165
                    }
                ],
                "SLFC1": [
                    {
                        "depth": 15,
                        "mindepth": 0,
                        "maxdepth": 30,
                        "value": 0.281
                    },
                    {
                        "depth": 45,
                        "mindepth": 30,
                        "maxdepth": 60,
                        "value": 0.263
                    },
                    {
                        "depth": 75,
                        "mindepth": 60,
                        "maxdepth": 90,
                        "value": 0.29
                    },
                    {
                        "depth": 105,
                        "mindepth": 90,
                        "maxdepth": 120,
                        "value": 0.294
                    },
                    {
                        "depth": 135,
                        "mindepth": 120,
                        "maxdepth": 150,
                        "value": 0.301
                    },
                    {
                        "depth": 165,
                        "mindepth": 150,
                        "maxdepth": 180,
                        "value": 0.295
                    }
                ],
                "SLSND_GBM": [
                    {
                        "depth": 20,
                        "mindepth": 0,
                        "maxdepth": 40,
                        "value": 53.19
                    },
                    {
                        "depth": 60,
                        "mindepth": 40,
                        "maxdepth": 80,
                        "value": 57.8
                    },
                    {
                        "depth": 100,
                        "mindepth": 80,
                        "maxdepth": 120,
                        "value": 59.64
                    },
                    {
                        "depth": 140,
                        "mindepth": 120,
                        "maxdepth": 160,
                        "value": 59.71
                    },
                    {
                        "depth": 180,
                        "mindepth": 160,
                        "maxdepth": 200,
                        "value": 65.0
                    }
                ],
                "SLSLT_GBM": [
                    {
                        "depth": 20,
                        "mindepth": 0,
                        "maxdepth": 40,
                        "value": 19.77
                    },
                    {
                        "depth": 60,
                        "mindepth": 40,
                        "maxdepth": 80,
                        "value": 17.81
                    },
                    {
                        "depth": 100,
                        "mindepth": 80,
                        "maxdepth": 120,
                        "value": 19.14
                    },
                    {
                        "depth": 140,
                        "mindepth": 120,
                        "maxdepth": 160,
                        "value": 18.87
                    },
                    {
                        "depth": 180,
                        "mindepth": 160,
                        "maxdepth": 200,
                        "value": 17.07
                    }
                ],
                "SLCLY_GBM": [
                    {
                        "depth": 20,
                        "mindepth": 0,
                        "maxdepth": 40,
                        "value": 27.23
                    },
                    {
                        "depth": 60,
                        "mindepth": 40,
                        "maxdepth": 80,
                        "value": 24.3
                    },
                    {
                        "depth": 100,
                        "mindepth": 80,
                        "maxdepth": 120,
                        "value": 21.92
                    },
                    {
                        "depth": 140,
                        "mindepth": 120,
                        "maxdepth": 160,
                        "value": 21.52
                    },
                    {
                        "depth": 180,
                        "mindepth": 160,
                        "maxdepth": 200,
                        "value": 18.28
                    }
                ],
                "SLSND_GB": [
                    {
                        "depth": 20,
                        "mindepth": 0,
                        "maxdepth": 40,
                        "value": 62.46
                    },
                    {
                        "depth": 60,
                        "mindepth": 40,
                        "maxdepth": 80,
                        "value": 67.41
                    },
                    {
                        "depth": 100,
                        "mindepth": 80,
                        "maxdepth": 120,
                        "value": 68.9
                    },
                    {
                        "depth": 140,
                        "mindepth": 120,
                        "maxdepth": 160,
                        "value": 69.27
                    },
                    {
                        "depth": 180,
                        "mindepth": 160,
                        "maxdepth": 200,
                        "value": 74.56
                    }
                ],
                "SLSLT_GB": [
                    {
                        "depth": 20,
                        "mindepth": 0,
                        "maxdepth": 40,
                        "value": 21.42
                    },
                    {
                        "depth": 60,
                        "mindepth": 40,
                        "maxdepth": 80,
                        "value": 18.99
                    },
                    {
                        "depth": 100,
                        "mindepth": 80,
                        "maxdepth": 120,
                        "value": 20.59
                    },
                    {
                        "depth": 140,
                        "mindepth": 120,
                        "maxdepth": 160,
                        "value": 20.69
                    },
                    {
                        "depth": 180,
                        "mindepth": 160,
                        "maxdepth": 200,
                        "value": 17.74
                    }
                ],
                "SLCLY_GB": [
                    {
                        "depth": 20,
                        "mindepth": 0,
                        "maxdepth": 40,
                        "value": 15.93
                    },
                    {
                        "depth": 60,
                        "mindepth": 40,
                        "maxdepth": 80,
                        "value": 13.67
                    },
                    {
                        "depth": 100,
                        "mindepth": 80,
                        "maxdepth": 120,
                        "value": 10.47
                    },
                    {
                        "depth": 140,
                        "mindepth": 120,
                        "maxdepth": 160,
                        "value": 10.07
                    },
                    {
                        "depth": 180,
                        "mindepth": 160,
                        "maxdepth": 200,
                        "value": 7.81
                    }
                ],
                "HARM": "Machine",
                "HADAT": "2023-11-13",
                "WBWAH": 4486.9,
                "BWCAH": 5.02,
                "DBWAH": 4261.5,
                "GNDAT": "2023-11-14",
                "FFRAC": 0.369,
                "SFRAC": 0.4818,
                "TFRAC": 0.1492,
                "WFWAH": 1655.9,
                "WSWAH": 2161.7,
                "WSCWAH": 3817.6,
                "DFWAH": 1572.7,
                "DSWAH": 2053.1,
                "DSCWAH": 3625.8,
                "QLDAT": "2024-01-04",
                "FBMIC": 48.6,
                "FBLTH": 1.148,
                "FBUNI": 81.9,
                "FBSTR": 30.8,
                "FBELO": 5.3,
                "FBCRD": 81.4,
                "FBCLB": 8.8,
                "FBTCT": 6.0,
                "FBTAR": 0.09,
                "FBSFI": 9.3,
                "zids": [
                    "67e550ce8ac547ad628f5702",
                    "67e550ce8ac547ad628f5703",
                    "67e550ce8ac547ad628f5704",
                    "67e550ce8ac547ad628f5705",
                    "67e550ce8ac547ad628f5706",
                    "67e550ce8ac547ad628f5707",
                    "67e550ce8ac547ad628f5708",
                    "67e550ce8ac547ad628f5709",
                    "67e550ce8ac547ad628f570a",
                    "67e550ce8ac547ad628f570b",
                    "67e550ce8ac547ad628f570c",
                    "67e550ce8ac547ad628f570d",
                    "67e550ce8ac547ad628f570e",
                    "67e550ce8ac547ad628f570f",
                    "67e550ce8ac547ad628f5710",
                    "67e550ce8ac547ad628f5711",
                    "67e550ce8ac547ad628f5712",
                    "67e550ce8ac547ad628f5713",
                    "67e550ce8ac547ad628f5714",
                    "67e550ce8ac547ad628f5715",
                    "67e550ce8ac547ad628f5716",
                    "67e550ce8ac547ad628f5717",
                    "67e550ce8ac547ad628f5718",
                    "67e550ce8ac547ad628f5719",
                    "67e550ce8ac547ad628f571a",
                    "67e550ce8ac547ad628f571b",
                    "67e550ce8ac547ad628f571c",
                    "67e550ce8ac547ad628f571d",
                    "67e550ce8ac547ad628f571e",
                    "67e550ce8ac547ad628f571f",
                    "67e550ce8ac547ad628f5720",
                    "67e550ce8ac547ad628f5721",
                    "67e550ce8ac547ad628f5722",
                    "67e550ce8ac547ad628f5723",
                    "67e550ce8ac547ad628f5724",
                    "67e550ce8ac547ad628f5725",
                    "67e550ce8ac547ad628f5726",
                    "67e550ce8ac547ad628f5727",
                    "67e550ce8ac547ad628f5728",
                    "67e550ce8ac547ad628f5729",
                    "67e550ce8ac547ad628f572a",
                    "67e550ce8ac547ad628f572b",
                    "67e550ce8ac547ad628f572c",
                    "67e550ce8ac547ad628f572d",
                    "67e550ce8ac547ad628f572e",
                    "67e550ce8ac547ad628f572f",
                    "67e550ce8ac547ad628f5730",
                    "67e550ce8ac547ad628f5731",
                    "67e550ce8ac547ad628f5732",
                    "67e550ce8ac547ad628f5733",
                    "67e550ce8ac547ad628f5734",
                    "67e550ce8ac547ad628f5735"
                ],
                "haids": [
                    "641df3d58ac5479be3717d3a",
                    "641df3d58ac5479be3717d3b",
                    "641df3d58ac5479be3717d3c",
                    "641df3d58ac5479be3717d3d",
                    "641df3d58ac5479be3717d3e",
                    "641df3d58ac5479be3717d3f",
                    "641df3d58ac5479be3717d40",
                    "641df3d58ac5479be3717d41",
                    "641df3d58ac5479be3717d42",
                    "641df3d58ac5479be3717d43",
                    "641df3d58ac5479be3717d44",
                    "641df3d58ac5479be3717d45",
                    "641df3d58ac5479be3717d46",
                    "641df3d58ac5479be3717d47",
                    "641df3d58ac5479be3717d48",
                    "641df3d58ac5479be3717d49",
                    "641df3d58ac5479be3717d4a",
                    "641df3d58ac5479be3717d4b",
                    "641df3d58ac5479be3717d4c",
                    "641df3d58ac5479be3717d4d",
                    "641df3d58ac5479be3717d4e",
                    "641df3d58ac5479be3717d4f",
                    "641df3d58ac5479be3717d50",
                    "641df3d58ac5479be3717d51",
                    "641df3d58ac5479be3717d52",
                    "641df3d58ac5479be3717d53",
                    "641df3d58ac5479be3717d54",
                    "641df3d58ac5479be3717d55",
                    "641df3d58ac5479be3717d56",
                    "641df3d58ac5479be3717d57"
                ],
                "tids": [
                    "641e131b8ac547e256690ebf",
                    "641e131b8ac547e256690ec0",
                    "641e131b8ac547e256690ec1"
                ],
                "ccids": [
                    "641e11cf8ac547e1042e7972",
                    "641e11cf8ac547e1042e7973",
                    "641e11cf8ac547e1042e7974",
                    "641e11cf8ac547e1042e7975",
                    "641e11cf8ac547e1042e7976",
                    "641e11cf8ac547e1042e7977",
                    "641e11cf8ac547e1042e7978",
                    "641e11cf8ac547e1042e7979",
                    "641e11cf8ac547e1042e797a",
                    "641e11cf8ac547e1042e797b",
                    "641e11cf8ac547e1042e797c",
                    "641e11cf8ac547e1042e797d",
                    "641e11cf8ac547e1042e797e",
                    "641e11cf8ac547e1042e797f",
                    "641e11cf8ac547e1042e7980"
                ],
                "scids": [
                    "67eaffba8ac547ac76393197"
                ],
                "saids": [
                    "684b226e8ac5476ed06f0d77",
                    "684b226e8ac5476ed06f0d78",
                    "684b226e8ac5476ed06f0d79",
                    "684b226e8ac5476ed06f0d7a"
                ]
            },
            "_id": "641df0978ac54793d974c3e0",
            "pid": "641df0978ac54793d974c3e0"
        }
    ]
}